iExpt,valid,nll,n_plus,n_minus,n_dropped_zero_eff_plus,n_dropped_zero_eff_minus,rho0_770.dx,rho0_770.dx_error,rho0_770.mass,rho0_770.mass_error,rho0_770.width,rho0_770.width_error,omega_782.x,omega_782.x_error,omega_782.y,omega_782.y_error,omega_782.dx,omega_782.dx_error,omega_782.dy,omega_782.dy_error,rho0_1450.x,rho0_1450.x_error,rho0_1450.y,rho0_1450.y_error,rho0_1450.dx,rho0_1450.dx_error,rho0_1450.dy,rho0_1450.dy_error,f2_1270.x,f2_1270.x_error,f2_1270.y,f2_1270.y_error,f2_1270.dx,f2_1270.dx_error,f2_1270.dy,f2_1270.dy_error,f2_1270.mass,f2_1270.mass_error,f2_1270.width,f2_1270.width_error,rho0_3_1690.x,rho0_3_1690.x_error,rho0_3_1690.y,rho0_3_1690.y_error,rho0_3_1690.dx,rho0_3_1690.dx_error,rho0_3_1690.dy,rho0_3_1690.dy_error,sigma0.x,sigma0.x_error,sigma0.y,sigma0.y_error,sigma0.dx,sigma0.dx_error,sigma0.dy,sigma0.dy_error,f0_980.x,f0_980.x_error,f0_980.y,f0_980.y_error,f0_980.dx,f0_980.dx_error,f0_980.dy,f0_980.dy_error,f0_980.mass,f0_980.mass_error,f0_980.width,f0_980.width_error,chi_c0.x,chi_c0.x_error,chi_c0.y,chi_c0.y_error,chi_c0.dx,chi_c0.dx_error,chi_c0.dy,chi_c0.dy_error,f0_1370.x,f0_1370.x_error,f0_1370.y,f0_1370.y_error,f0_1370.dx,f0_1370.dx_error,f0_1370.dy,f0_1370.dy_error,f0_1370.mass,f0_1370.mass_error,f0_1370.width,f0_1370.width_error
0,True,-494071.45506631886,43695,51379,2,3,0.0009191223012322317,0.0035828187981457142,0.7717438034155256,0.0006037771586791529,0.1485372424356909,0.001384872195486539,-0.03346278876409895,0.0044637592678274845,0.10037020174622159,0.004056554759484232,0.004612862351433949,0.004171837277407649,0.01190786622341535,0.0035481493730371368,-0.2572434087440463,0.006640692544270825,0.11623745913268586,0.005431230641612953,-0.09586007309523688,0.006412033968339229,-0.006355955696422539,0.005007843894114742,0.3622562739707499,0.0052135383180725615,0.1652438996937142,0.005989590605198405,-0.05479257023522717,0.004629120684644006,-0.11674701102564883,0.0051309729249123665,1.2507206163043807,0.0014492122098761495,0.17389874782084827,0.0032907364190511296,0.10099628075449082,0.003998155783634282,0.025749896217788622,0.005050432100155563,0.04583828921484985,0.0039069328185845,0.04927170843503612,0.005012793749964687,-0.3961847904027545,0.005514732203012976,0.3569648769944821,0.005030076322085851,0.2928587584749754,0.005238547710556622,0.19793209545623955,0.004840136532032155,0.13905563375466332,0.004014410074082395,-0.014958652494601044,0.0049033805195503235,-0.05014982330375547,0.004416421152549196,-0.08265098062116584,0.003669521951979253,0.9763798688119925,0.0010849875798726316,0.049171850321728536,0.002036029584474394,0.030007148632027667,0.0037655854945351946,0.012268666049470113,0.003895558658412814,-0.0363954648607347,0.003768718803208141,-0.04464995226575759,0.003899721488817642,0.1073272132196167,0.004618173878183066,-0.022484142963739868,0.005874591928185681,0.04521406538374652,0.005051631167137286,-0.05338956062924012,0.00458457543753123,1.5042931094439995,0.004741336148020414,0.16051289262725002,0.009430124259105443
1,True,-495406.4224438125,43855,51387,3,4,0.009190633658706884,0.003572988354088238,0.769144202428487,0.0006055348016938966,0.14881521897855077,0.0013724578891386868,-0.035282318587245176,0.004505948532140468,0.09797398994317434,0.004017202798211625,0.006992428158952305,0.004239672719491063,0.010877247437330453,0.0035136996946061832,-0.27260201805182044,0.006548673764687492,0.11241249258914887,0.005596675213549661,-0.08567255501683856,0.006309084886905528,-0.017502225357589843,0.005157407353661983,0.3500432742093921,0.005413692771177669,0.18160942694937487,0.005887840481844588,-0.05244157428198259,0.004780888700088867,-0.1256424609129114,0.005030121060896292,1.2490885895795336,0.001448118098633877,0.17183132891003863,0.003217986615081478,0.09911323829093988,0.004067297014677182,0.024146485821305907,0.005103712752970738,0.05162181674720998,0.003990776304074661,0.05883137606973499,0.00506458100961691,-0.4041448450982713,0.005546487721750383,0.35320794048634785,0.005100325695225387,0.28857563476203646,0.005287964701227489,0.20551945632870874,0.0049072599476836795,0.143796414831938,0.003990339774117079,-0.013001114133860923,0.004909151952905128,-0.04782799709689052,0.004325706127382685,-0.07805004202832153,0.0036934439298927733,0.9776011255610566,0.0010721699478814517,0.049518704683301856,0.0020586893323906313,0.02530397964256905,0.0035000753734488288,0.017411239922336518,0.004197757913045916,-0.04409439835868075,0.003504180647866695,-0.04308126438192061,0.004204751017118287,0.10038878448016367,0.004552724344851998,-0.024664521972208402,0.006352128479629788,0.05139434861378824,0.004991422110139809,-0.051616932372503845,0.005018913342896022,1.5063759729414583,0.006092287445437772,0.18657818625583852,0.012002662555019278
2,True,-495785.05012560706,44124,51130,2,3,-0.0037933017861386553,0.003580141417618847,0.7712194272394712,0.0006010566683452567,0.14797340557764815,0.0013790929450055028,-0.02784005172960207,0.004457047528038362,0.09647134328929531,0.004080428671813395,0.017195433255137595,0.00416198941272908,0.01823864876780583,0.003583925314665074,-0.27345687837292393,0.006519857147416279,0.11519298683538835,0.005590294612857208,-0.0863193040141085,0.00628744344251553,1.7973805279013126e-06,0.005151806552498341,0.3462450020449961,0.005292412924213202,0.16602319580234207,0.00585710594951768,-0.05363742872785842,0.004680039884931608,-0.11586340710617292,0.0050060341861450615,1.249415426931422,0.0014171063630076253,0.16469237257279404,0.0032419129673191827,0.09810802244112557,0.004002760378508324,0.019956043567341382,0.005062030520437337,0.04618584195541459,0.00392276602759052,0.054465808479298175,0.0050307255744800276,-0.4019918163032852,0.005550704822110641,0.35973313984614086,0.005078280121180607,0.29364045222211055,0.0053026852419553044,0.21118161243940772,0.004891504037964003,0.1414747252697155,0.00392004883784337,-0.011943313266869818,0.0048786266162428316,-0.04750836526388112,0.004358687048759902,-0.08205869822661598,0.003702862341070237,0.977862814075234,0.0010403658636167212,0.048044484332212464,0.0019778642476019175,0.02953789144940712,0.003544552162489365,0.011136152491415911,0.0043349275961392895,-0.04284235176635021,0.003544413148352884,-0.03527873945950265,0.004339333809818678,0.0992839731855821,0.004677248409232509,-0.024364499032495976,0.0061611151943336,0.053962097213724886,0.005135277985265504,-0.05272814138963754,0.004937615547136356,1.5035201621398613,0.005530541333703787,0.17420774062694297,0.010726184644232181
3,True,-492072.74085375667,43513,51184,1,3,-0.00017016699246291762,0.003582042381172044,0.7709551155561196,0.0006073827416873678,0.1482602723549957,0.0013808444868655262,-0.03249637942765885,0.004475205988140736,0.08826052598357172,0.004067999812954193,0.007717191368388774,0.004184702174982685,0.013453060333115224,0.003564076787253555,-0.2727470294359216,0.0066611598962984415,0.11561808908130405,0.005627614007436924,-0.09651400399500099,0.006383161047129936,-0.012856318588390805,0.0051681367009052985,0.3584873834886412,0.005298657668779587,0.1677948223332405,0.005951407250454001,-0.061857169455957144,0.00464977773210595,-0.10730729043305683,0.0050959504239966435,1.251002203146366,0.0014487338820843298,0.17411290400791615,0.0033576614914656994,0.0966862673894589,0.004090222390737118,0.0207037972086032,0.005115592995539043,0.04444449120483886,0.003990598802658962,0.06037433650603549,0.005072505213405969,-0.4037962249932336,0.005508745956063802,0.3661631349890827,0.0051106498507404894,0.2848352234691473,0.0052648224071031825,0.19184446523002338,0.004849324977455425,0.14805085251576489,0.003950971991531518,-0.02396354353355081,0.004821589494222725,-0.05195175411496339,0.0040316494561289384,-0.07523398026196089,0.0037576304071307615,0.9746857633224714,0.0009639505420913075,0.047421994684542446,0.0019889262625847025,0.024270055838792895,0.0036017991610594966,0.017503261310169962,0.0042434168583691985,-0.041579926234249165,0.003603899254838501,-0.04047931316464978,0.0042479039289819,0.10649164820149162,0.004665012962128303,-0.022406037734969703,0.005918172053931577,0.047993175002574544,0.005087803804461467,-0.056685746841018354,0.004731315645742811,1.4993327213841399,0.004832793675595859,0.17201403057453296,0.010935641133650531
4,True,-492424.85723805544,43586,51119,2,1,-0.001599997744563142,0.00357588330327175,0.7707824737969041,0.0006073077383498271,0.1487250585816105,0.0013794150487309725,-0.029523816276926396,0.004464546979768373,0.09997265042639544,0.0040868124722395075,0.012505878485400926,0.004188531388390288,0.009062507026520209,0.0035792604547011525,-0.2787316297931251,0.006455017003837323,0.10259499492047142,0.005667074324283445,-0.08453795800406506,0.006237590872978091,-0.01574334467200998,0.005249891759982563,0.34536147780916415,0.00533951115167531,0.1729493614894936,0.0058501164361949775,-0.05073929591168087,0.004762302993839127,-0.11945095067230388,0.005014194791037732,1.2488711879276142,0.0014224209655659958,0.16638003947026156,0.003217627052886793,0.09876778819623691,0.0040334096698784305,0.017857774913316513,0.005111532432686199,0.04945880495574365,0.003955913760892188,0.05758814531005308,0.00506914131368639,-0.40294286353020764,0.005445808976590877,0.3512896284729343,0.0051031561459805915,0.2901016183376702,0.005247289779840074,0.21104005969499234,0.004937965831463327,0.13437716418819132,0.003964967258626664,-0.012239256262837086,0.004754866633050754,-0.040417086028874116,0.004418787515723881,-0.08141829374831425,0.0036293226309516524,0.9768770601547578,0.000986071117867915,0.04494214785958849,0.00203787742627164,0.02269246700511922,0.0032917276446636032,0.022448489573371085,0.004239607155266528,-0.04039245051385105,0.003293917882804545,-0.03791826523871868,0.004243241603592912,0.10230831958205545,0.004564902939125089,-0.021930227689862025,0.0061075960736468385,0.05363563331731864,0.005198079932001419,-0.06146391232735629,0.004969427841414076,1.5050371208450357,0.005571027711716914,0.18242499752193267,0.010725633091589956
5,True,-488638.18307418376,43312,51024,3,6,-0.00024223835084314976,0.0036036245701833985,0.7701510308649753,0.0006173149600571248,0.15053154011437297,0.001407349844699965,-0.031099095153714316,0.00446249306155063,0.09856627953194808,0.004100790819117819,0.006909801756663441,0.0041935111607118054,0.01502311280082383,0.0035979189289581308,-0.2656566127422269,0.006546888028635329,0.11687210546908905,0.005598284247397908,-0.09622802145790424,0.006361589554646229,-0.005163524950197044,0.005179174909505962,0.35326883243891294,0.0052857436270680345,0.18167688372086116,0.0059531851961095806,-0.05381677868637289,0.004756300414660794,-0.12591307185550743,0.005110465314784694,1.2522194986321498,0.0014278414207398171,0.16964275212216512,0.0031458130982159466,0.09918042162020795,0.004028569606327145,0.024717467705524174,0.005013884009034117,0.047283042519601526,0.003957787352789215,0.052375644492865664,0.004975365166522426,-0.40605778409055915,0.005537216582889924,0.3535011853397486,0.0050948801167396245,0.2878479533158061,0.005290819558868541,0.2092325737985979,0.004929357809505172,0.14172377573730868,0.0040527657731361895,-0.01430541498064053,0.004911400284664985,-0.042184961729787626,0.004350954257556353,-0.07542901981001296,0.0036686423918726643,0.9761691856813872,0.0010061403978892658,0.04722329835637451,0.002071138864208316,0.027720129888061076,0.0033187017556060364,0.02449350990803727,0.004461987418366895,-0.04358906600881576,0.0033217315232674537,-0.03711211727169519,0.0044663451466763595,0.09995251638007387,0.004455969421918683,-0.013129643846789803,0.005956415745746414,0.06549679498230276,0.005119047979398484,-0.05340036087114552,0.0051733350001478854,1.512862575896409,0.005068848354304212,0.16639129920345413,0.009681688129752702
6,True,-496464.4589296323,44025,51281,4,2,0.0017283450786549064,0.0035610245251770593,0.7708244459325924,0.0006035793019515401,0.14855655581254637,0.0013733435677249217,-0.029652756310133456,0.004433003169673723,0.09597503383305747,0.0040525833468359465,0.007306021728414389,0.004149959771170064,0.007241172949866388,0.0035477940473029952,-0.27502389671549043,0.006549977348117028,0.1149695746401726,0.005604899063884109,-0.088532352438387,0.006324831726013795,-0.0065976631727856444,0.0051826050988355195,0.34051295539425175,0.005350306727159022,0.17543412267103894,0.005792632711155432,-0.05069368153288418,0.004758905792779848,-0.12266797371143023,0.004949083657310617,1.2498514082840926,0.0014151007394961335,0.1653701773583278,0.0031873463267930585,0.09625170120948498,0.0039672114591308705,0.015849603694752884,0.005084926806683845,0.04674420426442543,0.0038862484719864423,0.05117090820427721,0.005048774297219253,-0.4028821605166296,0.005520266071087174,0.35948128234383103,0.0050824068233908636,0.28250112171417646,0.005260817229682589,0.2035688398130044,0.0048562176908098385,0.141575289483746,0.004008204062068818,-0.01241707127119426,0.004870621851044115,-0.04305451599242103,0.004284025700494572,-0.07542051654677857,0.00365071467527768,0.9759680754637343,0.00104340360174493,0.04781286005871951,0.002019175580400618,0.02344120260619904,0.0035198378274944615,0.017629268959570347,0.004228733125405566,-0.0414073201814922,0.0035190820742402556,-0.04029784788145638,0.004231695166278555,0.10383256867973217,0.004583027357179733,-0.019991605564958093,0.0062187941379601526,0.05341746280049829,0.005072207659066957,-0.051991117364809415,0.004936712541391113,1.5066437231578023,0.005640442570132187,0.18475597313003095,0.011428979324742294
7,True,-495248.72817905643,43930,51339,1,4,0.002156688549607215,0.003597678441428915,0.7693384978353252,0.0006007354129486941,0.1474958562337349,0.0013778024038637038,-0.03598792905025816,0.004499092444599417,0.09826525501984935,0.004068933478361777,0.0032686040094455616,0.004232646203380509,0.015494124821716776,0.003549311342830376,-0.2757937144240363,0.006840492818924771,0.12711819284695897,0.0057552777226008425,-0.08947926651325483,0.006568479710441739,-0.01056380209443737,0.005308550803949735,0.34971377162294454,0.005463399292967486,0.17324922225533013,0.005975857532792575,-0.04371900646743283,0.004838188587231212,-0.12546464414406094,0.005115704220692648,1.2504502024406488,0.0014310189272106477,0.16883414985210235,0.0032927891272344356,0.08712273929424799,0.004006650966022101,0.023999221528818452,0.005243833682776682,0.05725838960302723,0.003923168585575311,0.05322106716300851,0.005215621478583051,-0.40942887072357825,0.005548676238653874,0.3560752788011918,0.005158572098888088,0.29231708663011374,0.005274386094511181,0.20494835545964912,0.0049724683260626784,0.14902686497768677,0.003976564654682314,-0.01228906333850395,0.005019281563786397,-0.04441851197267939,0.004318749077480814,-0.08623353044664395,0.003751520515936835,0.9772653916219199,0.0010526157971667005,0.04985027434520449,0.001942372494996833,0.027920478233580705,0.0036498971088265307,0.015355895294583734,0.004281173942152539,-0.040153718165425775,0.0036527139311610373,-0.03790820785924306,0.004285028080048686,0.09371582426284082,0.005017069226061145,-0.03475619766220806,0.006189828074382651,0.043316089124692196,0.005485273159839765,-0.062355432174407636,0.004752037584424612,1.4927465606234724,0.006035981636124843,0.18047946548313887,0.010706024054355598
8,True,-493622.0174658366,43854,51144,5,5,-0.001858411157595807,0.0035967359960383696,0.770590901879126,0.0006057960769216275,0.14913285746944632,0.0014001618369604285,-0.025038690604282317,0.004443841360180419,0.09457021213308016,0.0040827003207115145,0.005498236391655751,0.004139480633657765,0.011101413173834942,0.003598284892964975,-0.2660056049883652,0.006823905814359725,0.12426876747574066,0.005656447661103916,-0.0873480742974431,0.006597390150214091,-0.000374212461940253,0.005212066444274835,0.3457659250498175,0.005428458718852863,0.1726800151492298,0.005891404767670756,-0.05297585222315256,0.004807919876313057,-0.12238741874519428,0.005038980407811976,1.2491286994029627,0.0014996609674650108,0.17545184888541512,0.0034409992010649842,0.09849702381354092,0.003926341300538019,0.016849392737851264,0.005245870370085278,0.049125495019170656,0.003850882963854863,0.052501187896875225,0.005215790567613878,-0.3987067342394703,0.005500139603122839,0.36026309259928346,0.005087002950263781,0.2887938725243483,0.005262195224033922,0.20514118664197892,0.004896643443152207,0.13999318510098144,0.004048007919050408,-0.019021467490922622,0.004925084867023922,-0.041673073494139144,0.0042939580472302515,-0.07740991773789005,0.00368669284961431,0.9757273305450868,0.0010666174924526262,0.04756448970654926,0.0020510227892624536,0.029779916170600777,0.0037790063196307374,0.01727135375274884,0.0038176157241607877,-0.03676411845283942,0.0037827920065867235,-0.0440624409190631,0.003821409294392402,0.09812674241746455,0.0050160297881671305,-0.032432866471631336,0.0059409346451938,0.051864138565341035,0.005551027546963195,-0.06451842562231823,0.004828523788991378,1.490983849558218,0.0052072787872486925,0.1721883842722701,0.009862469705886029
9,True,-494933.82581184665,43966,51236,2,4,0.005853679419464633,0.00357192576828588,0.7703393416166227,0.0006143571432977168,0.15055386832543713,0.0014041936192885768,-0.026630658457547023,0.004435035471504628,0.09593532750689047,0.004047469278861181,0.0008712870420128366,0.0041505853122946286,0.013257843718720698,0.0035620058852493435,-0.27600598410323357,0.006532640708921692,0.10858147999000588,0.0055705478133854505,-0.09025032920164767,0.006298197262725293,-0.013216230260309445,0.005137664809974385,0.3622768759412012,0.005317982732454928,0.17155037916816315,0.005909279600426431,-0.05815954139059771,0.004685099910841994,-0.11831665480910451,0.005084521914113863,1.2475473727668858,0.001429372756825087,0.17357605281324248,0.0032586284680968525,0.08753398981501455,0.004036555666920096,0.019304429829750978,0.004994638157094433,0.049428442736601325,0.003957997201902989,0.0534309100207686,0.004962202231215546,-0.40488380172367877,0.005554325766231161,0.35375734643692625,0.005098824330432924,0.27943129639849823,0.005249914156487278,0.20506290080307427,0.004884581774771885,0.1402450119642986,0.0039779909142639465,-0.015642365356260266,0.00491595848057025,-0.0437087693175595,0.004270681643395968,-0.07250454140440515,0.003671624658265953,0.9770705979325431,0.0010229298743165138,0.04656495961183427,0.0020143926130072945,0.025251871810307278,0.0036233382009796056,0.017298765833151732,0.0041925495225973095,-0.03972003546231852,0.003624034614488129,-0.04242945156946133,0.0041966550422437065,0.11132095294020315,0.004639495860318617,-0.019399614378437468,0.00615782507904083,0.05530431215055034,0.005130167938166193,-0.05360729772226029,0.004922672785675834,1.500640405024092,0.00543789510529491,0.1839292141953827,0.010421489413812782
10,True,-492569.8540286771,43733,50981,2,6,0.00245195002990696,0.0035575225017129395,0.7700763969660248,0.0006139133825722731,0.15076163698505582,0.0013946361923802691,-0.027092724082161214,0.004407241715946408,0.09712291237094851,0.004080345108666186,0.010876757375930182,0.004134993757091788,0.012119631324925216,0.0035908047911562013,-0.2743248199236233,0.0065566189514043235,0.11014762053911893,0.005597471483280583,-0.09462289145848411,0.0063365181495399405,-0.015716968595423892,0.0051823390811423856,0.35964698231127445,0.005257801239229368,0.16975431445128472,0.005927752489323238,-0.06412904541154237,0.004635651051286276,-0.10977863686760479,0.005078968936267676,1.2477162696528061,0.0014279098121577904,0.17166482859599522,0.00324848777998879,0.10177041300287498,0.004014558494541426,0.022240208947992442,0.004999168931690582,0.04605179859872772,0.003929353215654839,0.05782302060167254,0.004945379601933359,-0.4005382111850075,0.005518808725607399,0.3535065972921663,0.00504642358049776,0.2835466266321204,0.0052741797857805955,0.20039046798981225,0.00484586400554841,0.1359706467152159,0.0038881100785089846,-0.015463120080137316,0.004861501820398332,-0.04698863137118225,0.0041499429063949255,-0.07377304311416633,0.003665164431999869,0.9757045966308358,0.0010518707950040729,0.047771145196825265,0.002063913673591298,0.020509670473339618,0.0036163574184678647,0.007783262957635206,0.004168759630766483,-0.039956845606229335,0.0036191565432679242,-0.04276753999515522,0.00417263727860251,0.10472848832524945,0.004520299302750204,-0.016708243788393112,0.006202701252272969,0.052630658895318726,0.005055046813264997,-0.058497737782760455,0.004978628814011852,1.5093054955220937,0.00552260894425316,0.17723309719989302,0.010526238719617914
11,True,-499866.9683406402,43993,51880,5,4,-0.0016388835123260967,0.003559571037023821,0.7705470556308944,0.000592117069900977,0.1457519734638073,0.0013505765420929045,-0.027989848884329184,0.004431941907085213,0.09455087721562722,0.0040830733557719965,0.004279205709852276,0.0041358266922672535,0.021102684514377357,0.0035803835949185865,-0.27908818931383605,0.0065794910795685235,0.11150949498227923,0.005627606773716393,-0.09979392355487951,0.006341050001207402,-0.010939841638940268,0.005207850526166182,0.35479709825706945,0.005358655983664732,0.17501885602311545,0.005854353691822601,-0.056348707759137404,0.004737633914961557,-0.11236717071790697,0.005025117038798134,1.2520761275867334,0.0014397639689911479,0.17366049098011202,0.003368264621176703,0.09305939645425429,0.004064096954943366,0.018366450001588566,0.005072495235805948,0.03973564681243056,0.003971145274033716,0.06013442943237861,0.005021865332603693,-0.4075287077661744,0.0054756802799629505,0.3601719528109722,0.005128901843854028,0.28326388821492227,0.005217332375182201,0.197780171152234,0.004872345198459617,0.1461353652660835,0.004038797028672487,-0.007898646253250369,0.005014770233239624,-0.03914520104841296,0.004240140244024177,-0.07756637814267382,0.0036635528314950274,0.9781477499008255,0.001055093225298842,0.047573079422344615,0.001938030590701894,0.03683935628729274,0.004099066494056137,0.01213623329803982,0.004237201479065781,-0.03584342579689696,0.00410334116715246,-0.04154042853561326,0.004239909880266619,0.10922488836654136,0.004545721351889001,-0.015244260111580586,0.0061996369171669514,0.05292312394039817,0.005057468262478836,-0.05351571554106995,0.005081413297949559,1.5087069248150937,0.005714782144522146,0.18371421589931972,0.010516428405924136
12,True,-494239.18574487744,43635,51355,5,2,-0.003297398217725524,0.0035741983794424716,0.7705941202023018,0.000609711771389132,0.15003218003702676,0.001398310960714813,-0.02736238281152025,0.004476709217773413,0.09588041798504604,0.004041011627280988,0.007607682707989197,0.0041795195220293135,0.013237486088896666,0.00356033666022441,-0.2674875477824249,0.006501858899480485,0.11157377757581884,0.005589932225216732,-0.09327808176109416,0.0062622277218115,-0.009120089207986109,0.005159708866948372,0.3510555794336775,0.005193501670627916,0.1642056422487473,0.005947237736490436,-0.05359051151500373,0.004620289614338173,-0.1136134524365513,0.005098243909773545,1.2522771092778828,0.0014174670870749084,0.1659789755530361,0.0032080755093711194,0.09860903206038699,0.003936221798889462,0.017520135847391875,0.005255716598239574,0.058358454431134126,0.0038623554147371956,0.051351244215524526,0.0052121570364613585,-0.4061649041131277,0.005503345179955175,0.36179368803767825,0.005074355548405475,0.28568222534475535,0.005205252200521713,0.19418279280458348,0.004858138001990968,0.1408064756387743,0.0038944093691610387,-0.014036635917019735,0.004870483227477656,-0.04881188128325224,0.004243732419587401,-0.0755933973696968,0.003717635722467856,0.9767619551190108,0.001040881426612239,0.04837069607807325,0.0020541312244287853,0.030832112146285437,0.0039469921249106294,0.011954299695139208,0.004351905141235366,-0.035897162978892554,0.00394929551499541,-0.03599949190246471,0.004354278211932854,0.10627084839414931,0.0046241049263079335,-0.020237525459510963,0.006170006219325574,0.05143035793772171,0.005139889727203018,-0.054428830217832916,0.004719794496104861,1.5021671752145318,0.005128133988324568,0.1632396157159398,0.008905171544409313
13,True,-499178.7487977664,44021,51694,3,5,-0.004941033524686505,0.0035346903331486246,0.7693410698329646,0.0006025659426725505,0.14913506304547122,0.0013614345501147262,-0.026286556491321535,0.004367681277317524,0.09534203073461289,0.004053055261189244,0.01140854216034957,0.004096119697734975,0.010430099751831666,0.003565419490738372,-0.27348452946328156,0.006346092773660291,0.10645608906712165,0.005559581733820155,-0.09106777508871786,0.00613653091637814,-3.4190978757275846e-05,0.005138676009659649,0.3520167589880714,0.0052093030953228635,0.1723398217076371,0.005806720834763186,-0.05571717450606235,0.004680738441217787,-0.1260640668633243,0.004995773405064501,1.2500686079156846,0.0014679995004847068,0.17678892964455448,0.003341942292343733,0.09749429374575772,0.003957701015906523,0.017117900454636754,0.005040251783239395,0.053143054020942396,0.0038838481330076904,0.053075122442793304,0.005013196252428377,-0.39641432406851296,0.00542454485950798,0.35013675407765193,0.004989896675528283,0.2832557890183335,0.005183695030299902,0.20059570238983415,0.004783269743024451,0.14496116575313872,0.0039551506544789885,-0.011148628785158312,0.004810829150537135,-0.04539197829354249,0.0042177317395911094,-0.07434642730999834,0.0036144291117791725,0.9772364780813712,0.000995887941892759,0.048766774435346216,0.002086670846600233,0.03416601013214774,0.004286723459237806,0.01134719274161188,0.0038818290308666632,-0.03322320897515297,0.004288347879830524,-0.04302998381333452,0.0038840837439600077,0.10063225097535015,0.0045372917460255666,-0.024227315267031552,0.005739846160761135,0.056385117073530125,0.005073202974688276,-0.05457052438095248,0.004848448967920293,1.5077608833256662,0.004659779388511698,0.15753552863421025,0.009360416842464095
14,True,-497414.50311068003,44229,51497,3,6,0.004657536707974743,0.0035747229237818082,0.7703303944307068,0.0006157983312295445,0.15181071786693365,0.001421132251174656,-0.027775926706256997,0.004449161460964474,0.09988503538056918,0.004053948288829332,0.0142115226135751,0.004170782538901141,0.011249224886366009,0.0035697058908532252,-0.272700010740018,0.006540947028099608,0.11290795279843237,0.005553509118212144,-0.10313099147575568,0.00631905525029873,-0.011167446029999197,0.005118634631204553,0.3587847858778335,0.0052219062252125605,0.16560976852114206,0.005908987135160678,-0.06920305174699001,0.004624617670903118,-0.1090297559917882,0.005077378837720164,1.2476110265468618,0.0014411222991733696,0.17396734062017954,0.003341747083861951,0.09380023472952238,0.004033380144967391,0.02231857846987608,0.004986367309037544,0.04428013107842449,0.003939868232574805,0.05453096816443192,0.004943891897612252,-0.4095020510417343,0.005508944734884315,0.35621760401713437,0.005096291737548054,0.2876886431669291,0.0052742902897922415,0.20650963979988907,0.0049012220529762035,0.13813102817520984,0.0039207511285559654,-0.013174834220543597,0.004778862815253154,-0.044956246703726006,0.004135727015881361,-0.07652064724155105,0.0037040954192060194,0.9774765645693193,0.0009615795297752694,0.044960788050097414,0.002000430494133631,0.031896195876927366,0.004492324194295887,0.015708655329609786,0.00414008603472733,-0.03834511313258318,0.004495862972648014,-0.04473397695681366,0.0041413670330296415,0.10637866532010783,0.004457614939120374,-0.009453383423553105,0.006219534573698791,0.05561603214996048,0.005057512060948903,-0.054538325796039865,0.005064586308293726,1.5090742529172025,0.005537118998404478,0.17772424236630452,0.01044203890203002
15,True,-492341.9010729438,43571,51250,3,4,0.002903485671799965,0.003599023816281018,0.7704702718036571,0.0006169453372230072,0.15124949897678341,0.0014170387948468227,-0.02385912421847888,0.004474838845732705,0.09762359793819932,0.0040793086602077455,0.013431170683763725,0.004179379012405561,0.004511300065719262,0.0035987816209644987,-0.2637471253341113,0.00668188523745421,0.11399530285014117,0.005533503475847747,-0.09341195027654021,0.00647512536237869,-0.009640794550424303,0.005091728481844164,0.3580792296329276,0.005334609201608755,0.17062253167086808,0.005950382391094368,-0.056303445904539236,0.004815917387266745,-0.1274799840237311,0.005129292111646415,1.2512266942084531,0.0014643492168935346,0.1772938578310578,0.003389668899399456,0.09959232572999115,0.004042427629114778,0.019512472195538203,0.005093113379996563,0.04672998427977252,0.003952785187026131,0.05570176844073622,0.005054600880268694,-0.40254720882925354,0.005544208912977087,0.35387352323262955,0.005113608958946641,0.29388675660162167,0.005356952153412879,0.20874105212874478,0.004917473380760815,0.14743706406088516,0.004038860924200626,-0.014427507835901727,0.0048869843237399,-0.044495455518427145,0.0044102077710207995,-0.08170089249849463,0.0037565096738878655,0.9759826712824113,0.0010021442427339822,0.04934385932790727,0.002089770900041376,0.02262398943989626,0.003495941708867728,0.017746073808943455,0.004049581675217518,-0.03790188836219851,0.0035005771085954334,-0.04012974256673538,0.0040521667603524,0.10122933164942037,0.0045884518848960856,-0.021286808753007785,0.006012519645393396,0.05500857738702597,0.005229930961301996,-0.05774836811758115,0.005169383046938548,1.5108027600641802,0.005486113025777617,0.17572354224753717,0.010764553770765073
16,True,-492751.74743344635,43876,51015,1,5,-0.0008276173595464322,0.0035649091051166136,0.770730691350071,0.0006077425536563097,0.1497513463778052,0.001394183720826614,-0.037691943684754474,0.004483239503292415,0.10217393823704048,0.0040230506427339765,0.008342981574443105,0.004216081123747509,0.010677174026901562,0.003503522957589055,-0.26673580713209705,0.0066123783363320155,0.11784766325977986,0.005511420839890161,-0.09604016359393466,0.006353962173097916,-0.009458294462403469,0.005071466534614732,0.34388607790729525,0.005443927775987632,0.17456166943739895,0.005834364313459162,-0.0537971294034444,0.004767236013099132,-0.11731512056797523,0.004991217259190007,1.2526625046097957,0.0014967471676617938,0.17629386902221195,0.003499852205597273,0.09820523090685523,0.004022573150663084,0.021553506471868652,0.005128277158786338,0.0485562389718146,0.0039402583313796116,0.060314464878075326,0.005085210490689976,-0.39643099480567906,0.00565415522571886,0.36422855424833,0.0050558197509112815,0.2858202141128206,0.005355698945206025,0.20490303877301078,0.004851404620260908,0.1393917196210296,0.004010767628595259,-0.01175581600719565,0.004972588787159612,-0.04650056343227806,0.004304587514293027,-0.07406114346765358,0.0037223595530368123,0.9774191843419341,0.0011336743278801409,0.051304648753881715,0.002238074991241394,0.032374741878785196,0.004464181418746683,0.011446829429213788,0.0037203100514915438,-0.03482788691625708,0.004470142879616421,-0.048420650944772874,0.003726305413906079,0.11088843463505588,0.004715565638927723,-0.022462878916332522,0.00641925168966068,0.054447873237347254,0.005170598844561887,-0.0516606328078994,0.0049301091742473295,1.5006084618722857,0.005613289693598977,0.17737510273770568,0.009465717200834986
17,True,-495889.5587882913,43983,51182,4,5,-0.0013778239067896202,0.0035558228495252047,0.7700290639142773,0.0006049915988142196,0.15023990638967558,0.001395912108141828,-0.0344098271442605,0.004497732663572585,0.10272968491610109,0.003987812654187725,0.008655388177717067,0.004224476815367729,0.019571308656388134,0.0034977095808362835,-0.2767799617149024,0.006475241244277866,0.10147614089447483,0.005646066806639912,-0.09236803676396761,0.006269464659657773,-0.006942711898303683,0.005226177415510047,0.3464129539762076,0.005379887120590686,0.1836297683094477,0.005820954169146577,-0.04584830103575606,0.004763952486253713,-0.12329813678836578,0.004991960360437003,1.2520726606537178,0.0013590771172311555,0.16346214118815722,0.0031621783091793365,0.09773812121002505,0.004003085841640238,0.014386540787519185,0.005158018636246478,0.046812390339828085,0.003920024433109907,0.05172662846453407,0.005114354605978705,-0.4012208345559193,0.005430785465007409,0.3521764549311338,0.005050439067253717,0.27876244990243576,0.0051859956622873245,0.20019649085085162,0.00484019788013407,0.14002855859465627,0.004074819082430289,-0.011255534330825611,0.0048681129618163115,-0.03801384737623095,0.004401674329131495,-0.07921955516201272,0.003639228140981012,0.9771521966688995,0.0010887691331441518,0.05013568258041441,0.0021786899949155364,0.022794995942373282,0.0036268287253043998,0.01583239281909919,0.00424337860497361,-0.0398178633518351,0.0036282293360509876,-0.040104586931054155,0.0042498541830271455,0.09906300011160996,0.004632383095388757,-0.020978553299204655,0.006071652255922627,0.05273541944919461,0.0052238990120568275,-0.05390799831557887,0.005025696038111501,1.5038650106157416,0.005333828310158162,0.16681279550561678,0.010191460585588091
18,True,-491816.62310492503,43549,51200,4,4,0.004915323143991116,0.003556876192223248,0.7702802132436397,0.0006114337869548847,0.1500819140823312,0.0013906347560029286,-0.03718143159768071,0.004468874185218661,0.0944657147364265,0.004015099370906213,0.004617121340701414,0.004199385834902374,0.011910929231540239,0.0035045238706098375,-0.2739954584515933,0.006489902902973556,0.11082305880270084,0.00555222799652695,-0.09465192057694524,0.006263832168659777,-0.02402997751778487,0.005114385841295822,0.34897266088042544,0.0054001148152300815,0.1818423611355207,0.005821982048643447,-0.04687908272056221,0.004767444518571868,-0.11208765121111992,0.005015808118637942,1.252165738264552,0.0013966292954936677,0.1664964793858782,0.0032397370350276816,0.09491249408587579,0.004037734680255122,0.015036350297503559,0.0051728734678398005,0.0548759345339741,0.003955634349553505,0.05381494927078586,0.005128549446912675,-0.4102753220636407,0.005510077131251808,0.3545069422620615,0.0051190650955894495,0.2787092097159267,0.005234926491445814,0.19646897057882565,0.004898530592764474,0.1412928592869278,0.0039529250475418155,-0.0045578214671011565,0.0048689687437486005,-0.03802079692758955,0.004197948603631874,-0.0730006394118894,0.0036378294967520197,0.9773145503987694,0.001057617512805309,0.04873905967263877,0.0021637590214330683,0.026366998175530867,0.0034345066776228002,0.01895720592257967,0.004116114902126008,-0.04025854730375126,0.0034369227487490474,-0.03600906033321633,0.004120270597955176,0.1071653640701363,0.004539450865680773,-0.007184757650525508,0.00628345410123761,0.05905209577615723,0.005135394786486339,-0.04780799403310802,0.005236203866636983,1.5089947469296368,0.005784576730683888,0.1840725750516205,0.011058424001709255
19,True,-493532.55642717145,43759,51227,1,5,-0.0002453942240615547,0.0035642196785461203,0.769983079888529,0.0006148539470189895,0.15079047734862072,0.001394576508023826,-0.028726030855853908,0.00442297914503456,0.09628509331458658,0.004093408881947714,0.007287541757633199,0.004158251925748153,0.01524519082037312,0.003592961183659113,-0.2695971077582899,0.006711919030498186,0.11652944375134937,0.005560088542765775,-0.09084714767592572,0.006455064119165698,-0.0010333287355533379,0.005132911305452164,0.3530644792690561,0.005384813913146113,0.17312366518973696,0.005870521775556693,-0.05973610053012601,0.0047252113143768345,-0.11937568025566501,0.005036792071158376,1.2506539586636276,0.001481223364526385,0.17760569472494916,0.0034107001232561857,0.09688292813418918,0.0039218094068183915,0.01704920250450174,0.005139631934692518,0.04533187255187661,0.0038367993943251287,0.04903272588037191,0.005095836950016582,-0.3978729812811564,0.005502361699181368,0.35528562465169566,0.005044985508044646,0.2910929561957165,0.005249735006169799,0.20244243630973008,0.004860241354382122,0.14367280031594265,0.0039969146152988005,-0.010205216924592406,0.0049768277495218895,-0.04521704416415582,0.0043155472803458154,-0.08181203142422809,0.003701234829507977,0.9788647816843982,0.001059048237417315,0.0489297285392012,0.0020090361346297263,0.033691037398554176,0.004079006423875415,0.012385515054159663,0.004107852644616937,-0.03456459212256843,0.0040800303478831035,-0.04035309692821373,0.0041072254558400766,0.10305226921424815,0.00482595832403042,-0.025354792902999482,0.006059964843185351,0.04561176903776551,0.0052992484763409895,-0.06265992039667864,0.004655621158715599,1.4977769844191589,0.005051259465430502,0.16740891911122296,0.009802814435250287
20,True,-488096.8308359692,43244,50818,6,1,0.0029991612424705985,0.003572506933137228,0.7699982082693284,0.0006101703251460422,0.14957404677446454,0.0013887310207372217,-0.03376465060612644,0.004469734288570067,0.09659165464554771,0.004034556992668012,0.008019464088158021,0.004194304002144156,0.010316875529565873,0.003534340848417388,-0.2657214751771635,0.006477979987639242,0.10335689837871856,0.005607649391087296,-0.09721695668885402,0.006245281096486206,-0.012419809787157638,0.005186861609335964,0.3535802739397799,0.0052804382843126794,0.17184048378073485,0.005924260311924846,-0.05432515483965113,0.004712663500666054,-0.11671082575636826,0.005072489282866301,1.2506100322267317,0.0014574563664467854,0.1731104071125857,0.0033136023972934886,0.1026323111634905,0.00404629483025205,0.02275411054901243,0.005068738843837114,0.04970404335226865,0.003964148890385044,0.052234368524800096,0.005028203623779095,-0.3997408795727463,0.0055438256310192625,0.35412939437972,0.005089914639519952,0.28810872488650163,0.0052949415114221425,0.19698998241796992,0.0048830028209853596,0.13505491211856582,0.003966857892200105,-0.013495966109883753,0.004918896308536768,-0.049183139705106814,0.0043026860507918005,-0.07689148137997247,0.0037722309966671044,0.9770645364165109,0.0011587902621440493,0.051517713804309036,0.0022135221708415725,0.022456818125836157,0.003260562418375613,0.02280146643792993,0.004466796462116532,-0.043514561737792085,0.003260944226458956,-0.03345491312074985,0.004470890324535222,0.10497351720287418,0.004548521928114839,-0.01864031825109105,0.006188398765003084,0.0570073303454788,0.005033185085451413,-0.05031632147465728,0.005059424943273093,1.5059433412121832,0.005617156498673226,0.1833628875412683,0.010995747115179616
21,True,-495217.57897701324,43867,51310,3,3,0.0012241567365790988,0.0035378359660777252,0.7712142891450124,0.0006029597897360128,0.14899568712588,0.0013767840770034512,-0.031651054344474454,0.004396741900641649,0.09421872961096908,0.0040790676787341934,0.004313704216940202,0.004121929050695912,0.010282498008555692,0.0035631674423172587,-0.26292156100651926,0.006696084824441494,0.11966326153756365,0.005482720492169809,-0.0848803423784043,0.006457594191012461,-7.40294760765247e-05,0.005064645275591496,0.3507773993433258,0.00529106814664605,0.16565109313788356,0.005892711313578122,-0.0518513675186466,0.004693883190260965,-0.11883051136156952,0.005041762558313536,1.251516911973901,0.0014437399923167282,0.17139676271253243,0.0033121709000461103,0.091280812746036,0.003965761279129986,0.023919761196586863,0.005095133100271528,0.05494636040519921,0.0038773468049719323,0.05278215220156915,0.005070761850550926,-0.39645421409392306,0.005567776095606357,0.36121076144042275,0.005086507284351367,0.2928155018334261,0.005297395788734432,0.19678112976382167,0.0048549568975368405,0.1375645754420682,0.003932883401557949,-0.013026256480392824,0.0050160908280617676,-0.043068339121629044,0.004246215691422508,-0.07487252005819234,0.0036372482716505554,0.9763856557821275,0.001139223914378762,0.05125685747360864,0.0022446398962658078,0.030528602772057958,0.0036678616631178828,0.014010649426416263,0.004005612010614625,-0.036696320412092545,0.0036703539167703817,-0.039402083892934515,0.004007747627551289,0.09737474884464713,0.004761492949491362,-0.022139848033617765,0.006086160416635716,0.04560011393673438,0.0052395073235891,-0.0556468255745738,0.004725973032044332,1.4962948016861886,0.005948841735649579,0.18108911731995012,0.011118393866634102
22,True,-495397.415789581,43954,51384,5,8,0.0026279987408384365,0.00357768916768944,0.76959848042124,0.0006112412760379549,0.14968160784028586,0.0013909964044210021,-0.029585245351918973,0.004449494976467568,0.09405316185581004,0.004052650646580425,0.004827228293185885,0.0041722929251386855,0.011166768551025372,0.003561193092461611,-0.2775009573334415,0.0064165516185578095,0.10837775536407883,0.00570297391150265,-0.09567825874508305,0.006187758032012605,-0.01267987277375411,0.005243969641089068,0.3488633589338692,0.005379249022272681,0.17748354747505374,0.005891407759329283,-0.054361915193797704,0.004738508979773647,-0.11485125281761588,0.005035987011531947,1.2518029382906377,0.0014450819689629801,0.16951451781119897,0.0032411710475395566,0.10382230360176294,0.004088686086450561,0.028002924511474632,0.005123305503890293,0.04763658690184702,0.0039947994653142735,0.05512945982235427,0.005080438906795438,-0.40628030806625226,0.005521682209380386,0.3610083466576843,0.005117060272142494,0.28309365410743936,0.005254883102619637,0.19803362852271283,0.004877694583562789,0.1453852472610089,0.004011474050384168,-0.013722621209274382,0.004840245895861612,-0.04615969925084548,0.00428259954497445,-0.07952204246279569,0.003679503356515278,0.9755202374823759,0.0009616031002842584,0.045644728172864094,0.0019095359387790514,0.01769814749695718,0.003189970196488767,0.020614757568900088,0.00455250793022791,-0.0408097266671205,0.0031932307132264727,-0.03243971431467991,0.0045574886866935815,0.10605164066811312,0.004598415640379085,-0.02449789322943622,0.0061533088276875,0.05530175869922938,0.005011344460182811,-0.05322123645328161,0.004945137907947738,1.503562286327833,0.005310353716780347,0.17910366016882603,0.010562840748747152
23,True,-493821.6256700774,43721,51320,2,3,0.0058432481425305174,0.003584830238727162,0.769930931672929,0.0006068751194251432,0.14923476200331462,0.0013979743268362071,-0.026134838904206426,0.004459095312231981,0.09317085177112175,0.004077855443728024,0.0005738221923324779,0.004168188068850943,0.01427078650190029,0.003593687754382192,-0.26554724052329554,0.006630754964695465,0.11324315860218129,0.005582908279489953,-0.09593869298711465,0.006407591776577781,-0.012576458659306096,0.005140446956137353,0.35727711336041584,0.005395755351431611,0.17898373945899917,0.005983522882694531,-0.05404796623201782,0.004775313320040381,-0.11774372643722007,0.005102596292116432,1.249594736406765,0.001427516190367184,0.17116230831223125,0.0032315593077963667,0.0935328285061245,0.004128179205491956,0.029306146982982353,0.00496938145124845,0.04332877892046399,0.004035775651707795,0.06214212569452233,0.0049294274939758066,-0.40070652094284537,0.005552686789160992,0.35716962071270275,0.005090062819428982,0.2921226474449515,0.00533764590511156,0.20475196626460906,0.00488537903861193,0.14294053998108786,0.003952910925750461,-0.01413928221522696,0.0048080736627026145,-0.047156940736435345,0.004198228142494031,-0.07710760516255714,0.00375781618829805,0.9765129742671268,0.0009985673409818596,0.0467309212919312,0.002003330660448454,0.020050916362433977,0.0035039504937950305,0.02379766058456476,0.004311523281061662,-0.041424828633273236,0.0035091488991362573,-0.04432048683205966,0.004316161390859029,0.10680145067695569,0.0046620895034900234,-0.02145438074032591,0.005950325257758591,0.054004459496439304,0.0051744667501357295,-0.05977148254995946,0.005068888077849702,1.4991227069504243,0.005258683867842229,0.17689698289190992,0.010156668221165649
24,True,-495866.47781319346,44069,51275,3,3,0.005274756483666982,0.0035644453923051266,0.7708102666232108,0.0006035986602743182,0.1473547678249371,0.0013638361810085625,-0.02897701966031889,0.004403825624327633,0.09442687325761359,0.004128830148652073,0.007832481290116435,0.004128578405961869,0.007674357740121008,0.0036090025378809477,-0.26120129425807737,0.006693980978578297,0.12410736963682337,0.005458946624894213,-0.09001273957128562,0.006470611571679945,-0.005160634766778378,0.005037807525656112,0.3559356314367988,0.005274529598869307,0.16645370666291678,0.0059430663451635595,-0.0559019206907799,0.004705891600734333,-0.1212389700900736,0.005084791449523484,1.2486256047481012,0.001407895638074308,0.16860976160196015,0.0032107587922243636,0.09579647609312143,0.003947526675347234,0.019334111586126308,0.0050625276627649035,0.0523499431150564,0.0038610331139212464,0.051252789983581654,0.005021610734322022,-0.4076899985942687,0.005526759470441138,0.35858172721447784,0.005096669119038951,0.28552885455545685,0.005268046200660841,0.19832206451526282,0.0048790236740503925,0.14162933719687396,0.003985299272958295,-0.006314741989204903,0.004867765706392978,-0.04413494352631974,0.00427248359391998,-0.07863947001174489,0.0036509980896737983,0.9771688864201603,0.0010203553308278934,0.04747280593982923,0.002016911576273119,0.028642134082313458,0.003868020390043881,0.01664684455160513,0.004069759287531531,-0.03940237175094876,0.0038709717015684673,-0.04403848264917854,0.004072647666468067,0.09857990213881364,0.0047387901794950175,-0.020471411640466855,0.00597626449915279,0.04902361416008719,0.005266209524981198,-0.058910468410714095,0.004819529733164189,1.5011941599623353,0.005611647008626375,0.1831450446202922,0.011825929068708385
25,True,-493592.64088948816,43792,51114,4,2,-0.004012256464547042,0.0035757370424501127,0.7698482110469352,0.0006150915011811642,0.14973031496648886,0.0013903418731036343,-0.023076983360809062,0.00443346745087119,0.09768973509828562,0.004112971565904983,0.007275971110110607,0.004151562224353923,0.009918970558143558,0.0036253844427398354,-0.26752806311464156,0.006720654179263166,0.11695525724695398,0.005562203595991347,-0.0882799379719097,0.0064395183543581825,-0.0017884773506268272,0.005107848248695044,0.35581448063916776,0.005285589816760157,0.16496612258836732,0.005994803343302666,-0.05288366032358274,0.004718327130333092,-0.11827063222009485,0.005118024277214406,1.2501214771319347,0.001421757410137392,0.1682804637789701,0.003229866414076424,0.09272217161300488,0.004063545639514495,0.022390418538951126,0.0050861524715147205,0.054153562901676444,0.003975547382216341,0.05809123982784075,0.0050513913218062445,-0.3952951486550599,0.005564464777954041,0.36460795772036275,0.005073382455161903,0.29616785740852225,0.0053755635439494,0.20809998467082874,0.004886712194299482,0.13661925565396138,0.0039358771568416325,-0.022105051234034428,0.00471855664112147,-0.05197052061889236,0.00423966283579376,-0.08233449009876694,0.0037519768404693323,0.9754642714758692,0.0009851167294652186,0.047077980082447304,0.0020290293257198416,0.027539437156540055,0.0042134785569325275,0.012676623958105692,0.004299050898385739,-0.03564742923734307,0.0042139927303958815,-0.03746699989022691,0.004303716285275469,0.1075164573651036,0.004750192228162323,-0.015414874102021034,0.006103265930280856,0.05591828184461172,0.0052421752715326635,-0.05255696138880823,0.0050047272362552546,1.5040321606182936,0.004824287265493332,0.15687440341485312,0.008910298761567681
26,True,-492354.21485757746,43920,50758,2,3,0.00856837613898677,0.0035713106650511525,0.7704867777717243,0.0006044330070031356,0.14832762180147202,0.0013761739026074415,-0.031608260008831844,0.004458603584560011,0.09640854290183482,0.00406717291088319,0.002509660594447683,0.0041831061611099845,0.01252462186942315,0.003561298556094497,-0.2789787673100523,0.006514621989515422,0.11016204560788999,0.005622448800467128,-0.09252113869915313,0.006292295222351418,-0.011066583940749431,0.005196214554726003,0.3444923159495209,0.005323160771495587,0.17694725856522367,0.005788178812140084,-0.05620415005916126,0.004697928901159794,-0.11372434695452005,0.004984250858752235,1.2501996051483233,0.0013661331624417183,0.16260829077126895,0.0031862229614731397,0.09640569320588502,0.004036431197050963,0.01777443908982671,0.005062465226490233,0.04677746588058421,0.003954301369765159,0.05665149969529714,0.005022290614246248,-0.40054205127053294,0.005426573106922578,0.3544713152929184,0.005066073728389618,0.2797203364067734,0.005142854872803599,0.2004706254903096,0.004833376204453108,0.14214747254608717,0.004018310939301427,-0.02094115037542639,0.004862504440878148,-0.041381833949915334,0.004268958334188168,-0.07169951507306553,0.00362690436652849,0.9752167780598027,0.0009922269368469738,0.044902071729548625,0.001905441423778638,0.02763075525730148,0.0034128657916152956,0.015863579449995068,0.0041791830678883845,-0.03716849082149983,0.003415453713801695,-0.03624944252622571,0.004182704355345998,0.1029321472095307,0.004631094651387234,-0.021476611999444936,0.005953411802210755,0.053253259649343736,0.004992619674368293,-0.05134797143458575,0.004914146952293966,1.4988370159658444,0.00500783687665507,0.16240334608384308,0.009496819769853893
27,True,-494486.60441716784,44006,51181,7,3,-0.0006570607876428296,0.0035617485898326398,0.7700710748683814,0.0006107601847994415,0.14964502987346356,0.0013883414442192737,-0.02965598573985572,0.004468896016085246,0.0947871196328056,0.004047910062227206,0.004053863532096645,0.004194435154000364,0.018694002363087842,0.0035519415330342472,-0.26672206379546004,0.006590498724860469,0.11509367817944928,0.005548507781702664,-0.09167510574851456,0.006363160301123895,-0.006696455514203043,0.0051124067744321025,0.3495740746159935,0.005283151260281645,0.17277178984111052,0.005867805761700938,-0.0577236971643621,0.004700482655666049,-0.11929094994559954,0.0050447940185076095,1.2512676683824606,0.0014343311168424355,0.171085964652109,0.0033147064809870425,0.09260846162612595,0.004086295733426758,0.029072745369730372,0.0049535528939373885,0.04939798984250075,0.003996901242211985,0.05963135805488437,0.004913989495569873,-0.40255553708374886,0.005498262736621265,0.3642208561336789,0.0050368245025049,0.28068810223058527,0.005206804586356076,0.19985583066270204,0.004845880970331694,0.14186380070644317,0.004029867037163168,-0.015692000594755475,0.004976187317782874,-0.03361140904124614,0.0043434193376072055,-0.07753379146794172,0.003639001934630141,0.9773582426120297,0.0010002691909312689,0.042729679344814364,0.0017311521106579304,0.021561352964294248,0.00377538837021407,0.014510955733178729,0.004197578864276397,-0.03883096872885533,0.003778765637310533,-0.040743960760490736,0.004204761686479506,0.10830701728691548,0.004519747903035734,-0.01600367482843911,0.0061124905442425,0.05865060031244748,0.005096529273049235,-0.060250664040765844,0.004968671416630602,1.5075100620446316,0.004995339522280262,0.1655055969688781,0.008666511860749695
28,True,-496078.9360510238,43911,51366,5,4,0.007016941784287571,0.0035731519256122155,0.771135665243987,0.0005993299534458041,0.14767799139725007,0.0013739812370652804,-0.03117126462567818,0.004454189551078122,0.09728808822611269,0.0040281562593094756,-0.000256100438027127,0.0041585766185626505,0.01151834819924004,0.003533683551899821,-0.2675430132579476,0.006509559795800916,0.11142699796167874,0.0056470720121666,-0.10144001861591133,0.006279548997171982,-0.010186297707493162,0.0052147216794171105,0.35272703092231716,0.005270612978527957,0.17004782238770547,0.0058340710206097185,-0.06012005199687427,0.004683400465629448,-0.11300793193932615,0.005030819825478066,1.2496699270776148,0.0014281960507506186,0.17303172170531383,0.003368202024865777,0.08966736918675829,0.004004892195293387,0.012543063202675616,0.005078648899176711,0.048420864083951895,0.003937184233519653,0.05995006605524564,0.005045069438518793,-0.397297610769627,0.005515536485324102,0.3669921693012675,0.005073335188048008,0.28566910951413443,0.005259000526042147,0.19047693913247912,0.004858001919701689,0.1461351934780168,0.003949762678077094,-0.016274580174067063,0.004932184945299065,-0.04277418977665553,0.004214184556436837,-0.07550243534541089,0.003643206923665373,0.9761649170974471,0.0010107466690469913,0.04872926071279933,0.0020735580526117896,0.025791149535672558,0.003551079777872429,0.016835723716067078,0.004388731712043752,-0.0404130630599521,0.0035536630353385727,-0.0349327240262686,0.004392955723709548,0.1021713238632667,0.004689285883576452,-0.024343296596627033,0.005965785822464695,0.06015311345046923,0.005129008112282957,-0.05624933620717949,0.004943906276896534,1.4966479993385429,0.005309442718867463,0.1862211813383328,0.0114247354427255
29,True,-494614.3744159369,43923,51141,5,5,-0.002854565110998558,0.0035563670704072256,0.7701133345752005,0.0006099515060328797,0.1503620390704688,0.0013976484023728447,-0.029836283087511187,0.004417212860015077,0.09858047523357621,0.004051628612446461,0.0077957196884242234,0.00414426244538693,0.013540949384223826,0.0035562166153521105,-0.26003189031464286,0.006617037308668031,0.11371789963532081,0.005493707290767895,-0.08870393178225183,0.006364843500164536,-0.0007538108122509524,0.005073829221301569,0.3505733637983803,0.005289755804484754,0.1673156353557928,0.005909054510272709,-0.05700959395598924,0.00470523857353593,-0.11579291592883928,0.005053736132273673,1.2503327918291431,0.0014290612262501945,0.1710405773650303,0.003366348776794606,0.0975468755505683,0.00395470328197912,0.016964052634999813,0.005173722174672693,0.053046645472044456,0.0038714562190782335,0.049470064629244505,0.005138040358068481,-0.40061417525652454,0.005551291776011993,0.359956152473735,0.005059882204148559,0.27852133751285113,0.00525380555502212,0.20183886684265928,0.004836005542282284,0.14056242371247765,0.003950692620794846,-0.015178374505922108,0.004838164537580628,-0.04292954965566051,0.004172849892294876,-0.07514525296728561,0.0037058736618011167,0.9758290492221403,0.0010092680092213535,0.046715046946933875,0.0020168599237221467,0.022477051236152346,0.0031657148962482293,0.023186507227841425,0.004350658060836547,-0.04317286184572814,0.0031679295949158556,-0.038013574665081415,0.004355384996213671,0.09778394254175383,0.00479124960655056,-0.02670262779633954,0.006232439501733333,0.05172084455283168,0.0052104782604861935,-0.05500747190767299,0.004933286849758676,1.5083214732977879,0.006642775496499831,0.19850235583889128,0.011724758497995258
30,True,-493760.3334121886,43603,51410,2,3,-0.0028136219487739354,0.0035861488293414076,0.7701063931082403,0.0005904204488029197,0.1450900617818707,0.0013598903318034344,-0.030896325322695987,0.004471931027042963,0.0949533163485663,0.004105001301043714,0.013318799533630358,0.004182611058337558,0.007643848004274614,0.0035847462144914222,-0.2775418231974868,0.0066820195986458004,0.12528948095659748,0.0056060927232049135,-0.08855236325861279,0.006410515882970569,-0.007172317462839601,0.005130993481500711,0.35495006431877923,0.005304477847741521,0.17039038130960008,0.005891788719403152,-0.05957338811049475,0.004706889853029101,-0.12075990701041037,0.005039181332620695,1.2473111835194104,0.001448488136144288,0.17279377353522912,0.0032662286201780993,0.09589257133792985,0.003981710380297602,0.019683903925267452,0.005017880196984805,0.04274472634230217,0.0038860239364837596,0.05306584203476742,0.004978715519074065,-0.40634506450497176,0.005435056826130305,0.3502554484105569,0.005099417106956607,0.2880967009248506,0.005196672074146171,0.20873118472865268,0.00489277086364833,0.14094740359404745,0.003970364652934381,-0.010693713059026154,0.004873736619823702,-0.043493263367411036,0.004222424548596079,-0.0787012376758063,0.0036755112321159677,0.9768666897984973,0.0010042545897565036,0.046120246271274465,0.0019562566847679576,0.02366744007368983,0.0037389670509877845,0.012725290247925358,0.004426074090461324,-0.043141219488049984,0.003744047313230958,-0.04511027548162146,0.004432351692272325,0.1087010225383896,0.004540918531925256,-0.012259340952800643,0.0059419684414577,0.05469285261983648,0.004970872948033701,-0.053251973057843696,0.004926206298958932,1.5089290101619741,0.00447986090568131,0.159775652259673,0.00977517960871499
31,True,-500471.58558145864,44156,51875,6,3,-0.007951572444595684,0.003518152412707952,0.7700317579119086,0.0006039585779319401,0.14911879305864606,0.001361543256823819,-0.02951207481438172,0.004371152516880413,0.09043248142975803,0.004060139153997125,0.012075280754136893,0.004101577052338612,0.015105249316527116,0.003558989872951834,-0.27981885196316325,0.006369804517673768,0.11025348131847552,0.005602815040111358,-0.08016116619166141,0.006199049875997336,-0.005320949423599255,0.005207409200138842,0.3460703989903445,0.005276425834496866,0.1748034076189767,0.005763535087049613,-0.04774465266434719,0.004766354365398203,-0.1276250149439304,0.004960115996470129,1.2535608351152137,0.001440645350280878,0.17190830280728378,0.003281512582961263,0.09535990074356812,0.0038869507582410976,0.012341771478670275,0.0050509887951499365,0.05109383914712223,0.003825027399314471,0.05422073702464866,0.005010107064872218,-0.3968571918153774,0.005371203412539644,0.3557969448185196,0.004976221040434228,0.27993252031695937,0.005153540642705796,0.1992230262947249,0.004778136123148315,0.1451124304635472,0.003926519355118501,-0.01500034446921159,0.004646031039797975,-0.04731023651867386,0.004230900907253668,-0.08044342594587092,0.003684337042267205,0.9764934925687414,0.00091554891598572,0.0458385513181658,0.0019213985001866503,0.02258081113444592,0.00349502300535803,0.014602549673238971,0.004047499806126985,-0.041384681106648925,0.0034998439026561294,-0.04292053737080823,0.004052877102931712,0.09327992042994863,0.004638467695200113,-0.026278883452648488,0.0058918425047013905,0.05181051651214771,0.005230646081891834,-0.052924730040801386,0.005032889924766261,1.498666981226344,0.005486812563435195,0.15875508127437368,0.009219288961543476
32,True,-494735.2740395423,43871,51322,3,2,0.0022313521516760396,0.0035914433502925113,0.7711746319613795,0.0006174467899847658,0.1516177878344016,0.0014185449881137097,-0.025606376338586444,0.004489697354629047,0.10086163401061958,0.004043513663888176,0.001764792912586145,0.004197958701833667,0.019172209381569008,0.003564798146672653,-0.27207954443335963,0.006518959671454649,0.1104842862188189,0.0055870692868372875,-0.09288376283746771,0.006291070895475208,-0.006242788288172709,0.005153863818633184,0.3559765045507313,0.0052800965524284664,0.16920388084626575,0.005928272575682262,-0.05452436830825184,0.004686523315235133,-0.1174957024664544,0.005066889854533142,1.252153729462891,0.0014111744699664142,0.16838106594080085,0.003201195915162644,0.09666938382591397,0.003991756058104994,0.023550115982728523,0.0050540110901099,0.04570558631483155,0.00390240769547283,0.051291069250584874,0.005012375519953939,-0.3968532544206586,0.005612872488284614,0.36635115650969147,0.0050949727264253085,0.29400218041788556,0.005375353095485669,0.19550085273537698,0.004867910769789886,0.14530123127548494,0.004023272722821467,-0.01741734132444643,0.004944028946966907,-0.048714473148050996,0.004311614794307581,-0.07685756064233731,0.003706570468224289,0.9765577659899528,0.0010918353376914713,0.052616547222321425,0.0022247528014648424,0.027114593535161404,0.003725089409393867,0.0053862367733038844,0.004539556936040958,-0.040695347019841316,0.00372740165196243,-0.04027648933508795,0.004541534600249368,0.09600611221488581,0.004787233230945492,-0.02997335243432571,0.005918812353648301,0.050955556277446024,0.005114639467936808,-0.05906200308770364,0.004831272239245333,1.4948987234670525,0.005343416328472017,0.17041146266547785,0.010288570108834341
33,True,-496852.27118000947,44260,51133,3,4,0.00507265285429639,0.0035646186793566585,0.7707628862131121,0.0005930765694647233,0.14678160177776453,0.0013667958278727604,-0.035043484539160244,0.004449982760653662,0.10121368962311957,0.0040721742331665915,0.009923855079402466,0.0041763807827098695,0.007919680473919482,0.0035482873883381713,-0.2691871515984003,0.0065803206455461016,0.1117113441375759,0.005587742964915483,-0.0903891321663918,0.006341307696865809,-0.0056190353856322844,0.005158019845954283,0.34740349866181747,0.005412644571747243,0.1784540163315409,0.0058351303943137145,-0.04706778011081138,0.004803143057225331,-0.12315744655751176,0.005018183304847283,1.2514954156713518,0.0014715851949165248,0.17612341768558934,0.0034200339753493597,0.09843410618857677,0.004001237018413341,0.01511415324219596,0.005191680527450177,0.04999673857211438,0.00391441417884903,0.05759546960912483,0.005152270657365495,-0.40049794897789953,0.0054926501260544654,0.3509428501231439,0.005069466668396803,0.290868288887764,0.005253257883622286,0.20736926670530753,0.004881569939847456,0.1434337782158606,0.004008605496384814,-0.012778014184876377,0.004883564004487101,-0.04328179372905243,0.0043118161863279015,-0.08239091044986031,0.003693593545315299,0.9776706021767503,0.0010386244698326608,0.04914373533053109,0.002071642743918488,0.023157588460906722,0.0034787001079867002,0.011594108729585611,0.003939014852185952,-0.0430894386377524,0.0034837901910037676,-0.04198812450169892,0.003946489112687896,0.10741140048882297,0.00471492664933448,-0.023852197532775062,0.006057674653081475,0.048751611337341516,0.005192617766424668,-0.05886964236194707,0.0047526949627092864,1.5006463452526386,0.004989110043510436,0.1709975602460867,0.00995493938290394
34,True,-494502.17925201217,43554,51561,6,2,-0.0013087947980372765,0.003563020855454674,0.7697200319418692,0.0006034031015442198,0.1495573234760515,0.0013955951430099506,-0.02991705965262857,0.004450986612635444,0.09426347538302039,0.004034134194230232,0.0037867130362706585,0.004165049962963298,0.015087182087094897,0.003549895172678413,-0.27499155185585356,0.006529118393101322,0.11152958845246162,0.00559011797658562,-0.08649309432007914,0.006306908498893189,-0.016205061002127208,0.005170773111748319,0.35619602602106487,0.005254185917946055,0.1641284414242226,0.005891251751094944,-0.05368059524633294,0.004656483817452527,-0.11392085547572216,0.0050573361633805105,1.2486544521748366,0.0014490186641138436,0.17421926848335034,0.0033907826303783695,0.09359559390385418,0.004004649399377326,0.01639358332861671,0.00507604348784033,0.05210876774147992,0.003920205579067499,0.054744226265154336,0.005050041645837716,-0.3997497256814458,0.005437730742596556,0.3561244652934623,0.005033068007137589,0.2883015648359761,0.0052030549020199305,0.1963711928283539,0.00484216833570488,0.14290031213421184,0.0039733818500969345,-0.017085986255636273,0.004836444309947544,-0.05092162464854736,0.0042551093775172934,-0.07658194990802103,0.00368098866056878,0.9768464935825184,0.000992883886980378,0.04684323529635395,0.0019720089362342437,0.02604002468380904,0.00422602859932281,0.01191932780056186,0.004205090764330366,-0.03835435265783083,0.004228350114301072,-0.04499062496444776,0.004206896319423356,0.09917663790336959,0.004492737995747099,-0.017967529433505387,0.005905859570971361,0.058991883773646614,0.005042647260023146,-0.05698449301696521,0.00501913919107463,1.5033415569873696,0.005206718194823656,0.16839607038250717,0.009855146190835704
35,True,-492948.43561037024,43894,50976,10,5,0.00014958774605292063,0.0035636933384721042,0.7696807040089415,0.0006058575500881846,0.14916002919794227,0.001386240788726012,-0.030398919825524576,0.004436724173625266,0.09593671370517826,0.0040494957865454635,0.00876649590694045,0.004165343781618191,0.012145532641630536,0.003551439326420585,-0.27086611636400126,0.006422182130095213,0.11220355314976771,0.005555593667518114,-0.08036230643794834,0.006194307711332234,-0.0039052047917863247,0.005120950653781561,0.3496753378382905,0.005337919907958444,0.17905102203783227,0.005829408699519974,-0.04355674249767944,0.004690674470656827,-0.11836870982465073,0.004989140778280512,1.2524969803724637,0.001472181848719556,0.17320258896608146,0.003290947770092395,0.09474029599984844,0.003981709900372252,0.019747362827782434,0.004981004083850415,0.039495661730756366,0.003907885125098373,0.057588600284879235,0.004947382520138939,-0.3992261790444884,0.005514245878594511,0.3531301266163706,0.005024655659231244,0.2828852751710269,0.00522842007068314,0.20472407392740374,0.004867714926797991,0.1428482812688142,0.003962145761133079,-0.014985682109968926,0.004929004301238045,-0.046548092644412384,0.004318993013128524,-0.0803915514581324,0.003717121078416246,0.9756482631617596,0.001063341894447678,0.05020419441892298,0.0020868493406017603,0.022888136071640003,0.003266236564789299,0.012948183027029048,0.004354053327838817,-0.04494825644368752,0.003267767540151303,-0.034762483803460226,0.004360862773330592,0.10135404689259572,0.004622161869013553,-0.03110870446176773,0.005830548558678163,0.059736664221657146,0.005004146181976893,-0.05488115839088378,0.004739910262579579,1.5015609522274092,0.004685308798931254,0.1598193059461992,0.008892472039892033
36,True,-493252.3469172497,43914,51040,3,4,-0.0015586405427381821,0.0035764095736849633,0.7691853688148748,0.0006117835295349483,0.1502680134173559,0.0014050709072820772,-0.025556797594520415,0.004450060744413817,0.09002611105833716,0.00406978062948265,0.018419432669368747,0.0041619298979194835,0.012825140707799276,0.0035911090710568417,-0.26657854868300357,0.006678356512209393,0.12153641818698521,0.005592896745792872,-0.0931599221905535,0.006467877509758047,-0.007632939336128147,0.005164369328418637,0.35397974518368597,0.005280394289241823,0.16753425024051105,0.005964910243679497,-0.057359065649705,0.004699799483539197,-0.1136021637744662,0.005086761012378944,1.2482954487731612,0.0014593113531785606,0.17280765679568139,0.00333130016831068,0.09895932537177485,0.003985348735124328,0.01722239462746374,0.005172546946431818,0.04987408532376083,0.003908396531730974,0.05744990588540921,0.005126983280904273,-0.40150024819875685,0.005513033101548999,0.36004555565742774,0.0050501478115603125,0.2850607426096268,0.005237318956447652,0.19654625018880723,0.00484293274794491,0.14505657279573494,0.004008566150246971,-0.008984259588982685,0.004850173743880331,-0.04149793173959967,0.004348558416789643,-0.07984384056168442,0.003675758921088912,0.9773830606336166,0.000986121116117511,0.04683461731842519,0.002023176515908085,0.02710761954567061,0.003608936054976298,0.01892345206584488,0.004125236456726132,-0.04136988312448179,0.003610086036486288,-0.041745546707886313,0.0041326561194109206,0.10049087969788431,0.004764734615963127,-0.025988665297219275,0.006117902481188639,0.04595526291109615,0.005438834398903584,-0.05976847718466145,0.004810543884619885,1.5060292375081192,0.005467060042843475,0.17155470315055385,0.00997877809633678
37,True,-492774.54162332846,43679,51211,2,2,-0.0013847964429818244,0.0035643188496689788,0.7700617767971646,0.0006125838781656512,0.15089203097414744,0.0014040954956808932,-0.028504682962230885,0.004432414578085814,0.09048290107445466,0.004035603360334366,0.009935390486602882,0.004144931214825387,0.01438970112599555,0.0035542039041334436,-0.2736754380713792,0.006593889964942749,0.11325680048562276,0.005493296156626449,-0.0889046424409866,0.00633255006618473,-0.011609875668719287,0.00505626501810836,0.3574222192763479,0.005367271177541112,0.1770042911045413,0.00584166326961733,-0.052859160977193065,0.004702720227241722,-0.11236792223309855,0.004990525713671269,1.250995591448791,0.0014596477148808296,0.17742143259847756,0.0034134302799634364,0.09602743366496046,0.004003199887351339,0.013334203003456547,0.005018198369660379,0.045111738907412324,0.003924815809084903,0.060738472554224536,0.004976193037882686,-0.4028533874399208,0.005466017892319112,0.349874665288824,0.005099820465221719,0.28347757164324083,0.005226878600603816,0.2086755790733035,0.00489742258531293,0.13511167669641405,0.0038860253899696572,-0.013560541980819622,0.004813475089868225,-0.04540945524623489,0.004218400325892616,-0.074839445098673,0.0036960224983443504,0.9759689644004353,0.0010359532505395674,0.04806451279986917,0.00217940003066509,0.020566585996732827,0.0040282070743237995,0.017949857195255874,0.0042362408167744975,-0.035714034715902544,0.0040308735829435545,-0.042761732601212125,0.004241836556995954,0.1048270185035607,0.004452819100714791,-0.009102648629005113,0.006256949699061304,0.05751571414419927,0.0048896366071657345,-0.047504076548844594,0.005076053381906515,1.515222481483268,0.005726176685766249,0.18444920303309306,0.011462284067712977
38,True,-498061.22945672506,44001,51634,4,6,-0.005365730236525095,0.0035365983450087973,0.7704732557401709,0.0006027330184976143,0.14894620230603267,0.0013697460943041112,-0.03227172247062425,0.004451843733713613,0.09760206896179917,0.004039416734857617,0.011577104955770379,0.00417588974142805,0.008933008774282226,0.003535643275591294,-0.27196090945259854,0.006406152527776225,0.11550791327364202,0.00554698159715237,-0.08432457777456677,0.006181584529905652,-0.0025409953511295316,0.005116745035839707,0.34795066213179066,0.005196003721880768,0.16547005572288748,0.005847736965536473,-0.05770838524862797,0.0046332446263127845,-0.12089232540100155,0.004989284924906597,1.249400387208794,0.0014373983020607994,0.16750138448509203,0.0031583914451198958,0.10228622244011555,0.003914510744199658,0.015378783346534117,0.005070622092904283,0.04954275015827272,0.0038342890089477547,0.04603343387175771,0.005031341625872131,-0.3950744874485781,0.005494805392563106,0.3584710794002243,0.005007227788098806,0.28803523670356523,0.005248463955783405,0.20373953286392263,0.004819430025517498,0.1398380765757861,0.003938636298157864,-0.01652741189305316,0.004909923716969462,-0.03980016856997178,0.004387045563910687,-0.07716869950527175,0.0036566650402845425,0.9764566591664087,0.0010699954414566948,0.04923202563671078,0.0021279916045678776,0.026953063318022843,0.0039582559362783855,0.01381500750942005,0.004024173927460479,-0.0348542435325906,0.003961774437926616,-0.0411262513440625,0.004028597059437911,0.09743680286375789,0.004569603318546605,-0.0195925950893209,0.006033116389389767,0.05388269754041466,0.005130889799449355,-0.05418424869680908,0.0048553150415225265,1.5074242032580036,0.005339587904929499,0.16885359812053763,0.010191498835676771
39,True,-494557.2060647608,43651,51504,5,1,-0.0002624707010739464,0.003554109818860279,0.7714387521231116,0.0006133020743757656,0.15148321067145795,0.001406512823169545,-0.030568237887809376,0.004409803378743741,0.09253959169567455,0.0040573778833415475,-0.0005860672853285467,0.0041299698880392696,0.01573657494898521,0.0035589405945932466,-0.26494373770632085,0.0064885387671845705,0.10834201591343529,0.005446128505115784,-0.08104073147325613,0.006259508302047886,-0.003717256554244418,0.0050163874816751795,0.35289751901757904,0.005249390776685881,0.16697023975924694,0.005836390814608769,-0.05697809048888762,0.004657901301258775,-0.11531711401099419,0.004969720018074143,1.2475982416829021,0.0015041905897420493,0.17893506412503893,0.0034124905808029793,0.09842005446162962,0.003928614625309143,0.021385470364617746,0.005063979435101785,0.05688977751110612,0.003848909537031629,0.048293365544284456,0.00503088670145147,-0.39881947325867784,0.005464965912999509,0.3513886084110192,0.005018633811363803,0.292040203136775,0.005185376808493927,0.2045395513501489,0.004829852614721052,0.13706693328209962,0.003907888598885267,-0.018487373989747972,0.004825792872776125,-0.045771295124015725,0.004145760403019899,-0.07389647188064884,0.003701715102914386,0.9763602766763492,0.0010345404903239763,0.04656191834539109,0.001985346081083715,0.024652738870979306,0.003516278071909519,0.01826319656045294,0.004436643894014392,-0.042016620462094575,0.003516876583598079,-0.037917829968566005,0.004441559759406518,0.10644865917271246,0.004590983981032282,-0.02098124110733841,0.006167427555590916,0.04862322034227165,0.005065538706348149,-0.05447391612432107,0.0046822759676436254,1.5062477084284716,0.005251183158715644,0.1692335635193283,0.009402182233173892
40,True,-494395.4826094692,44098,50991,5,4,0.003355122080040347,0.0035681034814184945,0.7703036553614819,0.0006106652305834515,0.15004723313332796,0.0013897791792818748,-0.021483936803649045,0.004431620445272643,0.0938487572495752,0.0040579103035707645,0.010012060266161076,0.004133522895910658,0.009924531529582154,0.003591295853250442,-0.26779385778680115,0.006578328505858346,0.11470784227245,0.005618086426353195,-0.108293044447096,0.006341523486979679,-0.013624111985406777,0.005167374083451982,0.349317449032963,0.005256706856116395,0.17091912241328028,0.005873574291101422,-0.052195344945067904,0.004679767127730547,-0.11032304652476385,0.005002364141066444,1.2487486766135802,0.0014870913841420474,0.17370615317613666,0.0033301906018106398,0.08637985421425602,0.004139723980588125,0.026268464991680222,0.005046265365474763,0.048281332227548907,0.0040566700124530335,0.055714564301436655,0.005015191273398415,-0.4078446342464568,0.005458330326119188,0.35477568487685995,0.005109182154755742,0.2780769418844493,0.005206090136705104,0.1984648295233255,0.004871957584659554,0.138362217909527,0.003949777870669667,-0.013379852631252648,0.004819109741444613,-0.03791766705813825,0.004178892650497047,-0.0756446005045988,0.003587401394804942,0.9770923327039962,0.0009644584757690366,0.04546136935801878,0.0020462170733125534,0.02821045506535825,0.003802904286254486,0.01005460360530545,0.004437116301763862,-0.038735972043782665,0.003802419894308876,-0.037551211097747096,0.004437296985251923,0.10918331220238173,0.00450170017602498,-0.010619801606275446,0.006054798964059829,0.05654559636472961,0.005057341996526335,-0.05162076433414128,0.005046365945760822,1.509357197229537,0.00509620634831065,0.1793267908007861,0.011271434644069267
41,True,-496641.0376930728,44069,51360,0,3,0.002603211490793964,0.0035545327830695376,0.7714071494513188,0.0006014552816973051,0.14828682265986004,0.0013793052858989824,-0.036151989163654426,0.0044770164292950235,0.10064936274967959,0.00404245603304486,-0.0022467484288584082,0.004205258643223518,0.020327566062971064,0.0035237103687620003,-0.27109394157017463,0.0064488885841736746,0.10888858000150461,0.0055561743574109685,-0.10258403740762019,0.006244101309012705,-0.010281359275552357,0.005151408560336084,0.35350575853898414,0.005207076987074158,0.1675360359302008,0.005915973233375432,-0.05419164895559536,0.004655648684865874,-0.11020003252526897,0.00505146453117428,1.2514444010268793,0.0014270011506848368,0.1684734019560383,0.0032206623874441592,0.09058189393427409,0.004020817186386699,0.02415723516665141,0.004922653236801649,0.04738868390102758,0.003938433337561047,0.05157612970197228,0.004888025263477666,-0.4007331513331232,0.005440226016252078,0.36748973416743685,0.00507823498770975,0.2853698021452992,0.005216605891607677,0.19139808267771224,0.004838323989945998,0.13573632159648646,0.0039810469080666855,-0.010131104648801606,0.004837000032334782,-0.042424857211993836,0.004240970809161784,-0.07534643108321906,0.003632158934428997,0.9781892662043461,0.001078483447116696,0.04728540423455601,0.0020767932197606996,0.028825402587419325,0.003860262919610574,0.016165433748669078,0.003800264620667093,-0.03698642410579838,0.003864301999403277,-0.04425439508351762,0.003803695437059225,0.10029978341394491,0.004451888523015132,-0.020360955332907507,0.005765905207685054,0.053588112662257804,0.004915505801696201,-0.05495511900958559,0.004895276034926,1.5020329452956265,0.005278254401757998,0.1754654205150463,0.010730143547374518
42,True,-493754.5949238683,43781,51234,0,5,0.0005885677430194535,0.0035936111284675613,0.7701984328201066,0.000607212318090633,0.14904626784149397,0.001394483687358547,-0.03305865148809585,0.004470556643446299,0.09595459587138078,0.0040631295025938255,0.003536400169531288,0.004192320449743151,0.01869437838619282,0.0035604251908455905,-0.25758472735518384,0.006822480482812978,0.12643821941393832,0.005485324022858344,-0.08091343921597384,0.006563909033409909,0.0014425809095279483,0.005043855688828373,0.35103988790401214,0.005463282331540182,0.17892290329129182,0.005938067665158482,-0.056233518592871,0.004781506236287818,-0.1168289954465208,0.005077797014677021,1.2528982307404823,0.0014520364726811064,0.17251927036492892,0.0033227927337934615,0.10159706858897656,0.003956399648897475,0.021484154683772277,0.005200951385220188,0.056206311135340824,0.0038692776291245875,0.05218373470715602,0.005162202231640741,-0.40208497496697004,0.005676195459027114,0.3657061005061415,0.005126538848253026,0.2927133378648381,0.005394215023030536,0.20590551092694476,0.004887469402330143,0.14971491693727684,0.004054829235291834,-0.012779096046488355,0.005048733873721041,-0.03863748244510648,0.004382804634478929,-0.07906776080358849,0.0037171675620959028,0.9787824791264614,0.0010424846338839555,0.04990416215167778,0.002132951735066533,0.028172050659354134,0.0037779588053045783,0.013411407044570547,0.004168175437584038,-0.0416552185961452,0.003783504183940723,-0.044766285347485245,0.004171952601624531,0.10891998548460884,0.004924623280911781,-0.022707231664197945,0.006191385289280815,0.05016426823352483,0.0054170307002384364,-0.05805753331204291,0.004870211373721132,1.4990858584612068,0.005678512538937697,0.19098542138518904,0.011416725399667968
43,True,-495964.5375189142,44052,51233,3,3,0.004547170804188899,0.0035643972661453054,0.7690594937792709,0.0006091223641533916,0.14974512764420125,0.0013870566071415291,-0.030294132160471783,0.004426984603306785,0.09462160427603207,0.0040697934675326475,0.008352270925230217,0.004162319191147212,0.010762937804448215,0.0035737834158066136,-0.2797508038083702,0.006555182780858407,0.11318944765403513,0.005654114930270258,-0.09096209335695082,0.006354076652481543,-0.012763247713405012,0.005221405148745997,0.3452228475689315,0.005369466298621518,0.17739458498392066,0.005830349565669377,-0.05249629422592582,0.004801396961533271,-0.1199065360166838,0.00499933822543235,1.2514862435320127,0.0014621402219362478,0.17197061987426707,0.0033278230753434196,0.09310588963679448,0.00390705393249225,0.01270931409004883,0.005170402543022258,0.04905390105238396,0.0038280134587123115,0.045764327966738336,0.005127948770562775,-0.40996804446727964,0.00549048152243898,0.35497383107675484,0.005090782930555353,0.28175549222810947,0.005216030851504975,0.20244997042840612,0.004891866599014964,0.1494029474009618,0.004064147614991234,-0.010928682008451714,0.004942997347076762,-0.04208912069953609,0.004427489120445336,-0.08165748705456986,0.003692907265985545,0.9772079314775955,0.0010336283082602038,0.049758821551121525,0.0020712850223618545,0.02929494275350738,0.0038422771012887823,0.01312612392793826,0.004292033285942524,-0.040679748150736,0.0038445314178441083,-0.0386374924900735,0.004296248249196555,0.10661502865503612,0.004690619925706311,-0.018842684530716258,0.006044072256284858,0.05167696757968994,0.005354209531745879,-0.058070048779980246,0.00494147222200597,1.5061523154817762,0.0046989413669529245,0.1575902931808692,0.009280535129031639
44,True,-489973.1530236708,43360,50987,2,1,-0.002584079971854874,0.0035919592882997556,0.7710986872959529,0.0006105764232110511,0.14856594808927376,0.0013828082035613337,-0.03247527849580708,0.004490238707166084,0.10215101408349056,0.004098410793241091,0.012426687382082144,0.00421633820497528,0.019431643393778425,0.0035853522247749443,-0.2725975081524315,0.006741281682064918,0.117628263719308,0.005685180387203067,-0.10094871125283353,0.006448802015366894,-0.015843228466488075,0.005241736657614919,0.3470023623198831,0.005363942850333374,0.17046867263280174,0.005931115897397675,-0.05846084300752881,0.004723137204236148,-0.11737328077157602,0.005068555105436879,1.250691586615462,0.0014359683301718995,0.16960025340959978,0.003315742272178568,0.0934659469031999,0.004005571279704926,0.014821227003412974,0.005197523181573736,0.05101450500947207,0.003918945792027763,0.0516035731868655,0.005153816022796394,-0.407393589225387,0.005533397241859567,0.3546455404880872,0.005133590520984606,0.28426919776497545,0.005285229465100718,0.19812563452865342,0.004907191205361202,0.14034542544530715,0.004021136336449236,-0.010863676917002971,0.004921379451056182,-0.0454215720155476,0.004448655878243629,-0.08097476078610129,0.0037583948211259532,0.9768733655181865,0.0010883649859956823,0.0488812042614805,0.0020698490102051686,0.02464024074835738,0.0034525450146342027,0.018849235242601882,0.004107839874237034,-0.0426122816170087,0.0034538130934420003,-0.0382910233865215,0.00411391598986182,0.10528696041215557,0.004743978881670835,-0.018358677020072538,0.00607393709156049,0.04261072342689032,0.005108589604842152,-0.05548660585880249,0.004797833533739188,1.506036604738383,0.0049875362788535105,0.17025247837407456,0.011511938289657742
45,True,-494113.30989419564,43601,51435,5,6,-0.002716315538644177,0.0035522836290043606,0.7706282594941135,0.0006067056555464356,0.14991694387640309,0.0013936525432009378,-0.028112157563746756,0.004380967690187244,0.0922275477027496,0.004065497819422839,0.006123233381065049,0.004095850792472568,0.017182236750111164,0.003575772160865284,-0.2746246469046525,0.006440919176434236,0.1107989246424508,0.0056014072248793305,-0.09276555806554407,0.006213178129437476,-0.007483277243055812,0.005170413467968101,0.3523431897793992,0.0052512423441573855,0.17435555501350453,0.005867432217446836,-0.05590500629551395,0.004675454343032174,-0.1156484581719758,0.00502831164497892,1.249607758647524,0.0014096186665194521,0.16885423725807128,0.0032035539495663817,0.09695041859197412,0.004044283523854967,0.029698103468777718,0.004999747254569528,0.0422627024408824,0.003950401445286554,0.0505242859639292,0.004964376145641509,-0.39782556610646125,0.005569070434288935,0.35394245402602104,0.0050396777309772356,0.2860581584764191,0.005279805028776171,0.19803570235318194,0.0048242211292651655,0.14327801500981943,0.004028928531886443,-0.014489470718555542,0.005001838481549079,-0.0380516684099598,0.004311732331499076,-0.07724119531330065,0.0036445630046086043,0.9773894866465052,0.0011095436308760087,0.05022403420565731,0.002123392011980165,0.02998144704066862,0.00423107646242095,0.01167724149412836,0.004183808521116491,-0.036818892694281555,0.004236244893369693,-0.04294015731378102,0.0041905174873620235,0.09995488522918777,0.004732547840616618,-0.028074119353998898,0.005883729930184274,0.050602036772492684,0.005112077741405491,-0.05520615844872337,0.004721458809463104,1.49178663564393,0.005100110997732554,0.16910072169331158,0.010259886833309195
46,True,-494927.2211601988,43661,51561,2,4,-0.003576118407363295,0.0035836605188187634,0.7700637483285071,0.0006054930078205345,0.14862571663278532,0.0013865685138995942,-0.023400874459406057,0.004448590898490686,0.08767791996854644,0.004062739365744347,0.0005940634724267016,0.004141643957228708,0.016684089102926115,0.003582015757198067,-0.27456988715539893,0.006717437953531599,0.12403120715110398,0.005674039887593606,-0.0913602329466617,0.006464876573367478,-0.008154103228711525,0.005252725725887167,0.35134060647010684,0.0053833500087294124,0.18237760360203012,0.005908902146548045,-0.05249635637140557,0.004786278309967287,-0.11996937495999598,0.005064701040154176,1.2532631825800558,0.0013853489928485896,0.16649206287835985,0.0031703156962853696,0.09358167194468985,0.003977156640087116,0.014577556748134728,0.005226259760573184,0.0530470798175363,0.003907612237618634,0.05372556673742154,0.005188146116568288,-0.39790864629226697,0.005554690390785119,0.36040643561341296,0.0050901301633386005,0.28688435188219213,0.005330246668491807,0.20110692173303546,0.0048873955471802795,0.1318298573062303,0.00393052591737716,-0.014360918807618911,0.0048110270188438066,-0.050830433580456594,0.004283645453645976,-0.08015916490581107,0.0037078471861988114,0.9761124643370759,0.0010263913578029138,0.04573360994898028,0.0020126682714849027,0.030702623018761147,0.003593544329711482,0.007284985965386979,0.0041675894698708525,-0.04236307224228459,0.003597828349029439,-0.04055519307707749,0.004172985767674813,0.10425366977269664,0.004710468907681357,-0.020902460138065612,0.006372087897367096,0.04573053030700917,0.005294782239111763,-0.05370517141335354,0.004820393028539448,1.4999987992799888,0.006079858384935077,0.18636908346151598,0.01102644755141853
47,True,-493864.7208202025,43810,51254,2,1,0.002589002323370558,0.003552244621144274,0.7699463180656189,0.0006053219692189193,0.14939085655034887,0.0013868031809106535,-0.03514989870761742,0.004440515160096636,0.09168635419758464,0.004061051861715943,0.009629193137846803,0.00417166191360101,0.018247215395380764,0.0035472861394828963,-0.2671575099497345,0.006655460432674727,0.11670117860858593,0.00548823641713927,-0.09456560797534615,0.006428355986643606,-0.00964981498392808,0.005076967753813913,0.35804496759768484,0.00521647407353534,0.16731362256845198,0.005939092227903927,-0.06021162068841041,0.004631962315185351,-0.11133802848117058,0.005106695118200128,1.2504125123284475,0.0014084599702444134,0.16894389533714058,0.00325347511890528,0.09867136230246762,0.0039519530470812966,0.011731089207276708,0.005116275298952015,0.04851797751703504,0.0038810352550369734,0.052595272042470644,0.005074895697866224,-0.4104806387514699,0.005474740826090118,0.3542277037962321,0.0050740454995883396,0.2796708480031931,0.0051806878811665475,0.1975976526637932,0.004873007661603718,0.13943451866910453,0.004015834150500144,-0.012979609811729898,0.004937345599186498,-0.04542692152768856,0.004197706550636876,-0.07186796046504329,0.003653194453899453,0.976442387743801,0.0010663594620615724,0.04667530109638221,0.0020113237274882977,0.026456862720654704,0.0032187351069434727,0.019710073427702684,0.004419887348525531,-0.045540427273357394,0.0032221146880076824,-0.03448469340641182,0.0044247823465409595,0.0984903124534857,0.004492537827501764,-0.007513499171116305,0.006219884987685767,0.0552900491852685,0.0051847769495657545,-0.0532711478929154,0.005100982509465773,1.5196340222459819,0.005902327813750885,0.1765551757114269,0.01056985179654063
48,True,-494120.20173320035,43583,51339,5,3,-0.002238260292244665,0.0035504334540202983,0.7690709056631969,0.0006037586388062399,0.14925821707755926,0.0013830354177436777,-0.036514458629454113,0.004436649584723085,0.09617072075292575,0.004023356754728995,0.011009898806735342,0.004181209266095168,0.019253472361537433,0.00351699323148953,-0.2748803013407928,0.0065298744435804985,0.11012925685751043,0.005673463347752626,-0.08427533296160528,0.006239694963142805,-0.010256159283940202,0.005210708328538583,0.3517016185234951,0.005309883431184665,0.16874629949489264,0.0058955799029476045,-0.059020537351489634,0.004615709285506099,-0.10666736039820203,0.005037373586112337,1.2495646152836193,0.0014061491333861031,0.16769258846990853,0.003259532383889499,0.09642491109014562,0.004047066951577704,0.02138278412165597,0.005159245581219022,0.04390408236568977,0.0039522400848715404,0.05991731020968135,0.005115349080479779,-0.39771283894007314,0.005475558926828773,0.3537320663754619,0.005066922227457685,0.28603785879270177,0.0051957009929086105,0.19515357830496738,0.004851293717499984,0.14793286301191808,0.0039940608052806,-0.014744073993624993,0.004896818106525298,-0.048766721962621454,0.004363506259039786,-0.08003739428111561,0.003706463574839132,0.9770471525929508,0.0010450812935600684,0.0501091457107982,0.002036833210980034,0.026596408920595768,0.0035314268869490917,0.014046236290117413,0.004462926110587936,-0.04152927393722926,0.0035317901317762153,-0.030709877923139152,0.004467667893335533,0.10064846536153173,0.004904759259780596,-0.033615284700141086,0.006108299024215202,0.048149887515175856,0.005015562155648269,-0.05609117484786759,0.0047133843446105815,1.494093381047174,0.005413879124326781,0.17561365357621816,0.010388590279167845
49,True,-492989.1089328284,44118,50800,4,3,0.006174682197994985,0.0035891940994088514,0.7707721936738817,0.0006157911406465266,0.15027109399706706,0.0013872163460662973,-0.028693865754486216,0.004486943200721322,0.0954981203512685,0.004063523272102529,0.006180438201643436,0.004199479045960725,0.01445125987475652,0.0035744176735623733,-0.2726431407102713,0.006601435307907071,0.11249170384541377,0.0056160124991846815,-0.09755180695522463,0.006365636084601717,-0.011450630614236249,0.005185076035141092,0.34884048291267433,0.005444629633371016,0.18263978882168574,0.005859456739622105,-0.050091290069598685,0.00480865765599059,-0.12159778897172777,0.005005060826535197,1.2527219292263705,0.001472389155471987,0.1723241814616416,0.0032374580787271207,0.10258785770024752,0.003995555495864266,0.023342492136410455,0.0050763701637229555,0.048978712589100346,0.00391548563244232,0.05274308397765815,0.005036060115527519,-0.4060321430656637,0.00539661581269946,0.3527473427559887,0.005086980250194624,0.2794342543835568,0.005109895089600103,0.20492018840352402,0.004891197591276127,0.13691991660152392,0.003905580669796269,-0.01558960694896201,0.004728634927497928,-0.04328744148513043,0.004188081958107019,-0.07517614786690252,0.0036617224903034897,0.9759937945798417,0.0009720878180941583,0.04444282170345525,0.0019731162367972524,0.028494562122256824,0.0038180746748753044,0.015739712573306485,0.004534884398899261,-0.039396234107289,0.0038205133934004695,-0.04294829145777027,0.004539386929924704,0.102247576442598,0.00460421685472729,-0.01801810850712568,0.005988782896638252,0.04717696858273633,0.005130041619220361,-0.05198684825810213,0.004687369859188008,1.5010811574695253,0.005170000372903383,0.16736264571665754,0.0102973988885426
50,True,-493227.16467383166,43998,50852,1,4,0.00578219276852608,0.0035494744539925826,0.7701619790532541,0.0005966322176337302,0.14726260741878827,0.0013609355971912485,-0.03931067313373435,0.004426764080795089,0.09005378317994155,0.004046922102900887,0.005139980716636733,0.004163028804535831,0.013601919754372168,0.0035191140623847066,-0.2670626208069175,0.006520478948032006,0.11366433936066489,0.005540299282730707,-0.09908653619005789,0.006299657521374412,-0.007261091968092388,0.005103681662144116,0.3405895165071333,0.005306912907106419,0.17663914804831346,0.005837792414530273,-0.054296244757558836,0.0047269694735728165,-0.11767225937910758,0.004970533549437537,1.2512277948143435,0.0014493145422455056,0.16891549945005305,0.0032769123701805736,0.09367069056739506,0.004061774748137613,0.02310211113496458,0.004996415893973234,0.0459144767661505,0.003972275492630261,0.0557485235490591,0.004960796455127561,-0.39765205939751685,0.005458504695694423,0.3631744831806855,0.005014347155939027,0.2853507240690018,0.005234138281450058,0.1950853610772936,0.004805480384547776,0.13873766638343865,0.0040130688279028225,-0.014555159985502596,0.004864815122203402,-0.0399782306052927,0.004422553015300846,-0.07970982003083797,0.0036721398106625575,0.9761051162631501,0.0010410280168007824,0.04543630421322007,0.001895089117524517,0.022465877804542848,0.0032642362635370917,0.018777994451704774,0.004480053517943175,-0.04475470520104004,0.003265266510895106,-0.037158631626067966,0.004485076687313338,0.10063390386300877,0.004521465036857815,-0.017811661480625345,0.0057154443886131305,0.057914554609367376,0.005098421939282221,-0.05745216986028968,0.0049683010536645845,1.5052338689982805,0.0046903386615095854,0.16199409244031135,0.009857885684801906
51,True,-494638.1104559391,43929,51219,3,4,0.001794725962406732,0.0035787189708238027,0.7704510728931361,0.000601120928922283,0.14784242503897377,0.0013771275850504583,-0.02995909421292087,0.004444174628691672,0.09374800639818376,0.004089179899913625,0.011188010105028443,0.004158430142519189,0.00862590147112052,0.0035845641368105357,-0.2625436219447655,0.0066742064529234655,0.11584775039497275,0.005598401405314083,-0.09956953161005262,0.006464256724805844,-0.0057987745683494825,0.005185185375758481,0.3506277221647489,0.005195692606636042,0.1680309682344558,0.005944023848999718,-0.059783048438218016,0.00469594985023781,-0.1185866736910994,0.005067057588043319,1.251273420741666,0.001442343847501637,0.16968109670511858,0.0032307710623179497,0.0983215685363777,0.00389719077893704,0.011692212483715604,0.005125172509101726,0.05383478599788255,0.0038317426870859332,0.054231337835154936,0.005087718637988183,-0.40421748993039625,0.005454475452879118,0.35910834086181154,0.005072744620240971,0.28804597940757537,0.0052046530718511735,0.1993335547551007,0.004862132550865485,0.14302487571249384,0.003953124019656888,-0.008007934232668403,0.004796784636363397,-0.044010185156492604,0.004145930716951935,-0.07661514123872568,0.0036414291720283667,0.9778137996720281,0.000961141161170187,0.04605274000940873,0.0019849156446270985,0.030816697880342084,0.0037980316671776767,0.010525162742687852,0.004526738471376041,-0.04370474642116391,0.0038004128191672783,-0.037553501049612636,0.004531333249737399,0.10448963956121723,0.00467719624490472,-0.01927722055099753,0.005819129139380259,0.047920504656243035,0.00538057199330177,-0.0630625080409152,0.004737623025940058,1.504114468631378,0.00486242666203307,0.16391893548733102,0.009238608451755448
52,True,-497551.6440166385,44180,51392,3,3,0.0018466002214126576,0.0035587526837428073,0.7703047328166865,0.0006061639474959635,0.1503246623092218,0.0013976335814800955,-0.02797022481989823,0.00442279818110878,0.09898763688016153,0.0040516151649769416,0.00926062365934738,0.004144191988709668,0.013367330514920213,0.0035613721320017283,-0.24631322494772093,0.006624069744826302,0.12137437479129445,0.00542988524326499,-0.09499126827491973,0.006370656924060335,-0.0068598382357165,0.004986020735000599,0.3570168176899402,0.005196645616506122,0.16307286451898198,0.006048943969912466,-0.0588781535236417,0.004659785899256958,-0.115411632761097,0.005156837537567525,1.251888499888082,0.0014364940655553493,0.1695403352637563,0.003188897731687429,0.09897027371664849,0.0039308661309050965,0.02187962632144011,0.005219777061148114,0.05517348683258147,0.0038533532058105126,0.04236423472496287,0.005183330459267426,-0.39453669927628504,0.005580400811786432,0.36485444593352795,0.005030259708401729,0.2892601210319097,0.005312475631390908,0.2003470269299972,0.004830272452602126,0.1451682163742213,0.004009829861335793,-0.013830618943801226,0.004894083305134716,-0.043133124444105525,0.004235563212543083,-0.07343964492063919,0.0036903143436070275,0.9760550231018609,0.0010417036079057307,0.047830542577095736,0.0020081016082497266,0.02369593872899464,0.0036454856394578156,0.011404479302592552,0.004229455927423769,-0.03852787507014502,0.003649314270348998,-0.041682263605200866,0.004233798544167934,0.09557720681177205,0.004785914600421328,-0.025328105136704252,0.005924909573094556,0.048396490069846414,0.005297256698172904,-0.05697040661761504,0.00472496860212487,1.5034740801314337,0.00592779533278287,0.18559678412303857,0.011460185546367296
53,True,-493950.54993646324,43775,51204,6,6,-0.006127302279787465,0.0035377425629075873,0.7693977659258953,0.0006012658644506397,0.1486136962068344,0.0013726278993115987,-0.03417828686540964,0.00441147605045279,0.08746251164956521,0.0040495212552274056,0.015723098988300325,0.004139846770790616,0.006545680955945766,0.0035429813272546146,-0.2784795682872595,0.006531022927710875,0.11100405115091318,0.005572016682602365,-0.08242660129748179,0.006282193600575223,-0.004287637226414166,0.005139043154620928,0.345805567164574,0.005424109760378771,0.17827052994869586,0.005752462772422408,-0.04232616504755419,0.004792026035740841,-0.125299372540619,0.0049315507263106165,1.2515699096224164,0.0015080424660549596,0.17958159629771486,0.0034656581006539816,0.08669443286145642,0.003989633352194069,0.022367576848048965,0.004998036520736675,0.050706241450755606,0.003902715002563698,0.05275886951295197,0.004981464790796428,-0.39888232554259695,0.00546558046186479,0.3541076566815337,0.005023125090982633,0.28371644240935506,0.005198379831452052,0.20400305364092058,0.00484165017648138,0.13669561424472418,0.00393722889953035,-0.01834486603399441,0.004889412209474844,-0.04672390165399768,0.004305199389558016,-0.0756617705485188,0.0037054316343348615,0.9756048410076383,0.0010993038722961201,0.0484716875625451,0.0020589230970177,0.026872584494217568,0.003808550302320319,0.0167097777938791,0.004310180065378286,-0.03662416290703597,0.0038116496236443014,-0.04007424306927104,0.004313095465829198,0.10182039803052267,0.004495918335118832,-0.015141037375219844,0.0062530537909564485,0.05409375277276744,0.0050236108393443705,-0.05106260095710828,0.004987055614865781,1.506438942264402,0.005613907810358754,0.17296099496358566,0.010228612251643843
54,True,-492112.57759436313,43851,50956,1,2,-0.002773278738853175,0.0035656714977589953,0.7708955295716126,0.0006088028947325297,0.15003672483629077,0.0013920328567644663,-0.03184652913644659,0.0044497898212484815,0.0947636720910232,0.004067887965487805,0.00818277850571506,0.004172803054671462,0.015804258646594783,0.0035646224117817675,-0.2641407705057198,0.006616885261071252,0.11465500965839276,0.005552951575164798,-0.08422364893508216,0.006451420806646978,0.005086331607902262,0.0051345827774289445,0.35677204315698313,0.005256975445314447,0.16907266918054065,0.005998481462659514,-0.05259004353901769,0.00471641249679053,-0.11564843214909638,0.005115025088347488,1.2508843521482151,0.0014226005873504421,0.16750096086334745,0.0031387027456117877,0.09978452911110942,0.003922205342818426,0.013262273931455898,0.005057176608497845,0.05517784260789107,0.0038577035856760403,0.055716794271747284,0.005019630010947522,-0.4016445002872082,0.005492201926561574,0.3501283992098131,0.005063576609109445,0.2887141892428899,0.005270324048345912,0.2053492199518767,0.004858813963947834,0.1441978907473537,0.004041027402017213,-0.0071342653496365765,0.0049183964459143335,-0.035319401722007746,0.004363489059409254,-0.08141928186017955,0.003658404189795845,0.9787018655839985,0.0010306159140102689,0.04795461144738928,0.0020544613253686075,0.02237341204292503,0.003295086738612882,0.013577538809103486,0.004314521536941901,-0.0456882505196822,0.003299923588232773,-0.03841063284356906,0.004318189166125135,0.09114638167321423,0.00473174340050149,-0.026928096808313914,0.005561993655776299,0.050429871288872066,0.005385315780931065,-0.06343436006643599,0.004857078266956755,1.4997815763860758,0.005047250005573933,0.16778846608848816,0.010737801284682297
55,True,-495764.2696621567,43928,51480,6,5,0.000596300197954041,0.003574218542174561,0.7705178604773457,0.0006119287747666236,0.15009058070029893,0.001393110614786447,-0.02568452923652202,0.004429447909854165,0.09599822939869344,0.0040834771491092825,0.006024618367338719,0.004147683744771669,0.010334976304309657,0.0035889352706470184,-0.27327360565970077,0.006569470225496901,0.11490238501798804,0.005627821972128042,-0.08884121531372387,0.006328951165133969,0.00024152500001695275,0.005203090387974838,0.35810376774314223,0.0052516314718302065,0.17164988312751428,0.005934269344196032,-0.056061475713259666,0.0046664294565482755,-0.12382653241291257,0.005088281652753684,1.2493760560372411,0.00142876933320768,0.17242614144112609,0.0032479215999043076,0.10830594870736085,0.0038857630973238395,0.011603099482771478,0.005259666539175509,0.04488205737118664,0.003814349806750203,0.052305737392922755,0.005210775549065788,-0.40856422288942823,0.00547660372786216,0.34962087740958236,0.005092163736258739,0.28652355691377973,0.005236296080109662,0.20866426058986062,0.004908171861293595,0.13543443449610884,0.004077496158182411,-0.017017764662576602,0.004876413704473926,-0.04081180843952625,0.004511635203547172,-0.08015325344118356,0.0037222788431524696,0.9775185447787174,0.0010757065934204335,0.04799910786997337,0.0020929502793986324,0.02602223317577707,0.0036778368364625345,0.01641070699604845,0.00421526627622535,-0.038994917977638544,0.003678488165153411,-0.03800829596612904,0.004221875274722942,0.0920959356005953,0.004567569975440349,-0.014542815209035827,0.005963469292288841,0.046896423821478676,0.00513727011430279,-0.050062375509374195,0.004841559341692854,1.5121112993955428,0.005564122849317288,0.164639790763871,0.010921947746136487
56,True,-495802.18763732107,44166,51153,7,2,0.0004165722698328036,0.0035867424370047015,0.7698449548701012,0.0006056483379210942,0.14901543920612498,0.0013882210558015112,-0.026895604978720795,0.004478471346223283,0.09676318232183194,0.004060370300472063,0.007524941004715507,0.004191117124064982,0.01924916216727593,0.0035768960042251354,-0.2725219717841176,0.006450719062649112,0.1107652736349335,0.005560022276245322,-0.08774141006199804,0.0062246655250656315,-0.014640481218470646,0.005120691510417483,0.35049618377108865,0.005287125680644405,0.17737935422253007,0.005861026637044057,-0.04735210051261589,0.004707266908479476,-0.11797464215782233,0.005017024777066666,1.249059330925838,0.0014001558448104579,0.16710151946219015,0.0031689863632483606,0.09742762773337163,0.004088834219998976,0.02504919090684779,0.00502315532587177,0.05682399166060694,0.00401114103758945,0.0629129922968586,0.004987897012120211,-0.4051132565244089,0.005535601144352553,0.36525328771212223,0.005098796045371107,0.2865310207166367,0.005256031798810589,0.20379528948835277,0.004923785739456157,0.14381037797503057,0.004073304209132281,-0.01612688281645036,0.004903353398896578,-0.04878574024736468,0.00441527949188073,-0.08291889861649619,0.003712785574235368,0.9763523084227984,0.0010636163232043971,0.049477639696945935,0.002046584435320225,0.02961998830843219,0.003672235998135677,0.013114378581121517,0.0037982430296404144,-0.03541698133647681,0.0036762992770829226,-0.0420352556719031,0.0038028519467633863,0.103104785003529,0.004604506079990875,-0.019346049819478652,0.006072776948362629,0.054461006258914285,0.005227526061799533,-0.05609273968828185,0.004835839998598096,1.5000839180198375,0.005219804485444235,0.16696736444994867,0.009449834787168113
57,True,-492367.00202826597,43714,51071,2,3,0.003849740086243072,0.0035867407654584,0.7711467756347262,0.0006164978668891652,0.15103181609039001,0.0014057064166410338,-0.02807775055923122,0.00443702770558357,0.09436020774519509,0.0040669548938342985,0.0034331133976548646,0.00414656699963661,0.009752185516671117,0.003577672333281628,-0.2647510491403865,0.006663382477499814,0.1137115429394778,0.005572039785905846,-0.09943667214422251,0.006439100731056602,-0.006290181144024388,0.005149947531881807,0.35202986219785,0.005257903388344611,0.16430125221850614,0.005952952962216683,-0.05634918770291605,0.0047557235390158804,-0.11969014146911765,0.005099258019187084,1.250789181165041,0.0014768476917387252,0.17421892189459723,0.0033572293931275893,0.08921675744380365,0.003982039661141289,0.015588246387126248,0.005201983352492667,0.05377261843805627,0.003906866209623775,0.049827213869415035,0.005167143023022304,-0.39970163877201814,0.005641398886595525,0.3651394500191933,0.0051014388228093985,0.2951172562136655,0.005338864526079621,0.19899989662242099,0.00489427224711433,0.14818999361392407,0.0039961946409153935,-0.008610173723099983,0.005017861190404113,-0.047357848075278076,0.004323704574991848,-0.07897775623794201,0.003709462128830593,0.9780170258345715,0.001067551386238652,0.05056433537836814,0.002064870217058961,0.021374334184036916,0.003773064494121837,0.019742181894073327,0.004343294785006276,-0.039940604932582044,0.0037754427015476827,-0.04266401271061367,0.004348237836822716,0.10920240936948637,0.0046942012803463246,-0.02156062782225339,0.006298678917534306,0.049300258218629475,0.00537046619124311,-0.058872299574464514,0.004772243346651599,1.504937256445362,0.00571159984222358,0.18256026859991353,0.009891039067280602
58,True,-495471.7643598111,43807,51398,4,3,0.0029008977634000428,0.0035733184432099148,0.7707853058000853,0.0006085400997845047,0.14882622606806156,0.0013714161710407097,-0.028274506883537626,0.004435112083453714,0.09418512320697434,0.004074470330191467,0.0007430423874302544,0.00414862446146733,0.014506442960603352,0.0035787086416933346,-0.2691419408399407,0.006603535094796075,0.12153611193714615,0.005535384708048151,-0.08644835513070784,0.006362518262458764,-0.0018312926384401636,0.0051033850428947435,0.3487769172135783,0.005277263857834259,0.16678172289545704,0.00588603170547685,-0.056350506418558356,0.004694131900637658,-0.1187051454573021,0.005032352820630744,1.2510664805151228,0.0014343996312894403,0.16812783494479794,0.0032302642679357674,0.09139786343984004,0.003957537781808791,0.02406008847711257,0.0051248362159096675,0.050853832466037946,0.0038816129502539276,0.04928946918153724,0.005090337112551175,-0.4028670537992255,0.005485341194122795,0.36580588043917955,0.005082155201991396,0.28749224643718735,0.005217267340833486,0.1948473011641658,0.004845219656628049,0.14811229702161322,0.003950729698718359,-0.015864020700713605,0.004805001467635165,-0.05264151587531906,0.0041968829511906175,-0.07695038677615551,0.003676549156378032,0.9746926002023771,0.0009682211496643833,0.04852256347655505,0.001988795220515257,0.03074208884335555,0.004009658422267738,0.01652004397151891,0.0038923880120062316,-0.03720233919116737,0.004012856802451719,-0.04587707550289919,0.003897104918918219,0.09443510584569233,0.004704232107270634,-0.028167139449323614,0.005833336921267286,0.04768758906124944,0.005083309071997398,-0.05266147065081957,0.004688483131260452,1.5013800830084467,0.0053306325572464175,0.16660195976479825,0.010384922488404669
59,True,-493464.5269993264,43744,51085,4,3,-0.00012997899122187346,0.0035478636688579977,0.7701855046646195,0.0005966286554879296,0.14671657828701837,0.0013494224268490451,-0.037012960690180376,0.0044620188279661755,0.09431061957110139,0.004049786288041271,0.005394720226244726,0.004196344349155158,0.020356574924535475,0.0035225523097768764,-0.27847289739444747,0.006404294615423803,0.10463218292620283,0.005608436325499668,-0.07920989069240827,0.006215294677568259,-0.0035285768042504716,0.0052212256141401575,0.34352786487477116,0.005316681609689604,0.17789875410301215,0.005762048003405483,-0.05094120402299814,0.004741085154357447,-0.12202919465341006,0.00495500577089587,1.2497700549424788,0.0013958704157530644,0.1649280267952623,0.0031764887989954027,0.09811169910530788,0.0039755619999230895,0.018358017753112733,0.005034898232480277,0.04664088447084925,0.0039055875067399107,0.05555485928932586,0.005004309637135363,-0.40022255615383673,0.005462924168253817,0.34967850497725306,0.005063325778035751,0.28460259640999475,0.0052058791263971714,0.20782092396650492,0.00488213904957661,0.1317664944615312,0.003947405468683264,-0.007458519069233121,0.0049268546533899815,-0.04257675788399619,0.004372946159839468,-0.07686805507018604,0.0036372232825698137,0.9769469675674147,0.0011603478005979273,0.05094606397982357,0.0022929276594631093,0.02204313638849797,0.0033962140000855694,0.01823170710220907,0.004366340422584464,-0.041405034062722314,0.0033980985083759936,-0.04059852621196734,0.004371258650893032,0.10040892476459172,0.0046874396272317004,-0.032750691091999753,0.005789478457160857,0.057790759549560484,0.005037516821600802,-0.052993559428012225,0.004860083492672471,1.495488396424577,0.004902480373386919,0.1649199385504763,0.009478543651712065
60,True,-497290.53454395756,44256,51325,3,4,0.003258955657095811,0.00357825773569934,0.77040643876538,0.0006129280777245616,0.15114180688268372,0.001399248172743478,-0.02387910574162374,0.004455775052911024,0.09458007501956721,0.004049966133633871,0.007826652286481137,0.004159430457747639,0.014631505068385288,0.0035826120863360227,-0.2686586526726041,0.00688103819609212,0.12186271246897311,0.005627150482515827,-0.08974885103665856,0.006628802369067499,0.00041515779735713766,0.00520093251065788,0.35125788305341377,0.005338428743136463,0.16477066381526845,0.005954708307459018,-0.04753628386202943,0.004752403833938691,-0.12477875782649007,0.005109863573390993,1.250906014922622,0.0014009616508641187,0.16701682262501324,0.003270314741233585,0.0937539295053721,0.0038879671282349075,0.013945346437719905,0.0052438285880116895,0.05091722077328629,0.003811220908354919,0.0515871355782075,0.005212349805877761,-0.3984816002693059,0.005583897088235702,0.34767984374355143,0.005049197139722671,0.3021734249668531,0.0053219199323032386,0.21028044223670903,0.004891011471524795,0.14373901108820392,0.003986046152547407,-0.009550712161760407,0.0049641400965348215,-0.04053239561424965,0.004293132760132928,-0.08398154671843075,0.003646324390698356,0.9778870169666762,0.0010489524199694955,0.049722631148148025,0.0020885271409893,0.03195645943412137,0.005131303568064369,0.012724073434979784,0.003979056322059331,-0.032603251310729935,0.005138424352485489,-0.04705564891756387,0.00398076800736872,0.09864029619597232,0.004929929925606948,-0.025420507142292915,0.006057842399650147,0.04047672507988173,0.005616063117872005,-0.06517316501715546,0.004591025601992072,1.4981013342130207,0.005504996160512032,0.17328506096428284,0.010174837739261422
61,True,-492624.1321894978,43731,51321,6,6,-0.0035861889113210357,0.0035796563148180207,0.770686413261123,0.0006109673659940862,0.15018671109402082,0.0013969007799449484,-0.03478294662636979,0.004484564585620675,0.09815742858833515,0.004037505833651843,0.01095705775081181,0.0042098358415346765,0.013210064741722354,0.003530131868992394,-0.2706299510627234,0.006529595304104824,0.1157088022597563,0.005559508171744474,-0.10209300269483945,0.00631566404382008,-0.009958999437707441,0.00514944203134784,0.3505354785906196,0.0052204885132359855,0.17143511673518969,0.005874274382651789,-0.05910724830324125,0.004693331008837765,-0.1176742360851318,0.005045265067675371,1.250773623389979,0.0014438879090116208,0.17197666535865713,0.003316087858221878,0.1011858705650785,0.004015379769552091,0.020343046249461424,0.0050741538333560045,0.04666788485180382,0.003936438780166751,0.05422752577857918,0.005025360572749845,-0.4069401333900146,0.005447053083010337,0.353319184244175,0.005057670745315182,0.286071290201844,0.005210085979026999,0.20480555838401363,0.004889388195110205,0.13467810600671418,0.003959128747454508,-0.008090195312898249,0.004809901379216786,-0.04706316759724595,0.004274746531549511,-0.07409181323161627,0.0037009076998044295,0.9770847100743181,0.0010415453057573965,0.04590276527031038,0.0020207894674629107,0.02680274850483553,0.004135110802825334,0.012884991567712984,0.0038543125708887203,-0.03541555478457854,0.004138790506801467,-0.043695548659419804,0.0038591098087120703,0.09760201111909358,0.004463607297037142,-0.013196540403796673,0.0059300774697296195,0.049695174611073686,0.005192672961832477,-0.05791430682295597,0.004734099481124123,1.506596152888215,0.0048771585852466215,0.15036926455764074,0.008661111067099297
62,True,-492912.5717684621,43496,51316,3,2,-0.005641266104814105,0.0035701537705744245,0.771433734046532,0.0006120918741042702,0.15074757675483894,0.0014031341774710937,-0.023422501737210326,0.004426845078788302,0.09842321800047846,0.004081949848895387,0.014005547628136411,0.004130001711094481,0.017987946930104963,0.003603193390473371,-0.27429391166327616,0.0064947424563342225,0.10509348111258426,0.005563354996311193,-0.08107863127500863,0.0062926667192608355,-0.009838188239915216,0.005144426771247597,0.35578599740293626,0.005327982010487632,0.17416132149348937,0.005870925463050772,-0.04634489805965924,0.004772624571591963,-0.13008986557865024,0.005012589116530508,1.2522975711189255,0.0014476786639133765,0.17384246825131364,0.003242336849413066,0.09888463733755766,0.0039697097080396496,0.01893293128172018,0.0050461206166922375,0.05704813999415214,0.0038835615991821564,0.0556733429644825,0.005011751902391266,-0.39579271560850326,0.00547515871418959,0.3546235706688486,0.005015870785850414,0.28798039959275246,0.005294335354437898,0.1992079777183989,0.00482902552588228,0.1374508340677433,0.0038803982055700494,-0.027239547080957268,0.004807806026257191,-0.0540735029890303,0.004150656772225396,-0.07402091373520835,0.0037705071348524493,0.9735702786005556,0.0010047030929939416,0.04591364850473716,0.0018855099391587929,0.027224509009543946,0.0035319715943949366,0.02046952197233491,0.003994600619218927,-0.03924879798384339,0.0035392017241002377,-0.042351656003908895,0.003998377754556301,0.0917916047572956,0.0044482729003941625,-0.01119898259024326,0.006003982480442052,0.054985936333348785,0.005056412226585218,-0.055317237248700996,0.005216840018909969,1.5091972133254437,0.006115044268259928,0.1784472359529804,0.011160368757569844
63,True,-494371.17298554,43689,51356,2,2,-0.0036103599142682558,0.0035438754574783015,0.7696107508477833,0.0005990548695845588,0.14851109473587698,0.0013781581971242796,-0.03369194776224057,0.004382299881153495,0.09618424827186188,0.004074429481049296,0.010792000944903778,0.004121730889176224,0.015311867556159221,0.003552997767054122,-0.26563779679227967,0.006553714459125963,0.1149058482568212,0.005568849992361086,-0.09229762322908856,0.006359038195403488,-0.0015896113505337987,0.0051692556748015985,0.34297660278134284,0.005318431326278624,0.18388985359654203,0.005864250539583882,-0.042726450823746834,0.004788674888201369,-0.12830312856067624,0.005009690592562005,1.2540496322368238,0.001423840257951059,0.16841994738193322,0.0031845103509344774,0.1003584017712521,0.0039098611944666855,0.02235586664654562,0.0051156436913459774,0.04887156665865097,0.0038384845186868882,0.04485742947946556,0.005079389463814489,-0.4052142944989291,0.005412599620526319,0.3448121565773771,0.005032841601413691,0.28153577957786236,0.005134670132983221,0.20055467683149958,0.004854350804731478,0.1390350136310246,0.003977622293889927,-0.013429504622482203,0.00482644288618746,-0.0438090840254797,0.0042416703348585015,-0.07659640755872688,0.0037001509919748804,0.9766422284109704,0.0010135426075108533,0.04668182837191134,0.0020590383829252115,0.028432275268308282,0.003599540403520874,0.013820069218736443,0.004452293135769866,-0.04180055978222955,0.003601935002089181,-0.040079556846994685,0.004457717666208084,0.0898149148317757,0.0045645627219762465,-0.020739893619024813,0.005798615797580222,0.048184725724503476,0.005209985867805916,-0.051119259756482814,0.004737549601115853,1.5051110558130718,0.005483744854098083,0.1633964024921393,0.010506633227011342
64,True,-491319.61198936217,43784,50850,3,7,0.005178686130074628,0.003571971022065154,0.7708942264697707,0.0006088060939970497,0.14953067704060238,0.0013942010496064694,-0.029882871989774032,0.004406378291955156,0.08764705231419691,0.004080134463018445,0.0064936394581477505,0.004120248024673518,0.018091976072865234,0.0035828518913361973,-0.2564678687927541,0.006599063178811225,0.11299068291593226,0.0055045792328126735,-0.0939694328456701,0.006371014982378348,-0.007238643751185652,0.005083735700661521,0.35556220416545536,0.005164268404389884,0.1628686091959434,0.005973128387037945,-0.051973321990440934,0.004662237439339668,-0.1241127511360197,0.0051239657334572995,1.2491476000283188,0.0014254325896090325,0.17002011822832258,0.003239947071373539,0.09772982295943942,0.004005220536295799,0.022180307793069252,0.0051554851489807076,0.04689061676639197,0.003921549082052906,0.04953455012620435,0.005111450678217562,-0.40272482214015826,0.005581241547092604,0.35819030538539975,0.005077413718302375,0.2848286861862146,0.005302204240196507,0.19729232162749943,0.004880471210308469,0.13591536994450398,0.003949905804773643,-0.009620400496696012,0.004834794546861486,-0.04702325148013177,0.004388808934121384,-0.07620141631216706,0.0036992787121384444,0.9763284483717776,0.0010769523389514424,0.049096863864425425,0.0021938160600316232,0.03132516701553653,0.0033672122392700075,0.01514414985967888,0.004047004967874193,-0.04184268653938266,0.0033707335919646773,-0.0371539962924939,0.004051369056272649,0.11015725486425983,0.004615666251036599,-0.012606477919679704,0.006288557974026183,0.050420976073660764,0.005295532620144524,-0.05348727786952591,0.004903735402476414,1.5128799191655553,0.005508185719673486,0.17555349694922587,0.00987515517220841
65,True,-494337.84168368555,43779,51383,0,0,0.001401494391940724,0.003544727471372257,0.7714771224762753,0.0006014223179005018,0.1484781967195515,0.0013728399396257113,-0.03449741614542518,0.004447167739824473,0.09720033448442011,0.004050733030919085,0.0057783190953041574,0.004170572544896945,0.004607115701915475,0.0035327982935238144,-0.2596037009227495,0.0065071405948901005,0.11456769038520191,0.005421341903312935,-0.09235067219779934,0.006304050149678456,-0.008732795332979605,0.005013055269373427,0.35334706906416524,0.005242068167535119,0.1737453602868951,0.005854477014737782,-0.050596200202858314,0.004669331319818378,-0.1183468876743282,0.005011811252328175,1.2501781596999861,0.0014329878601998525,0.17172413416489937,0.0032618088965654796,0.09991641557706475,0.003963860618823948,0.020429766746595395,0.005036185290218299,0.05042316902223563,0.003888867445043558,0.05699194596531823,0.004994959385583284,-0.39619982886004107,0.005466897811789187,0.35295371974908657,0.005012784065352623,0.2847720398081093,0.005214440167589976,0.2003809399264959,0.004841954889860493,0.13076494583364667,0.003931880084054977,-0.013769084047593536,0.004850199436653813,-0.046191507063438796,0.004230584048309975,-0.069892269332098,0.0036729936753135827,0.9749453409295694,0.0010644861615383139,0.046252442481871256,0.0021372079264531663,0.029443051938594603,0.004356614672408075,0.017129120813310503,0.003958547430129686,-0.03418267595121823,0.004361168144237063,-0.04696140414141798,0.003964557679347915,0.10309655168751797,0.004454195969722019,-0.012551472707191513,0.006030369964536035,0.05974426158198203,0.00500739761375208,-0.0509732587553944,0.005008090433028639,1.5101570913750673,0.005403682106639662,0.17619407257215186,0.010225554314162541
66,True,-491817.71570279053,43546,51104,7,4,0.0006488724831151126,0.003617476634255734,0.7710923044962426,0.0006082353934098728,0.14740620929520928,0.0013867363394142879,-0.018757148249699294,0.004472382832382365,0.09578108211713626,0.004153394539760744,0.007958589126635718,0.004157013574325911,0.0034904852698587263,0.003666087821899053,-0.26502322111037524,0.006697113545806768,0.11819288801999374,0.005590380363850336,-0.09687824044978588,0.006454207078890867,-0.011065805184843163,0.0051493295774328865,0.35799765108682485,0.005289624235981841,0.16728407735316242,0.006028978827575386,-0.055680085635628235,0.004712398903591134,-0.1152614681301688,0.005162537418798498,1.250834581531689,0.0013998998506478122,0.16563793245634148,0.003178086092944052,0.09034496409860882,0.0040377983739033054,0.01926686455142591,0.00514902061009038,0.053819381026120106,0.003960785309450422,0.05526816593801747,0.005106749511895081,-0.4050372157402369,0.005586246567519522,0.3708246408274349,0.005141617108006174,0.29254882247979014,0.005343780302754745,0.199699033609826,0.004912517885807029,0.14093823835565214,0.004026117284331501,-0.018744339995156237,0.0048745442590636375,-0.0454891694426923,0.0042359023692194785,-0.07547587053537697,0.0037000645311397037,0.975948056798863,0.0010085760386523979,0.04578984763301882,0.0019693997868667767,0.029960164314108736,0.004469363486784511,0.014334911780727735,0.004118723603072005,-0.03902061383989245,0.004473021035116937,-0.04798037618708703,0.004124137004674017,0.10553684372012244,0.00476405100778259,-0.02355393383416853,0.006087540980366739,0.05490764174721154,0.0052111011067600055,-0.05831394414321354,0.004947095537240302,1.500614669825474,0.005359061492965167,0.1762372478645248,0.010214612398795703
67,True,-496160.93642559776,44023,51308,7,2,0.007807226981378035,0.0035858448643708886,0.7711229626021361,0.0006042910446542038,0.14799572841072514,0.0013755757123548457,-0.03156467574512993,0.004491372480283509,0.1017297032072845,0.004085779494196179,0.001994511931779407,0.004210830032638904,0.013906562445003847,0.0035772342510171657,-0.27937320702584745,0.0065240950986659415,0.11246287346661119,0.0056132971669794795,-0.09536373240261518,0.0062757267437277215,-0.014189203126165178,0.0051671147695715215,0.3478746733616047,0.0054061993081228185,0.1791413629965837,0.0058487160571052965,-0.04904837395092675,0.004747386036568346,-0.11273999914253395,0.004983922603185354,1.253275927638433,0.0014405597511850665,0.1685327874829184,0.0032336274480304905,0.09102796064389289,0.004104255641206714,0.023143436238683715,0.005082743334314657,0.04563763031191609,0.004012306428286322,0.05784399189961264,0.0050496289180619455,-0.4117467008182736,0.005539680475659787,0.36103225209074663,0.005162890698281841,0.291231522794393,0.005240942545042852,0.19957513897968515,0.004934046699385294,0.14660355598593994,0.004009124210542204,-0.010392136194206645,0.0050430252897291404,-0.04845736991398812,0.004235753632393087,-0.07302407874758546,0.003703498630343619,0.9767722628597992,0.0011152009337160873,0.05140885037182052,0.002180241578630518,0.028404692230295965,0.004259741703978941,0.011858143810927967,0.004289618282446384,-0.03888643855547653,0.0042578536335888,-0.03869912818964668,0.004295159032247977,0.10418876092676858,0.004572175627975216,-0.0192516961026021,0.006104849889375371,0.05150549609880488,0.005191383010102753,-0.05774953738337397,0.004838618845753606,1.4985802356025448,0.005242949275651276,0.17416287973395458,0.010522863189409204
68,True,-494232.7722162487,43831,51322,1,4,-0.0016244768318777842,0.0035695281637290006,0.7699267798084755,0.0006062687315127047,0.1480035992507306,0.0013697403384196893,-0.03166365817000383,0.004494615921481605,0.09985494897175923,0.004078764092065576,0.005796006457361787,0.004221246341299581,0.01904107497028509,0.003574253060872556,-0.2720574423664504,0.006557205648156281,0.11938709634831478,0.0055355179384209315,-0.09786265126970489,0.0063281288507613075,-0.01366735985253705,0.0051136517666679785,0.35538092005106886,0.005292290040004962,0.17075501282353014,0.0059249173585809774,-0.05347186625090765,0.004728093795159778,-0.12158511630839978,0.005101880516013289,1.251781242668347,0.0014525170446716418,0.17516611464307066,0.00340119851456655,0.09979260425840457,0.0039993286942761365,0.018083044608210783,0.005110134961794986,0.049421607741306786,0.003919793241226294,0.0521028505772902,0.005080516778830323,-0.40784800972620333,0.00552135115088872,0.3549112213875755,0.005053951826472353,0.281815660846721,0.005235968980910462,0.20335440559025872,0.004864385792995996,0.13731306234048488,0.0039975058604672644,-0.014280625113077214,0.004919002361243865,-0.03802643424516289,0.004279174885049627,-0.07617040605311251,0.003656809861407007,0.9768774800651601,0.0010458413278648382,0.04692641384248014,0.0020602596065580382,0.0317703441580543,0.004044989737227275,0.01107943973825475,0.004114820742882878,-0.0359078729801067,0.004048499737364787,-0.04334892792940766,0.004118947914981898,0.10434461910923135,0.004498457790660018,-0.014289444740598994,0.00600363976321521,0.053426280333486696,0.005069917285901667,-0.050617093529129055,0.004815382519684923,1.505211139592047,0.004754568775752199,0.15085039463824998,0.008661182511385118
69,True,-493272.1459940439,44057,50840,6,3,0.0075312032454220405,0.003562491722727188,0.7690258242071901,0.0005932628804258266,0.1463791468030157,0.0013655576369500516,-0.03577110537203301,0.0044157657125594675,0.09071861168802514,0.004069216827374681,0.0055506585939391504,0.004152850486679553,0.012522549967374712,0.003544907113088265,-0.2791526236827197,0.00658402161361482,0.11186859956687455,0.005650416552782333,-0.08860781705269222,0.006360085448401956,-0.009468992484711964,0.005221068313513427,0.3378467198247795,0.005440227953197305,0.1754042396509788,0.005777912615486513,-0.04618831746361312,0.004829215075994272,-0.12310520376509528,0.004970221483094836,1.25084935093974,0.001446736896667633,0.16981813707771867,0.0034162172553795916,0.09602679316337881,0.0040986375453016905,0.02391686922236993,0.0050962934784860355,0.055495623067523016,0.004017638444553999,0.06324928331552589,0.0050646203788168335,-0.4052059437511997,0.005460792951483266,0.3498337112067563,0.0050885498488381885,0.28746032243089314,0.005180468533847059,0.2051864669830969,0.004909234851520019,0.14378023290185318,0.003921084996623526,-0.013052067028261049,0.0048360033269464146,-0.040397050568586675,0.0042020831682401324,-0.08235215115077033,0.00365025508521808,0.9768432052440419,0.0009537738087603276,0.04522284738196108,0.0018883929097949434,0.03439512108915276,0.0036907629547318463,0.011177882894318652,0.004049395441878165,-0.04197019441215544,0.003694923980208482,-0.0399541566815008,0.004054331209427192,0.10321337374361642,0.004612639825152384,-0.024581694193644053,0.006097954180197123,0.04932769005353368,0.005111131518075778,-0.060635062269153134,0.004788230434811878,1.5038123982110798,0.0053626098934903554,0.1778671393687881,0.010347909191118734
70,True,-496694.43164968514,43956,51593,4,4,-0.00023127828639199916,0.0035550548825046113,0.7696964248356623,0.0006117637184887004,0.15095580872471276,0.0014001231055597307,-0.02665088112774191,0.0043855783167825735,0.08674701125209126,0.0040320658245768404,0.004198295461575396,0.004096783189247728,0.01224914363780176,0.00355927018736846,-0.2662279429549024,0.006585365752831212,0.11431930088276855,0.005462622416466877,-0.08656226867125053,0.006349430040608172,-0.0004707540414814988,0.005025657203735797,0.3567618811223662,0.0053280853410199065,0.1723370118579777,0.0058633615190534045,-0.051168709173405935,0.004662567675752229,-0.11563372656141599,0.00502420504777114,1.2518758583093457,0.0014256574004863909,0.1747521491491644,0.003431527760563033,0.09292151208804997,0.00405014471715339,0.02811751829388285,0.004935918180747826,0.045334028806292434,0.003956269313844306,0.05690203850044645,0.004905316354568794,-0.4036776789860677,0.0054641063546793526,0.3532207490100625,0.0050237021380661806,0.2841238678633227,0.005214650150639384,0.19585531623925626,0.0048253606425306215,0.13272551080825062,0.0038977552154281668,-0.0178603919556624,0.00472360692370779,-0.05326960874143718,0.0041782506005305295,-0.07899340141549925,0.0037283165947425735,0.9755364870679069,0.0009891080251221984,0.04433015197933845,0.0018790163159646996,0.028190253330313733,0.004203824325126809,0.011384982801054143,0.004345677050240928,-0.0410827796207193,0.0042051404467624955,-0.04230870343499797,0.004348913881126318,0.102716108817175,0.004492575575161928,-0.010092328829553411,0.0060792394178608355,0.055750945853581424,0.004942168918169245,-0.04854320474988505,0.004960836097648253,1.5101944699767411,0.005174890225262296,0.16396068722828797,0.009801489255726992
71,True,-496802.8236728342,44093,51471,1,3,0.006746675796686725,0.003565704936584887,0.7710552860150033,0.0006113757713220314,0.15062426632395917,0.0013873486028242316,-0.030789218443300983,0.004414698750599644,0.09201934217902223,0.004057785679579433,-0.004784623268274685,0.004134932526399242,0.013549602968302493,0.0035626407840312732,-0.2737100449429188,0.006532767280829616,0.11616775395427366,0.005509964060170589,-0.07397238303477921,0.006334306219506687,0.00036817168515168363,0.005069003638322633,0.3474904856715972,0.005315598885303191,0.17301964117808116,0.0057607869803474555,-0.049031315065304705,0.004771518483932808,-0.12963020125274477,0.004947919130906925,1.249973259887221,0.0014583266347028,0.17327922208674418,0.0033282854024871134,0.09822863912550688,0.00395370700358645,0.01716491505982531,0.005072731484850826,0.04577779885537362,0.003878177547749965,0.058358708377654514,0.005044381466091395,-0.4001844939880165,0.00548106509035285,0.3554771142907095,0.005050461297023103,0.29002041897272274,0.005262931494565698,0.2069517181456209,0.004846552545607458,0.14156429130838094,0.003888352284832798,-0.013174715334811979,0.00488780188421887,-0.052604662919911824,0.004188439179178387,-0.075815010368577,0.0037156194998527684,0.9760928777966602,0.0010758597763328437,0.050772035881714556,0.002123528367094552,0.022326017218413204,0.0036428020651638094,0.018768846940703052,0.003984577838608614,-0.03836843805886256,0.0036469781842345234,-0.04377644338281788,0.003988982993655075,0.09945081958281424,0.004627136915018148,-0.02011609103425908,0.005846024971115133,0.056690614404486375,0.005224504105674312,-0.05243124681690006,0.005133045583811155,1.504426754894831,0.004957546889411746,0.15749221186069542,0.009409204492585949
72,True,-495032.7095939133,43683,51516,9,1,-0.0013782544738977713,0.003534965452025992,0.7712066726305427,0.0006028041855449806,0.149067720486777,0.0013758955448494037,-0.03349883699814888,0.004427522641751537,0.0880185397910575,0.004017703419867371,0.01522229084328571,0.0041397735800828344,0.010199324065228436,0.0035151728898934888,-0.2675114886802509,0.006576497251008595,0.1130814999235296,0.0054998753619614075,-0.0945249033721307,0.006343061583015976,-0.013733354981509065,0.00508170969488177,0.3528341293749304,0.00513720991400289,0.15539067777462928,0.005879485817656869,-0.06056998338515547,0.004614368439427744,-0.11755626374247855,0.005031438741277156,1.2484174899011609,0.0014239271655311914,0.16988430037914914,0.003274160548777827,0.09261324411178581,0.003929156584379491,0.013998291897790097,0.005142474809448307,0.05642237279421223,0.003854471941293943,0.0568529101155054,0.005104350789482689,-0.38889688106637343,0.005540151982453862,0.36207667447215003,0.005024520790179301,0.28916059239502784,0.00530053511526982,0.18562325768014076,0.004782789347106534,0.14514730925917438,0.004011887482859238,-0.014990222430333182,0.004901830057448383,-0.04111844796135758,0.004239372825119551,-0.0800649318830787,0.0036956361616319717,0.9767632310174774,0.000994620949750391,0.047632297076288806,0.0020142690193832267,0.02510202216212534,0.0033331650065369675,0.013984767211554394,0.004739986256699689,-0.04412430975913412,0.003336452858845019,-0.03453942218839704,0.004743314762126908,0.1055335317420957,0.004581070316577731,-0.020274518343371035,0.006054171348992786,0.044598017179558316,0.005082743751366362,-0.056241666806746,0.004759604510912752,1.5047738744771484,0.005450229565131193,0.18031651484693023,0.010981032593795181
73,True,-494391.6553303492,43762,51342,4,6,0.0038884944515598526,0.0035722794908541592,0.7704264618147575,0.0005956581712349696,0.1463230027334309,0.001362689633337244,-0.037326229655545176,0.004458367331216323,0.09653444641921348,0.004065292255659956,0.007618882700681529,0.0041882580162766825,0.014916429247751405,0.0035375840697102296,-0.2730202954453434,0.006600267197619727,0.11292045156131868,0.005659548136907014,-0.09711352078974712,0.006376952061136837,-0.015114293337170516,0.005247381698572028,0.3611010560833029,0.005235771052140721,0.1650560660736638,0.005991455387927684,-0.05923167485901852,0.004714198689742824,-0.11271115739052684,0.005126539710395937,1.2488081900201027,0.0014507132297555403,0.17485794334755012,0.003344913288556156,0.09853260159741455,0.003943924734111515,0.016583145214340886,0.005134901445043117,0.04594342817628608,0.003869335131455843,0.0472369429061053,0.005092307449919265,-0.41005858900605935,0.005398490682389821,0.35127626472721185,0.005112066220011551,0.28813499913801294,0.005177643826739499,0.20062534855964956,0.004929063506200998,0.13917362064596656,0.00394405181460911,-0.011193272628757415,0.004859026058991874,-0.04066832650314327,0.004302626920655747,-0.08325635069714526,0.003692926843141649,0.9770816947912849,0.0010049760070837688,0.045443139699749474,0.0018848055192683157,0.034788898626080964,0.003843365610465625,0.011376485467008991,0.004052626385748316,-0.037762956946196406,0.0038455214642102446,-0.03937007948881432,0.004053195742884917,0.09796838638859319,0.004629483905587432,-0.018728224366347076,0.006032815279047504,0.053806417137749724,0.005338063264126987,-0.06436443068176181,0.004963895443620794,1.5029941496895527,0.005701038565026351,0.18566963866025457,0.010951364898138957
74,True,-489995.2679633311,43829,50673,5,4,0.00408978922815207,0.0035769737616284207,0.7699952239535243,0.0006131203914807593,0.15067053881836434,0.0014140115120378355,-0.02525239630305513,0.004399491619664309,0.09230343236932258,0.004095618854960269,0.005392142859005043,0.004116021353102336,0.012366804705479812,0.003607684080509481,-0.2683331831766405,0.006556606665792188,0.11544154741473432,0.005501210092749841,-0.09682400676212398,0.006316786940020619,-0.01223306848057175,0.005074633690520374,0.3545897373052948,0.005211513697508916,0.16222898284026033,0.005947665229668208,-0.060469524797987555,0.004673622817937177,-0.11484617083413202,0.0051023382428435436,1.2499566953296546,0.0014193075323517546,0.16892788829639535,0.0033303554070629876,0.10177611195052456,0.004008125047450065,0.01622437349670607,0.00512694435940471,0.05499957083227681,0.0039290048569620845,0.05414269876202655,0.005074928531094165,-0.40133887838913856,0.005504224589191676,0.36428106277811595,0.005065394095278274,0.28112725794940524,0.005237666720942175,0.19731880505744373,0.0048700636165615275,0.13845744820897019,0.003962520630596969,-0.008305645677441825,0.004738205187144163,-0.04472036152258527,0.004303629270824693,-0.07484326156294008,0.0036411451302959083,0.9781442225689068,0.0009367348009155507,0.04360192997631598,0.0020250330994826295,0.02545874450401523,0.0037960306499377604,0.0043051020382744104,0.004332568640695004,-0.04293806998922307,0.0038016506780870355,-0.03750905021658704,0.004338859512616256,0.10549289592660005,0.004556737094467817,-0.014627923366009099,0.006172758134215521,0.04845242615834509,0.005170245978915577,-0.05664869212677991,0.0047741979686260145,1.507674635877548,0.005280748932140922,0.16748517453681758,0.009605250404894142
75,True,-495949.96115498827,43945,51322,6,4,-0.001277717704525462,0.0035488512712683346,0.7713570064047538,0.0006059617951241214,0.14937995927429323,0.0013757708575130034,-0.030157631675862943,0.0044269687991932765,0.09689902864615747,0.004070931165050252,0.010765214588513046,0.0041448124139071025,0.011595614873929237,0.003570080034007276,-0.2686714237396309,0.0064964809891041924,0.11171624821212052,0.005518555861049888,-0.0948316386283771,0.0062645029288037,-0.010376449784238208,0.005098675265433759,0.35162425531369956,0.005246622727838605,0.1652506281044168,0.005854044015452425,-0.055549774473289994,0.004609356740808657,-0.11549169160996113,0.0050082435800786656,1.2504686087831258,0.001421976958678739,0.1693979619214441,0.003278909408358857,0.09543033295586695,0.003978670350542314,0.020628173113647875,0.005074886010390146,0.049732063274274714,0.0038889394532977102,0.05210425103506818,0.005034476408193696,-0.39454799398612733,0.005487366415428078,0.36150801414979317,0.005005676442587486,0.2846166847094006,0.005270084079129633,0.1944060781394293,0.004804546177923822,0.13632004021492417,0.0039124587230981,-0.01763601316380945,0.004751844028960091,-0.04227353271535156,0.004258969103136815,-0.07621284554707017,0.0036520431284591147,0.9782541057374743,0.0010140423927414988,0.04619239947579892,0.002046127913120699,0.026193656876457378,0.003267716435699751,-0.0016531449187576037,0.004824185958093328,-0.043396218360713994,0.0032682089781124286,-0.02407653396055386,0.0048271081155904375,0.10287200704164591,0.004536775693722451,-0.01973318558147943,0.006070581649062746,0.05734704068123735,0.00493773958482752,-0.056783278509451356,0.004936122585712462,1.507348398214854,0.005306736569140158,0.17601132667271602,0.010125064827067265
76,True,-492565.2730100532,43656,51183,7,4,-0.0013495812169236605,0.003572028784764883,0.7698044502535104,0.0006100713113610934,0.1499160798433599,0.0014005524164695665,-0.030135702096362404,0.00445376493796743,0.09656508641323185,0.004050033956062211,0.008459772177966549,0.0041769187623563004,0.014768966309298512,0.0035550644784878983,-0.269360641433094,0.006565383010637826,0.1073398866689146,0.0056029094774708,-0.09518554211746419,0.006339512956715827,-0.011772257415725094,0.005197814949975464,0.3528043695122632,0.005281467739280937,0.17007864652772323,0.005946040863649575,-0.05314366988554076,0.004734374285223027,-0.11853239671595761,0.005077932884314656,1.2506562189349952,0.001441342717442673,0.16954614112941707,0.0032124835655549105,0.10067942765768585,0.0040238861687905015,0.018640295345559894,0.005117524728443658,0.054807697302811834,0.003946034196086148,0.05146653299770988,0.005084067436068636,-0.40231108892663114,0.005511879490122754,0.35002514735114754,0.005086265805923965,0.28810827832232333,0.005239716273769748,0.2042695131096244,0.00488842961071383,0.14179527946253243,0.0039803341538166845,-0.012498622862280059,0.004839905520547221,-0.041334231040199974,0.004188485303762812,-0.07749273958255094,0.0036531486428135495,0.9760372712638979,0.0010184066018536497,0.0474123024378104,0.0020447843590293974,0.021597659484715745,0.0033203915220922473,0.012099050070245471,0.004794403563878466,-0.04253258564103737,0.0033230316275164908,-0.03251805121329563,0.0048002192330573994,0.09781882479454934,0.004695575644715472,-0.026642205920073877,0.0058893093325851405,0.045859914633193666,0.005389164476627692,-0.058673748165093374,0.004700087039743056,1.496621388608667,0.00554998034935783,0.17242470845564228,0.010194794082942465
77,True,-495212.2032613235,44287,50923,5,2,0.0056351035882343465,0.003556061245636459,0.7707191799665652,0.0006033446242973417,0.14884047077458998,0.0013756685751444842,-0.025822933466908917,0.0044280384396788225,0.09798501108242456,0.004078307492399594,0.0003146640647247341,0.0041391731942265015,0.0127839434793006,0.00358651359011989,-0.2729183535845512,0.006498168855229283,0.11195446717073737,0.00548751875748879,-0.09137459906256462,0.006255376713095577,-0.00886157279455827,0.005064987244222766,0.35611784829358123,0.005216070582702826,0.16455594878744312,0.005886126647727154,-0.054851844257001826,0.004644487208900303,-0.11683690466869645,0.005017577569620804,1.2499492464334563,0.0014535088379433736,0.17472124489784366,0.0033425381797544257,0.09117722749215468,0.00400291357374595,0.0199544368329776,0.005001123267427642,0.04864301970717325,0.003927534995813364,0.058726025404125935,0.00496847684916927,-0.4007456299479985,0.005398305549842428,0.3578156445327866,0.005050062849176235,0.2730346228979862,0.005102380375884604,0.2003831077562492,0.004838303855027827,0.14147641504748965,0.003938036128959497,-0.012348411844929193,0.004821154678405995,-0.04892367106050693,0.004167653824142955,-0.07171239669733731,0.003682229370121117,0.9756958390663774,0.0010162029908363235,0.046112482860271455,0.0019731539367121645,0.027626313151396683,0.0037407077184647684,0.012302913104327294,0.004257574461555896,-0.03992816330938165,0.003745209145688683,-0.037976873366597254,0.004263311512109428,0.09923102144841354,0.004553235685590574,-0.021753310539844462,0.005961613569819366,0.05003217298103078,0.004920816565706572,-0.05103951954044883,0.004717367555776879,1.507726829513697,0.005222215959757248,0.16487145163571554,0.009899298515050683
78,True,-498373.1522874974,43730,52020,3,6,-0.0010286037106397611,0.0035421471214973264,0.7709943526097499,0.0006048024425444054,0.15019607768700596,0.001390943070727138,-0.038604018630911625,0.00446981820692778,0.09754136902834039,0.003972273112760081,0.012145717891796158,0.004197341006663379,0.014490116880051694,0.0034635078007270582,-0.26154096957010237,0.006485272257653229,0.11164692825968957,0.005484969916890027,-0.09136413573667987,0.0062745384231725,-0.008900167687071053,0.005063735405582895,0.3525934803040427,0.00513482565057199,0.16976221627576815,0.005867589237639224,-0.05971266261620665,0.004568112671430425,-0.11460452718295544,0.0050404130227872795,1.2499506179792121,0.0013683774996622322,0.16485091078389075,0.0031384345091611116,0.10153154760163878,0.003944106049833015,0.020757545564606374,0.005089525692427481,0.04306305889053862,0.0038664509910679994,0.05300682210365688,0.0050430291869329675,-0.4042789933108992,0.005392268854395552,0.350725023780132,0.005024264286429858,0.2856755179035313,0.005162116705444894,0.1948617076731391,0.004816332814071583,0.1380477108294164,0.0039765221725236175,-0.01523650725705811,0.004819998612878917,-0.04029602987407029,0.00425619398301184,-0.07390814115875646,0.003686826711992483,0.9757239179146959,0.0010460738515206125,0.04791214912189961,0.002155714099333534,0.02367856043923132,0.004432580251370243,0.02093308285788294,0.004268954576532506,-0.03286952124699288,0.004434334393819725,-0.04587835479184661,0.004272782522909516,0.0960504636937686,0.004592828869251719,-0.01979690196719041,0.005834680178137101,0.0550330199935494,0.0051236602201889785,-0.05387885752796783,0.00492153785838958,1.5072037533292046,0.005222697924423869,0.16356384679520777,0.009765141922224954
79,True,-498427.2629748082,43941,51738,4,0,-0.001453071184061016,0.003566693361730968,0.770365433853428,0.0006054842439158215,0.14888129591680518,0.0013860518889887846,-0.01917960010423839,0.00438896882049606,0.0895890642094364,0.004098839444674148,0.0037028831665820126,0.004086446005005678,0.014003538900175572,0.00361914067690028,-0.2715888592906955,0.0065205449006703,0.11486213958726643,0.005522889553088806,-0.08308776978445813,0.006308549691489861,-0.001734185409343566,0.005091330852614816,0.35177102962896917,0.005359338690719527,0.17512445919883923,0.005826160448743241,-0.054742553702143294,0.0047334143358852745,-0.12315084639000903,0.005009986256589121,1.2513408128841437,0.0014068731046961158,0.17000157060834745,0.003293699004614445,0.10547337425034556,0.0038945585973798576,0.015008818511375477,0.005268831191230352,0.048406434534153955,0.0038049705788657934,0.04838228057489613,0.005230116229989065,-0.40218120586243017,0.0055265825162833845,0.35807392726584236,0.00508115356976725,0.2878611477135296,0.005278279684457912,0.20305389734315707,0.00486981265923943,0.14280116392768402,0.004049836134620316,-0.01759660649010596,0.004909739170031372,-0.043217164216866596,0.004346655015713852,-0.07790555888828633,0.0036937743635726637,0.9757610116196759,0.001054435178578228,0.049606491591772967,0.0021536221216817697,0.026916982125726404,0.003296373509852931,0.01838996411114815,0.004342587828625424,-0.04187149759805411,0.003298005807983148,-0.03456744977864527,0.004345980244191425,0.09910075078959663,0.0047009340036249314,-0.02336395104002404,0.0059066995785605715,0.05348314827086782,0.005141388701521883,-0.056943177901843174,0.004885481895030922,1.5022413096410039,0.005255991795787174,0.17120225551594676,0.010338737093501221
80,True,-496463.92295840755,44000,51415,4,2,-0.0007045544581284754,0.0035615872029864768,0.7703760975895028,0.0006045457726123193,0.14875681788857145,0.0013757842729177905,-0.032199007054349284,0.0044363972034624196,0.09475757134286864,0.004063237093379409,0.008253781611359047,0.004161046104776973,0.012942438758081366,0.0035567200992913505,-0.2656912871814964,0.006538290355259746,0.115027388916345,0.005463645086455733,-0.09118076754963537,0.006314345688299617,-0.007573579165976756,0.005034585174870762,0.3528557842225303,0.005317119408860704,0.17397776533379014,0.00586583421377762,-0.05332067149328904,0.004740357469821949,-0.12226392030429267,0.005036645707261222,1.250465827076722,0.00144463316192045,0.17200225582155698,0.003252167777641146,0.10127241427001167,0.003920208851870487,0.019147976254237288,0.0051519290192146815,0.05175556449121738,0.003830880265974786,0.04381158095401772,0.0051054625938732265,-0.40541276658332687,0.005459775804718495,0.35680612883199053,0.005024865420929392,0.2789923901217129,0.005181372509271703,0.20280077713196024,0.004838184634770357,0.14240340954076935,0.003949436760392268,-0.018204761569288935,0.004844498838228722,-0.046652720454515934,0.004241117270749035,-0.07589392454501707,0.003640930896146557,0.975568854177772,0.0009761495430369305,0.04613662576417997,0.001973790248359239,0.029921996963483213,0.004066512012362503,0.01658854642125054,0.0035973509206207086,-0.03113281179950561,0.0040706132882763766,-0.04771699009786804,0.0036023597571278095,0.10386822024066535,0.0045600513851256595,-0.01257276866963237,0.006116758447101493,0.0605387874868413,0.005029214178214263,-0.05101622887400794,0.005034642652901616,1.5088775283585973,0.005335881304555867,0.16838347984359445,0.009398924297183892
81,True,-495187.9131506523,44006,51233,2,4,0.00801858014803789,0.0035821946182427442,0.7709426651787293,0.0006048290691298419,0.14864348956322948,0.001384501272317748,-0.029641398163665105,0.004462148882158868,0.10050357123135065,0.004067957402576182,0.006962985772280004,0.004177591258755701,0.016870217959518236,0.0035681687452880388,-0.2653451728355008,0.006726248016063319,0.1161078036157875,0.005594888791573083,-0.09711502433085523,0.006491220230685799,-0.01288974228803045,0.005183945127207611,0.35175396275912024,0.005373690634293551,0.17248542997800478,0.0059586297528572635,-0.05888558310287194,0.004734867299350885,-0.11430769151645477,0.005104923642430215,1.2505604079125996,0.0014368733515415233,0.1708987829178147,0.003333436914956578,0.09599804666025741,0.003991288379614883,0.017653682747159047,0.0051377640623008645,0.049059421475883026,0.003914140144666196,0.06123058936182391,0.005094474532522244,-0.3925620235046216,0.0056190804573459565,0.3564396839068055,0.005063234928700645,0.3009768221172125,0.005408208451123644,0.2000075950867336,0.004879045348587936,0.14244641647290432,0.004072730421796732,-0.011689328639227331,0.004911819136929134,-0.0444156237446266,0.004349378116406723,-0.0798773830072617,0.003704714710215628,0.9772655987193167,0.0010643753319352633,0.04949000500109811,0.0021239584829173368,0.03866366205292559,0.005296679312714818,0.000737540302447978,0.004459382190237202,-0.036300611258103486,0.005301565229160172,-0.04310726697972801,0.0044568711115235745,0.10743097717059967,0.004854064601077446,-0.030833245441511063,0.0059717133250292214,0.04675593375648696,0.005466093619172379,-0.0682802591849263,0.0048068498463463595,1.4970726070937244,0.005112913221533288,0.17273943039415451,0.009521011640399424
82,True,-492185.4698466272,43659,51183,2,5,0.0014587999074837852,0.0035941835886121416,0.7696895579124815,0.0006053370596728613,0.14817961123580004,0.0013851491470994737,-0.03767643850069626,0.004475148818824472,0.09691869756391121,0.004095026577967772,0.004422503499996238,0.004218990873822321,0.015060789296335359,0.0035670173256755738,-0.2769669770395037,0.006599997990956619,0.1168026167381551,0.005757540506387534,-0.09798709041893827,0.006390283744730825,-0.010745572405624706,0.005339691641511004,0.3507569120997842,0.00530087435684455,0.16956226187036016,0.00595363874161864,-0.05876618692676234,0.0047350974784829206,-0.11304621260987913,0.0051060635930711765,1.2491100926563383,0.0014097866410321958,0.16474216283219217,0.003210695829990437,0.09597455302563926,0.004040558302841914,0.017647609746420424,0.00522593802964275,0.04704493840440984,0.00397092517819223,0.05831662517493466,0.005179273608010805,-0.4045816476462309,0.005588348887006512,0.3575355575085828,0.005129580577286175,0.29197610673635876,0.005348719229148419,0.20262830024327766,0.004945451999188322,0.14246270278486994,0.003913439718226629,-0.011536635059190262,0.004901310458779611,-0.056042428637908245,0.004138715033371408,-0.07554726830928789,0.003812757602063617,0.9753895637491191,0.0009918731264905722,0.04767814980209594,0.0020386422878910272,0.028449022609163075,0.004155691597372051,0.005955000649830251,0.003916137850780464,-0.03749753496610533,0.00415986712761554,-0.04506788936469829,0.003920196170661757,0.09591740838509133,0.004839702700765729,-0.03754229815124182,0.005884546229772318,0.04742094885787949,0.0054782977120032715,-0.06337819656199394,0.004684529633566488,1.4914603802328656,0.005417802242930758,0.17550314391682328,0.010222842600282889
83,True,-495286.2438365186,43829,51389,3,8,0.0020345967716645357,0.003567138960615444,0.7709082636197118,0.000603969601821186,0.14949063714574404,0.001387633298078797,-0.03756958419094445,0.004506644614180146,0.10101640429023465,0.004008169577667311,0.006902589010989525,0.004229776007578569,0.012649285597372915,0.00350254826389378,-0.2716538068485313,0.006564682164095034,0.1149187181300337,0.0055348562398086715,-0.08848495847330187,0.006350386657826709,-0.005669183512287439,0.0051118019401223585,0.3520738304854971,0.005263060794076696,0.17127843095140183,0.005825058969637998,-0.055931212496334884,0.004699539603045826,-0.1200411862302551,0.005016194811547115,1.251148403400931,0.0014473484084295274,0.17526868976743487,0.0033805816369489455,0.09683170037970006,0.003970931910197394,0.018604114347418585,0.005063717025433155,0.04595535504558074,0.003889862973351835,0.05709690469013876,0.005011901625924433,-0.4012197395481468,0.0054842485964178836,0.3537521843261545,0.005080467698796221,0.2882808758816103,0.005249606706597159,0.20245341172810313,0.004877036787549884,0.138997225240777,0.00395914879353486,-0.011137658739161747,0.0048625593308855115,-0.0465689845759966,0.004260753563793081,-0.0725471718211805,0.003698472138051892,0.9769560918674536,0.001081256780809392,0.04898980685616521,0.0021702675579003475,0.02672622493261278,0.003496991221879456,0.00804622970308133,0.004225487772502334,-0.038662474952610056,0.0035001593915070547,-0.03660157242175614,0.004228352036828782,0.1090826674299263,0.004589268187814291,-0.01769176709867907,0.00614282606063946,0.05178227988263487,0.005257614439205938,-0.058800034282196455,0.004912343913000413,1.5031233056550164,0.005269146259643698,0.1738283358443911,0.010155067820074803
84,True,-496475.4410720931,43961,51441,3,1,0.0003363529911067106,0.0035697531827641646,0.7690371411966811,0.0005961441619510288,0.14687512594856098,0.001367776536762802,-0.02647431845790537,0.004385249901634019,0.08752416081915343,0.004119069236112736,0.0068117914967419264,0.004104809004609111,0.014945514111433146,0.0036165127026508937,-0.27057598458163734,0.00656456628065942,0.11996330319573936,0.0056215313576868575,-0.0960042939657502,0.006335040831976328,-0.008097667947527927,0.005183951865800564,0.3523086489530357,0.005315439109536051,0.1729894211341506,0.005905955788066855,-0.04774810797308352,0.004769483985793898,-0.12227114942666473,0.005040564900359517,1.250635709579834,0.0014679762614894232,0.17335230412133731,0.0032995056300066383,0.09347307037987096,0.003969180261956418,0.020897144828296424,0.005128338920241595,0.04424950300750195,0.0038936783723924413,0.04799428156384613,0.005094902444204327,-0.40823769854181674,0.005443196418065642,0.3493889374458549,0.005078372690707839,0.2887324268536793,0.005167621401228064,0.2047948309702287,0.004904938060022522,0.14465579956443445,0.003923283157916367,-0.013523561633053094,0.004834138560241557,-0.04194223463865308,0.004168925541159099,-0.08164179676392833,0.0036998673167050063,0.9763424802181846,0.0009656302557812246,0.045486835604697975,0.0018473226691252884,0.02630922663413088,0.003675059053420912,0.0192750296233734,0.003992988638671524,-0.039122984959507265,0.0036772340245433198,-0.043725222132808564,0.003998836399469192,0.09996670732971089,0.004556831292982546,-0.020967257664657735,0.005948348004663216,0.04976207669908321,0.005325947481200946,-0.060805363720168634,0.004700236155992892,1.5020989913029192,0.005177961501310668,0.1647069128025647,0.009290621719454495
85,True,-496793.00962461764,44021,51510,4,1,0.0037041758035854383,0.0035678748625242555,0.7707096872329767,0.0006058281678331667,0.14944361111831897,0.0013909556752414037,-0.0323846193345668,0.004453010126872496,0.09393987930571779,0.004041185377809645,0.003112765943038852,0.004170437749884074,0.010233584896607877,0.0035419303811813547,-0.27373035571283516,0.0065137198600310016,0.1080474908070261,0.005603062006947419,-0.10867946397502835,0.006292689251027882,-0.01594069624649408,0.005186652046629289,0.3558394037852301,0.005226674627908856,0.16921378906714596,0.005914527232981859,-0.06520136242483585,0.00463411478262748,-0.1059309045398927,0.005050403696516003,1.250929814685354,0.0014095300544300082,0.16861128731265015,0.0031927497310676733,0.0925067125335165,0.004047238850618058,0.025668769446926087,0.004940099374593451,0.041150185570617843,0.003961095524641913,0.05539590058350489,0.004901533394741305,-0.4098838283875494,0.005364572144319385,0.35593029264008147,0.005082425965641618,0.2745646603871595,0.005048689605873754,0.19384674309529942,0.004846669353302332,0.14115829782174066,0.003924254269837029,-0.013284152120312807,0.004922461736803734,-0.05197724606859383,0.0041504932910344005,-0.06992273629384499,0.0036077702236934767,0.9761786000140893,0.001025946431590652,0.04643563878164612,0.0019722559741374678,0.027901910900290282,0.0037369574063201593,0.012767502604187455,0.004092096661203727,-0.04003044573029625,0.0037414404800613097,-0.04440010548867551,0.00409746408937752,0.09951119405303753,0.004561627096717087,-0.02096602791758683,0.005978236754330788,0.04946989534000665,0.005016680382661837,-0.05742044103653252,0.00482926388759746,1.5041991244619808,0.005285346478194564,0.16950870379572733,0.01016481900591866
86,True,-491589.538874733,43738,50897,2,4,0.0072561144503452725,0.0035885764289374632,0.7700765471554926,0.0006039684681333757,0.14796654843921492,0.0013845817729209314,-0.030556310685099505,0.004434669835368763,0.09035148105565294,0.004085794160891839,0.0015581946654788406,0.00415363265360473,0.018208161152044846,0.003577371054879015,-0.27853195159507266,0.006597832610014456,0.11277842916221467,0.005636666586755336,-0.08768037902417719,0.006365484503949506,-0.00550486723581854,0.005195661301373587,0.3482001094203375,0.005330482785913583,0.1706570071215201,0.005861242318463121,-0.0643034089775196,0.004727070557892721,-0.11501622382562326,0.005017046028764777,1.250173647188422,0.0014391522820764724,0.16954853370248532,0.003271771670065482,0.10196893457657115,0.003966786244500562,0.0193238063710694,0.005117290944731608,0.04932993385026813,0.003874701469246112,0.04962042545542015,0.005071266207023362,-0.4135647476433449,0.005522464802408387,0.35684205264779995,0.005166614260172279,0.2847177720181903,0.0052494599386964,0.201957084152032,0.0049488236768825584,0.1402941986871292,0.003979359676356653,-0.004916117647444134,0.00484461653165728,-0.04341199130529173,0.004278833941723485,-0.07561246734813186,0.0036996858856461865,0.9767157723195273,0.000997760981185536,0.04613246241516653,0.0020933063293125387,0.0243945662206352,0.003676386599925791,0.0115040790897772,0.004207373059693107,-0.039559250357333695,0.0036776019097021126,-0.03967183546047974,0.004210514926200787,0.10488079945547826,0.004581730186191618,-0.019947596037457903,0.006226338739108668,0.046604192863283926,0.00502581197180069,-0.057080989416349655,0.004719925491241543,1.506121126279128,0.005524058791274711,0.18038570885084754,0.010724837113512367
87,True,-495684.72411867254,43787,51364,3,3,0.0010541232111868784,0.003559666035542016,0.7705118229537463,0.0005965125546137373,0.14674333849523888,0.0013552436845861854,-0.03828549014325586,0.004472105071269043,0.10076989200784688,0.0040624384155825005,0.007821384851386011,0.004210188711112318,0.016091162378350163,0.003533386595565719,-0.2611525448776423,0.006584959591660987,0.11271576103318649,0.005606159841289927,-0.10481541421019493,0.006363865294117067,-0.012638400206949696,0.005193511737117183,0.35605653781608954,0.005366296360953772,0.1761184653740114,0.0059559078954760526,-0.059203077997385584,0.004706319929458231,-0.10857647984814653,0.005103564068471513,1.248944561813873,0.001474108121352069,0.17527002886977935,0.0033244984998957033,0.09420852032136261,0.004070658233554219,0.023773952134254508,0.0050281296368859685,0.047383777291305926,0.003988140196318429,0.06026955599970547,0.004977583380778577,-0.40588836038140835,0.005462687148716833,0.35831281211435556,0.005072264068273818,0.28026473935018165,0.005186523102326563,0.18887766061973654,0.004852228209321972,0.14459542506583767,0.0039188928987693725,-0.016396911886101803,0.004869758646985412,-0.055261022936642284,0.00418578132371474,-0.07521477248766385,0.003748976587008743,0.9763212628479007,0.0010146955343434683,0.047410787614158414,0.001918610032174646,0.029033155631238598,0.003563517039755496,0.015887533873567717,0.004284545197672404,-0.038591618096343906,0.0035658231987319594,-0.035417151321907925,0.004287605276171774,0.10332523638573658,0.004751830731414492,-0.023401239034431285,0.005935879427337287,0.045172188742656626,0.005356938309143647,-0.06137610233840672,0.0046534589268867705,1.4929910985836734,0.005545948121020383,0.1862304777623073,0.011128126866381746
88,True,-494921.10839104117,43863,51353,6,7,-0.0008379449064358702,0.0035896357983106093,0.7698197119895358,0.000612222383041483,0.14944546583270546,0.0013926687934282395,-0.025217045969435702,0.004433053288789474,0.0903364852967507,0.004077857258684448,0.009678709927402485,0.004143324874798901,0.011528606384242778,0.003592011692971815,-0.27513768604097427,0.006685415165933566,0.11454988441901223,0.005747873921044828,-0.09986050001852884,0.006475934878437486,-0.008445716538200417,0.00531813544778859,0.3526810650188367,0.005313933733293995,0.1706851445129172,0.00593308597260338,-0.05811863800723886,0.004722172190916944,-0.11800097789086468,0.005085252644793752,1.251163944766229,0.001427512912757667,0.17083820326424345,0.003305199163956052,0.09835555526041415,0.004009075822238998,0.022076655454105722,0.005232193650892804,0.04579760900012052,0.003924915873268869,0.04565778122349462,0.0051881903917527835,-0.4124931177461832,0.005457469013030473,0.35780723485933563,0.005128338403153918,0.28069114199156114,0.005191501749438579,0.1977679272064323,0.004909413701580862,0.14264317695682563,0.003982935841723816,-0.012765286044247422,0.004830576978908427,-0.048088897217251354,0.0042980951349321506,-0.08271339864433044,0.0036806255653909752,0.9767614412686029,0.0009633894312563451,0.045437388035625886,0.0018758726369578899,0.03026903961000588,0.004108308956305535,0.012771030768063015,0.004318386656292922,-0.03759666482871846,0.004108215265950197,-0.037203907007306206,0.004319551976597257,0.10082813672388422,0.004810759378199362,-0.022856809553172836,0.006252814871663958,0.042670213753892586,0.005589455310238204,-0.061168673811289605,0.0047865429316952006,1.5012935439929989,0.005543122014014634,0.1737632066288454,0.01065134929080068
89,True,-494115.7729759888,44006,50968,2,6,0.005324579594409304,0.003537410400777181,0.7710934538394414,0.0006047741725686007,0.1493282178209745,0.0013785986860504057,-0.0326618913285793,0.004432426349500769,0.09343383472124217,0.0040129212405782795,0.005851978225386239,0.004145803461832765,0.014509137853779936,0.0035143011877451207,-0.2702638270755887,0.006509109478712717,0.11196753025312993,0.005440906537359004,-0.07558922073843806,0.006299736077582709,-0.00467585219318632,0.005048723960981516,0.34566131977802766,0.005247861199069088,0.1717438287762552,0.005804897981654114,-0.04839955441134449,0.004716705255088138,-0.12471771733709563,0.004964277861671824,1.251808300373848,0.0014520344323112333,0.17144477283583281,0.0032743438397325603,0.09763062013859782,0.0038693297722387256,0.015550884299426252,0.005006974662210447,0.0539519407319044,0.003800280424353229,0.04787396183633794,0.00497501438170481,-0.3880865994804046,0.0055142505416400185,0.3592205126438946,0.004988957769076348,0.2922276907911977,0.005249725018864434,0.2010582899293586,0.004788554812631341,0.1354489075648231,0.003992252705166512,-0.01828565338555469,0.004835401411746521,-0.046531691429779684,0.004277751612334323,-0.07360010011554827,0.0036735120388408115,0.9740926238838276,0.0010903062949100817,0.04812792601168238,0.002062583049681429,0.022451370345697007,0.00330460746186673,0.02011574331591648,0.004324228752203287,-0.041663508267041294,0.003306932783349005,-0.03797089053661437,0.004330384513383728,0.09528143037861167,0.0046167084199550314,-0.022630070242710073,0.0061475244447335865,0.050419015766164206,0.005141677016650834,-0.049731218443610024,0.004894140138529823,1.5059094381218934,0.005673072256173528,0.15890159325261882,0.009483261949147698
90,True,-493494.2819424742,43927,50938,4,3,0.005946615606862939,0.003573399814205097,0.7706046670246685,0.0005972836162282391,0.14737548336560669,0.001377684124785311,-0.04092070317617366,0.0045379606534808135,0.104210281436037,0.004021364731387223,0.004732054365016133,0.004270723430069634,0.00828549434252042,0.0034920042691040853,-0.2608294583060595,0.006665368229412729,0.11647038498015042,0.005531389995836408,-0.08784313297709946,0.006460728549061986,-0.009064471206725742,0.005123923922542777,0.3549141222687396,0.005262928999639198,0.16939233087757793,0.005961268116620237,-0.053531455718524606,0.004694358255656789,-0.1225174468246225,0.005121271881207931,1.2503851919211428,0.0014082516785808297,0.16883614595860746,0.0032325859813405605,0.09632724497527245,0.00386408647580084,0.006469422229055143,0.0051960707831652355,0.05626939652226185,0.0038009276736101698,0.049612555006265935,0.005155784967025877,-0.39586114381315746,0.005469371263081533,0.35892781361299847,0.0050602179253085005,0.2850658159415409,0.005213911654664505,0.20010458496818942,0.004870921773950911,0.14549556703828623,0.003967871129431435,-0.015663403691434527,0.004807537453011928,-0.04864245587409064,0.004316836772788466,-0.07358527872622246,0.0036854985754447996,0.9752847714802264,0.000988138694916485,0.04725015162949209,0.0020988047323681966,0.02546954409699296,0.004306540160874091,0.015714003789350835,0.004397872170318345,-0.036155734834319324,0.004309559491827753,-0.041076098645807524,0.004396803689717823,0.09637537779653706,0.004893555930514997,-0.033083608536448886,0.005679230654241779,0.0490466530419154,0.0054148044201974286,-0.06386099110932557,0.0046774817375074265,1.4971706226312087,0.005101419138987651,0.17202168391071954,0.010171034269884582
91,True,-495057.80446700356,43719,51553,4,2,-0.0019248347716273907,0.003563296666985965,0.7706535887561891,0.0006025316417458959,0.14895541569624748,0.0013913817973297271,-0.033377755664401314,0.0044451275943443724,0.09771048781925833,0.004053666072445256,0.005032425116073458,0.004165757946572564,0.015048927993547451,0.003550631837235988,-0.275022219434946,0.006575460899908531,0.11125525245424717,0.005535684165863962,-0.09022972416907976,0.006309749578632054,-0.008014098782086239,0.005094152958309895,0.3493271893199165,0.005334261531707543,0.17739088274118583,0.00580327412355808,-0.06005697944123706,0.004657472348622515,-0.11436178983783758,0.0049501938240364765,1.250209220117109,0.0014465899874366306,0.17293480270535064,0.0033181361355686667,0.09068492471715633,0.003994569690334832,0.022483664665314512,0.005046946462740226,0.04483712678465771,0.003915099390222774,0.05857186267770559,0.005002627735506515,-0.4064785314874144,0.005407199419350774,0.35601219077616375,0.005059088145771216,0.27567698616298186,0.005068930152688726,0.19731870704055632,0.0048387671097244855,0.14310553629676195,0.003879625173239277,-0.010507410999349475,0.004736758839337726,-0.05174819381677218,0.004090195633695743,-0.07181504066035468,0.003669300541293042,0.9771321306862629,0.0009490809863367256,0.045513552934074886,0.0019626698319564657,0.026844682504260083,0.0038570403286016398,0.020840585110157125,0.0040138275314440435,-0.03715241589200841,0.0038566859675973615,-0.04655065276068555,0.004018873354611688,0.1047864611950485,0.0047117859067298245,-0.024220072708455585,0.006272150111863452,0.04231760084528038,0.005009526494215513,-0.05411355429976876,0.004461075431754968,1.5019428298837427,0.005116865451490371,0.15980487710401312,0.008993467579255773
92,True,-494246.8898063868,43868,51178,3,4,-0.002955830434960257,0.0035720077043474613,0.7701951487973916,0.0006054280987503047,0.1490595176114948,0.0013861766892624833,-0.02499412462044343,0.0044302356681334195,0.09154854717061067,0.0040642077026777634,0.016097777565072375,0.004132433546927105,0.018348292427051993,0.003584655149878417,-0.27760564132393417,0.006578203109016897,0.1081799886520091,0.005650729530701081,-0.08515271172789016,0.0063630729469977216,-0.0030858273975836368,0.005234117862110224,0.35188596933351657,0.005341502863679866,0.17669203777187634,0.005848834252601145,-0.056286239480595975,0.004760593944992504,-0.12128126597036164,0.005019940583684,1.250656410646984,0.0014749579061794638,0.17547984184766258,0.0033156199482609616,0.09639277842093315,0.004037502071186176,0.02483728537176324,0.00510415764037093,0.045407337260568545,0.00394786507859433,0.058228240481523065,0.005073535403886684,-0.40481581041120496,0.005447694099068075,0.35015302189373765,0.005071876892435902,0.28235067019399807,0.005216664121297666,0.20489494096992425,0.004874503658850986,0.13472004599996873,0.003925056874691393,-0.01712952443453972,0.004824214638578442,-0.04878722460531597,0.004169352321172796,-0.07269427985245046,0.003710514303846196,0.9764516925000838,0.001040501404133587,0.04759742984183268,0.002126160075073588,0.03394303933340903,0.0037885176000980758,0.008718363236366853,0.004193762079949717,-0.03145581131755852,0.0037886182960560496,-0.03741397415634289,0.004192549366093264,0.09618524588031858,0.004729493290775421,-0.021973525439683693,0.005820744878252996,0.05366667134469196,0.005183096720874742,-0.05694432779194959,0.004900172048997296,1.4964924377451962,0.005058375935283244,0.1614132307081117,0.009588286649806863
93,True,-492851.79910205957,43556,51313,6,6,-0.0055632997261308775,0.0035503167798541335,0.7689135617530937,0.0006058316150012177,0.14908996272728817,0.0013844938376240679,-0.02954920639347576,0.004427789100812707,0.0881884124272768,0.004017645500099197,0.004069279699945803,0.004147155169566067,0.015931708695019326,0.0035295509630490465,-0.27605415403835704,0.006453562182384424,0.10754319078949846,0.005609614262272413,-0.08253103123369927,0.006243827404795135,-0.0026968297141674673,0.005189969946386652,0.3498162347086914,0.00521446259279696,0.17078561744046233,0.005844272306417695,-0.05225754614785637,0.004705319902280895,-0.12684707875463544,0.005031767340174525,1.2501666569200771,0.001397515618135281,0.16747839985909813,0.003193367640549241,0.09536341333249355,0.003985948502102986,0.0212607187646913,0.005087809888291943,0.04971318724869181,0.003909739997080074,0.05292144391553201,0.005044846430749451,-0.3983489216637423,0.005455758106780831,0.35144969680607224,0.005046468784157019,0.2782913188719958,0.005221241149018527,0.20668965687173016,0.0048551559166580965,0.1396733490018575,0.003997310318178182,-0.02024245105493632,0.004760112492897682,-0.03570735146239773,0.004223727092913223,-0.07853291973330787,0.003661412235781242,0.9756965602307716,0.0009099849164272422,0.04234997955712664,0.0018373301553306284,0.02541975912240293,0.0035715762030886365,0.017327728356856285,0.004043681120178614,-0.03629287055482495,0.0035712916984828756,-0.04165355857703454,0.004046384853374551,0.09580398495019525,0.004573469390138855,-0.02407436660202409,0.006225248181267327,0.05466772115598301,0.004943612179218793,-0.04927092605399856,0.0050487221793210305,1.5024296136233344,0.006174881634230522,0.17823178469077866,0.010538787648407502
94,True,-494100.36433618364,43660,51466,2,3,-0.0011159365361398989,0.0035839458562621595,0.7697998462238894,0.0006110236441801975,0.15056171801266205,0.001419428077358148,-0.02852028399783448,0.004435129820119653,0.09673653707463914,0.0040714739682640505,0.005789271413866928,0.004155188471971735,0.01680738730599706,0.003582106040671603,-0.2698293184123164,0.0067513723261768115,0.12108517285617419,0.00557576059120318,-0.08259239969058373,0.0065049838858274546,-0.010331120430644748,0.00511845154513813,0.3478303394081714,0.005367602073032004,0.17279877640369515,0.005898375935924466,-0.05073958535532917,0.004782192831829013,-0.12498458389442926,0.005056425054572938,1.2509784354288427,0.001414517058693221,0.167348489206218,0.003245019545647765,0.09875404262841368,0.003962965114161467,0.014412627539085602,0.005141943718928323,0.04854124352074799,0.003874814746974355,0.050579172777310714,0.005105785837913541,-0.4067371702685278,0.005542524139566227,0.35245379866535187,0.005073421298021418,0.2890962283456881,0.00527004225207484,0.2095084719049267,0.004879904462641465,0.13776423572797308,0.003970066681730235,-0.014651232117473273,0.004934413826037437,-0.041141913551267645,0.004386520263158151,-0.07424443611728784,0.0037139335814565036,0.9756999642626972,0.0010805838712049098,0.04770564483857344,0.0020642542414277855,0.029273709738179828,0.0037218859043848273,0.014509363428822628,0.004281387392862404,-0.04277791045579115,0.003723279032932868,-0.04202949344821203,0.00428532493563714,0.11023632587022421,0.004654618220301603,-0.011298005900446327,0.005937458607218631,0.05811938820707875,0.005234302143953585,-0.05808241273175292,0.005021845517707105,1.5107290931873272,0.00461348979013998,0.16229431018099374,0.009178489447513857
95,True,-491940.1998432282,43690,50947,3,3,0.004251692744868107,0.003594322575575747,0.7690992409010953,0.0006050679647661705,0.1481226597867654,0.0013881925961392871,-0.023261402856106995,0.004428071001411632,0.09299182438836293,0.004117955548975286,0.004137099802058401,0.004144054226395214,0.013094971120465603,0.003629430332810858,-0.27691025846675715,0.006481702890231584,0.1052136515150508,0.005694576132377987,-0.09673520758811652,0.006265344669560945,-0.012650717941434868,0.005262015959288397,0.3513303191952731,0.0053613766979525275,0.17170036577577097,0.005895953576590228,-0.05718638268255658,0.004778092887979078,-0.12096194496873706,0.005078602094366472,1.2507331987567525,0.0014774580368386303,0.173518168068822,0.0033501762878899166,0.09753245685596058,0.004029697646490446,0.014229865411582995,0.005112540108210511,0.040187326628701434,0.003946613704516402,0.05544542058308702,0.005061711286702008,-0.40040681161293296,0.005517654587257675,0.3628851126388487,0.005114844812858532,0.2874890469519912,0.005286031248306185,0.2006373000682199,0.0049219831411270705,0.14559143432847196,0.003982324554485698,-0.01353622149736146,0.004914165296542734,-0.049928424876709725,0.004355982088300668,-0.08102904302815449,0.003732885465099599,0.9768085367451125,0.0010407695920320315,0.04945559220439866,0.0020414879025251534,0.025513111928573678,0.003628767296537593,0.015839289853897875,0.0043729209575327265,-0.03929746712093365,0.0036308577235375067,-0.039523151126973896,0.004376521888545541,0.09877502211041313,0.004793136541615016,-0.03094658356594876,0.00595599460134256,0.04773667339686028,0.0052531622221852385,-0.05894399776160612,0.004857699238869592,1.4998685941857721,0.005229583218207545,0.16748571885499286,0.010111098280745315
96,True,-495474.4833573892,44040,51125,5,3,0.005904507357101599,0.0035755231270597023,0.7710261857897882,0.0006108424617495278,0.14888155606325001,0.0013731801918022285,-0.02961314587859739,0.004424132752435863,0.09784482608899693,0.004098897553616768,-0.0007844003062550619,0.004150489212275652,0.017354195313045485,0.0035861711275698943,-0.27011530913335247,0.006552106376878311,0.10854112767539521,0.005584313374452891,-0.10192795063486833,0.006293167724396446,-0.013534000587511742,0.005152233114740742,0.3526516133572842,0.00528759938378829,0.16821213556129397,0.005936268812862353,-0.05560406755020909,0.004647212200652684,-0.10689415691456304,0.0050714959766887694,1.2522679593363133,0.0014433134231529587,0.16991231738963425,0.0033170655950150035,0.1013903480916346,0.004086542793972421,0.018000584533276447,0.005142898128333557,0.055535112540330826,0.0040001012097703,0.055292714714972546,0.005115901747470477,-0.40838280807211386,0.005618936276503716,0.3696388617487102,0.005137188646795724,0.28344017734940363,0.005323900535041746,0.19557616085441032,0.004874970663360722,0.14794112310861357,0.004129566143838215,-0.01716075380602474,0.004947860318361574,-0.0455943604034312,0.00439999791177601,-0.07762380044381595,0.0037355761635390274,0.9757149431173316,0.0010713323289870402,0.05064752779731573,0.0021182158559441312,0.02551012887973683,0.003821318303278629,0.014347992408128864,0.0037188664939811,-0.03411116123208749,0.003824625244086853,-0.045734474825612374,0.0037249958699878388,0.10565956033212545,0.004590195608266919,-0.02239520118907765,0.006250639546817583,0.05373806335018803,0.0049059351162341076,-0.046442796027532825,0.004968727707065323,1.5074977114054917,0.005762109049693542,0.19097061477335867,0.011971859776297944
97,True,-494613.6388433045,43747,51249,1,6,-0.0018541909870234859,0.0035593402091184585,0.7688060096155274,0.0006009448072524792,0.14806035002310228,0.0013749750450880172,-0.026337590888071326,0.0044093919091177745,0.08858415298205762,0.004080786328502825,0.003653261422225159,0.004129315791975511,0.01794270761794241,0.003588108450784671,-0.27184798850644437,0.0066867199705409296,0.114706726146291,0.005689765473514716,-0.08672515678005142,0.006443658179954897,-0.006633157180176244,0.005266288696079416,0.3447335240449746,0.005349436915319014,0.17210915715079264,0.005919789349420046,-0.05821345300447312,0.004742441694888075,-0.12332943756187331,0.005079840599763472,1.2544771521819638,0.001393441034384435,0.1625860776485177,0.0031013695143076447,0.0887792954480387,0.003945840618805861,0.01184529548447605,0.005221244830217761,0.04943820637435895,0.0038809968763163076,0.06198723436137162,0.005181798106982989,-0.40038535973317824,0.00546329019269981,0.36242345107228024,0.0050943084185337655,0.28047768109526766,0.005229442490268227,0.19839394487998774,0.004856197393474647,0.14460928421041155,0.003962725149460141,-0.010060681330794173,0.004772642455190594,-0.04352769603691698,0.0042112571843772265,-0.07620189444590221,0.003617550636783245,0.9783948268849679,0.0009259285465420541,0.044346262993203794,0.0019142637468170416,0.03345754510077349,0.004503003744507382,0.007294428363571913,0.003834846748069329,-0.03002814163170074,0.004507232269250952,-0.04581300642683446,0.003836337942650318,0.0947022477270836,0.0050212104878253165,-0.03451907247364193,0.0058936330521275225,0.042024141667727735,0.005383540481130777,-0.06278108794607228,0.00466236701437068,1.492009872357219,0.005445648394587721,0.17471018353575127,0.010976222175050648
98,True,-501215.28189628234,44033,51995,6,3,-0.0012104588126452568,0.0035434871243965756,0.7703421028232199,0.0005979811865283735,0.14742216754606327,0.0013529790772097011,-0.03148407519311002,0.004451659816729066,0.09332508881340704,0.004045488159390796,0.01055563799352654,0.00416827089246871,0.009229080515239314,0.003548404870877698,-0.2720686982576198,0.0063485129428799475,0.10585920976909775,0.0055375643186337895,-0.0840630353219129,0.006129163851274858,-0.010046832452019214,0.005128721049484568,0.3433290882859089,0.005229901608854739,0.1748772180261213,0.005791049124588231,-0.049396180471519745,0.004690239840761007,-0.12414800228875746,0.0049603703528722795,1.2535046479138052,0.001391662802975202,0.1642369693994723,0.003128846902768101,0.08816249145360684,0.003921641805537915,0.014067245524340166,0.0049492388401817,0.05094745402840823,0.0038493819855565064,0.04715678109935318,0.004922487282535918,-0.4007459851830888,0.005411171566313856,0.35752350207384115,0.005013887500783673,0.28931711918582115,0.005206726900350797,0.2012293631615591,0.004840910221717747,0.13768833552465953,0.003865189385145972,-0.014655072940337079,0.0047489783078871264,-0.05178912188483076,0.004275897526474904,-0.08090215591211627,0.0037256291038552194,0.9751270354150181,0.0010187108764139197,0.04796802535639686,0.002033568330212031,0.028638340958225494,0.0038718375699820797,0.01927359944904622,0.0038838449574195764,-0.03692501318807779,0.0038728653331466796,-0.04557347599401073,0.0038860144256027194,0.09869477371781733,0.004491197903812519,-0.020419830686520417,0.005903394973231523,0.06463500109181135,0.0048964220588995746,-0.052469412350636596,0.005036289662300814,1.5075670846619906,0.005020306582008249,0.16213385012643675,0.009065433661481478
99,True,-496060.8129493019,43812,51503,5,3,-0.0009517550831423803,0.003540581665926808,0.770972464666519,0.0005983632604005806,0.148573508603206,0.0013752695376769153,-0.036505691814100426,0.004457988936301265,0.09816632154495504,0.004012450106754782,0.004922061012027777,0.004182706667882178,0.017154725422933215,0.0035050437938284355,-0.2762303515820599,0.006492097326159106,0.11050324218992755,0.00559473123350005,-0.07862058274092783,0.006268242768819129,-0.0067944200401085925,0.005172793452490636,0.35237619799239756,0.005306415886851301,0.1706361742701254,0.005859987746345989,-0.051599098252754605,0.004672372298109922,-0.11082668475930248,0.0050240406465442665,1.2495976412261252,0.001421464562236463,0.17068422892066573,0.003328487286140755,0.09671437883637227,0.003955158980255969,0.01814825909392046,0.005194680921255098,0.0533733909717345,0.0038753885037388987,0.054214538229409893,0.005170394774535205,-0.3932602515809465,0.0055455483202407506,0.3533761968684868,0.005035900280216195,0.28741699243734875,0.005331232676626571,0.1947611951194827,0.004829678637144226,0.14214917454547735,0.00401033566324709,-0.021063351186487278,0.004941181250685816,-0.04984125332419803,0.004282747794183671,-0.0797722202145288,0.003813809888284099,0.9761501781255939,0.0010986160796809807,0.050376231175984984,0.002061342689025008,0.028406218974800074,0.0036709448769819144,0.012657554824890687,0.003937977014046479,-0.039555556785284614,0.003675011874066277,-0.04353716480827353,0.003943161169568351,0.09807090624477142,0.004705303632092456,-0.028109383907245183,0.00604989134653179,0.05319026246389603,0.0050054462146928765,-0.04896896524214862,0.004950321259017641,1.502776405124429,0.0058343242636922366,0.18005867297228112,0.010857484531484038
100,True,-494372.8374812666,43928,51089,6,5,-0.0018449419326975844,0.0035754032329801994,0.7711700800061306,0.0006028075346261041,0.1480045634234115,0.0013809132576739352,-0.03450733812905971,0.004509204608453408,0.10186073700981388,0.004033430908214228,0.01332949995379478,0.004226318561912028,0.016362743949478755,0.003525584649445911,-0.2672645349645811,0.006548312388894269,0.10889180965533532,0.005548549451250751,-0.09404760053693352,0.006267856662405029,-0.006651571320282144,0.00510042457823095,0.3551658398172403,0.005292973100939735,0.1692973622561069,0.005914705396225895,-0.04991525601174005,0.004611203368608934,-0.11423599424668268,0.005062352857968515,1.2495134837317883,0.0013969376992467586,0.16794934468191813,0.003259555289929647,0.0950037569458783,0.003977184710638986,0.0166422199882912,0.005118435032404737,0.0504039496485989,0.0038839937713083896,0.05452339625773487,0.005084242413594946,-0.40181102027765314,0.005550863113181907,0.35555556921330506,0.005062455283443751,0.2878638016586753,0.00529006323990251,0.2037636366215328,0.004852780664366338,0.1375483842167784,0.004020113438819684,-0.013903410422570213,0.004860878900867635,-0.038158244325922186,0.004383787093687153,-0.08062591819656953,0.0036722558936868846,0.9783114518740667,0.0010837616677664141,0.0489876400200541,0.0021133189812525335,0.024931281375998832,0.0036147501942033976,0.01724515645173898,0.004310498364429371,-0.040636623892030044,0.0036157452557294464,-0.04122115684714799,0.00431648613128942,0.11118408379131321,0.0045676318255885836,-0.011906476866755297,0.006487358418355513,0.05288421590847406,0.0049763340547772485,-0.046940575054388964,0.005034484329130865,1.513619110809765,0.005381856226494119,0.1688072052977571,0.00959323244635052
101,True,-493220.8708371939,43767,51179,5,4,0.0034682785492109874,0.0035970977062045853,0.770662047809377,0.0006036767052311487,0.14735623181513574,0.001367664978970895,-0.03234203022161925,0.0045199529192073646,0.09727252663132728,0.004063584987622416,0.006292054761138743,0.0042337562241556515,0.009547720226545651,0.003559025901471988,-0.2664698672924088,0.006704373312309143,0.11804029932920564,0.005603048737605,-0.09239622790477982,0.006482903814573044,-0.004399443601448938,0.005192233776748709,0.3489108170007212,0.005353737762400122,0.17285352049802225,0.005901754291986259,-0.056491592003127755,0.004824708134521605,-0.12764014539962454,0.005089613599108315,1.252838924783207,0.0014573732120439775,0.17381884579402782,0.0033842942871450815,0.09223904409603388,0.004045787907380478,0.01916279260329559,0.004986434581026314,0.04143026211671839,0.003981975144180903,0.06879550792490212,0.004952504220708307,-0.4065990445459261,0.005506841107850083,0.3584389947998538,0.0051206411012052234,0.284338147367527,0.00524214919707968,0.20493086451422418,0.004924219178019066,0.14574740107191628,0.004067826564483207,-0.011964193347355885,0.0048952082502883385,-0.04486197178816363,0.004266340089311662,-0.07745608583807805,0.003707009608179603,0.9766613969647228,0.0010316341314604571,0.04868910009325516,0.0021031038302476504,0.02898588684836154,0.0036218253637237963,0.017618372781832314,0.004138074165927709,-0.037980639007660646,0.003621569685914309,-0.038709533672327594,0.004141380747304003,0.09517303902560427,0.00469098707138887,-0.025770210704023553,0.005826953058403354,0.046014098197516826,0.005319774599043768,-0.060302936133721126,0.004741702502481831,1.5008685123609955,0.005125793290577607,0.16378376657114543,0.010112558603968452
102,True,-495136.347002871,43925,51278,4,4,0.000725291925551246,0.0035601177699495544,0.7703149208318075,0.0006133342429497923,0.14980349176056543,0.0013862897870534907,-0.025312235302431766,0.00442573773483824,0.09211240573335161,0.004060699391918656,0.006095907675045872,0.004139500699616096,0.018233822509404272,0.0035779702610653583,-0.26319528949061793,0.006536530842704425,0.11384061409553482,0.005497140357428879,-0.09057387748174948,0.006281173409410476,-0.004336016751458125,0.005064756519893364,0.36101485990497434,0.005250509879069879,0.17353732827106486,0.005938387604695826,-0.05296660548676167,0.0046379262639313495,-0.11261705904772237,0.005093213943358386,1.2499625802317147,0.0014204941767249624,0.1731978051466659,0.0033099009121479034,0.10063249417186805,0.003965793407830708,0.01758623026262741,0.005152806785957575,0.04782282311426373,0.0038812460721278073,0.04733663985031103,0.005112900719625788,-0.4007196733804355,0.005620198772062643,0.36207174784798474,0.005068266097640493,0.2806379690768329,0.005323090199707975,0.1954590303751379,0.004827810968991272,0.1404802971335335,0.003991321398080495,-0.016568050682840778,0.004975133048259834,-0.0411849413683881,0.0042416534630064775,-0.06892194780463012,0.0036779197296335285,0.9758162048727376,0.0011130578499110588,0.049830607194279716,0.0021816998734299105,0.0261933840908244,0.0033478506684105056,0.01630047420373301,0.004234095394068293,-0.04401835039581788,0.0033482769525500144,-0.0375145691982988,0.004239343039624877,0.10824008010638454,0.004636160899818508,-0.017843568493773748,0.006189900192928327,0.05965478809048498,0.005073005440350445,-0.04936244061608102,0.005051551812082492,1.5051457645540995,0.005375133340925764,0.17663591509129173,0.01017827953944496
103,True,-494739.81231506856,44014,51054,6,2,0.0069567129875488755,0.0035869052145909085,0.7701110582629883,0.0006131970943300535,0.14947812976006344,0.0013838755777072637,-0.021933985613971967,0.004459884574194978,0.09651431352056271,0.004094983368269013,0.00970301634530749,0.00416641780164481,0.01623274887886705,0.0036191493723818943,-0.27006109194230005,0.006637101790177256,0.11196701904776414,0.005554846449378042,-0.09592862440248975,0.006400609150893418,-0.014368047460657184,0.005141180983250204,0.3550552216598881,0.00539083513650964,0.1793431746196164,0.0059395401045922325,-0.05914882465989697,0.004756185609293718,-0.11428805541497969,0.005096095112615293,1.250899824353579,0.0014287246073613202,0.17039023309888798,0.0032114238819082735,0.09331171064443322,0.004099648233858513,0.023583545419720162,0.004944065588663414,0.04038344877859792,0.004025547475772897,0.06282161312600247,0.004899886099595569,-0.40903977897778276,0.0055610122546361496,0.36122506872005317,0.0051385569099451885,0.282257310935796,0.005210642612258569,0.19971356969074008,0.004916756826911924,0.14221514076027186,0.004142807153770367,-0.018770209048604918,0.005039398436014772,-0.04704214004247724,0.00436538154764242,-0.07111446835460966,0.003725930764660215,0.9767678693595583,0.0011484867099568197,0.051528306626028204,0.002229866364154818,0.03629158832691028,0.004614809947628316,0.012285625496976397,0.003972484822463005,-0.03242498400236176,0.00462157288852251,-0.04581827235032788,0.003973492914811499,0.10883725832981328,0.004654922024265741,-0.019591759784039892,0.006306827932086432,0.04980246618951011,0.005232276107601669,-0.05865399288519345,0.004818377030131413,1.5024141786849687,0.005522458475465286,0.17799816023105355,0.009929464508537697
104,True,-494910.6725564407,44129,51073,6,3,0.011110523176734364,0.0035691211481841613,0.770598311103827,0.000607605766548891,0.14863770853185262,0.0013733945190088498,-0.03207232621657032,0.00446838613923428,0.1006753037287558,0.004077137165489454,0.004467105590176024,0.004197486307883775,0.003108912756821717,0.0035648027975534314,-0.2675061750213633,0.0065828825024685355,0.1188495763225061,0.005504211555903074,-0.09136159966126843,0.006362876076487138,-0.012053079003599016,0.005062449829939339,0.3592663946619883,0.005228778047689387,0.17127355857394283,0.005958134338700313,-0.05897612322405127,0.004628372049647623,-0.11379257237397974,0.005118446440650586,1.2504543830752666,0.0014122351004035583,0.17017280436349327,0.0032306245587831045,0.10153857412565535,0.0039146289542590935,0.009626731375492038,0.0051011036513533585,0.049107100385261546,0.0038373959704281024,0.04727344067891588,0.005064777189432162,-0.4030678865113596,0.005473182116023905,0.35568730085239536,0.0050296652697171245,0.28121798944372933,0.005197039632502303,0.2024114419382112,0.004839762035093307,0.14308023351932211,0.003934106486598573,-0.01354181975302057,0.004804281942370307,-0.04577970124132056,0.00422488687997002,-0.07745642934048161,0.0036782733153403182,0.9758654730065656,0.0009642171577409209,0.04602563487197653,0.0019696601214319806,0.02525972452919283,0.003112492574505492,0.0131361737135156,0.00443657660560223,-0.04576507095394868,0.0031138176680174418,-0.03179627639063639,0.0044416131391603695,0.10930216844990155,0.004492742744527573,-0.009422548264801786,0.005959600025775072,0.06329820350706905,0.004926873587973515,-0.04345754496072929,0.005052146674060055,1.5131549190785267,0.00451846827890412,0.152318200254487,0.008516295211832281
105,True,-495266.5723050528,43625,51635,2,3,-0.003341825540451811,0.0035712365797096824,0.7700817642060097,0.0006105915198406642,0.15023309992176356,0.0013897478155168314,-0.028540181317215158,0.004490061272112548,0.10034787014265079,0.004021060219666208,0.011918153800052027,0.004206597356110399,0.011683186193649655,0.0035438916283796677,-0.2858267410242892,0.006523007257671917,0.10888586765142413,0.005771491156796848,-0.07913912239286784,0.006322184210247862,-0.004214941264940849,0.005375182524206444,0.3425057447877907,0.005334711752894541,0.1706109199813756,0.005779780101084982,-0.05650993513574278,0.004804574774639265,-0.12790639955980343,0.0049882937053894825,1.2494507435300068,0.001493118088588541,0.17658606331355053,0.0034578407307300635,0.10518143419194632,0.003922409440749147,0.015090953953711822,0.00531067594943642,0.05588168405752718,0.0038488379592124975,0.04593923444409059,0.005281039459261402,-0.39894125961916366,0.005568279858089805,0.34355132501256447,0.005060291973522637,0.29113482977042693,0.005307254708035563,0.2097535763530529,0.004894514182623058,0.14072648194137194,0.003982114711281884,-0.007214475782624543,0.004941123279122161,-0.03829493008374016,0.004419110149393322,-0.07429147389817273,0.0036835426489426927,0.9776865282272451,0.0010707538738103928,0.04682104713110797,0.002006521698625103,0.03101996287582199,0.003671031223069393,0.009586336071983278,0.004531376681682137,-0.03773525457352753,0.003672091687780197,-0.03408141438997616,0.004534981159485528,0.09516581359976697,0.004745103168374482,-0.026772583436755485,0.006134277337039284,0.05526441920820605,0.005351760326493643,-0.05705798755764965,0.004985926601381072,1.4962793625676722,0.006097643957584942,0.18890185023220296,0.011246024730797985
106,True,-491923.0496261406,43593,51180,6,5,0.005952323773802506,0.0035944971820444918,0.7716571309925095,0.0006081129205327551,0.14978257982794374,0.0014034331869955396,-0.03501293872939115,0.004494921708663622,0.10456129946939362,0.004057768681116096,-0.00044191247002692925,0.004211104204856183,0.011103819732479142,0.003546694608938695,-0.27607843654913383,0.006562125614435403,0.1104472217056981,0.005590671436055738,-0.08803068388263001,0.006315225858656528,-0.010808727576995476,0.00516208559009561,0.35330449208353665,0.005393680246760528,0.17475481169440651,0.005847295476082109,-0.045798366206992513,0.004759645836707943,-0.12010073392928085,0.005025051738836567,1.2486810332764797,0.0014343295135151868,0.1724198446001006,0.0033469165079670626,0.09473868560150833,0.004038998692558988,0.021812534993949344,0.005118766947758963,0.05260475463249934,0.003955004197486667,0.059279029500870606,0.005089722779129463,-0.4073287050091787,0.005453203704204041,0.34697571516716197,0.005088028870996786,0.28872033755116605,0.005190087463625174,0.20489925743883272,0.004915861747280205,0.14200606668275342,0.00397426523093001,-0.01723663143665885,0.004763214965969265,-0.04891165268090687,0.004261367059953487,-0.07632076948044506,0.0037035654732325736,0.9759717079498215,0.0009338034226568093,0.044337285185247675,0.0019094662856203454,0.024106200476469525,0.003455746141177145,0.01299925191481092,0.004068936389213029,-0.04039263685674806,0.0034583021837133678,-0.04075742217529569,0.004074287693243336,0.09882266797797115,0.004530178907292738,-0.017638978314949722,0.006126416842500156,0.0521358536510733,0.004952154078853162,-0.05011055281528069,0.004818270466915273,1.50226984375767,0.005617789131527551,0.17520349101093283,0.010844319254274024
107,True,-495743.66419113264,44154,51110,4,3,0.008104711766979066,0.0035794962393462023,0.7707966749328303,0.0005941160348201802,0.14693218987159556,0.0013711687360628416,-0.03673019697153584,0.004471113361275212,0.09964635837956694,0.004055983435625932,0.005011868918184911,0.0041916121295684705,0.012205311075785952,0.00353275075855562,-0.25672480446460516,0.0065168080023834535,0.11892865951458723,0.0055135866286992056,-0.09987982728919374,0.006303143538541873,-0.01597926144597415,0.005092552244021043,0.35615741764104625,0.005088206058797231,0.1599727605708994,0.006006715006205158,-0.05960864734014283,0.004612510131336964,-0.11931103372480235,0.005153661337485762,1.2480623210928319,0.0014176923989546175,0.16784336126113858,0.003163493516561186,0.10231220607869052,0.003943448688034385,0.012723470145066945,0.005171166269112602,0.053725184205561244,0.003877957358336311,0.054665876271408405,0.005129373743624872,-0.39357819134374794,0.00559704661116579,0.3644823753123785,0.005055879569344334,0.29615495968972,0.0053569855070555025,0.2039140506253814,0.004879980537167657,0.15095666503666308,0.004005027828538432,-0.013428730299514455,0.004968759482308908,-0.05137719182422415,0.004259327093137489,-0.07992297594471828,0.003799360857658566,0.9775649964419818,0.001075771910647172,0.052140204080967305,0.002065649954277521,0.03069291497681618,0.003841245768060507,0.014953112824383965,0.004339966554291745,-0.04171394015787879,0.003845266593464688,-0.04017213552303119,0.004342065170811988,0.10187282409876686,0.004712533118132355,-0.028400443603046648,0.00585059502124492,0.05008546055051296,0.005412647624517952,-0.06427560338615856,0.004679873041030596,1.4934611956370965,0.005079960557226704,0.17124105265668998,0.009819840865666923
108,True,-495031.2218742989,44405,50915,2,3,0.006780758982699041,0.0035607217147415123,0.7701931460364121,0.0006044173025466781,0.14825724146980565,0.0013720725746636797,-0.02849924639658607,0.004408901443620536,0.08884888879363802,0.004092632152598547,0.010359165895204595,0.004125376479808557,0.006334828962505627,0.003587767971110032,-0.27272841095195194,0.006639135078072802,0.1222383157029923,0.005489504629400569,-0.08413121426764028,0.006394792371288341,-0.0016288857927977908,0.005058146891079457,0.3520579455498826,0.005370372012750694,0.17403258221904058,0.0058576105655631224,-0.05016038544549155,0.004777042413396311,-0.12024725000820387,0.004993402019638914,1.2498647655362025,0.0014590799395105547,0.1737571544661525,0.003335104293784877,0.10096285105714488,0.003896002041197222,0.018174917027935403,0.005067107282507836,0.0509241680945212,0.003819260045293586,0.054615218532462886,0.005027139020137765,-0.400364104067897,0.005544863828368491,0.35082545543109517,0.005076765690498867,0.28832270764176665,0.005281360452802447,0.21097760455752715,0.004883346815499403,0.13943212165615995,0.003941866509722953,-0.007268305450443006,0.004866808052706064,-0.040738861886017906,0.00419397120684631,-0.07705728336492329,0.0036644034822859947,0.9781829487675376,0.0010322004505622373,0.048087728967199414,0.0021278766204749708,0.026406952471365642,0.004122587894214068,0.014252341302340023,0.0040645338328907455,-0.035083180324012746,0.004126517114353526,-0.046186091864467954,0.004069844509920749,0.10187200524188858,0.004709836042972567,-0.020215502139289496,0.006202574166895397,0.048508836271709786,0.005311122137698165,-0.05365122921293873,0.004927857444768284,1.5021121924967022,0.005825116446389167,0.1730979350778802,0.009800559818029811
109,True,-496896.3814081099,44076,51399,4,1,-0.0005951213628446649,0.003574923184398256,0.7708336215249143,0.0006036438001502109,0.14839270161845983,0.0013770496419449052,-0.02758195792322434,0.004467526816869553,0.09208044352070649,0.004050801914585786,0.010074256531291096,0.004168058659976429,0.012016342686714598,0.0035592004053436165,-0.2637220437005151,0.00656427624142495,0.11352063827503843,0.005492512792206223,-0.08971567149455015,0.0063159421825814445,-0.003258743588037602,0.00505878930401645,0.3505269670524365,0.005321772406460445,0.17204289428320052,0.005880939648113863,-0.04369460221674802,0.004743072437975356,-0.1282785696841639,0.00503727581920903,1.2507597252382632,0.0014256813185431483,0.1708181775647941,0.0033032808993960078,0.10084152154511544,0.0040395359905384025,0.028107159465157423,0.005085688388873102,0.04808550684835654,0.00394516995701588,0.05191505633140542,0.005047653971437012,-0.40172126328182645,0.005499330334783967,0.3501192993375056,0.005038707364198985,0.2905401779527639,0.005258284744474227,0.20809142709046344,0.004874796817091178,0.14284163540531475,0.0039152676517901,-0.014837185003888394,0.004798579526533194,-0.04735297689048257,0.004300608377860032,-0.07848407347048955,0.003725432843727209,0.9772995931647507,0.0009386446758055111,0.04522793509494915,0.0019225107147922416,0.019542762271321262,0.003609904406355864,0.019803822915678605,0.004209884432795917,-0.04151175612558582,0.0036121272421916423,-0.04295609445166596,0.004216601764778897,0.10039535806958035,0.004583739238915076,-0.01719563883789657,0.006074369271246529,0.046734398590321746,0.005182542261665011,-0.05476822493303736,0.004703652604031945,1.5023707035862182,0.0053957294111862675,0.16791685809761858,0.010060875979913356
110,True,-493591.8047029268,43881,50966,6,2,0.0002700570901012946,0.0035600543250130234,0.7695913284367908,0.0006057276620596852,0.1491886505197726,0.001383328546235213,-0.03497212475399177,0.004460234504522248,0.09345369462712753,0.004009831077143998,0.003104077462073045,0.004185553321832801,0.013006921526453118,0.0035093881286789147,-0.2744780357898482,0.006548011618997212,0.11260581195436534,0.0055743057440438325,-0.09029448636912213,0.006303515544440802,-0.005271521503217199,0.005148055066886044,0.34296657665383823,0.005252076795267679,0.16967005001882782,0.005865191245347256,-0.05494477875204238,0.004641847767297206,-0.11204307656012025,0.005011288588280191,1.2495495391502967,0.0014247569444475472,0.16502104666216677,0.003221158893767964,0.09833748867062957,0.0038600695361027345,0.005374368498001432,0.005303273704955211,0.051853129353137475,0.0037931329824468733,0.04566177796450716,0.0052676141362121825,-0.39750011614125186,0.005549821655604328,0.3619179654691428,0.005066297548745434,0.2855878346916841,0.005279597948155317,0.20350434948832832,0.004855056407522006,0.1501437550659337,0.004036246626757509,-0.005589824522810819,0.004943233426203086,-0.04665112762330668,0.004426171770889057,-0.08269726797452702,0.003775057348916656,0.9773415076546245,0.0010258089316764196,0.04959259643243634,0.002007617930525632,0.02962906468689078,0.004096687931667933,0.013242106275552851,0.004310241743568152,-0.03855946206160955,0.004097368442986479,-0.044217558249984905,0.004315583322316001,0.10656140273934307,0.0049324189320331165,-0.028881122348577502,0.006133632537780301,0.05625688717984567,0.005256279113673351,-0.050893931970378906,0.004997125828497348,1.5056267317043748,0.005099776871979489,0.16629949512345701,0.009469884696044067
111,True,-497814.9011370074,43871,51726,2,5,-0.0035985876781116986,0.0035731082213376814,0.7707857989300072,0.0006103903374131692,0.14926270735821437,0.0013829453815551868,-0.025588630619235078,0.004428936540673829,0.09909036556006988,0.004115318299394383,0.0058130193537004335,0.004151484039012205,0.015533282647696768,0.0036165314595876198,-0.27382712155720546,0.006650840161748007,0.11567919506295032,0.005620564309340795,-0.08921514123895471,0.006430833816524948,-0.009033311451706563,0.00519782711045784,0.361046714384508,0.005272044191099625,0.15693637145746828,0.006024479245450601,-0.05810070362908804,0.004706287702224814,-0.11605766292927606,0.0051839916367624065,1.2462218669693659,0.0014053750144933375,0.16590612045588932,0.0031747896869541575,0.09676051231233167,0.003972570682621775,0.015206019716854579,0.005225352409130454,0.053206059011711514,0.003890365626215737,0.04912571762972717,0.005200553809612772,-0.4050851314391451,0.005629239107517886,0.3657623159811525,0.005120026742332621,0.2922037266292006,0.005383269736629941,0.2035052954172605,0.004900129371100247,0.14893977535186426,0.003997879966557638,-0.018824661090963413,0.004943187198096499,-0.044159367569463426,0.004330062782904522,-0.07829890375520082,0.0037292433635022814,0.9757052715637441,0.0010229764830895771,0.0497804378352414,0.0020860045717538828,0.030339510452960447,0.004143935942953017,0.019586349383034374,0.003753482486900781,-0.035286514219425476,0.004144733631548096,-0.04651286579180058,0.0037576008535632898,0.10216559379932078,0.004603461494400145,-0.01549680948878882,0.006052981820022749,0.05968209926248737,0.005230813396449392,-0.05414217363436401,0.0051384608504621305,1.506270899242393,0.005584933977384798,0.1836977411984822,0.011097923176596719
112,True,-494570.68467538734,43869,51228,4,1,0.0009070726427683621,0.0035621796850634256,0.7704842346647657,0.0006060307075909654,0.1486872145759848,0.0013751881538295319,-0.026001368267295075,0.004404352410641358,0.09408353414015197,0.004087979960015583,0.004101798570406631,0.0041200740096785276,0.013801809634362274,0.003588868045917925,-0.26404823645144854,0.006502817268089939,0.11309389420690848,0.005499592159699265,-0.0958879012979176,0.006264089702937573,-0.011968871089525199,0.00506785158725998,0.35849734902244446,0.005175732576144444,0.16494216839077952,0.005982214911960211,-0.05711182095757702,0.0046065228910708465,-0.1120267457665621,0.0051093874784517174,1.2494115227330642,0.0014557703621287388,0.17243512025261903,0.003222333227806143,0.09809309112976641,0.0039758081512118685,0.017179124216924798,0.005105088310755397,0.05119375527193407,0.0038995879687018053,0.050641066694221686,0.005068638620612879,-0.4017225307896917,0.0054747543326737055,0.3539358522003287,0.005042959275984541,0.2834002020307449,0.005187350839023656,0.2032259733030206,0.004845430556587391,0.14227796927015732,0.003954142022875078,-0.016717651081540788,0.004883238872849308,-0.044449618930963455,0.004316783063828207,-0.0761126695319359,0.0036896488583525065,0.9762372099110453,0.0010316917537161463,0.04807303284755558,0.002029754125771409,0.022861547665122172,0.003527716185537469,0.010193436173238509,0.004234146074943616,-0.04219924185552223,0.0035317378804558507,-0.04247688277949662,0.004239557390360501,0.10163875791646926,0.004513123537804975,-0.018362904719735063,0.0060777495888440745,0.054107041099990566,0.004983460561207813,-0.0509321712478718,0.004871492284535177,1.5119632183090637,0.005250764463953117,0.16477408720395245,0.009543621984979309
113,True,-494325.4736977767,43772,51222,5,2,-0.0034014021747410497,0.003545276619369301,0.771223469360282,0.0005983915799718798,0.14821823553534136,0.0013778701977791713,-0.033312950725933044,0.0044389727997013835,0.09956443508775602,0.004045805887577024,0.0038442057203367545,0.004157388053652816,0.010118117206645275,0.003533327263524632,-0.2688096059063739,0.006472559898269295,0.1117413430109381,0.005544111541625688,-0.09044805519549404,0.006271343160518326,-0.0023355663811225917,0.005158328146271337,0.3441148158478573,0.0052259406827224976,0.17315955841219915,0.005801520970757289,-0.05447575763563616,0.004653390343801563,-0.11593840072540619,0.004983064943385511,1.2511534954004957,0.0014300283629027355,0.16898020572322514,0.0032957823305432704,0.09741986318106985,0.0038741764990659834,0.013323966356021467,0.00522465045760202,0.055109068400912245,0.0038077614193961344,0.04721605363008946,0.005179743321033129,-0.3910667047078987,0.005432820888559478,0.358437697376229,0.00500578141667951,0.28820220014584585,0.005226070717055697,0.19511708625256038,0.004824962289939198,0.13597078977346386,0.003997516727330975,-0.013961192649234963,0.004746257664469667,-0.042127677088078665,0.004447960267928268,-0.08352164427310771,0.0036720013558800674,0.9758477110993982,0.0010048325500482402,0.046787582946704404,0.00205861751263179,0.023187024137281943,0.004060933844142289,0.01643387396219079,0.00394280017187744,-0.03183066224468783,0.004063137848174621,-0.04682960145920846,0.003945925921572563,0.09300738349092226,0.004757553960168045,-0.03066896176370703,0.005760946636280589,0.04657575093596165,0.005239664314200081,-0.05928532277787475,0.004568773462508774,1.4960150183744332,0.00522888356242035,0.1658552809501672,0.010139179383148345
114,True,-496150.19109531306,43985,51411,4,4,-0.0032548326227584633,0.0035718760691807643,0.7708108195579866,0.0006156096946116074,0.15090565798906536,0.0013991455767690536,-0.025950769486964145,0.0044796547154462366,0.09786003701244406,0.004038912286546205,0.011089729195814333,0.004185159411969423,0.012223017761396832,0.003558455368641506,-0.26218948303556394,0.0065309350349692565,0.1149981467283768,0.005429313460133653,-0.08833130842685255,0.006298585385035297,-0.005902588477664073,0.004998187824039133,0.3554427180234359,0.0052941970257502505,0.1720382509908613,0.005925122131519325,-0.05571892099746746,0.004709649388853209,-0.11635958118597495,0.005065007252240031,1.251300000642291,0.0014264539809036858,0.17015567200267281,0.0032406559605874935,0.08976616395488109,0.004050084067454521,0.025559151873994178,0.005027727862665919,0.04659867115590478,0.003975538535381106,0.061692913813501504,0.00498876926028611,-0.40273542403249635,0.005535694411570954,0.3622841290280133,0.005071283002180802,0.2827127176907817,0.0052508166845014895,0.20496438073970347,0.004860369113958674,0.1451284286224695,0.003986955259552508,-0.013014763296580788,0.00485544394986948,-0.04645539082938643,0.004240036306630059,-0.07512370045443847,0.003725639291616036,0.9760679038420077,0.000992195357195358,0.047353490680725495,0.002030705640397982,0.023205360793175037,0.0038903192961989514,0.018213710487449537,0.003929982043211229,-0.03426909668422729,0.003894980758389403,-0.04883281501587914,0.00393266091459798,0.10193000466042221,0.004592558886791087,-0.02345678247141731,0.006031471684502882,0.05195256823922545,0.005179060601609867,-0.057265373046091986,0.004830532970862257,1.5023329609102738,0.005584788511155514,0.17836974967457614,0.010258381650140133
115,True,-495070.7526251697,43953,51362,4,1,0.0025545760879488342,0.003563698830583334,0.7705270653181601,0.0006067350491823498,0.14920367017794284,0.001383823498102038,-0.03285494068784754,0.004473168936032532,0.09801526175870628,0.004053137351520241,0.006123913881928817,0.004196245511225468,0.013343200099855856,0.0035484349960096207,-0.26645899708251186,0.006652508508525701,0.11987407334174903,0.0055058130840853845,-0.10328620738933994,0.006371437515274603,-0.010360916252107959,0.005070128605426289,0.35846433505403996,0.005227983676090615,0.16527919463653498,0.0059227769940668395,-0.060458456861043335,0.004593438783821065,-0.10484413180618148,0.005059890596942822,1.2499559079883704,0.0014447439689597719,0.17570735412104363,0.0034378304330288795,0.09381639695378921,0.004037824196539535,0.023904580311597687,0.004985345760742426,0.04633617241405264,0.003937778063559818,0.05119056162462633,0.004940990296658545,-0.4009821103208426,0.00554483361791225,0.35665424117700695,0.005047980502124259,0.2921214608715333,0.005290374963123367,0.1976698273110027,0.004878442508660013,0.13811172148527695,0.003972801321606862,-0.006702367323447914,0.004840846052750932,-0.04441301223681666,0.004405921216669824,-0.08364668119670454,0.0036733858870962068,0.9784492803435796,0.0011173280634317329,0.05053294379534057,0.002115639865255328,0.028038893577882102,0.0037942115938092154,0.01177929535785882,0.004404682145564319,-0.03602217015849715,0.0037973973231383087,-0.03473121272767558,0.004407984883052116,0.10679812065016363,0.004591539504543815,-0.01955701520651142,0.006196571341361305,0.05086364117510178,0.005025731917490236,-0.05930921590934842,0.004730543190441908,1.5032284494736754,0.00520835917146012,0.1695410071629101,0.00922454767955816
116,True,-497355.8226037971,44298,51319,1,2,-0.0007049151824576094,0.0035544538476465688,0.7698428200326733,0.0006117617161538469,0.14968834147342305,0.0013799868358274486,-0.024799909677443076,0.004423503381474911,0.09470686645470158,0.004070071543637178,0.007527415815096587,0.004140539056437119,0.012959641351508852,0.003585990855582474,-0.2692680515303128,0.006710157719524995,0.12404894056182722,0.005480504114782181,-0.08869079193649898,0.0064509842808077355,-0.002381022513648425,0.005050494640115024,0.3586906594458117,0.005248958879972844,0.16763013479642253,0.005929630150185751,-0.061028811933376045,0.004660651096326641,-0.11561141522952825,0.005089070165261774,1.2507431195302254,0.0014016339471274453,0.1696654757171398,0.0032404809935357576,0.09925656226810563,0.003927246183253972,0.01665370279866267,0.005023086696928822,0.04990360280452161,0.0038424937230522468,0.05109905556684015,0.004973153646279375,-0.40149219877992964,0.0054975089450487085,0.35635746557435066,0.005066658062993253,0.2834632154822105,0.005225950888010646,0.20985524858024898,0.0048638717000112405,0.1407567487677418,0.003943158076081322,-0.013661016967456224,0.0047883143158236234,-0.035406454052344265,0.004274542018322936,-0.0773074309892914,0.0036389519427593776,0.9767500753292174,0.0009630091493345039,0.0446910784198774,0.0019437760308626192,0.029281727691352115,0.00347333229838643,0.01451140786510156,0.004448264230435162,-0.04096239932391294,0.0034764718913580773,-0.03603083180554285,0.0044520072032702045,0.11197349164892682,0.004648963084732013,-0.010497030260433856,0.00642506678468977,0.051354110039828045,0.005367220069289494,-0.05714268393460006,0.004999414861063388,1.5063109359686504,0.005647968482864862,0.17659527242844686,0.00971733575541478
117,True,-493166.8232792164,43480,51396,1,5,-0.004108049217376572,0.0035624816953161364,0.7691256449538535,0.000606851046413448,0.14874305583110362,0.001382169404057762,-0.02561978925110693,0.004409067498411827,0.09049671540215867,0.004117051813896241,0.016368864209277984,0.004130903247617272,0.009617370387210632,0.003620372542454055,-0.2767526667069771,0.006719441195280332,0.11993386386706141,0.005651348976737058,-0.07823974379597884,0.00646566441312755,-0.003250891882681981,0.005215181859953906,0.35220398146098386,0.005371318080179634,0.17425752321220386,0.005889113101518037,-0.050136877553335124,0.004771138798617271,-0.1207421111003781,0.005051844589299021,1.2501607620577764,0.00144037379302564,0.17248400964287328,0.0033389610037799916,0.10020605992701076,0.003916397209067751,0.00998428383873611,0.005277235274114859,0.04919563403938433,0.003829610760478624,0.05177233189779891,0.005236109929344822,-0.4007072486160036,0.005553774278695987,0.3502938982064455,0.005102088183904022,0.29293113322236464,0.0053177065220478366,0.19954835204246035,0.004901722702637032,0.1479053250036387,0.004082520680912892,-0.019704622320260032,0.004886469679234831,-0.03926533813719724,0.004353573014779633,-0.07977531314260945,0.0037091504404520984,0.9754644561740347,0.000999010432407077,0.04873534823645272,0.0020805266581070785,0.02347724304863163,0.00391810508420058,0.015579834272249987,0.0038640019348945647,-0.03451205758239326,0.0039223255058767285,-0.046188199893095416,0.003868837891890132,0.10232045262751122,0.004684846175468132,-0.01583959112335638,0.00610704372858776,0.054485543997236006,0.005193135466516339,-0.05414423206258237,0.005071007879527845,1.5107900552308966,0.005246192632114788,0.1706557682193316,0.010388362619055139
118,True,-496707.60998194816,44233,51308,6,4,-0.0006339303663839596,0.0035566432435837144,0.7711336435256637,0.0006017957785078298,0.14844034882409687,0.0013718842722164892,-0.03275375892339378,0.00444709071382335,0.0926026853388872,0.004047988216154819,0.010510308249991043,0.00416276343192066,0.012843796713585322,0.003541183017240108,-0.2741273835439307,0.006491434071983786,0.11681514611533192,0.00556536751018349,-0.09516483283149399,0.006270900951989213,-0.01303276576198123,0.005139125288640722,0.3507887499523347,0.005271745721884637,0.1711419173436566,0.005855219330577752,-0.05438787147709058,0.004665919783144812,-0.11270984962406978,0.005029738230918785,1.2514422510696508,0.001451759501693739,0.17304269505633368,0.0033721959181219896,0.09517151135866926,0.003993641722728606,0.024381502900709524,0.005034471766587119,0.04122861070827031,0.003909997074617517,0.052983499444594157,0.004989420576399184,-0.39249969093587267,0.005545435249045858,0.3612959253566825,0.005018657817557082,0.29250879203837576,0.005335709637573188,0.20514305626944668,0.0048251974314760995,0.1457760948813961,0.004018539027500083,-0.02054403627834353,0.0050463621000907816,-0.042175453201536414,0.00429429840362061,-0.08188224877163316,0.0037233279075287785,0.9770784030139034,0.001128405933960741,0.05254048822796935,0.002110406099960445,0.022241387103590117,0.003566845647515583,0.019160412099504056,0.004213947509227008,-0.03982503062267071,0.00356827637350453,-0.039644599200777855,0.004219271350657407,0.09636837727821534,0.004593437703397409,-0.026983190605465397,0.005817793492074444,0.04896520686898583,0.00513461738998139,-0.06013483405665886,0.004776076956763867,1.5013239201720954,0.005159638568716485,0.16232898308779753,0.009407023890143015
119,True,-495205.74302397715,43959,51193,6,4,0.001341152673345909,0.0035731181359525163,0.7701338276302099,0.000606791068592849,0.14949271929340766,0.001385329580295594,-0.0223802329153502,0.0044216597228604725,0.09417044886864966,0.0040788767054775795,0.009504444720927444,0.004127583586616284,0.017263506648571677,0.0036078693651338265,-0.2747222249484014,0.00653209031822332,0.1125876511911383,0.0056382318863635855,-0.09275806046987693,0.006319757402746564,-0.004895396581527606,0.005212955706373301,0.3432253611761299,0.00532416404721494,0.17859509260562278,0.00578134868855596,-0.04739125974633867,0.004740846816317394,-0.11978954408134158,0.004975038738514903,1.2497406356135023,0.0014277356708158884,0.16872480172504076,0.0033184311447502085,0.09537226111722409,0.004029315144543159,0.021624440583896554,0.0050151885179278025,0.03791457286918001,0.003954168769258503,0.061203832726891234,0.004965432527523929,-0.4041060551134464,0.0055163157083689286,0.35378602109693646,0.005097826806691458,0.28729977780305854,0.005286965254800105,0.20515494963988734,0.004897607417781226,0.14157741777455696,0.004040544089609676,-0.00716083416583777,0.004879624298060044,-0.04272251852798153,0.004399539611232743,-0.08707781632821464,0.00372290324479435,0.9774274834297907,0.0010779049251747885,0.04877251699352465,0.001990196018259508,0.030162435974481643,0.004325542716659124,0.010757209564603581,0.00394071744272044,-0.03137390441314574,0.004331622063066506,-0.041188588574179744,0.0039430434474630165,0.1026018821548146,0.004615573098945044,-0.02067392372877659,0.006063976936972196,0.05352696872382093,0.005078546227540324,-0.05108995518060462,0.005037667277583552,1.5009937511392641,0.005597223915466798,0.1770020613992431,0.010585975934866584
120,True,-496239.4706640325,44239,51166,7,8,0.005212495298279473,0.003544811972236087,0.770359384612652,0.0006081181568037275,0.14933909798053926,0.0013747280818089541,-0.03371063337126544,0.004462006907969809,0.09585905126484962,0.004042276114350398,0.006428202528476795,0.004192892103641133,0.017124093888774134,0.0035369872556677722,-0.2754102102757001,0.006564491024001398,0.11606623366203404,0.00553691951673914,-0.0840527472478896,0.006277779122838913,-0.010070308065604527,0.005124486961751608,0.3451265130793235,0.005323818525334082,0.17421523214521079,0.005791529703009071,-0.04061292767763958,0.004698483193932937,-0.12541141596517139,0.004956703226002488,1.2499055999700304,0.0014562707956000676,0.17364708308641963,0.003433133288231832,0.09873013560719265,0.0038635457516775743,0.00755199585292955,0.005210236106907693,0.0555908999416739,0.0037887187617474324,0.04546708092196517,0.005178316004958374,-0.39956666765370047,0.005468527502557519,0.3565260608465625,0.005045375864252428,0.2852042318509381,0.0051623504265687755,0.19610751113801378,0.004844261778853684,0.13636381060207103,0.003909348860212944,-0.012246018227349241,0.004771779103326603,-0.04932310426519825,0.004237445560192112,-0.07832717650168179,0.003653636335518328,0.9758819323580324,0.0010431785924142623,0.04785168248830104,0.002048643084974818,0.028220991072222753,0.0033460587330319804,0.01567945668444308,0.00434378017715586,-0.044339569356108,0.003347321484804166,-0.03566834881129593,0.0043477674197860226,0.10263243506539145,0.004595467824532687,-0.019073513479110096,0.006227790042387112,0.042997003007812486,0.004936677246595343,-0.04740808696195346,0.004607978734699218,1.5110243994654549,0.005399340122345886,0.16317212695328043,0.009742264253442517
121,True,-492584.8141948702,43840,50859,3,3,-0.004635861324464208,0.0035484933564154677,0.7700724312851703,0.0006067918333564348,0.14959437983744522,0.001381926143752002,-0.0273117561683409,0.004432705088090969,0.09339384026939247,0.004050031340726917,0.015035567723650426,0.00414990251246539,0.00982787438461665,0.003563314334769696,-0.2745832093020096,0.006580801575066457,0.11500915268681823,0.005653148980773202,-0.09420848315649909,0.006340107103028192,-0.003915202743802631,0.005237703251067773,0.34161434705694443,0.005302066408058761,0.17712479882198742,0.005782049630996174,-0.054273798694923624,0.004680083093716217,-0.11293019434529314,0.004960355370676191,1.2513354639329266,0.0014812122053693422,0.17289156036701192,0.003340645550589716,0.09717180476078909,0.003909610980772527,0.015977011147815134,0.005143669310073639,0.04824857963279968,0.003836108869729273,0.047036706336474,0.005108587213961246,-0.3940300081886409,0.0054553932752449295,0.3522677584142146,0.004993498782698397,0.2809159513419517,0.005213610274234181,0.2015452088704481,0.0048103559157620995,0.13428613816523158,0.003942210921360618,-0.013008907744541762,0.004690382108388177,-0.045705325995307425,0.004396809099917487,-0.07599757907740452,0.0036402636289385505,0.9769351601916344,0.0010090313961719222,0.04712016213063432,0.0021461453541187538,0.026051616965702122,0.0035165183318945047,0.013108626071128318,0.004119309240756384,-0.03450206697675818,0.0035175390876148066,-0.034240392414632885,0.004122793150736323,0.10077239913576998,0.0046746113160698625,-0.017615580531633184,0.006244518678826287,0.05296902237079334,0.0052116016323705905,-0.048115355940638774,0.004980162313139128,1.5024929598700676,0.00551214310834458,0.16375366499042535,0.009479481471242737
122,True,-495185.54206101154,44016,51151,6,4,0.006342943541574429,0.0035569998981534864,0.7693566903789338,0.0006144679718880219,0.15155953628358595,0.0014083734834647171,-0.02303611286888959,0.004358860360270427,0.08993259715849986,0.004064240568042864,0.009576370592552591,0.004078764555234999,0.008764124395002697,0.003587325676169474,-0.27641089025435644,0.0065046032927108775,0.10460326273685443,0.005564567976487542,-0.10067339834429741,0.006279928078795162,-0.019155115576675583,0.005123205505231735,0.3473500714206651,0.005329657964663162,0.17445994883773064,0.005833686360257781,-0.052220271865624696,0.004761944562558882,-0.11329347687676969,0.004994299606588476,1.2521833910910936,0.0014471720547865052,0.1701454833435181,0.003293560497983114,0.08851962468828647,0.004068967355861972,0.01680194876385272,0.00507186194350394,0.050913384889351286,0.003993046618162616,0.060414467601745785,0.005027372119257974,-0.40163699740668957,0.005474935347943053,0.35818245768979723,0.005069985229084795,0.2829280829147351,0.005213859309212519,0.19290589951646997,0.0048310865144310005,0.13964142793811618,0.003965349241296036,-0.01020236392480961,0.004819441921124297,-0.04732521905509092,0.004284628733605582,-0.07859972395804067,0.003733544396767495,0.9768513517891209,0.0010559008341599063,0.050654540064817656,0.0022715132802538576,0.027563970098741376,0.003700154495659889,0.01201418788458703,0.004058317356775933,-0.043290856340159646,0.0037032578174603747,-0.04304192956079416,0.004062961595871528,0.10993860669288735,0.004597847354030024,-0.02303788271151804,0.006102620230395282,0.05054400682999689,0.0052559564970082575,-0.05412140567414588,0.00499573097733042,1.499788576058766,0.0051117132783902175,0.16648358222772403,0.0094757686841824
123,True,-491123.431932847,43534,51061,2,0,-0.003592164283957165,0.0035741517840396433,0.7705813131967414,0.0006125099713330528,0.15128745335286095,0.0014149341294715095,-0.029636817899956404,0.004447096131519629,0.09582170613994165,0.004026988563832006,0.012480497847438484,0.004159713952148587,0.016474585533400657,0.003544332523938735,-0.26979754230588293,0.00654046736134302,0.10654078286490999,0.005543040818096595,-0.08747092557036018,0.006291620329692782,-0.004522731144653227,0.005123685041597843,0.3521873246533174,0.0052707955599854105,0.16893518594955526,0.005894108006470258,-0.05494297245922718,0.004692745363154228,-0.12194313018755101,0.005043746622359527,1.2502260324827634,0.001432450058021395,0.17158778280279352,0.0032873526810222042,0.09531387376820097,0.00403196231842461,0.0232762889337398,0.005063366861585394,0.051682887881629704,0.003939351899149522,0.05274505991554628,0.005028805759085398,-0.38987207567938936,0.005505870697734097,0.35424472365114684,0.005013971819652097,0.2909589749954183,0.005302976518318544,0.2020978039553068,0.004821910364215172,0.1345136902630535,0.003930035435171203,-0.020096250300755774,0.004734859573388533,-0.054639799221866396,0.00428708528905855,-0.07642450990726524,0.00377889625668946,0.9749994031774987,0.001003676873794046,0.04529484035032544,0.001955637621228117,0.02526798838868398,0.004154170107084098,0.01548482482670466,0.004255168976878025,-0.04056669031263461,0.004157242000336837,-0.05011478474524388,0.004258211466511519,0.09844771255524991,0.004574351836294963,-0.02341523506543629,0.006150333936102237,0.043880284479366725,0.004977398226202957,-0.05509627676432068,0.0047489227898257075,1.5085001769039104,0.00548854514314312,0.17062016354249543,0.010877634497942129
124,True,-497465.78536689864,43923,51541,3,5,-0.0031160384236915235,0.0035541059227076296,0.7694655438918606,0.0006080697603065843,0.15028248994967353,0.0013987060254655875,-0.017453802944179503,0.004386603716271784,0.09505966155001662,0.004095040975209209,0.005218628960435106,0.004097182400256541,0.012170569186633383,0.003626167384631693,-0.2666988173263681,0.00660188405698113,0.1167743606768052,0.005548708432609182,-0.0871983558797977,0.006373127607799559,-0.005799654299785654,0.005131436150039178,0.35819929692624675,0.005246140839051718,0.17441297118784407,0.005903612675453696,-0.05672230994400806,0.004641734988874051,-0.11576377613883376,0.0050813259981782165,1.2511755806147202,0.0014076389842809789,0.1709769040422581,0.0032605429791304485,0.09514762332400667,0.003944251787303797,0.014771279659715144,0.005134986048547269,0.05095063979036982,0.0038737171514644825,0.059787049888845256,0.005096202077416798,-0.38885980101388234,0.005533452667476494,0.35703305983037864,0.004985561681114238,0.28852138611084965,0.005249259502348281,0.2014831125411017,0.004823074062252135,0.13950480937370371,0.003958032635838988,-0.027047664924563373,0.004918895630890722,-0.05013016907315776,0.004310037271525463,-0.07763882797920983,0.0037428252449395725,0.973505676412219,0.0010190952217943305,0.046891982739191145,0.0019272115805330087,0.026633006519326482,0.0037886994775681755,0.01475888135343112,0.004018689770989002,-0.03633357579464891,0.0037902817183887213,-0.04503092103323307,0.0040231132974453705,0.09900356241444554,0.004699262229450573,-0.02429831936295523,0.006113635722169028,0.050074103113063276,0.0052222334677381015,-0.0581679046300761,0.004805875491133939,1.5043296438451503,0.0056894967901299776,0.17578267017260468,0.010089539726773553
125,True,-494670.0196600609,43909,51205,3,1,0.0015292539115175612,0.0035867749214797263,0.7713854214883153,0.0006042122356684221,0.14883662651433308,0.001383016512577523,-0.028228344038112266,0.004453208830661173,0.09789161460692736,0.004075306016618675,0.008461177558185007,0.004159318352464901,0.018712158114415234,0.0035833698922966817,-0.27114278103011974,0.006554807059221242,0.10990356549257378,0.005677946671675887,-0.09559551064012776,0.006346635387236271,-0.01320271365590671,0.005248735478339242,0.345020483879238,0.005415424901630212,0.17679562204709137,0.005854477102652549,-0.059323639625656295,0.00476325791819332,-0.10990927307862002,0.00504371980329442,1.2495750572826088,0.0014203002100670048,0.16817723144926378,0.0033446183297263232,0.09507795581048209,0.004143228980911209,0.031075423684845938,0.0051105454502849736,0.05209169673450381,0.004059326755416043,0.06033602741159264,0.005077182560873758,-0.3987672138976699,0.005517807012134716,0.3574701560798423,0.0050953079265406015,0.29073312646870175,0.005333975726338452,0.20234715133983827,0.0048982557524887,0.1447714124655702,0.003987776912330055,-0.021587873624432045,0.004847501663779566,-0.046848613372219024,0.004250247422238317,-0.080413285659867,0.003691344572928071,0.9763139343295612,0.000982441858888572,0.04790805554740497,0.001991838674795573,0.025999929456684237,0.003589851687266667,0.01688223262663151,0.00434658007389935,-0.043851693071270285,0.003592118425849918,-0.0389155426752223,0.004348641386522844,0.0903212012495395,0.004934876635409943,-0.034707865694989286,0.006105815943686309,0.05298924756332628,0.005562747066031256,-0.06507409353698514,0.005146086633443586,1.4899469531941847,0.006245794193795673,0.18693377977836476,0.011413052932683007
126,True,-492446.4265789683,43793,51148,5,5,0.005629425049026863,0.0035860330542347102,0.7700030189515864,0.0006054488003832681,0.14796131092755027,0.0013811349927990713,-0.030523241957018495,0.004431328102933606,0.09461191032010552,0.004117199573606375,0.0022665541425820625,0.004157566745294969,0.014543688657088761,0.0036014816519401903,-0.26473680742435535,0.006708669634362376,0.12435014706320499,0.005578472658478939,-0.08853284603639443,0.006461057744284945,-0.010930155081212669,0.005122738716592617,0.3504101754535916,0.005351642782426598,0.173821256794719,0.005941400633339613,-0.05262702227329317,0.004741161818969043,-0.11596638818672056,0.005068418452301663,1.251406404975331,0.001455809060564639,0.17043589974136028,0.0032576591455904386,0.09534192322087554,0.004013960401896977,0.024411219643376923,0.005173158070261124,0.04960994284140129,0.003936840383615071,0.055850586915319016,0.0051362860960537824,-0.4075548908986832,0.005488770657630032,0.3556811490774099,0.0051339784168394804,0.2880085377243939,0.005223339708109849,0.20238555065949668,0.004916339747385958,0.14373834287243753,0.003983710766572398,-0.013403392697742796,0.004786627486273013,-0.045767433537391856,0.004204493993284102,-0.07403045206121658,0.003725707022103745,0.9763965178072674,0.001008800193830539,0.04805032762444748,0.0021318752367650157,0.025267253199809044,0.0036518656420651842,0.01948981264004321,0.0045997208917994675,-0.04200422376041832,0.003655060808800799,-0.041493457228390346,0.0046062715944101724,0.10052737869717608,0.004739529147503728,-0.02545323609676659,0.00601539000987903,0.04955948520967491,0.005279008565734902,-0.057209836570538894,0.004787797599526575,1.5010795416101195,0.005043995432412296,0.1581831211192307,0.00896603805514408
127,True,-494754.7647292528,43593,51562,5,1,-0.00036743247491950677,0.003558651822498212,0.7695916267016418,0.0006066013500155565,0.14939177577307228,0.0013753111309683236,-0.03263946319425114,0.004425292748020512,0.09346588414360561,0.0040506073421174805,0.008584261445246946,0.004157840767449895,0.013691739170807115,0.003550890370388506,-0.2610848667474107,0.006783585334456696,0.11947957297458295,0.005590029168721994,-0.08325335539595159,0.006563496997978065,-0.0017389442880524188,0.005163149940003821,0.35152773622441796,0.005304843422571104,0.17267354529892517,0.005896466710282447,-0.05652649847947617,0.004746868582214004,-0.12877102094981824,0.005096131269159363,1.2531910713718248,0.0014360603986034448,0.17436032923874728,0.0033567768023490124,0.09283217690797708,0.003917773397969122,0.015619355250773924,0.00509598617973855,0.04259841150446896,0.003846305487130537,0.05187974026904374,0.005050236416379799,-0.4032085047552831,0.005457238661238897,0.34790226671299407,0.005022788379077203,0.2838818082394252,0.00516774678451003,0.2061414950660478,0.004841177428334697,0.1493230584492241,0.00402704344491255,-0.01583172574790237,0.004878853902095242,-0.04236418871485357,0.004245385336146965,-0.0755673173648532,0.0036680743321360586,0.9771348157605638,0.0009668118856172581,0.04632269312508367,0.0019202144802306191,0.030675884214337146,0.004310139631528626,0.00941538643831938,0.0038808783815239114,-0.03554379369298106,0.004315460554853833,-0.04658180917843795,0.003884941945382295,0.10064525493954794,0.0049225504138807495,-0.02533107536166968,0.006124130090052375,0.04977731851379303,0.005530722619946615,-0.057405873007039594,0.00490067446802945,1.5015278015189966,0.005389357161399988,0.16539029666241206,0.009607774043029274
128,True,-496947.57321999595,44341,51125,0,2,0.007862250906562078,0.0035642734911991813,0.7704156604620322,0.0005981348818413501,0.1474459773738488,0.0013604743454406903,-0.02859377368388143,0.004445937699944108,0.0938686251006948,0.004056226049197359,0.003544909993366282,0.0041562025888059375,0.015258196197305427,0.0035557211440787263,-0.2510783421912701,0.006664538811547819,0.11896184882745518,0.005375026960442117,-0.09430476030514559,0.006418736800679602,-0.008614112279552857,0.004950763050627783,0.3603202532531253,0.0051748875177071154,0.1607480038095932,0.0059896173990142835,-0.06443204954768844,0.004577726744594236,-0.11001296863385164,0.005122980526035741,1.250600357220258,0.0014501166717523217,0.17597989415718462,0.0034079102003309186,0.09763693063998034,0.003952806462141094,0.020006750543455708,0.0051722168912216255,0.048536500067271,0.00386896875715379,0.05095028473836732,0.005126859210968625,-0.39039437943275535,0.005579703809265558,0.36717029633410037,0.005026790033767825,0.28904385680559586,0.0052831963222473854,0.19713696624094498,0.004827434732787962,0.1485923277418287,0.004025815046798391,-0.020154255364037123,0.005001125080618561,-0.045370503797533046,0.0043217004071889,-0.0800798847204619,0.0036927322848414757,0.9754331511644391,0.0010941733918718999,0.05225288780542511,0.00211713636478773,0.02298310144191132,0.003531090448052507,0.014850253116753006,0.004290432951951518,-0.04257805116842075,0.003533173557718373,-0.0399391734195395,0.00429581658605973,0.10202577087293237,0.004899800391381538,-0.032507649885945185,0.005917496034628325,0.04186403032727685,0.005298282735789326,-0.058584753689864676,0.004447868429004664,1.4950408533991937,0.005130568307369687,0.16440687970288745,0.009352811752133872
129,True,-495355.39515994396,43728,51493,6,2,-0.004376664374933832,0.0035711070952803656,0.7690953927262045,0.0006111967736519008,0.15007326555180528,0.0013928827726609055,-0.024742029279997562,0.00441329778166674,0.09423797845136234,0.004061260232446836,0.009509735650720485,0.004130104346354103,0.008719984506658535,0.0035823433650732806,-0.27580276762365763,0.006648386119519466,0.11213717036975841,0.00557406389490148,-0.07400058648001222,0.006403935676608671,-0.0053710745540664585,0.005154369615958499,0.3550018453527479,0.005358838291483823,0.17176367229909487,0.005883647839512986,-0.05357339401555269,0.00476836863728976,-0.12945786504047865,0.005051804634529615,1.2522772599428544,0.0014470975381963846,0.17386524748239873,0.0032978427263292837,0.10110601731654713,0.0039160938056986856,0.014412957925062425,0.005155766214757894,0.05242166428396286,0.0038347014864999933,0.0492001183618959,0.005116366576428008,-0.404968221715501,0.005585192402928668,0.35623068793712104,0.005095352031549361,0.28604606799958227,0.005318606881336738,0.21395221969110526,0.004926017599626922,0.13759998298605147,0.0039656500104659565,-0.013601337612181122,0.004851842583145506,-0.053029045712296455,0.00430900584028772,-0.07658977146406669,0.0037404827986298136,0.9757398529981759,0.0010842655644446864,0.049642970778537736,0.0021285241099083183,0.02451483635177135,0.003241216215736969,0.02787143938085424,0.004124078864481153,-0.042686258606936256,0.0032416048278746537,-0.04052411557134879,0.004128804508055684,0.09720772434930193,0.0045695379350138435,-0.016925618453049067,0.006229930744478987,0.051234178227784186,0.00513005034956495,-0.05588189923214147,0.004914105763866717,1.507275123651346,0.006304892907981086,0.19324362726523084,0.012062712168127987
130,True,-495665.58046941226,44125,51161,3,4,0.00593460716232663,0.0035737958064686903,0.770479144230715,0.0006108264018738208,0.15011874673871908,0.0013925573805002034,-0.027662508878145593,0.0044511006772743065,0.09832550575375663,0.004065283820478682,0.009900590250276776,0.004169582500939421,0.014882945914799288,0.003574515251248153,-0.2669603110137227,0.006629831740253055,0.11540248054025708,0.005573863702814469,-0.10057038515134639,0.006422280347004669,-0.012271630006654584,0.0051340159601688555,0.3496414809026806,0.005246860950597626,0.16949635405078184,0.005882320059301333,-0.057805796472412976,0.004677690305640719,-0.11093309871197649,0.0050471968824871314,1.2504080529471149,0.0014084254932571483,0.16705472365049542,0.003260070632739767,0.09452922286370802,0.00398866795156056,0.019080028397262302,0.005014858017242701,0.0473009544893653,0.003919287139671018,0.062336950357461195,0.004973004951295353,-0.410595309174308,0.005464023013565879,0.35267531701624255,0.005098160032773634,0.27821856056174177,0.005162198912351832,0.20145027757065723,0.004889361479113054,0.14623434793867413,0.00392561807747091,-0.01096488342102389,0.004894058368176792,-0.04595581385978486,0.004180527057625136,-0.07572174015093507,0.0036731005163760703,0.9764563222007175,0.0010092431320400386,0.04744930755117418,0.0019834961823265336,0.022991779256077805,0.0036791086112828455,0.02244477606688246,0.004422262679056211,-0.04045250461856284,0.0036816817995529902,-0.04238770743533781,0.004426872238213147,0.09943882302538441,0.004565005506513955,-0.015102502598805172,0.006226792242963581,0.05464703863388969,0.005139600986126161,-0.0492166789671521,0.005157000991256481,1.5127945974704462,0.005603616529129218,0.17115429452124303,0.010776046794815322
131,True,-497943.05602138827,44088,51481,3,3,-0.003746980628798024,0.003531908547686954,0.7708166113164326,0.0006042160109760997,0.14934325489695952,0.0013715075130968923,-0.030440716517086675,0.004429206582859237,0.10019634191360358,0.004043473139647087,0.014039861915315753,0.00415985580821974,0.015712815720926823,0.003544736020610626,-0.2634985895269137,0.006512477617997076,0.1140392562026197,0.005511945757757641,-0.08803512164040421,0.006292290201403614,-0.000738705352123498,0.00510780111771064,0.3560315590261498,0.005144208182949211,0.16582175956982664,0.00588735989733263,-0.05663866980196948,0.004603295383485877,-0.11967475042758262,0.005045320866448453,1.2493981137774137,0.0014346929380406603,0.17194803762710514,0.003209624987464882,0.0921721206800684,0.0038932410735296463,0.017524761519772624,0.0051319343142349405,0.051907217936545194,0.0038216241322043304,0.04737860033205196,0.0050937031008181175,-0.39235263036757184,0.005550175301940436,0.3555117682123524,0.00498485521485567,0.2853488521082204,0.0052677170329369525,0.19552474133431585,0.004792560573946701,0.14527394703599314,0.003893504195617717,-0.01887053911876545,0.004920220901501079,-0.048278083350142144,0.004167228426963767,-0.07672396022597966,0.0036893731868511484,0.9769326237476835,0.001057308715352756,0.051925349111323536,0.002184252753999045,0.027719648500433985,0.0035718511304899917,0.01163136118306233,0.004324057570086469,-0.04073874066454595,0.0035743500818517927,-0.03762923367595239,0.004326436296055943,0.0950831597711737,0.004648957222708509,-0.023945711458074306,0.006115117019658483,0.04687324807632625,0.0052598108720421305,-0.053599260035109855,0.004732242449657591,1.5077475345469498,0.005748565123006366,0.1678108459925029,0.009943411910943056
132,True,-494304.73553166306,43874,51137,3,1,0.008228972487925286,0.0035936753918904382,0.7688844622094609,0.0006066154537556767,0.14760651847285103,0.0013750756096533728,-0.019925204202099894,0.004418167287973877,0.0876294301610963,0.004146373888569064,0.0031038949589073635,0.004128209641859259,0.01416286649620195,0.003662456144556167,-0.27198023030295965,0.006754081966413869,0.1172181226570102,0.005642779399602319,-0.0956266450917503,0.006520470460957796,-0.016281755933342877,0.005196010641558107,0.353678794476038,0.0053524312997739075,0.1709801995758018,0.0060050361820023915,-0.059260380761211595,0.004730335747313656,-0.11355399042780077,0.0051327147189543666,1.2474727515817694,0.001433533700317402,0.16767048505813512,0.0031754961972609574,0.093264882108211,0.004133339546589801,0.030447586422846732,0.005029760428912717,0.04434249881452581,0.004047328777074679,0.06269404308427981,0.004991579105529252,-0.40890946289265195,0.005575595150375729,0.3606366338298069,0.005135456739804807,0.2855526278306637,0.005246538580418063,0.20117425969095848,0.004910191840624037,0.15087863287875264,0.004079802234680817,-0.015702193448064658,0.004996762971674499,-0.04563252200933681,0.004402725899512676,-0.07768668858755595,0.0037023939252248676,0.9767186563417397,0.001045033616367319,0.049344994044928356,0.001999723324841489,0.02463501859650334,0.0035800011612254217,0.018965902990542335,0.004156791137291238,-0.039538707107643234,0.003582065063170925,-0.04393608278476731,0.004163606618906772,0.11006119007233645,0.004790047726423704,-0.02959520122746926,0.006212755179500244,0.045934361740852116,0.00526347826140717,-0.05516747280118248,0.004779019760186236,1.4935942958822794,0.005036566511461449,0.16376207180018063,0.009263985319218182
133,True,-498468.7758450571,44256,51529,10,3,0.002867236655985971,0.0035731802245972818,0.7703226558026477,0.0006047865188159585,0.1483226305565621,0.001370343355345513,-0.033116670763505704,0.004398662926425087,0.09089798104306299,0.0040780951064144375,0.009699917633385685,0.004122940913708478,0.010501412018605978,0.003571233573022091,-0.255922218349838,0.006719829150306422,0.11682392024151117,0.005477630914082352,-0.099402116481954,0.006470131590179068,-0.005854846944327057,0.005035220087968006,0.3620412800299877,0.005311795236289675,0.1733938067298146,0.005993939294906864,-0.057700155002126205,0.004711315137953878,-0.11671086214948094,0.00513712261843119,1.2505453039949668,0.0014264383056123986,0.1751353775653592,0.0033289547510772233,0.09930158210546383,0.003995062260199605,0.021546042793903854,0.0051580990426703345,0.04875371088947344,0.0039028037167857356,0.05309916229438585,0.00510855917157998,-0.40511138888662834,0.005519485239146663,0.3557222375805205,0.005064581242543664,0.2829993852677096,0.005236317154713829,0.2030664283642817,0.004860581472904226,0.13786457405797184,0.003992772488355093,-0.019803097945232235,0.004834333716046826,-0.04932335963592424,0.004252577246344348,-0.07278513934016491,0.003696059800257059,0.9752403126139142,0.001054552385840346,0.049412359502367935,0.002249410888066003,0.024541123524131753,0.0034066301583611314,0.017908542706940228,0.004370543743569101,-0.0409833995528132,0.003409445667853384,-0.03634870060157325,0.0043736309361645225,0.11089993219066868,0.004754606175157138,-0.019661059319901864,0.006281713884806743,0.04971836395629549,0.005275859754316239,-0.05325890273927811,0.0049126565188616165,1.5066759100501612,0.005296843733314294,0.17028612413207966,0.00951287550946174
134,True,-495783.20989548333,44085,51178,3,5,0.006469162766433959,0.0035881729027311764,0.76986420343564,0.0006061249744538921,0.14784767415247813,0.0013719946597029326,-0.02468288824332625,0.004435533787278116,0.09360413673149169,0.004118391055270842,0.0054390350180845365,0.004145115401291737,0.007294100050558485,0.003623871707064971,-0.2708712373044146,0.006725206369211821,0.11611091237594226,0.005611773088579603,-0.08879644496692204,0.0064835875833078324,-0.009638992004867768,0.005174428384644894,0.3520630790912448,0.005420714935527172,0.17705402447498333,0.005941804908533823,-0.048448888600967355,0.004808076887792559,-0.11742098934194987,0.005065673111144201,1.2510780101183872,0.0014500472578047319,0.17084808251628233,0.0032616264577256804,0.09831823670092565,0.0040092399392242465,0.01984774668173958,0.005180181986642586,0.05140050201492392,0.003926760388795932,0.05528750849735364,0.005156086834839324,-0.40986277568491664,0.005492391940461508,0.36192427051584425,0.00512758327467557,0.2903159524490522,0.005236456346760506,0.2011581647514772,0.004922208188397778,0.14630602909445659,0.003955307691236843,-0.015842598386866368,0.00483245477879459,-0.04529821759906565,0.004249537630164344,-0.07902353844735688,0.003746314348749181,0.9773864785660419,0.000986807883919083,0.04771200210130615,0.001988493772472965,0.023908995899117852,0.0034808996285790573,0.01050683556467102,0.004053043407372792,-0.0404644539732729,0.003484495947786278,-0.03701285438518651,0.004056840324164528,0.09374866000516222,0.004708595678862217,-0.024558260065034872,0.00581544913348285,0.0552198962795514,0.005214411463422083,-0.06163664767126815,0.004872090676133627,1.500749874472794,0.005235355959591681,0.17261607814039184,0.010507035698168049
135,True,-496593.4098102283,44088,51323,4,2,0.0033107342284380502,0.0035496982317923826,0.7695392860437696,0.0006130000054044293,0.15109069235682718,0.0013912220710005918,-0.02456393457222726,0.004369469087949584,0.08854737469774253,0.004064599748950262,0.007182871618213355,0.0040891950961258776,0.01022379171081222,0.0035887544510772905,-0.2739504857889671,0.006619978365310899,0.11550237990570517,0.005604800013543909,-0.09489965795607434,0.006409114798842816,-0.009874012214763719,0.005192155986908478,0.35514163269593746,0.0052771059250283706,0.17152094544444593,0.005912378772544015,-0.056596382634947456,0.004718729735389346,-0.1172481729240332,0.00507867526543122,1.250255321192753,0.0014628484323395696,0.1735192088726305,0.003283502479949102,0.0900520082250955,0.003952992818499528,0.01519840020336772,0.005138646706273143,0.04705639674150198,0.003888448783277213,0.05158898739616361,0.005098773361138411,-0.4040792911209233,0.005434124859511697,0.35124747431414105,0.005047540086169915,0.2793590795660041,0.005128619666066507,0.19731544306005896,0.004850769699360176,0.1427664820964379,0.003900938692917737,-0.016047227504190725,0.004823798421653528,-0.049674989727519415,0.004214248105245479,-0.07698405613018126,0.003657520491028156,0.976606691921822,0.0009996613860027703,0.04889590376005515,0.0020723075881654736,0.023176246730461737,0.003767258843803728,0.015641872498398587,0.004409492092751817,-0.03759396616748096,0.003767578725002007,-0.039019797715815645,0.004413838464399852,0.09775868190494448,0.004707203543068997,-0.021126947147886477,0.0060527569165739845,0.04366369536783651,0.005391183393129926,-0.054135911886972615,0.0046536433686170135,1.5030069258296046,0.005364998787066533,0.16519545467726499,0.010273169418781425
136,True,-497795.1132890186,44120,51635,1,1,-0.001457117965582021,0.0035719420447020782,0.7708263988525316,0.0006044916090423569,0.1485987846838616,0.001387314910592588,-0.02863800020559129,0.004449133578936438,0.0960215488989213,0.004082670914879359,0.014564573105922,0.004162565859014472,0.014420477610029394,0.003583131376945836,-0.27840664738953813,0.0064806226812104215,0.11129393514191097,0.005562383709957108,-0.08650262812808979,0.006239633122470768,-0.011277364805565463,0.00513709936299028,0.3565169952390779,0.00534754771026843,0.17099580905720838,0.005853515523465169,-0.05011720874095052,0.00474981948056519,-0.12601909485785234,0.005024699149631494,1.2482443103999306,0.0014739617871414312,0.17837570460065785,0.003458259250982504,0.10203471996836254,0.003971525814361498,0.010239690503680206,0.00518210277090785,0.05332942854837751,0.0038866408032928587,0.052007849922156645,0.005140652833385735,-0.405244585851171,0.005446594338098661,0.35321146743928866,0.005079291923303254,0.28858617242933193,0.005151131993521977,0.20532524844523006,0.0048808598906826045,0.13857172247142288,0.003868741964085006,-0.017647561982407963,0.0048771829603031685,-0.04974027359133044,0.0041637407005963335,-0.07435804950018149,0.003679194940763292,0.9745805035290072,0.0010008362162576834,0.04546471712024226,0.0019063180065113684,0.025738140143270586,0.0040316205723859655,0.01790053962025217,0.0037675111718626217,-0.033033094484350406,0.004034988757398923,-0.048318610452355394,0.0037713392335681595,0.10581691086719151,0.004547497892906051,-0.022809524112547296,0.005930539075017289,0.04996473467200184,0.005006654478973449,-0.058047696211742134,0.004690756454608298,1.5051198073986818,0.005052992224901742,0.17099039058160467,0.009751847660528362
137,True,-494603.11445777444,43795,51324,3,2,-0.001541297068654928,0.003573857974416842,0.7716090994522381,0.0006021134917166271,0.1475212621228122,0.0013689282020130783,-0.0275813071690892,0.004473047173299975,0.09403854544845172,0.004072238495459185,0.013316008625349193,0.004172689018055494,0.014929538654944459,0.0035751756952678722,-0.26255518435955544,0.0064854227196349005,0.1082101199877663,0.0056036372783062885,-0.10176511495982692,0.00629189387690066,-0.009589426671430302,0.005196418517472675,0.3551672075094308,0.0053083525762510535,0.17446523508470205,0.0059755152353380475,-0.05169959057523398,0.004708081158879531,-0.11355771300779163,0.005115809903455001,1.2520423442197395,0.0014605222732395617,0.17320201508119412,0.0033094065446580695,0.09608111330162528,0.004005426181081088,0.021898810585472665,0.005023368833131649,0.049594468375879386,0.003933745068055465,0.05360424720908896,0.004974908110100279,-0.4009448244473539,0.0055066137462459015,0.356845466341884,0.005061821581339232,0.2868137011530915,0.00522005352076424,0.19000617435940434,0.004847885813084722,0.14805939383752256,0.004124730429291121,-0.014230248693061255,0.004903056359081787,-0.03975067922777036,0.00444080813822371,-0.08159767770071634,0.003680110118463021,0.9766540957038318,0.0010158790024101805,0.047241389344731176,0.0019348566766469733,0.026204707706424416,0.0034966443375133685,0.014577934339387455,0.00418942147210552,-0.04328864613156848,0.0034985738034517726,-0.04200371501506259,0.004193535279623291,0.10173270744079331,0.0046471845440895125,-0.02584061579952352,0.006079640789889744,0.044183656536111934,0.005385552697694857,-0.05837045720432698,0.004795608770827359,1.4991830850016192,0.005400707878884692,0.1652119895532996,0.009342853456917724
138,True,-494665.0885907805,43603,51537,4,0,-0.007034315175492572,0.0035812824409146215,0.7711032303295396,0.0006004762023803512,0.1472909651737405,0.0013746674785341945,-0.030923562214047826,0.004525816614606003,0.10224048548218488,0.004088084221859745,0.01034835969303899,0.004236646399620331,0.009857373232034252,0.003578881869513558,-0.25646901108000725,0.00665404712324348,0.12263762514664464,0.005467424832803662,-0.0847098373362982,0.006441707747626568,-0.0039817954325238785,0.005029517910295627,0.362120213414836,0.005110702582772186,0.1615443508265914,0.006017932710407925,-0.05970574306983114,0.004586038622968863,-0.11574241189332808,0.005165538695524701,1.2504111551586756,0.0013759237010882996,0.1670678879633361,0.003215430538377917,0.099006887293334,0.003937033550232478,0.01392073310838069,0.005166956947257639,0.05112833551659092,0.003868076940088787,0.052458039250047085,0.0051313158881753146,-0.40260333096756473,0.005511441426873278,0.3674192392560688,0.005094010345673519,0.28657229902092496,0.005268424058077624,0.20241048004569479,0.004869187905849417,0.14068669777603574,0.0040883568410702105,-0.007184713019472389,0.004907887785384695,-0.037377968507324145,0.004413396969472148,-0.07814376356303326,0.0036547189092330256,0.978481878723674,0.0010010873322893743,0.0443825946168387,0.0019284029429815878,0.034149570423507164,0.003596109963108528,0.019058838676810595,0.0042775258411427534,-0.04129584953958966,0.003596162612845494,-0.03522728718873463,0.004280782861785297,0.10310372866212619,0.004738611647871824,-0.021922725102802194,0.005889760254868023,0.05222845994455347,0.005385387308640933,-0.058051780017258664,0.004882076295930369,1.5060854508132557,0.005129751746258737,0.16835750640374628,0.009868885083143666
139,True,-490411.30558543967,43408,51012,7,0,0.005765589806854763,0.0035868903071176596,0.769233036449773,0.000606149030018599,0.14821685421576897,0.001379042527310484,-0.02867340743803955,0.004489090907156999,0.09249292403743152,0.004049875220017521,0.001197775778938858,0.004200502021214228,0.01184700608948694,0.0035594739141072795,-0.2688041115535273,0.006612358430653572,0.11396940594566768,0.005599255760867777,-0.08829740484716501,0.006364427523187205,-0.010461585919467532,0.0051630827891717005,0.35328860409256524,0.005319651869225793,0.17160822396537456,0.005935736217510002,-0.05296001972853693,0.004754537759282807,-0.12368393745935449,0.00508520893630291,1.2522220943896158,0.0014311861759429556,0.1707707796822139,0.0032615504813730267,0.10027796795872444,0.003975963121657827,0.01616591729698221,0.0051852348707950415,0.05232119908946987,0.003896726146603816,0.058397602606020456,0.005133882337592885,-0.405563654280265,0.0055010748498667255,0.3560645610654856,0.005103682310509164,0.28284661270785927,0.005214577936423376,0.19836246411870986,0.00489380912932821,0.14614892935684756,0.004019066985666201,-0.009959551321044577,0.004866131025035008,-0.04507165576018785,0.004324309722869171,-0.07682082095672495,0.00364283392368205,0.9768898738706376,0.0009536542307376217,0.04476961290144325,0.0018629116927192622,0.027088148767913645,0.0036602416638524165,0.012587406503879956,0.004512921321554398,-0.03950172253589638,0.003662244464849518,-0.03291149264992647,0.004517547243829128,0.10250383195402983,0.004595692735563184,-0.015822143972460987,0.006255238715396442,0.05513592360761752,0.0049632481056779785,-0.04825731617217943,0.0049471586951505735,1.5048338755683184,0.00566276731455817,0.17772306927293713,0.010810381456230672
140,True,-497067.2370170016,44179,51509,5,2,0.0037779139777687387,0.003573294348891719,0.7704506546229917,0.0006149228754975811,0.15057978401348063,0.0013966997772291573,-0.026072424470079042,0.004416102336337021,0.09328363474841048,0.0040659697319374,0.005337522341409772,0.004132259129627927,0.01320163766419591,0.0035832466713472738,-0.2679545749790459,0.0065359890377539665,0.11421049431925225,0.005627846582599066,-0.09935070215003912,0.006314437224480663,-0.013019119271474831,0.0051971666026198095,0.35789245965943184,0.005309243963296216,0.1740210364477076,0.00597753907705577,-0.05730898498462224,0.004632282131068262,-0.10223724754034305,0.005113573852925636,1.2518976598933367,0.0014488105305712207,0.17441274801178416,0.003361712982436954,0.09540111612331065,0.004030393913854712,0.01915413303742926,0.005118185988513546,0.045488825320309095,0.003952068198433341,0.05512071030396757,0.005073545212005294,-0.4038816819364104,0.005565059749720674,0.3607167112697704,0.005071987593359892,0.28277638405102123,0.005250794729843135,0.19609158825639572,0.0048798514566946085,0.1550630324498821,0.004040926552611947,-0.018067070646082744,0.005052220902199383,-0.043239182452397565,0.004297887144325017,-0.07460567941405333,0.003696903870804913,0.9758191805288902,0.001028264209906704,0.04937928851263856,0.0020043461871943405,0.030197926907590628,0.0036446899780715296,0.01661658041100076,0.004118330905012889,-0.04100045438206513,0.003649057990222995,-0.04187307140207888,0.004121718225402653,0.09555532437080738,0.004707174755142761,-0.02700380812044075,0.005876372454599779,0.055460842347747584,0.0051790669661573325,-0.05645980163033596,0.00486127407191071,1.5056626388384338,0.0050862291571608376,0.1677432020566759,0.010355254068567965
141,True,-495842.03211363335,43742,51593,2,6,-0.001543649283922776,0.0035792151562232836,0.7699375133623996,0.0006126307989310908,0.14993259465180345,0.0013896798077471517,-0.017764480773926054,0.004418133057319801,0.09250744683634327,0.004101045802946899,0.008240273247233332,0.004117333958649727,0.010010226951662263,0.0036332448939109716,-0.277463969690061,0.006518079474770239,0.11513898170537935,0.005590905566571713,-0.08746345760407956,0.006334210035976809,-0.00737459538223212,0.005179497312813025,0.3505169477719657,0.005273055773786914,0.17175596951597952,0.005849048885355826,-0.062319303096429544,0.004765437634823611,-0.11943679043919174,0.004994247109844578,1.2494338152858804,0.0014830864298797097,0.17392894594315433,0.00328185746244794,0.09152435156274187,0.003926268737568076,0.013733889141501657,0.005120933028175276,0.05140683087717654,0.003863616302508699,0.05033627579012088,0.005081813351832826,-0.4004695018509353,0.00555193326331116,0.35524828035411465,0.005056457974788108,0.29094608605949884,0.005326307442150925,0.2052082680493184,0.004882125479769773,0.13916925789753784,0.003909036257749391,-0.012701941003947888,0.004928400937052516,-0.048772697915187645,0.004221003984378905,-0.07505102644383237,0.003676804979649442,0.9759689574739829,0.0010215119026245056,0.04727922441394095,0.002057861207625234,0.025407951153339957,0.003533571137791819,0.01614757509035559,0.0041420822489048725,-0.04004532643638568,0.0035353765074139713,-0.03975649466027363,0.004145498346564955,0.09665789107954706,0.00470143796920863,-0.028247252688709836,0.00600252955246665,0.05192861919273698,0.005468560248634847,-0.05997956299402511,0.004973992122491593,1.5012165837374294,0.0054876799112156815,0.16564131215353492,0.009366880996738186
142,True,-496827.15190284397,44006,51418,1,2,-0.0018558105826663755,0.0035551476229449307,0.7697850669753371,0.0006035040190267016,0.14896181802376582,0.0013752697728343921,-0.028092515729968227,0.0044514327658915845,0.08672511767883347,0.004019852164361657,0.00550407762351678,0.0041528023769561466,0.025217870653709815,0.003546097448051471,-0.2608207100041686,0.006639568032420467,0.12145458569875987,0.005454716922573047,-0.08176233810910205,0.006429239972843229,0.0009923523008794457,0.00503156099570897,0.34701139109346446,0.005233210124404298,0.16685458078186965,0.00583805641154693,-0.04837837252561222,0.004745693244642975,-0.13056221561491918,0.005030924015111679,1.2507922987951692,0.001416562697727941,0.16949237632662534,0.003321151344963344,0.08984367540269618,0.0038701757673656623,0.011576707273769143,0.005189050843341289,0.05834784669851705,0.0038037561446125747,0.045778202375702286,0.005168275258137889,-0.39950682215979844,0.005490202332924156,0.3659015074459947,0.005035234726523164,0.28379245765690814,0.00518369001185889,0.19606568868090832,0.004816549048618823,0.1471874316770504,0.003936879575294825,-0.013546785031950411,0.005003141150702011,-0.039153469286060755,0.004138147829603615,-0.0738549418861663,0.00360277988030513,0.9770254940909634,0.001025868075584191,0.04863269611068505,0.002020925556271827,0.0326075682048595,0.0035002095261902197,0.008873894048080491,0.004215657389824513,-0.03808888251310152,0.0035032807344752537,-0.037448038454754855,0.004219624642436642,0.09762688891109547,0.0047085685216601576,-0.0234385433908964,0.005867653829815066,0.05194703746950752,0.0052325334839224535,-0.05254065511352044,0.0047285980960016915,1.5095772895488213,0.005145124093145159,0.16386681860759048,0.0099271293826452
143,True,-496156.9121580394,44064,51357,5,4,0.007355432794783892,0.0035747936311531893,0.7717372394814277,0.0006117390456142346,0.15031362078619118,0.0014009522388731405,-0.02999585133322748,0.0044372093920527255,0.10462768571266559,0.004103682040678363,0.0037947399588125446,0.004163372877301514,0.009079216505430095,0.0035918412732447794,-0.26922319744589,0.006524985986507769,0.1129499321423691,0.005513351663141222,-0.09128309885896695,0.00628790178255768,-0.009777347013948485,0.005062414763119683,0.3564837292317362,0.005171740307349354,0.16596185318663711,0.00593867705240725,-0.05590331052381555,0.004616015961697955,-0.12069106995033342,0.005075868888911138,1.2487116568227072,0.0013806279154429113,0.16529346359089042,0.003114575419184959,0.0907646211580921,0.004056504494367306,0.026021815548277823,0.004960588260787184,0.04744099144747191,0.003969407702328252,0.054266719008124686,0.004928288824183097,-0.39576807674061176,0.0055385067053578445,0.3636374818689937,0.005040986278009024,0.2940163478437368,0.005334766707086916,0.1994471402257651,0.0048377939182167404,0.14546558280622393,0.003974399757135095,-0.01695845551701891,0.00484472819383307,-0.0484737237669646,0.004226526613606766,-0.08098659518496217,0.003679116726435804,0.9765568457032464,0.0010050330855181366,0.048718035589621164,0.0019950853125895694,0.033558942867337245,0.0039765072444347205,0.00938007279483748,0.004269705399666406,-0.03971058143537475,0.003978586589592177,-0.039163124143721674,0.004271243881513198,0.09933469525784258,0.0045728454244458785,-0.021896113833411463,0.005836673164655202,0.05566892230232035,0.005026328331365821,-0.05641271683721188,0.0048926462184416585,1.506319657503765,0.004931589836676742,0.16275660134113798,0.009840176065214284
144,True,-494559.74887642264,43390,51797,3,3,-0.0075617504221625245,0.0035681146252054324,0.7700401702225482,0.0006061981958471185,0.14896967068143513,0.001387647394582664,-0.033557007034483895,0.004442647717562847,0.09074818936106223,0.004051002242536726,0.012904761877704118,0.004162235767084727,0.01208052313099465,0.0035463921705136546,-0.26585827811833973,0.006593840192088693,0.11982929691559879,0.005516837231237614,-0.0847062395773411,0.006399422208735502,-0.005646297911237281,0.005093095513785135,0.3476656450788437,0.005322293918404953,0.17634402130216695,0.005856734830897169,-0.05365806010385543,0.0048084073518913925,-0.12669289162833253,0.005039605262500945,1.2516853125349072,0.0014444228237392442,0.1689906058505278,0.003183173014290941,0.09671142404462935,0.0039853813997294445,0.02039146420758363,0.005001116185202001,0.051963169542571866,0.00391638327550641,0.061744456312841416,0.004969993281944644,-0.4064350451774465,0.00551175786014484,0.3597527223165539,0.005072617903957398,0.2867899196300073,0.00526733485613812,0.20244789418080536,0.004866812178037691,0.1432606750926307,0.004059735059057486,-0.011397014544266717,0.004864261144306542,-0.046088925182695334,0.004436286986988658,-0.07591559518378196,0.003669436420171639,0.9771581615751855,0.0010465013106167875,0.04901321843429447,0.002087006721055995,0.023891701263113012,0.004072251234850596,0.012060807303204243,0.0036989325753496592,-0.03193088463494857,0.004075397704277292,-0.04831033528362635,0.003701797243107182,0.09970769460540276,0.00447208907104853,-0.013899199568663718,0.006118473519418612,0.06343191687931454,0.004989656537274461,-0.04716000784274869,0.005444836584011119,1.5157733749563678,0.00571380263299015,0.17005834906804684,0.00986837536615974
145,True,-495266.5834530906,43764,51421,7,5,0.00024921257690843076,0.003572289091434971,0.7712367911551745,0.0005944518471637794,0.14737796860811012,0.0013756492882635724,-0.03136784182536709,0.004440595267589162,0.0987273974435532,0.004054566400406204,0.0038616024193113864,0.004142928800899531,0.014132732249387693,0.003547388813310703,-0.2639375154991464,0.00644128506905428,0.11240305146881933,0.005473402575047811,-0.0865746577920959,0.006187336381866674,-0.00690266304913644,0.005029500989004173,0.347868410719347,0.005311751886989285,0.17750813340245736,0.005838296362200205,-0.04727520569668994,0.004670230500328717,-0.1150341027733514,0.005005336735309308,1.251374953295851,0.0014363562441560562,0.17149331801730797,0.003328252881716856,0.09690175803921812,0.004079076339748901,0.030751658717118557,0.005055119827591572,0.04857668681771675,0.003981132057761671,0.05525698376512541,0.005007504086491281,-0.39814989429883896,0.0054917964429910095,0.3551142857544534,0.005033669765039183,0.2931003937366261,0.0052776463534450644,0.2004648204279584,0.004854938756122964,0.13671542633371392,0.003933080719476703,-0.017483234116268002,0.0047469165324827475,-0.04179510761275088,0.004311254279821528,-0.0823176848766829,0.0036805162033862458,0.9761360158851609,0.0009614604676508876,0.04554038293431793,0.001971732299482918,0.02139158487437695,0.003675765705543268,0.015755066869229825,0.004465382098349213,-0.03728566522544053,0.003678476898913047,-0.039772057535698166,0.004467812630318914,0.10301912193308031,0.004549298478986416,-0.01845899109901135,0.006262989719941226,0.050333948781542785,0.005001977480808671,-0.05482168275823976,0.004844328050483375,1.5048703025904742,0.005560563802442742,0.17405083757535822,0.01021976014039673
146,True,-493013.39531598403,43578,51260,1,2,-0.003723864797256933,0.0035576164915598267,0.7707018926843399,0.0006148569407961046,0.1508334362700127,0.0013961186590400326,-0.03138692398665514,0.004386789603469066,0.0960952140813741,0.004107567160462877,0.013484298828975413,0.004121665805638487,0.013432679649941328,0.0036009968291892875,-0.2624471022163129,0.006617265810543177,0.10928426521855356,0.005492048061249188,-0.0904875262488795,0.006380689250665596,-0.007182939840535008,0.005067472792576381,0.35710634544657355,0.0052365685326745,0.16735661163950089,0.005955770385728912,-0.05717542383400499,0.0046727861611610515,-0.11699954004528919,0.005090472033897284,1.2510752407515544,0.001391563624546177,0.1665453615951085,0.0031611465511447584,0.09749112455797088,0.0039788434995026425,0.01886905231051569,0.005103092452256188,0.05211529269821377,0.003898719151936925,0.052379850707365984,0.005069115038048909,-0.403174294363323,0.00547851943028606,0.3598336387879316,0.005087525274308008,0.2861728562002633,0.005226245029729127,0.20192433430496023,0.004859516927203595,0.13951970873613653,0.0039479137868371735,-0.011656559343244006,0.004876839869246337,-0.03991983174496074,0.004294754772691443,-0.07748386359329174,0.0036895781170739167,0.9769836982641141,0.0010512588282375335,0.04673535517619564,0.001967893935150438,0.024974878562119458,0.003478606697359721,0.022512099278002413,0.004385847565451541,-0.04327038475977726,0.003480333357532593,-0.040008753663361846,0.004388988574899626,0.101909447653467,0.004702200780320107,-0.02019821299188599,0.005903500470970053,0.05165634247846266,0.005320102809082171,-0.05793453329106061,0.004803823888266699,1.4963347268189218,0.005435144113804191,0.17699130093739024,0.01039377454233964
147,True,-494418.78119071596,44053,51135,1,5,0.008583516213651233,0.0035877572514999632,0.7706812778963362,0.000604622852947323,0.14840365337039949,0.0013867148274398777,-0.029072433586978298,0.004471826578085273,0.09327267294080395,0.0040767033944909895,0.0031748612211327555,0.0041788874657841465,0.01917913885034947,0.0035816901209972762,-0.27211930789496225,0.006618011001859816,0.11656381998460728,0.005579418946888644,-0.0917923445906328,0.006412836909592998,-0.01589621881718246,0.005160079183286238,0.3542008251126541,0.005277757492333005,0.1667320280852104,0.005913748815464605,-0.0521015505407905,0.004734309753105937,-0.12086901151670255,0.005078631995678628,1.2511225790049745,0.0014572389729266,0.1742929902490827,0.00336807026753054,0.09704506052131613,0.004076881547502087,0.02317215747887492,0.005057081133794594,0.04511275873477253,0.003998912424533357,0.06005614043312417,0.005023867915968765,-0.4093250358172523,0.005496064348312441,0.358596775566176,0.005158107885433718,0.28567621702372925,0.005236540513378047,0.20158923542408463,0.0049444505921798654,0.14706065395347873,0.004003916511230734,-0.013598614313977153,0.0048743021511461464,-0.05125493117206548,0.004309266286327518,-0.07823183702787982,0.0037622099804511928,0.9762784110047414,0.0010467303395872984,0.05056202076075477,0.0021255835962975256,0.02825545949215024,0.003988524356187805,0.012210781492749484,0.004510802950149724,-0.04044470108552039,0.003992897108598498,-0.036744597950937395,0.004514473724589845,0.09787701378077275,0.004582518422852247,-0.02373677476229595,0.005897822668999231,0.046688535623234516,0.0051381501208007515,-0.05473404851360298,0.004777852107866163,1.5028426999931535,0.005217729624359513,0.16715316974936661,0.01062602668595744
148,True,-496675.7874900298,44350,51137,4,3,0.008791629546198691,0.0035577363086163973,0.7713563210579311,0.0006108346581457091,0.15017469379998408,0.0013914772997218744,-0.03465513852401859,0.0044740732935664605,0.10004097820140388,0.00401280927471598,-0.00223049881344588,0.004197500896847127,0.019204366385173456,0.00350607430459047,-0.2593055388370723,0.006599543406074301,0.11829635395668348,0.005469514924187492,-0.09613998307584054,0.006358383241537688,-0.0102927377980512,0.005043278505501125,0.3506353739600936,0.005298422769833024,0.1683507068016676,0.0059366601931022675,-0.05452925250801562,0.0046761854310263876,-0.11354753446696655,0.005041762371501718,1.2513909278404602,0.0014570878761608341,0.17023796132601918,0.0032594392555362756,0.09997185437395782,0.003996710782688464,0.025165600657940813,0.004996431498559614,0.03982964526337907,0.003911909807619437,0.058082797605177844,0.004943418165958019,-0.3976033472546817,0.005579929179550812,0.3654256466892143,0.005069994418430174,0.2853701380267788,0.00530611461995452,0.20039164124644937,0.004849582436464405,0.14014257893030715,0.00404249024700672,-0.011326320351797698,0.004966615141532291,-0.037833715535717176,0.004358903836647207,-0.07571182319243502,0.0036519346153622992,0.9770106892042275,0.001098671031419085,0.050023013984180374,0.002207973966292777,0.029263397888454785,0.004062389923494703,0.010163956671630813,0.004546941693099918,-0.03706444247449367,0.004064805980624767,-0.038319374695230016,0.004546055160491776,0.09994030337894191,0.004666659665479211,-0.021279692679076426,0.006212019895205454,0.04891110682096853,0.005123933161564541,-0.0559468474032637,0.004915572478928818,1.5058847263286508,0.0059328313925013365,0.1824312305714844,0.010891824038613065
149,True,-493048.97119957255,43550,51309,4,5,-0.0027836680915212784,0.0035882478434464847,0.7702127822775382,0.0006108164600975297,0.149310592730722,0.0013868832326059677,-0.029395588615480705,0.004493536230572572,0.09923359072334058,0.0040867542426646355,0.0053628832517405335,0.004218352903184994,0.017569390629945485,0.0035840039124594523,-0.26432068767281763,0.006724369212867208,0.12498386233098169,0.005597249605232289,-0.08710733989306753,0.00648537483022882,-0.005243499952647571,0.0051574253030401505,0.3556689794243442,0.005405295658985848,0.17353434569876378,0.005986488035268865,-0.057855568683054734,0.004798902921258145,-0.11623213914778577,0.005141221414060586,1.2531731010450498,0.001442473590804405,0.17267786549598904,0.0033347526882011314,0.09339861823107361,0.004010026651804966,0.023135220672021204,0.005105379774040015,0.04706241287509458,0.003926354433867196,0.053417159980255785,0.005067520836079991,-0.40132901763957624,0.005650892366306421,0.36942226324850447,0.005122204011451189,0.29428123693466557,0.005400171738139447,0.19721794199283157,0.004900731864379567,0.13857865412226372,0.0041259647896386715,-0.012761713738310403,0.0049802513200827014,-0.041268012696629,0.004522102831878159,-0.07840839816774757,0.0037299133292825505,0.9767590358040719,0.0011550447594766422,0.05160258167791591,0.0023018160497054636,0.024381450398508926,0.0030647222087605984,0.007398312343583539,0.004762422807253358,-0.0467047520286265,0.0030663329332517525,-0.028809116707839207,0.0047673577109758345,0.10162800847985885,0.0048097444838902294,-0.026135331559300343,0.005984289905681203,0.04462198615362283,0.005505028986624719,-0.0652938498315186,0.004788782189020159,1.5015973886374345,0.005283887736116877,0.1773949936972146,0.010865874124742783
150,True,-492322.9243395545,43765,51003,2,1,-0.0005336352100366094,0.003562080632212426,0.7706597211739914,0.000620942608115016,0.1521074621352453,0.0014062994502194726,-0.021821706481890808,0.004416060025258858,0.09270147854863398,0.004074167310970578,0.003464284528320426,0.0041243393249965725,0.01311547695599447,0.0036007135101688076,-0.2583103723234595,0.006681386596090744,0.1151427702417811,0.005470796486627797,-0.09061447600318302,0.006460388437983129,-0.0027437829467973256,0.005051624160672987,0.3530287135905488,0.0052370513632361785,0.16635129611276664,0.005959144981680193,-0.05618165215865877,0.004742847555608569,-0.1211869552984146,0.005054970238921299,1.2510554650267318,0.0014581539568833124,0.17285831498374749,0.0032934733500464553,0.10313014169486348,0.003907865455808297,0.01197640674693048,0.0051600039613241095,0.05059332072136149,0.0038348094154942716,0.046442561944326395,0.005117348340306815,-0.3891163450815505,0.005613065325124152,0.36603880279790546,0.005065127757590187,0.29358928859853356,0.005411491002900366,0.20573389964622982,0.004844913392824589,0.1388811154430805,0.003909605602697083,-0.007307633317897206,0.00479722448575347,-0.04682127292970514,0.004185017449743849,-0.07536842233838763,0.0036460420070974636,0.9786988147105722,0.0009834259778986887,0.045121735764685596,0.0019802758393031375,0.0206994891376114,0.003012261516412534,0.016211025901789966,0.0045909594823942005,-0.0489748372172622,0.0030161934386656033,-0.03241238355681337,0.004595876585739833,0.10164486276543745,0.004735658508467373,-0.021095849756878764,0.0060324791916901085,0.051840041087895125,0.005441284527183282,-0.06212613311645207,0.004989234545889438,1.5048573078872538,0.00619337075337556,0.20618836865217782,0.01293689540097867
151,True,-495810.0969203266,43956,51376,2,6,0.005251271762117991,0.003562821469081426,0.7708123824037196,0.000596573496818964,0.1465601109068066,0.0013603397985594984,-0.03855743038735975,0.00448232078327716,0.09883936729832989,0.00407697711405151,0.0015109497375042774,0.004219172047320179,0.008250565334328318,0.003542451338465974,-0.2720666322464678,0.006440645948805698,0.11069122196714123,0.005541501072367381,-0.09091767388368208,0.00625242380343697,-0.007243373269623018,0.005132809354333099,0.3532138631609338,0.005269230173518951,0.18022031361929333,0.005903057989105119,-0.05444094107109648,0.004700240520828946,-0.11741840641392352,0.005062130540486123,1.2510143009597048,0.0014116010078091268,0.16796738402390846,0.0031404074355985134,0.09593554170338517,0.00398781514963197,0.017450778762985283,0.005047766425803331,0.049733267376701314,0.003915092164336073,0.055623203121327555,0.0050192930239201395,-0.40583268680300555,0.0054333261729177275,0.3552141908517909,0.005076410028467579,0.28491274428906704,0.00520927860489913,0.20282374356750688,0.004895976312491028,0.13857916594474354,0.0039027929249129795,-0.00988991889002662,0.004782214322208421,-0.05097036693279101,0.0041979244520630584,-0.0697823229726594,0.0037324683518163513,0.976081926950244,0.0010037176471100473,0.045831044834262966,0.0019946206351598057,0.02171659359151542,0.0032382682989175278,0.021724283650123508,0.004304952872305713,-0.042584805116127,0.003238739265850702,-0.03737326881649378,0.004308158535706645,0.10118640993751693,0.004524081571949983,-0.022647088422306606,0.005847994437676195,0.06156607875834957,0.005046713928156974,-0.054497282192249655,0.005065671303955006,1.506220746073416,0.004878403963228695,0.16330134004688185,0.009608439516730363
152,True,-497548.2761433213,44131,51437,2,6,0.005877067885446502,0.0035756672992129338,0.7691712919257522,0.0005997420128591724,0.1479944682368835,0.0013813823836651279,-0.031764261078195036,0.004449171192648691,0.09367836712043368,0.0040149779468595026,0.0018885972365383905,0.004167979609398949,0.017696984377330364,0.003518163724766412,-0.2693068668509133,0.006441618194550134,0.1098828465392317,0.005548365874869544,-0.10645096686883325,0.0061954902416362125,-0.02029752954132106,0.00510869385259225,0.35710865815523096,0.005261878975093546,0.16530958497259696,0.005929737385893397,-0.06040524151119715,0.004649105965016632,-0.10311931458386847,0.005076184379481604,1.2499829842800612,0.0014891731464690139,0.17751271555234593,0.003470037487320665,0.09649983415171999,0.004086146943029478,0.026815959090013858,0.004961059305490021,0.048612568512913935,0.004000485398742421,0.058901205116768406,0.004920041070714752,-0.41313376495288967,0.00552555644949647,0.3592360093812331,0.005091928838781678,0.2803511885322996,0.005175111011148587,0.19798208291392363,0.004870117178110473,0.1460760086947597,0.003971587260475076,-0.015092028953232549,0.00499346336909975,-0.04378457967255692,0.004316085500005629,-0.07734171043246149,0.003723576878846174,0.9754003561736604,0.0010597955958538408,0.047945959724598766,0.0019402999233031383,0.028614559788874484,0.0035493154770692764,0.009976220276624124,0.00445141563825219,-0.04413345958845678,0.0035532250371540586,-0.035523699472806564,0.004456984933390384,0.11358648071064474,0.004543392889912979,-0.022730690359350263,0.00639359044721132,0.053657428850923485,0.004931897143235837,-0.050647077379774405,0.004836139849270548,1.4990896101021054,0.005414732680896539,0.17373748934673053,0.009235031643193281
153,True,-493285.48153553647,43853,51225,2,3,-0.005237354982687704,0.0035920003620013427,0.7717304376424977,0.0006102483951747062,0.14931944481756756,0.001391393497165716,-0.03845138387204288,0.0045762154418146185,0.10870929629021256,0.004042854772632793,0.010553678983584686,0.004302183646826428,0.019185447646130765,0.0035235622778757806,-0.26229954060763044,0.006641862115349072,0.1216703756381508,0.005520747369701418,-0.0928537812581618,0.006395751708590553,0.0018840925337164536,0.005090025126993263,0.36353746059329856,0.005199189085781725,0.1630551694811386,0.006022013005283154,-0.06360176712279883,0.0046356559883406956,-0.11549158656304558,0.005169941220117656,1.2478889266849582,0.0014304081874573216,0.17202508475269326,0.0032457098232608478,0.0997022424745871,0.003935630026194246,0.013898320546522057,0.005133272955016962,0.05575116867320754,0.003863346832649221,0.0546114478270043,0.005090660248262289,-0.39381290835673766,0.005589927210125582,0.36796559814327284,0.005046568211327816,0.2894819506983851,0.005379010995783948,0.20006425367238345,0.0048431652123597695,0.13973412689475523,0.004006758891208459,-0.02043251527447191,0.004777016847230591,-0.04835560889043974,0.00432879757851799,-0.07259215649827815,0.00369475605387165,0.9747493414237363,0.0010104399595424196,0.04721289385452061,0.0021044276559299066,0.02968341678466398,0.0035509281608768505,0.018163519002112705,0.004287634314239364,-0.0425303054678506,0.0035546321881593,-0.03813459715364812,0.00429298220899484,0.10087371609885457,0.004690804571854647,-0.01868209434868113,0.006262615375998538,0.05377662335761612,0.005166146002030247,-0.05038823242192417,0.00502972389488147,1.511782208342779,0.005617157018118268,0.17141259304763123,0.010146681486808987
154,True,-494844.28903771436,43806,51378,4,4,-0.00164229218118981,0.0035656780361879767,0.7702148694926874,0.0005992671994892174,0.1472589934960989,0.001360783652578898,-0.03132499055691189,0.00445934729448491,0.08845214317964563,0.0040504828187118685,0.0031131518374237256,0.0041698008702433795,0.01963248098650035,0.0035505033581222276,-0.27570507991890136,0.006669261437105343,0.11758295718896311,0.005599678601954954,-0.092745828951551,0.006384272540426589,-0.00769917599329696,0.005170254175925369,0.3506511578281684,0.00536884953357192,0.17671753280706617,0.0058541549056213525,-0.056025776343909976,0.004736522368779982,-0.11483665909911059,0.005012080886544173,1.2507883374773507,0.0014769218005480367,0.17566304066921556,0.003385578306131315,0.09577156820568161,0.003929905897604524,0.012055928484143346,0.005244964629155426,0.05177357203204498,0.0038523136000305404,0.051396833327388654,0.005195523799732453,-0.40415801501072185,0.005493914565695835,0.3570140602272318,0.005070369974158088,0.2821946701584806,0.0052292682143748265,0.20095647283292098,0.004856288444896139,0.1348111964491506,0.003951107084395362,-0.010376870744841242,0.00478518879191456,-0.04410688151292249,0.004197825724965516,-0.07782355825131014,0.003727457222392737,0.9774672259673917,0.00100106066376221,0.04570351536827778,0.0020426873949306625,0.031483335233444154,0.004108990906227884,0.018511681737497655,0.004176774093608793,-0.03337997814741931,0.004110774822617631,-0.04229288554629189,0.0041790074253697405,0.10396964203031966,0.0047436779081860315,-0.020475127551928908,0.006669067227769887,0.045198484321042696,0.0051678289279133306,-0.04926852936291979,0.004855478280454749,1.5063146526093862,0.006153881121376381,0.17523934797016624,0.010027351867876358
155,True,-493504.51044980634,43570,51505,4,3,0.0030661197672187395,0.003581245418671017,0.7701968430549905,0.000605272938743906,0.14856112789009362,0.0013890372798173456,-0.031347990673525006,0.004446296682251702,0.09763867047286783,0.004084015549297742,-0.0020285199661406036,0.004173866933885853,0.01494322822107487,0.0035758450190118934,-0.26422763692381845,0.006666705343884982,0.12170328171347286,0.005622594704550856,-0.09640858065685232,0.006418923540086431,-0.0133795443523062,0.005193512052905453,0.35427407961127494,0.005322427684687412,0.17233463068471352,0.005973490816483298,-0.06245210903645153,0.004726938858194455,-0.11044829155219042,0.0051159771400453935,1.2512018646754985,0.0014881215015754012,0.17489173868955757,0.0033025621380208675,0.10225875001781261,0.003951871705878419,0.011243030104453001,0.005293348836174711,0.05380289598550201,0.0038801118741415884,0.05565721264184807,0.005248043675353292,-0.4012487745527623,0.0055859572427527995,0.3626995054048673,0.005112093198023289,0.2885059601737534,0.005304314000142691,0.19435035949287124,0.004891288012348239,0.14347643811564553,0.004030323364557224,-0.012384284657404326,0.004931519090018568,-0.04703501572921095,0.004279627546100144,-0.07484376180257117,0.003718865416971167,0.9776836007784008,0.00105185339513314,0.04860755368778088,0.002060647716621178,0.03162819000262633,0.003998082174156084,0.009249058120591533,0.00433069330929304,-0.03803125940590091,0.004000700785202841,-0.03725521363993055,0.004334662530755979,0.10077174216401179,0.004759640927321685,-0.029799826406769248,0.0060115523955573315,0.04316586812723059,0.00529854999588371,-0.05955652799555704,0.004621123462100071,1.5014677026715015,0.005666380978056829,0.18430448475542488,0.011094072368965813
156,True,-491623.7371488642,43448,51214,8,2,-0.001098783986856004,0.0035740748052269567,0.7709773881955666,0.0006154570731138342,0.15137921440990473,0.0014114933625050535,-0.030654099393365056,0.004484523726534429,0.102984106399435,0.004059336707532855,0.006118756272752212,0.004205717411040684,0.008053375332906423,0.0035645577648896138,-0.27116088028179264,0.00667568343354477,0.11927947605598078,0.005470572272481348,-0.08499365390942201,0.006414876056767224,-0.007166146458805549,0.005048893399109428,0.3518089914887147,0.005298805333520167,0.16378386196205372,0.005891071906400802,-0.054474266015253604,0.004749109238374401,-0.12535835205793583,0.005030654137259926,1.2494340719721135,0.001480482089834867,0.1742107892689446,0.0033370314513405386,0.09434306054954575,0.0038663299501548653,0.015612552092512614,0.00524836085509525,0.055044377880824204,0.00378876510452045,0.0401733998330393,0.005222134133592011,-0.40115660781807255,0.005542332454421046,0.35454123501978674,0.005030170903293168,0.2904808480538155,0.005258226675800225,0.20430942587836223,0.004845111007286043,0.137438456968156,0.0039016692256848367,-0.012439230920200873,0.004839165804316919,-0.04616449980814346,0.004171028447635533,-0.07407062996921855,0.003726422617246222,0.9763008785547733,0.0010455155529466298,0.04798369178604742,0.002124161842335451,0.02660541286240314,0.0035723008997151813,0.010675244649337577,0.0042401490878995265,-0.04016996694844165,0.003574723510441064,-0.03917122246840633,0.004246105206747948,0.10043337264664663,0.004654251979368181,-0.01810395072024201,0.006093330557371833,0.04807105906347769,0.005307343064691777,-0.05745470228078355,0.00467112976664627,1.5042684199892467,0.005535554859514957,0.16879118425095038,0.009614020191585582
157,True,-493016.3352084042,43848,51135,4,7,0.0009023696495841322,0.003553175356906271,0.7694053306030896,0.0006083214549995608,0.15071131172026833,0.0014030128238134154,-0.02850465971552938,0.004415193589166625,0.09228296882944129,0.004050823399450603,0.010218413506395204,0.004137316420154239,0.014073029096246633,0.0035630550964389895,-0.271514727792395,0.0063873413562949115,0.11354365999383374,0.005518576417292389,-0.0911314315040458,0.006136348840068807,-0.01408657935684232,0.005062139143249741,0.3476344151087471,0.005326062168336293,0.17199379111679203,0.0058218101857926835,-0.04991854417439685,0.004693317422866492,-0.11321559320097388,0.004943795944992573,1.250612366381194,0.0014706591746890263,0.1720202983022785,0.0033399772621909712,0.09290663936388947,0.003988119166125773,0.027024513097959432,0.004911485818633743,0.05147124441498732,0.0039004270942870085,0.054490269509660516,0.004870790972249368,-0.40656581562736815,0.0054218068386805195,0.35226412914905036,0.005047944592967279,0.2800897071610788,0.005119709202520678,0.20108811295185042,0.004847495002373157,0.134080452654784,0.0039456458694662275,0.000552485955109054,0.004834111424730101,-0.04222880153565484,0.004339525343476631,-0.07553996899776648,0.003580687382885664,0.978699560079808,0.0010870393115365862,0.04919225356682803,0.002203255325846549,0.030053525499897926,0.003671679689514373,0.012887109240940163,0.004385891398500515,-0.039250399135260905,0.0036732186978402455,-0.03767709448139966,0.004388954562605999,0.10166730776080955,0.0044426978968033475,-0.01729809018994407,0.006131951406444834,0.05513258798747488,0.004740802229079995,-0.046634010529273004,0.004954180628141381,1.5122364933028984,0.0050531303361328606,0.15868516481299494,0.009400055025887422
158,True,-496870.45130438777,43976,51570,4,4,0.001646804798932463,0.0035612071158742133,0.7702280698033346,0.0006027309872184139,0.1483068696618314,0.0013811797223001882,-0.030892698764231865,0.0044484377932335496,0.09557827370035109,0.004067289422705421,0.006195336035259617,0.0041727053723003464,0.013628124026369683,0.003561002418197701,-0.26750278879638584,0.0065864598411462015,0.1183201481332111,0.005588619134506831,-0.09120005659370632,0.006360034227938282,-0.002283712802832385,0.005170065618070204,0.34812429320041494,0.005295629879313048,0.1751870824989447,0.005842747059504077,-0.06428704565752841,0.0047643202492464,-0.124313589261697,0.005027938186988178,1.251628090110305,0.001415066933017295,0.16939645145514004,0.0032361841672375047,0.09008230370238327,0.0039474954745686635,0.013164206516188236,0.005167577718601632,0.05035056781493721,0.003878640505782889,0.05376548222479582,0.005139064825773817,-0.39636930593736236,0.005540065937710144,0.357764835207031,0.005038368861472323,0.28722220895091494,0.005289689462381969,0.2024356789417168,0.004859919026336975,0.13849025870887194,0.003935888711049361,-0.016404958249692923,0.004859605822512479,-0.042928579245221345,0.004144940875320024,-0.07246626234978852,0.003682609640999985,0.975517234249109,0.001038170007853667,0.04643420430786992,0.002006142730410037,0.024260936875315674,0.003922502632580343,0.017755980062425052,0.004495388937504275,-0.037728946474211746,0.003926709827810701,-0.03930700029329902,0.004501316069618982,0.09471702960902653,0.004740691033751834,-0.03061739241440744,0.005823270201256094,0.053345425947845235,0.005221261851921262,-0.060453281667799647,0.004871125709314114,1.501684058374707,0.005532240516841425,0.1812674308555808,0.010949148990605659
159,True,-494798.6910799949,44136,51075,3,1,0.0033083799321955124,0.0035538123413784008,0.7700851747688037,0.000603411745613458,0.14854787286971158,0.0013841567250359316,-0.03257960560227796,0.004442487533037668,0.0940917746694034,0.00407962405538792,0.0036412102868167867,0.0041702293424938095,0.0167907297074627,0.0035737914165484557,-0.2736205648004502,0.00647404719216349,0.11088087417173546,0.005580140762166836,-0.08883648240820836,0.0062476020029069435,-0.004250390818776028,0.005149996690134915,0.3583012982263543,0.005299576422149605,0.17340883345712285,0.005901356917944488,-0.05085081470975951,0.004697545499035164,-0.11457588217929071,0.005051616563358738,1.2498015177629147,0.0014118746078948252,0.17025796819352734,0.0032634346982145096,0.10291728060955263,0.004011884386617762,0.023076968231801456,0.005057216782395368,0.052339292361604665,0.003929326043552692,0.05954466734058387,0.005008968879659476,-0.4055309981243622,0.005437654014091589,0.35268477309099994,0.005077872389846295,0.28259648451700714,0.005175830104334565,0.2008732084015394,0.004867017093975723,0.13482790103244274,0.003944048335464383,-0.018546583126685154,0.0048881524708029546,-0.03977018455025896,0.004189822573756823,-0.07820749236349923,0.003650470560103946,0.9762838502922675,0.0010207690976574701,0.04627800607610417,0.0020368347203070826,0.029127831832879536,0.0044348783213188575,0.01793191092655925,0.004149285596168393,-0.035780343639599844,0.004437267462173251,-0.04516754928563161,0.004152198540183297,0.09646219523154326,0.004500211830560196,-0.016638785137910377,0.006050188445038129,0.053970650107811595,0.005037600446483482,-0.05215629086011028,0.004933887887618033,1.506134862168668,0.005405740183585195,0.1667291237765749,0.010520598640030077
160,True,-494903.2243006483,43944,51216,2,3,0.001494341432692357,0.003574772751693118,0.7707284445789432,0.0006067264878552026,0.14962860875116618,0.0013964064146691074,-0.033018958782978704,0.00447925186843663,0.10739566099782004,0.004055324487153034,0.010413196550545544,0.004205524703481148,0.014255732475327194,0.003549124075770702,-0.2639758940325797,0.006700320339283398,0.12224494979435606,0.005505383128168911,-0.09251134604558722,0.006442985356434557,-0.010120875890498197,0.005054252354246395,0.35441888727337806,0.005364471899163971,0.17233200512224156,0.005931233699880323,-0.056756876415877115,0.004726284431801817,-0.11573848492013887,0.005053775767168711,1.250943321322278,0.0014618395936083495,0.17346123489742377,0.0032809061459110472,0.09544488385199999,0.0040165247740706735,0.025253994133332347,0.005012103367407852,0.047339704074368195,0.003924382967770714,0.05281943950921807,0.004975090545688727,-0.39415389758316394,0.005602257952863624,0.3601692923086737,0.0050257188983088225,0.2926543152624027,0.0053675439489909195,0.20183738071234889,0.004828466060862647,0.14360922637219442,0.003950105955688091,-0.013764985638586164,0.004901575748791442,-0.04153669467158954,0.004201292932355226,-0.07624352464307504,0.003688097318491458,0.9778024558082825,0.0009993654539227625,0.046250644738264624,0.0019422069175653138,0.025494805963811363,0.003363913416169829,0.016925983346894605,0.00408571439724688,-0.038362165363766756,0.003365456512525739,-0.032882012271134804,0.004090317723059185,0.10855119737471987,0.004759498146902936,-0.022518697323433305,0.006164254109747932,0.051289415039398614,0.0052981692855176956,-0.06525522244208341,0.004851592065986218,1.4977947268530678,0.005337095379596812,0.17812168708599746,0.009627992505942928
161,True,-494618.07779915165,43780,51322,2,5,-0.0008372331465935855,0.0035355908673717937,0.7704068810636207,0.0006046262702126826,0.14982313591477514,0.001392065872462253,-0.03561869672973608,0.004431367154259859,0.09504220021684982,0.004014596565230383,0.009613022414348487,0.0041594096145143745,0.01551365452216792,0.0035086130431330113,-0.25968866923817746,0.006510751199783358,0.11310035614985837,0.005425145223045575,-0.09175323261986533,0.006267130926349943,-0.0021001150328755665,0.005017981843023637,0.3487912827608979,0.005137979061859675,0.16748882557499045,0.005874954599729516,-0.055123165002657064,0.004620204416609962,-0.11908341754918547,0.005011034776265088,1.2510317839607803,0.0014076486465648408,0.1660880383948251,0.0031302218355553496,0.09560909907530404,0.003961772498860889,0.021912664858249765,0.005105144576328812,0.05318685349718446,0.003882751797387193,0.04607488797257163,0.005072056086038712,-0.39547068842653704,0.005490068570261038,0.3611699202439498,0.005024404482592738,0.28667480480516605,0.005189753320050357,0.19253389609109292,0.004824059956728856,0.1374863304818197,0.003916886042780898,-0.011327065726053579,0.004777113616418207,-0.045758685624834754,0.004215683142607245,-0.07418066377297419,0.0036422795086648555,0.9765691738040819,0.0010287609510266638,0.04813305978467492,0.002152337368894617,0.027060308910690375,0.0039006316477166658,0.018257945323775133,0.004313645226210692,-0.0411282159643442,0.003903923354846278,-0.04424098742503803,0.004319111114605239,0.10125103476958819,0.004498120506737886,-0.01862116240061331,0.006167520441590994,0.051520469765690524,0.005017293179517337,-0.051894919974040055,0.004706380058136589,1.5111030125693343,0.0057353774085517895,0.17965366703190772,0.010584634648271113
162,True,-493922.1498607242,43761,51238,3,3,0.003972661395068914,0.0035864699453749434,0.7703787791868946,0.0005948678858801459,0.14541724280386178,0.001344992854238919,-0.03270837990174534,0.004484568826048843,0.09163270425626432,0.00408552023237129,0.002081025574533193,0.004196623226666444,0.015803611648044228,0.003565342886806978,-0.26380671983677045,0.006681766689066694,0.12572193519327832,0.005549554861301279,-0.08066160290304093,0.0065009677784860255,-0.004783992089553102,0.005151793904529376,0.35354800580804646,0.005278504621456019,0.1694228737731184,0.005948459513468444,-0.05162421227805237,0.004729602672565088,-0.12787658919405395,0.0051204609878842625,1.2495855930751738,0.0014658881441660387,0.17404610827134925,0.003314180178057416,0.09701225966309197,0.0038661419221217735,0.013276139427482804,0.005146207332565416,0.05132789377260329,0.003802966477106168,0.04765191839686401,0.005109908111319366,-0.39896630649909987,0.005490453878159401,0.3604403911722306,0.0050723544613878995,0.2939405695789428,0.0052408219691574736,0.19964958689231369,0.004901603703274875,0.14076883443605606,0.004009344736503311,-0.024558554482613636,0.004943279642244822,-0.05542357563553195,0.004299785355070473,-0.07628766450230863,0.0037685794630857032,0.9744180747458531,0.0010532986831429114,0.049177958671888476,0.0020444131249089045,0.025177658793799906,0.0034695859490372735,0.015249115268668009,0.004320256099884529,-0.04751939135991554,0.003472838250515208,-0.041123132926730824,0.004324599858100685,0.09186657066880319,0.004768286410148715,-0.02682382778115846,0.005654559168400422,0.04969108690414354,0.005541790347736813,-0.059940841322747095,0.004802822055479109,1.5025944445116144,0.005115413375728295,0.15913177720297583,0.00963272690936133
163,True,-497184.4538145175,43915,51595,2,4,0.0010664626624709932,0.0035969113901748962,0.7710176241824892,0.000614396585164878,0.14924326914841557,0.001382151721012359,-0.019684290556362262,0.004472742127885951,0.09607883391398003,0.00410558932521901,0.003037564371197462,0.004166164554762137,0.015552654067231855,0.0036293265562111054,-0.2594700299824489,0.006756342362004548,0.11859943432637882,0.005612080237012458,-0.09357700444443444,0.006523081122347249,0.0010792970631301093,0.005184188723578144,0.36614774813214057,0.005240683285165752,0.16351295559366857,0.0061070316799502556,-0.05644102582671053,0.004648830853365427,-0.1125685443775481,0.005222148375650509,1.2498414500992165,0.0014573678946796509,0.17569672117538093,0.003323444921414051,0.09686501557751484,0.003925207099215125,0.013640358935065634,0.0051333326310238,0.04947453003035324,0.0038479988294523645,0.04843408089814124,0.005087873705491338,-0.40762304003167615,0.005565825436455186,0.3701175015202022,0.0051783511930970005,0.29219489221691003,0.005312321239415996,0.192134895855199,0.004910132572826506,0.1516928064570018,0.004069070807385423,-0.018553395014285448,0.004891130749990801,-0.050920175306249066,0.00425794964191077,-0.07521048550123338,0.0037477395297331444,0.9765843781869562,0.0010085331598052028,0.049028091933100884,0.0020474487082045648,0.025439910568795517,0.003244233832770584,0.008681524774501449,0.004791958552725584,-0.04584456098643827,0.003248675491064843,-0.03431607198380249,0.0047971826874052765,0.10220451580268172,0.004766011430287398,-0.017793455588759402,0.006332440976288276,0.046106680223229134,0.00533065787895988,-0.055651133165993065,0.005005117487912225,1.5112484275676388,0.0062313455101349335,0.18950694110768282,0.011704280376774193
164,True,-497213.09289594914,43588,51861,4,3,-0.0002440627339722151,0.0035557811108512375,0.7698314908383934,0.0006116192364468698,0.1508474651359525,0.0013833846550035805,-0.022624645097600943,0.004369068703615598,0.09378848604952297,0.004064294525474054,0.007026607913609094,0.004087687590448364,0.010455225303305914,0.0035853864527768237,-0.2792841414489806,0.006592317769262134,0.11159161600895894,0.0056740210818385884,-0.08168892924408386,0.006364597278998313,-0.015283707925954295,0.005253029216328663,0.3564285048808897,0.005390352731513889,0.17381734079933295,0.005906897614648707,-0.05472388282224661,0.004808770342769614,-0.11851753379129949,0.005075219107093112,1.2491619185822391,0.0014595316205801012,0.17774970200173346,0.0034166793120561922,0.0992132295518321,0.00395307986636737,0.013595007803140893,0.00525180179265663,0.048197685937818244,0.0038733015608082423,0.05421450710023363,0.005197309427395091,-0.39463939753692945,0.005507091782113247,0.35007458726816454,0.0050666775527857585,0.29007186247649297,0.00527739231154242,0.19484190073965602,0.004849682314958524,0.14460841369927233,0.004085705836202567,-0.020770755212824416,0.004958975505458955,-0.046696812869386366,0.004388246432406957,-0.07813527740878728,0.003743283231880344,0.9749720175593821,0.0011063559341892293,0.051426203413589444,0.0021859944348789316,0.026886341996134093,0.0036858438134054618,0.014182099618316487,0.0038357967259625455,-0.03597031384721271,0.003691062485999768,-0.04452861298822413,0.003837328943238291,0.09233782574894943,0.004969629233736299,-0.03377051504164666,0.0062791767859166165,0.03854231819074185,0.005463933420861013,-0.05988661239598644,0.004861878107728431,1.4976330873311687,0.006467842468448115,0.19276784334005656,0.013240527872027646
165,True,-493930.709758298,43726,51340,2,3,0.0025929580444900902,0.0035604923173394335,0.7698061382916568,0.0006047545309565971,0.14820829502614036,0.0013706822672488045,-0.033214528334768775,0.004445664005542322,0.09281429884310913,0.004051756833931879,0.0024066026167485336,0.004175118329848023,0.018057726742940858,0.0035493198540524503,-0.2762686591259882,0.006405669534897363,0.10915906421306289,0.00554912899536898,-0.08844972199017663,0.006172736273426185,-0.008439547710938784,0.005124902851046639,0.35118249878238034,0.0053486979734516755,0.17542496950997022,0.0058764070779467065,-0.05339874007706128,0.004734706844245992,-0.11744529443542671,0.005011239173959157,1.2516245514622422,0.0014381079181244871,0.16931209239402786,0.0032133382124029525,0.09098538201757674,0.004051886176943273,0.0297806089656817,0.004963507884902683,0.049215081832499036,0.00397019759518945,0.057425121093372604,0.0049266875058375055,-0.4054448918701682,0.00543270664836527,0.3526481062132056,0.0050588862809719465,0.2816070804121873,0.005144255164768218,0.1931612225709483,0.004860614283083844,0.13797045468358182,0.004019184970513787,-0.02251250546602695,0.004850048411626289,-0.047788970283092376,0.00436015866478174,-0.0787082883684482,0.0037629211033655056,0.9749858867857338,0.0010297998323237079,0.04679048882939384,0.0020194605015859714,0.031735693560585435,0.003889803455138832,0.005007293033778255,0.0047030060580459275,-0.038977772920182896,0.0038915586573625253,-0.03070593419265462,0.0047052766147613195,0.1027151426967334,0.004502341848765863,-0.02102954837095134,0.006215227336194551,0.05410288172993427,0.0048791373216927215,-0.05000350199336802,0.00480176681551953,1.502497340749968,0.0051620390513797965,0.1559919034750362,0.008471052345764007
166,True,-497208.8986516411,44138,51351,2,4,0.0023340742048372537,0.003539380661906407,0.7695333096690435,0.0006058365782765085,0.15004055566787797,0.0013930948177071217,-0.02412025231620678,0.004367038254634167,0.09462839477601223,0.0040572009134641936,0.004528153676271392,0.004088945013751227,0.013452620470604502,0.0035755899823537705,-0.2696305579242994,0.006411091936714071,0.10821466123113252,0.0055411049994310915,-0.10117835385156727,0.006171408313897984,-0.008063259541031634,0.005106870624511404,0.3552551290774443,0.0052391372916448875,0.16912018065454118,0.00592868172865789,-0.05210788561686931,0.004659150942181818,-0.11767356107091682,0.005057426374207743,1.249234668771768,0.0014373808201296745,0.17077455029483166,0.0032382696025513164,0.0938251918128169,0.0040227524339057135,0.02556906201514335,0.0050077209095589345,0.04609287985099733,0.0039348914950536424,0.05444968243756408,0.004972216439359521,-0.40084398240771985,0.005514160101473753,0.35835056038906365,0.005042331070475252,0.27865082509371186,0.0052311086651468195,0.19360852309122292,0.004832158071037009,0.14209107067000398,0.00402142693216497,-0.018286286788645016,0.004910601017959073,-0.045108120346334914,0.00416597284408923,-0.07405796493435303,0.0037732710380473642,0.9744054160514088,0.0010533082215281597,0.04801466727080418,0.0020435361435578447,0.021386038896203493,0.003631418236606049,0.017423592159388258,0.004108224973933522,-0.03917597932347763,0.003634617784323767,-0.04285181793126571,0.004112520094784476,0.1012852452873129,0.004496234899853094,-0.019795347396612723,0.00617385902670299,0.05389525056849297,0.004903494074355515,-0.05079172505604049,0.004980827935618062,1.5085891959413966,0.005655685969534696,0.17340500259874608,0.01014748877157591
167,True,-495134.43176411255,43971,51122,5,6,0.0018171125114514685,0.0035615501740398764,0.7699750984597961,0.000595957383301815,0.14731094982446544,0.0013738790746291724,-0.026971030331106156,0.004414268988027344,0.09817381965307335,0.004095806148455109,0.006246489379161829,0.004132445379315588,0.01585576726571138,0.003591930356583738,-0.2694976193185325,0.006593071777141588,0.11089264693701248,0.0055721299521430305,-0.0969306752137746,0.0063561663362171695,-0.006045658562393568,0.0051633688233105775,0.347467164980145,0.0052332890874695484,0.172529217795006,0.005840063830200321,-0.05777103692526285,0.004660435542021204,-0.11488237596219189,0.004999514266243989,1.2491347924561476,0.0014289531955673507,0.1693568316361838,0.003280794473010301,0.09726206537374146,0.0040277179506410105,0.011811444892179938,0.00502016060365678,0.042379558220175896,0.003955887677542522,0.05944287510923601,0.0049730258302689845,-0.4073023397753139,0.005469220824668178,0.3547835028754524,0.0050561411536559405,0.282155735320621,0.005144075407130716,0.20419442666668738,0.0048762070788536385,0.1393418741123572,0.003974063270296523,-0.006202562828093062,0.004864518035691135,-0.03593702533751372,0.004276276584463965,-0.0763666624741182,0.0035969674935960433,0.9783985315519053,0.0010603979402531993,0.04685517399690107,0.0019900773376252713,0.028366054342377406,0.00355121524572961,0.016984910681290655,0.004273661680323986,-0.04141092221430446,0.0035539689234824084,-0.04110514444799639,0.004278383387515054,0.10387155254428738,0.004597086800373416,-0.021649350004229417,0.006192945873697084,0.047165708412079066,0.005200597061376827,-0.06157949234181285,0.004623407158199796,1.5005249282962239,0.005300191427981771,0.16854512732220284,0.009427164034940552
168,True,-492959.4549423895,43574,51173,3,3,-0.0008058665905098199,0.0035609464682816285,0.7702913818166901,0.0006051384091194101,0.1492092392022271,0.0013864556354460933,-0.030178812411201413,0.004442671233669955,0.09724466037571039,0.004047616594378403,0.00024637983043008523,0.004160769330885076,0.016958838499608938,0.0035539907563765663,-0.27208667578439566,0.006374597858655006,0.10448196141917489,0.005555601472582521,-0.09613834436234547,0.006149841829004637,-0.005831095435006703,0.00512211283823456,0.35031574711441527,0.005227031582845609,0.16547883861114857,0.005858510659383694,-0.061165816859001756,0.004635592727818725,-0.11030300591801616,0.005015386299704519,1.2492603177116082,0.0014620395732843905,0.17087944336200397,0.0033031000440778974,0.09990140349053091,0.0039828973421089375,0.017261752135198778,0.00513266793430604,0.05199388114294274,0.0039016335769947084,0.05272178403198181,0.005088752276181336,-0.39915287066244187,0.005569736160033361,0.36602043233763554,0.005094035069169716,0.28590496056422965,0.005329524816055825,0.1951965639214077,0.00485908611595508,0.1371461828626425,0.004016073393236973,-0.014333152853976511,0.0048875913006241395,-0.04715819280404434,0.004336802266904252,-0.07698893021079534,0.0036790478960606766,0.9754493575461411,0.0011043459202996764,0.05010148164352468,0.002194134735847987,0.03819487858578885,0.004715786808480293,0.010374028514039542,0.004530893539554352,-0.03899346346025833,0.004715924177465327,-0.03225293189025588,0.00453221319423286,0.10784616345823884,0.0045920723824729864,-0.015363630038754923,0.006326822654359011,0.05790772299526825,0.0051260322210263795,-0.05025249109267783,0.0051645401547941415,1.50664988735779,0.005680287703892173,0.18408492747717276,0.011037477257262271
169,True,-494282.4882613525,43699,51423,7,3,-0.005564893343789672,0.0035624114522110487,0.7701887658089481,0.0005960039302987385,0.14680264137424048,0.0013623706900826316,-0.030708805278302886,0.004448402003783834,0.09184214561290549,0.0040601675716007675,0.008873211838589624,0.004159098547789846,0.017311544361440803,0.003558126974884359,-0.2714867071550789,0.006690029211122588,0.11709603906432837,0.005602054954658169,-0.08105577452312052,0.006433785832072491,0.006325953793407157,0.00518336989556574,0.34966313133395577,0.00535076242931365,0.1709817344344013,0.0058628381766532255,-0.05118875319056359,0.004772751913904818,-0.12567789800361062,0.005054281295188428,1.25077516505097,0.0014633526572710442,0.17500502270985493,0.0034403288905534984,0.09844169598269938,0.003930665886955764,0.013851484670374045,0.005216299476115744,0.053601344433680156,0.003856328485032944,0.05433924562437869,0.0051866701041369785,-0.4003434725556114,0.005449318787880822,0.3470910712665476,0.005030299346346464,0.28662557281871226,0.005179565744473657,0.20403732717304138,0.004845942406408703,0.14755323201320814,0.003961226232011932,-0.017051391243229318,0.004840606327549191,-0.046557915386074594,0.0041481025209204,-0.07682525785248616,0.0037420126862769713,0.9762391424725655,0.0009179577048382126,0.04324987305959596,0.0017346570971603602,0.03269483908313691,0.0036336857722678883,0.014755798056607006,0.004086069030011905,-0.042012528096219644,0.0036376334962534623,-0.0445483826064855,0.004091259524646128,0.10124916882488808,0.004732969528908839,-0.021371031463435858,0.006106856578726482,0.04876985637794537,0.00519397346197376,-0.05539424692563657,0.00480738998613734,1.5049122597953328,0.00531814981370704,0.16551730001869666,0.009478799631143633
170,True,-495617.4495641426,44038,51283,2,4,0.005421865231857644,0.003593601382933011,0.7693253927752443,0.0006079544065867859,0.14850336439201625,0.0013737358814867595,-0.030856174974580083,0.004470735596596018,0.09529839533854141,0.004054916623376842,0.004281349001953916,0.004194621188326048,0.017087226055853194,0.0035554320247937776,-0.27012992923056983,0.006770683578010097,0.12187542330735675,0.0055816748897512675,-0.09193076150839681,0.006547524584064372,-0.009021102134892217,0.0051624515348830825,0.3516058292542124,0.005360892736039894,0.17747172699374808,0.005935878812662404,-0.06406284898915492,0.004785634899944313,-0.12072467245339769,0.005096860683883409,1.2510001937865867,0.0014312770219735427,0.1705131387393529,0.0032271361122418185,0.09486935490535783,0.004065570997504416,0.02854957884141949,0.005027796930493075,0.04043013875077175,0.003982627622896842,0.059473769624218506,0.004981448120257894,-0.4103542682864947,0.005423721591099514,0.34943763534093386,0.0050890977178796246,0.2853340591200825,0.005180605528977371,0.21324359737376292,0.004929322918629184,0.13862064752390896,0.0038953559774955408,-0.014781339187439024,0.004709045271589171,-0.04481022812041048,0.004157209700608495,-0.07672107699802762,0.003691510119672296,0.9775587561787964,0.0009020006742172515,0.04274719188065376,0.0019029389603641249,0.029389226671670838,0.0034524767811695794,0.009931677675338146,0.0048395572775598444,-0.04324057767704988,0.0034547387222974356,-0.03186280403423076,0.004843174294621473,0.10278207432494711,0.004671173335828863,-0.02065463075574386,0.006018959202831038,0.04914761730779766,0.005431398767069255,-0.06651530228738975,0.004772603895660972,1.5048166035442447,0.005301290566057326,0.1774031190930209,0.010301451276250956
171,True,-494467.82471978455,43828,51325,2,1,0.005063148563147925,0.0035679939382615854,0.7710790954221651,0.0006035796982238884,0.14787899606876687,0.0013663321150857027,-0.0371544526857536,0.00443937896411235,0.0927174738161692,0.004075135793757692,0.004898157959320855,0.004169676469948547,0.013810798725731821,0.003553328058840907,-0.2697995628851456,0.0066401110824370205,0.11324899755666816,0.005621582245863345,-0.0988303776614625,0.006385379800953028,-0.012314117784533786,0.005200150367086553,0.36401406019285426,0.005287986013520429,0.16480596746048623,0.005997948616639524,-0.062266253795342286,0.004642953989617396,-0.10823275746270146,0.005145343194140143,1.2466417699384367,0.0014481045082499477,0.17649420175734887,0.0033714294798907474,0.09616357705287897,0.003999584997658931,0.019261415670904045,0.005115207406433479,0.04981509103202584,0.003914211029979513,0.06035338104235765,0.00506327759697281,-0.40024527449728187,0.005557243409506236,0.3555798778506125,0.005090109886224704,0.2890874598743598,0.0053513438970295615,0.19516604540453517,0.004873137730492735,0.13720286515427435,0.0039344223116229435,-0.01943719056101666,0.004781892080599103,-0.04259897449487124,0.004190402008572803,-0.07549494968426129,0.003671552189961657,0.9761162619871496,0.0010113841888303443,0.04610261168047241,0.002048397833488442,0.026102308727298525,0.003609467062993866,0.01389965206174547,0.004405850244042458,-0.039076232540541794,0.0036112192834500973,-0.0371499753071181,0.004406366470009072,0.10219324744563799,0.00474153471030966,-0.023837814724678035,0.006331254018371346,0.047541726555229535,0.005352440388784896,-0.062461812668516144,0.005006108205067661,1.497592623468899,0.006374716077932607,0.1972588218947119,0.011668870132787834
172,True,-493734.0628464862,43586,51325,7,1,6.224387320433736e-05,0.0035726172269906686,0.771823343393706,0.000599474727400795,0.14736039228250594,0.0013673535664531222,-0.03007090798340902,0.004469120320434663,0.09355008135921764,0.004085125600214521,0.005758966044925989,0.004171235843206201,0.013914871154238735,0.0035818740704417324,-0.2633643670451399,0.006590403830320967,0.11738618463137612,0.005550214558982212,-0.09123262194476427,0.006336987241189798,-0.00460424907922259,0.005119659286233633,0.3538118177102809,0.005289836061612072,0.16890814849739455,0.0059319428745959355,-0.06183966786373688,0.004705527325885842,-0.11793713479850873,0.00507761488592783,1.2506067020107166,0.0014795029315781694,0.1764284632495509,0.0033894008791889585,0.09530558878518204,0.003983695561484788,0.020112213490566525,0.00510538584180691,0.04570722306093189,0.003906211265141796,0.056569320222537745,0.005068619759689314,-0.39453992537824256,0.005514820068446992,0.3667304364685258,0.005067211992781458,0.28290783623040217,0.00521963959019636,0.18714638753406068,0.004805362730865772,0.14449168451625216,0.0039729433197635946,-0.019353465424171122,0.004884134407497934,-0.05056679009638914,0.004192447650032095,-0.07207244373824984,0.003696559032520394,0.9764170979774791,0.0010419157910060428,0.05006613259324675,0.00214562446742194,0.026542798076624505,0.0033278199020727686,0.011184635530334544,0.004232183429139478,-0.03664719370225591,0.003330366846088937,-0.03328800106669728,0.004237298307246073,0.10416417160706576,0.004894167211678827,-0.032731839768999106,0.005925895722407609,0.04303751943844316,0.005365694724543738,-0.0561641656637789,0.004569648760655049,1.4940359663558807,0.005118585227614991,0.16848069753770276,0.009766139658966833
173,True,-495619.94562426046,43701,51559,2,1,0.004330213948442648,0.003580313378698814,0.7699085024866941,0.0006009858141994839,0.1474362508792169,0.0013674050673643523,-0.029713736382168402,0.004429288123733347,0.09436371952738941,0.004071410961897123,0.0029611967240780568,0.004144308462731275,0.009908983823468887,0.0035667576512709476,-0.2695678998962349,0.006568577757830111,0.11191283153867283,0.005621826709368674,-0.09650015390004502,0.006329549587881584,-0.011597321022609323,0.005213715862386688,0.3568443863328693,0.005281631193297703,0.1759880805955062,0.005973456159661553,-0.05331563061041954,0.004652578438052042,-0.11448455460692601,0.0051289594692747005,1.2508982890420035,0.0013997971153841826,0.16835419712556507,0.003182867772369244,0.1054567856765339,0.004071971261081327,0.02638605951681843,0.005092838240803048,0.03690646530207415,0.003979145167214975,0.055700126448225626,0.005032314540496985,-0.3974482007640417,0.005520450292743195,0.3526592263157165,0.005039289020663721,0.29851879333373244,0.005284637956499464,0.1992663868806043,0.004871804092247226,0.14152278456957976,0.003941495334391057,-0.014962129838627242,0.004849329343314212,-0.047902715492207065,0.004315344832236071,-0.08284199534464996,0.003703218128294746,0.9767331505747449,0.0010175132988875513,0.04852245603354423,0.0020546679578858466,0.02691878559184451,0.0035859147897744706,0.014559712070331944,0.004131177535298687,-0.04212653979634609,0.0035887017349857343,-0.04122125721273277,0.004138045805055159,0.09273867784834183,0.004656497973172706,-0.024287469062732273,0.006132999796066926,0.04322338695124447,0.005327446105145706,-0.06335633891338935,0.004605718393085614,1.4970622387815713,0.005704393705791122,0.16951433399732052,0.010219570762694447
174,True,-492373.96100117755,43265,51625,7,2,-0.007338124722328739,0.0035776484795411742,0.770216497486372,0.0006201600067430313,0.15138598828816113,0.001404912965545707,-0.02444196863102726,0.0044168117083278795,0.09679490938929021,0.004094680771810717,0.006126380007047444,0.00413913151392866,0.011077502147278182,0.0036069849239874032,-0.2735886361457402,0.006710211166864694,0.12364548949915066,0.005598692879928137,-0.08922635044350209,0.006439509380681885,-0.0009590588503352925,0.00516674128337977,0.3468408670996275,0.0054822069524730335,0.17818661782099007,0.005853615934811224,-0.060387846714074454,0.00481486415149996,-0.12635221170923255,0.005011321184552599,1.2528962422979035,0.0014902632424080853,0.17598478466665482,0.003393159106599028,0.10127233937342696,0.003911744460695413,0.015958512089880743,0.005314781380371994,0.05098950481483184,0.0038250807294990413,0.04054803302637494,0.005269315657462284,-0.3924406306636996,0.005646833518713573,0.3546093462918643,0.005046825575045822,0.29503393546903384,0.005388863711975415,0.20898178471677575,0.0048550781409278316,0.1394396066676632,0.003921702413387857,-0.016275716302263276,0.004947328395867564,-0.04351441306986206,0.004106431120254848,-0.07102328654528042,0.0036936213506935513,0.9759448560295387,0.0009596724705670523,0.043396308564586386,0.0018993085600262222,0.025903572162980042,0.0034889097123995184,0.0180357509568606,0.004215908213448563,-0.042364160276470594,0.0034928526966457453,-0.04214688244247059,0.004223419445009337,0.10016207810879629,0.004761682213814861,-0.024507724153018315,0.006184335211189617,0.04673457671215872,0.005227701133020491,-0.05734253885613998,0.004693014788963972,1.5027296240307395,0.005814274855201251,0.18384965845913437,0.011131052406328307
175,True,-493952.641636675,43677,51300,2,3,-0.004100157179711258,0.0035564399985250736,0.7701515885470865,0.0005952741442943332,0.14647155384105315,0.001355736608787364,-0.03782110899297142,0.004422447555101239,0.09415668088731365,0.004069474588342299,0.011598027113526536,0.0041575598498087485,0.016959082237683564,0.0035407901496860876,-0.2665413492385427,0.006598743766554844,0.11609758895612897,0.0055257417291052395,-0.08659676440346323,0.00636614130047305,-0.005463539833227181,0.005094823893672922,0.35403280576209817,0.005247930286291272,0.16519368880631694,0.005919503791634766,-0.06276295676304791,0.00462525058718377,-0.11054327866601202,0.005074777705793858,1.2483333932522578,0.0014419229338870077,0.17130514941285557,0.00333926460932768,0.09747233549147125,0.004089413064359425,0.024626218862771332,0.005014167956133251,0.044556167180187886,0.004002092311391486,0.06382513330541854,0.004978540221302144,-0.40740532073996855,0.005386468544046984,0.35488458007402657,0.005035246469876583,0.27961030953962157,0.005113785420211339,0.1994972475716475,0.004838628777943174,0.1363397632507388,0.003948739044470037,-0.011174474643874716,0.004751950573346165,-0.0434717448071208,0.004348471963482902,-0.07929565572972207,0.003640161323392121,0.978149663967642,0.0009724191673513571,0.045598376719287514,0.0020248664079359872,0.027646165154173504,0.0034494804418568996,0.011648707791444373,0.0041510051907063805,-0.040635501419329895,0.0034508264382844167,-0.03498778129728445,0.004155891367820744,0.10708817242769739,0.004618239606793545,-0.01886239607487262,0.005694053731673023,0.05447381885242345,0.005148269111093324,-0.05746880881034694,0.004673914581714911,1.4975901850183837,0.0044017690121546105,0.15723417686234747,0.009081670699594854
176,True,-496126.3507976434,44287,51094,7,2,0.009909188947975232,0.0035310562307415898,0.7702016286426314,0.0006075311295944408,0.15133319490296998,0.001406339821360833,-0.0316473872275866,0.0044099212527487965,0.09595644040892916,0.004007448162207547,0.007081367182724423,0.004137111686001204,0.007489574182731136,0.0035160614933451417,-0.2690847567878433,0.006451090015950086,0.11029208148374996,0.005455365527909,-0.08044087191656404,0.006237401928478942,-0.003966584070761392,0.005037136828390605,0.3467673383758445,0.005263417238717972,0.1727718155713897,0.0057889155966797095,-0.04775895263803502,0.0046778637981031,-0.11500188822888378,0.004940869119911787,1.2504985740052235,0.0014344479678513045,0.16961109040443306,0.0032776266038642143,0.09931384184663229,0.0038738307051910705,0.006656759887513693,0.005270902264158213,0.05486951757593042,0.0038032165109056666,0.05326683566236038,0.005231190512713843,-0.39858740924834224,0.005484586724744176,0.34987512087287065,0.005058489840286882,0.29041856257417453,0.005277886863028107,0.2028779823728084,0.004875169209642283,0.13449660629142893,0.0039327092534422285,-0.013401344382033295,0.004777027551944966,-0.03929918652612816,0.004359499739133845,-0.07995600157589368,0.0036906699054483254,0.9756430821591634,0.0010686256853280618,0.04794938127480087,0.002108038982329346,0.029249978056836774,0.003441284912100199,0.01693837708047543,0.004374093115871579,-0.04628105852813192,0.0034461797962079994,-0.042314915572746706,0.004379211598747725,0.0993066766578972,0.0045411557799480695,-0.016348218023659433,0.006129245039031531,0.059847984789876525,0.005038341105863851,-0.053775094836129245,0.005068672908867902,1.5128147410870663,0.005787622565897266,0.184729335844726,0.011458155747360532
177,True,-493345.8518954704,43849,51091,7,3,-0.004851507262127146,0.0035744210473769556,0.7710612749122693,0.0006098899577491879,0.14909957348569214,0.0013845153682586347,-0.027434659592498994,0.0044472646132304025,0.1003283310705076,0.004103957823277216,0.019509706444078477,0.004167335035817929,0.010780689185518392,0.0036007631307806032,-0.2707384174633592,0.006599244651770252,0.11358514702447009,0.00556609613178093,-0.08852293173703635,0.0063914822563941485,-0.004913005294373485,0.005148062121616902,0.35231680766762424,0.005355593605788621,0.16991456244199465,0.0059478512752600896,-0.056306036519238246,0.00476610154493387,-0.11484894871252571,0.0050902350494078635,1.2521014690035241,0.0014593277107581848,0.17316945808065476,0.003349318076116825,0.10207385520412213,0.004057001656352058,0.02705789142554069,0.005078280469185495,0.04396526460449137,0.003962492928699293,0.04396058124145049,0.005046472406559033,-0.4032357146614512,0.005630823074914873,0.3645069051532286,0.005098497009322392,0.28412540906480205,0.0053347818227576,0.20110874435237436,0.004871863463292194,0.144510897506839,0.004094171223273059,-0.013448030723361952,0.0048371767349915515,-0.050447463107838236,0.00425904670780249,-0.07058656360685336,0.003697654977768615,0.9753753749164338,0.0010545196263350154,0.05011873459170766,0.00222611866281551,0.029833448430624875,0.0034166108043946785,0.007854768709802798,0.0045724290550630455,-0.04560887381031384,0.003419225311380442,-0.03597021058229914,0.004576695356821239,0.10954429933983816,0.004653015401483843,-0.021187525257667993,0.006348931820230238,0.05638933009759574,0.0052227758984053204,-0.05409858400870611,0.00506027015447251,1.5081738171427037,0.005835419890689364,0.1922154691739656,0.010919928871705564
178,True,-493099.1719309124,43818,51019,4,6,0.003915225024770079,0.003562740459102374,0.7709704464203883,0.0006105172293706107,0.1515436017227787,0.0014065327428917779,-0.03140151824545735,0.004426928449626067,0.09259252331830099,0.00403019115000903,0.01158543173072439,0.004136218089579483,0.01157521929878814,0.003542103044316834,-0.2646416584937572,0.006517046462208903,0.11279894803424916,0.005506115497134157,-0.10299283914801163,0.006322180162622809,-0.015726016365898803,0.005107002391445345,0.353303013890674,0.005262022443359762,0.169261061577143,0.005886496609489613,-0.05630927310092111,0.004677291694231966,-0.11493013922785585,0.005056898398780396,1.2489513168755852,0.001431364726754869,0.17010146971649012,0.003257140588562135,0.09683622658547791,0.003974127599225924,0.01723348283312946,0.005071184372400798,0.045385302346184264,0.0038965650830551585,0.052691144646836476,0.005018526849856656,-0.39480506907223034,0.005545460271483372,0.3531535858232121,0.005028122347602458,0.28776470986168534,0.0052938555242640515,0.1999105747606665,0.004821648309263221,0.13801532924317172,0.004004172807074431,-0.013121265439223507,0.004920096932668222,-0.045974045371903374,0.004362265293041347,-0.07490190522579362,0.0036594762576695164,0.9767250010740794,0.0011804010061700065,0.05402500812730561,0.0024004283695956766,0.02785309740097702,0.0038317209955035943,0.01346274972770938,0.0040305570922494,-0.03891889531180618,0.0038361492282116497,-0.045664076250936325,0.004033545685954159,0.09994474016895712,0.0046515292618304165,-0.024205521883038508,0.0060778216901348206,0.04719815693535097,0.005184428757151708,-0.05419051507981656,0.004906833887438694,1.5031106626680493,0.005826798801303212,0.17456369040125258,0.01040002781836935
179,True,-492952.5142747639,43739,51110,2,4,-0.0022583603052523616,0.0035708933498510664,0.7694840268015359,0.0006078826199568677,0.14922153159098622,0.0013897736924560755,-0.02326091842068708,0.00441542433194595,0.09461168348144174,0.004086297375430941,0.012093296094054799,0.004128365197662215,0.012574378219236817,0.003600907559051759,-0.2715886979524442,0.006502860105221907,0.1105147554342826,0.00556796427315496,-0.09474958129903259,0.006240418821103905,-0.014643885782548645,0.005143592552473593,0.3471071910011569,0.0053223582034265405,0.17382153355383861,0.005875037499857331,-0.04619177465580065,0.004714968135721094,-0.11568548372629053,0.005007096581108238,1.2546903863306473,0.0014109860173150413,0.16634924666264855,0.0032509754947641217,0.10139964603781321,0.004048694539469366,0.022888392384245747,0.005087776638437228,0.047330407481348036,0.003966022470083816,0.054770201285619394,0.00505020331075642,-0.402955036033133,0.0055060034414231036,0.35544946412551115,0.005087446506597797,0.2839326436686767,0.005219677010981885,0.2054841710453764,0.004893905912065908,0.13842025463026345,0.003936060029748104,-0.013471037114762363,0.00481392662586047,-0.04427998754441679,0.00417847207964447,-0.07243761290314879,0.003698556818929417,0.975662398820299,0.0010471753034828057,0.04701938355876176,0.0020441993608857657,0.027072122986811768,0.00378587777372309,0.025761119939897516,0.004202916588619129,-0.03640405492981131,0.0037853424701429156,-0.04198949800598418,0.0042078953811893124,0.09754298304051966,0.004446751858103523,-0.017831505761412295,0.006260547666867929,0.05630057354022751,0.004862468627458906,-0.047044103096064015,0.004945198343020972,1.5104308111120555,0.0057469499087829945,0.17389524365792733,0.010768039380087496
180,True,-494160.5089939723,43635,51383,3,4,0.0022943757698826164,0.003557770803942263,0.7708850400455315,0.0006079215852398123,0.14982993578952603,0.001389301835019452,-0.031284181789650145,0.004444237240535018,0.09923978861814624,0.004059810042748701,0.002916261431465365,0.004167602200313,0.016940650541587044,0.003559097706691716,-0.27008057898193666,0.0064104826733343305,0.10480555608351316,0.005554006686791878,-0.09563351069377347,0.006185295589192079,-0.007017471031943975,0.005127540997499919,0.35546888386745507,0.00518111681745392,0.16771705099659603,0.005887279508778983,-0.06339198043819384,0.004585915528474993,-0.11375427988101684,0.005031761305375897,1.2491668557933613,0.0014390385462031974,0.1716901773584853,0.0032543404864238124,0.09391866126887213,0.003989016034301551,0.021404589981210854,0.0050288160571034714,0.04847165871414455,0.003910035518373081,0.051649227593896015,0.004991708983661099,-0.40659443222976105,0.00543095024277968,0.35234380613703536,0.0050611022354527845,0.28228422193300984,0.005211639657568461,0.19779805286321805,0.004847381326450086,0.13557936400149012,0.0038710205287197275,-0.012877098844188325,0.0047164477069010745,-0.048146325986292315,0.004142871002368609,-0.07352394199253837,0.003716622652712343,0.9774173266287403,0.0009837916014140413,0.04519561201651294,0.001999516505836383,0.02852586216956479,0.0035988255894177216,0.011655483137193839,0.0046055211172097025,-0.04020814092327055,0.0036037235800641517,-0.038811542208725694,0.004609745470969007,0.0993554865761957,0.004371615769326081,-0.01442779967846243,0.005891929708612298,0.05366892049204349,0.0048954285886247395,-0.05302814503650627,0.004874933833405284,1.5123231467764624,0.005312541294578921,0.17320383537859202,0.01062729996369928
181,True,-492279.7044980421,43793,50974,8,6,-5.460034778957094e-05,0.003585757958953346,0.7695539181356641,0.0006081880762767167,0.1489280500478265,0.001389398081684659,-0.027080129993124962,0.004438399248572153,0.09213545851511007,0.0040896155188374925,0.012230860560715985,0.0041559286414193175,0.009105539037945264,0.0035967721183588074,-0.27643920004904704,0.006585738884158363,0.11075073410232988,0.0056613290505966255,-0.08668099539892778,0.0063486391652363885,-0.001975114219856507,0.005234653362133836,0.36477774200267504,0.005295410349632528,0.1721864792150697,0.005985941789539545,-0.05256061161168668,0.004704447766889617,-0.11844742152836737,0.005147615651799748,1.2496129387611215,0.0014274176795598947,0.1736694807568162,0.0032638098748978828,0.09338652162438037,0.003985085816411643,0.0116187824190817,0.005119554461252424,0.0534607574245436,0.003914725164072361,0.05508771138853194,0.0050801139693964605,-0.4047656339116855,0.0055745483213001665,0.3573333822971557,0.005152715000608643,0.2887275603540001,0.0053060990417400054,0.20284992161449042,0.0049502913233423545,0.14368622857962554,0.00401721021206686,-0.016951498206429848,0.004903975458319811,-0.05139234541116133,0.004262351042075639,-0.07743369611890384,0.0038024702382656868,0.9759976054309212,0.001039955152674854,0.049090193781283605,0.0020916910294685002,0.029126535574219948,0.003778559442340635,0.0037218359285659196,0.004209327614321244,-0.03647542954506494,0.0037811288459907305,-0.03614035766895498,0.004212477156758482,0.10569726539086309,0.004634495397980123,-0.01278217822772058,0.006240420445171698,0.04777924141021056,0.00529165940756722,-0.05266165656654225,0.004856246887269703,1.5051150219491949,0.005731139502823446,0.18002863556382298,0.010814154439747856
182,True,-495664.6398825466,44214,51079,6,5,0.006615633729827223,0.003544384238795415,0.7699423086003023,0.0006098505233531615,0.14988039529081562,0.0013838789793417239,-0.025636275441243986,0.00436549227140275,0.08467801531410384,0.004077460209108503,0.003461123050785868,0.004082807374875081,0.016360309927585238,0.003587433190419731,-0.27069379429911145,0.006469892125243471,0.10745544475210159,0.005529176611196006,-0.0955179395582971,0.006231900984918231,-0.011174307954742122,0.005093309733031586,0.3545223337334843,0.005248489944753517,0.16511805047849218,0.005903965314844619,-0.056132297695819816,0.004631104269318091,-0.10844678831829728,0.005057992650284173,1.2496466800662298,0.0014265745531318874,0.17009056780462875,0.0033642495329749694,0.09826744551802799,0.00399942866077015,0.025426406949700466,0.00500749771017829,0.048500745026487886,0.003908876049703126,0.05194386919279385,0.004973331402123959,-0.3998414402265232,0.0055296884060098105,0.3632110952204699,0.00510805673381369,0.28328456537318514,0.005285528012158401,0.19596403427323275,0.0048569444465831595,0.14027821705490165,0.003934620806418795,-0.01257790212291932,0.004837137634829758,-0.05132823135929081,0.004232692706589925,-0.07663130979884855,0.003716166575088771,0.9768828410872106,0.001041417758886054,0.050396757705240845,0.0022012240658274874,0.030084158551212214,0.0035740702931829097,0.021251106237556577,0.003946527576395377,-0.034027623166593135,0.003576656087034335,-0.03804570851046427,0.003948492606110753,0.11265309589943039,0.004522896233796934,-0.016305517543236545,0.006318586293384408,0.05330021532042212,0.004963347422240604,-0.04895441367153662,0.005069723721965183,1.515004981438581,0.00558556085419315,0.18631035480108987,0.011067372101591061
183,True,-496565.6698585886,43931,51466,4,1,-0.0028294760761812714,0.0035580364138071904,0.7708088755809013,0.0006101739468916123,0.15030741770615422,0.001391883356984494,-0.026487381616665966,0.00441993664727373,0.09569725264540646,0.004108826855892654,0.011446432599628796,0.004136294048018274,0.007960869596555927,0.0036122404163168058,-0.25736841991391407,0.006439299607494362,0.1152055303874762,0.005423969795308052,-0.09602609997554232,0.006204333507953534,-0.002390810677126797,0.004995462293297914,0.3589311729815771,0.00517813290637531,0.1682335885981936,0.0059489441906256475,-0.054740838748993076,0.004554176466861739,-0.1144094350422243,0.005071700760598446,1.2501471303707548,0.0014138064926646488,0.16757064912616873,0.003122255951076361,0.10052227779229685,0.0039368522376515775,0.01986840477975572,0.004946631628783717,0.041883360504477996,0.0038593287905211923,0.051279282425352256,0.0049002926630686665,-0.3983420757223862,0.005527477382097568,0.3623902157940053,0.005005676148951547,0.2846688294900251,0.005248122377164396,0.19717307942333032,0.004804896426372799,0.1445568298482179,0.003961698938133495,-0.01916436862194499,0.0048668973734739395,-0.046749010567491235,0.004334571117668851,-0.08147099343052626,0.0037443262749436482,0.976543982565535,0.0010352862027230292,0.04770685897675014,0.0019070238619688928,0.030810470365764567,0.003655527595854739,0.014173578248497461,0.0045450293068842506,-0.042842787533265474,0.003657343437547665,-0.037229083445204515,0.004548634453519819,0.10247572939437664,0.004412791938738914,-0.016675519391355195,0.00591645366613928,0.0537756714343416,0.004835704530888338,-0.04870510604350077,0.004752046211209533,1.5090276981881,0.004996264048721555,0.1611963941930565,0.009598015733109908
184,True,-493859.6457091656,43744,51255,1,3,0.00018033177128279324,0.0035597705688492393,0.7699860492805541,0.0006048368755719458,0.14987174062218733,0.001397553653580283,-0.029394975092162014,0.004418426357511019,0.09614912643000859,0.004053168288188585,0.007162135250570917,0.0041410426590374845,0.008766232292291202,0.003560929968394749,-0.27766704524957675,0.00645962876946819,0.10715544028520166,0.005615804734496042,-0.08174231084692356,0.006287159462439723,-0.002812315704760963,0.005216262217011456,0.34181324512038413,0.005341123390560314,0.17672471241716592,0.005748047351611731,-0.0511612331810745,0.004745698327601044,-0.1214392494272301,0.004956264966220514,1.251079122490777,0.0014060327841124431,0.16574107934540752,0.003269084968435615,0.09114107121211017,0.0040539933461493935,0.023864701180075526,0.005036857290097175,0.04755954238168342,0.003982724324215278,0.06389002809338212,0.005012710395230414,-0.40175871142670677,0.0055386718873476,0.3533499265125169,0.00507165045198885,0.2900836170120997,0.005266646669958728,0.20655574703016272,0.004884528323718696,0.1408408438683714,0.0038757004686257083,-0.014076911317511367,0.004951381593752172,-0.04650895748392702,0.004165158855808775,-0.0745632140083574,0.0037246789213819325,0.974625801374837,0.0010842372500216024,0.05073314969863951,0.0021513251218204625,0.03075502661214724,0.0038991468155892234,0.011674607654776207,0.004059296192904982,-0.038423619175678235,0.003903734739853801,-0.03774469267703553,0.004062031970919143,0.09574035601371779,0.00463557585394936,-0.0253367136949727,0.005866889872658002,0.05164686894313055,0.005357891213289551,-0.056788420735899,0.004953275407197813,1.4961560647356986,0.005367142688768256,0.1645461063620593,0.009733016960266586
185,True,-490231.70895569643,43729,50648,3,7,0.0038706855216498423,0.003557207709299913,0.7692420219516622,0.000593529495567735,0.1459612525836658,0.0013563955819677481,-0.0323093474750976,0.004477809636511107,0.09233844734790629,0.00405905798738935,0.007255670530670624,0.004196583734219509,0.010633669877719954,0.003545721462332993,-0.25813716137358184,0.006646727859703508,0.11661410073032503,0.00553812760269411,-0.09540120380865406,0.006378586409540445,-0.012194822405513304,0.005109865218946059,0.3548957596468037,0.005371216876319185,0.17420077019836883,0.006016814502730681,-0.05458871936796956,0.004767246941641743,-0.11989579781247472,0.00514844655643505,1.2506459778085568,0.0014566165823645116,0.1722731038835272,0.00325357309767442,0.0972631883882952,0.004030536665505398,0.02014997607858286,0.005223314756727528,0.0493379922392754,0.003955136456768267,0.056370902851349464,0.0051773007391817455,-0.39401104659887065,0.005501854339941377,0.3539778353517243,0.0050417393717745625,0.2791097197781567,0.005220467999299953,0.20098979406808087,0.004851895897949295,0.13998232541347447,0.003981508355568029,-0.013075112313601152,0.0048334054250045375,-0.04590725858421372,0.00418916353299299,-0.07273322092561554,0.0036872159848025743,0.9765182794329484,0.0009878849849100368,0.04454390994285569,0.0019187769061945366,0.024496680207356156,0.0036251347860677854,0.01758080648904532,0.00398793156128202,-0.03868266654027031,0.0036287852218551755,-0.042246593329972264,0.003991130900538798,0.0956045639827476,0.0048551240240331354,-0.02898513928913669,0.00643619512954719,0.046413446568754055,0.005315490016194123,-0.05672630497294821,0.004949953753405315,1.5010837268507264,0.006863725328836945,0.19049782533057794,0.010997008605731787
186,True,-497658.3504134577,44262,51295,5,5,0.00432671667320873,0.003576206458269569,0.7706720598937773,0.0005939525329614614,0.1472317566526302,0.0013700589210853126,-0.0299474002854285,0.004446688455777138,0.09422126924333755,0.00404817813911609,0.004663503068295996,0.004148633265471891,0.013941267942857433,0.0035503714743999955,-0.26890697679530734,0.006496081414529091,0.11443174762840282,0.0054432278979336685,-0.08809628255008953,0.006289483033339883,-0.01087283001702455,0.005007813726914638,0.35615704919593566,0.005283126391156589,0.1632399321672765,0.005891701327079586,-0.05457025167781713,0.004750983322781281,-0.12395790276502401,0.005056893125481665,1.2487983781862764,0.00147946551859246,0.17728839327087456,0.0033994344415674976,0.09226296692106854,0.004008466589751156,0.023693072654115417,0.0050257807802508905,0.05668715728562481,0.003930849570673915,0.054135667389963026,0.004989220768149814,-0.40093159026215724,0.0054672128343894386,0.35843399765334305,0.005052158431630216,0.2889911979717455,0.0052000454158744195,0.20469327381302055,0.004869203976985957,0.1437354636795141,0.003972060528815444,-0.016873513492744803,0.004843126840679937,-0.048485214122754236,0.004276532897925327,-0.07552197234020112,0.003693128270317376,0.9763246636519436,0.0009807474902324698,0.04749318806777539,0.0020427094868315857,0.022927161418750067,0.0035839713973265025,0.016559045661379283,0.004335405268757453,-0.04077767440384551,0.0035872116956259473,-0.04011383909686944,0.00433990532484733,0.10631505778864786,0.004690227450977237,-0.02542333663527411,0.0059621276963244775,0.050805779574734915,0.005308156074460583,-0.06353068560511327,0.004732649464801244,1.4967408267595854,0.00508254529992147,0.17119576568146033,0.009378557820282157
187,True,-492930.7619889608,43665,51242,3,3,0.0010063106769666239,0.0035858722120031858,0.770904107131516,0.0006166570650310566,0.15076988888824067,0.001400492948243584,-0.029824761540113837,0.0044860035091640535,0.09706992675013905,0.004048178503463094,0.00524846019082511,0.00420191926449682,0.00898262794218045,0.0035569975250135696,-0.27141854023035744,0.006534739459351691,0.11682401872163602,0.005557478241118491,-0.09089788572979322,0.006338140538321754,-0.004057084170336697,0.0051595143964011,0.3479692656401052,0.005204795769417156,0.15732750343507493,0.005883592136162005,-0.05893149906937048,0.004728856340157109,-0.1251199574447343,0.005060019574109271,1.2470377870602876,0.0014516594969927743,0.1693838278974856,0.0033098677694278766,0.09470787759132944,0.00396240373938024,0.00991676563613827,0.005136903600708151,0.04639811772522478,0.0038978161368007917,0.05763359216504517,0.0050943344454924405,-0.39734043243474604,0.005610666009720112,0.3652347646358715,0.005076811069812202,0.2928853966553928,0.005363753385461746,0.20724327235438866,0.00490387443570103,0.14477461793577825,0.003990949497848662,-0.017109046601770265,0.004867609068949112,-0.0473333354291482,0.0043696838584639216,-0.07762200498648453,0.003668420432233742,0.9763647354823358,0.0009769889443841384,0.04711208037073125,0.0020712810949382043,0.026399839027670347,0.0037596425606463302,0.01778197715037393,0.00398442714115108,-0.03853768548224453,0.003763724614405608,-0.04297384056338823,0.0039886708042823895,0.0984397005740301,0.004636926399550251,-0.023104665355859977,0.006066265273000108,0.058363490900905056,0.005259603916414417,-0.05425836580118477,0.005100358705732038,1.5050809776213407,0.005823678321454473,0.18085455669693512,0.010705154645088269
188,True,-492981.8745246007,43498,51386,0,2,-0.003350656544595226,0.003563645646908057,0.7706454885961964,0.0006077666557433581,0.14946483892069598,0.0013881383503337869,-0.0359416965060575,0.004464849206440982,0.09347169710743435,0.004031094665059453,0.004385878692236015,0.004191739380272229,0.018703290261300912,0.0035241031360471364,-0.26779834063234986,0.006595155762456851,0.11193278809437185,0.005504792653412437,-0.08349104126120413,0.006335133785812816,-0.0036527449258793956,0.005079650272101535,0.3538501347841753,0.005295106489021782,0.17222761752989205,0.00587511749285192,-0.05291284471448695,0.004675728861478638,-0.12041692518775042,0.005033906606563245,1.2508963480753537,0.0014512735599759852,0.17459894049885408,0.003332521676143535,0.09351346873761486,0.003923705359371583,0.011827036402210885,0.00509245877367858,0.050000582508736,0.0038478275160174044,0.054915227814923646,0.005065461673821484,-0.4010458127275919,0.005538967333824393,0.36007932475129,0.005056982307129975,0.2816791381226472,0.005255820063167796,0.1985846263927987,0.004825017048064149,0.14265553494518338,0.004005252152751743,-0.01747686522343969,0.004811001820194761,-0.043453693248028405,0.004321217546586386,-0.0799909586947738,0.0036958561492796463,0.9767684713788555,0.0009957590921952364,0.04725850078952196,0.001994672889641693,0.025097682191286365,0.0031325096713379673,0.01767370448598432,0.004731188429506594,-0.04305184024641485,0.0031337600505609354,-0.030609817716344606,0.004738116025917492,0.10397311096134328,0.004624688012419066,-0.018086609541039512,0.0063990501052816895,0.04332234639710027,0.005110952021753534,-0.05115825764351869,0.004798810961860419,1.507293017369376,0.005893983824672655,0.1763253476760393,0.010555549315845084
189,True,-491574.18066787254,43803,50815,5,1,0.0003435444854752293,0.0035707967619562028,0.7693869678039533,0.0006049159401206317,0.14850145588411431,0.0013885675866752156,-0.029867524046217793,0.004446684190956743,0.09544534828774454,0.004075990821124769,0.007906512616831193,0.004169328993421834,0.009391632609547389,0.0035763247977284003,-0.2706675015608686,0.006533341724527154,0.11452133857914808,0.005524027716487561,-0.07858204317977237,0.006317962284633805,-0.0013941544957607032,0.00510076459396145,0.3484870753100821,0.005334996270983771,0.17424033025153976,0.005892532758036693,-0.04833104819883248,0.0047557451131982125,-0.1152000468156383,0.005025266427921816,1.252675438634099,0.0014563161792384705,0.16964023096888092,0.0032639301918015035,0.09762499184618935,0.003945797870580434,0.017327480026767195,0.005243664822281211,0.05703892405197523,0.003879290176005175,0.05642177051509936,0.005209093268570109,-0.4005531735545573,0.005500983208438327,0.36099425223995907,0.005096204416950031,0.28224193519298885,0.0051962233361486955,0.19489361493967597,0.004869126716909612,0.14145606206533123,0.004038309494505012,-0.01971753311087261,0.004887846828175242,-0.045460437675459466,0.0042320668051569876,-0.07320811576795608,0.0036936285700613,0.9757361575356699,0.0010331238814001442,0.04774498311353121,0.002094369519813892,0.027808644465227787,0.0035271995891777434,0.015890386233450633,0.0040477710973949215,-0.0439412542360222,0.0035290440680765898,-0.04304984408158416,0.004052874329604791,0.09804151383641149,0.004792571389013738,-0.03259014856113176,0.005724108542139404,0.04813962638573266,0.005196671143554231,-0.053350778488559215,0.004670236458226871,1.4983563040531722,0.0049612580212243795,0.16455523389910406,0.010307369744820633
190,True,-495992.32335101126,43932,51340,6,5,0.0025394876688235235,0.0035485489699526333,0.7694419816052898,0.0005988476295259448,0.14858168383807932,0.0013763290637599512,-0.04002437125471922,0.004465369388368097,0.09000514901710996,0.003990901147527675,0.007356226077541647,0.004202583719288564,0.019462354644862633,0.0034759444314697253,-0.27168883486018686,0.0066113983093169385,0.10961299424830119,0.0055595905414249315,-0.09179841138767138,0.0063948157851564215,-0.008662960941917769,0.005140812870628839,0.3439967000114947,0.00539101490052869,0.17997939305060978,0.005801774885319515,-0.05643198085321822,0.004769613200121537,-0.11609394332835735,0.004975139693914524,1.2535664968652944,0.0014436479517384582,0.17144178142245356,0.003314513342475775,0.09399217377418954,0.004041716011220745,0.016664668567625843,0.005044465680098886,0.04551280083611989,0.003956134787992807,0.05716631524108669,0.005003245337617172,-0.40253262229482295,0.005505449515202906,0.3532121358290107,0.005044966460246556,0.2883422198720261,0.005251786014023372,0.20526552529431888,0.004863646797247321,0.1389229585740003,0.003975592870423234,-0.009094187876870883,0.004902650822324432,-0.04007735071648696,0.004371618489494602,-0.07662305640661406,0.0036379496357410337,0.9772903674666227,0.001057168254736729,0.04704045806094451,0.002024979103176505,0.028395610736801302,0.0037274219302351826,0.008256211643919627,0.004539231196972002,-0.04156744655435524,0.0037306095099828686,-0.03767984901327125,0.004543467161912297,0.10842147654054014,0.004643628281546063,-0.0172757319578967,0.006128498576007699,0.05342204589695686,0.0053177379794577895,-0.061568522193628364,0.004925651583046222,1.5026030974262021,0.005335224553562945,0.17652169666178397,0.009652291931127294
191,True,-494345.347500992,43841,51204,2,5,-0.0015251032395522588,0.0035911312447564547,0.7697298452535327,0.000608863124166803,0.14810189085170436,0.0013831100833527898,-0.026922465512585293,0.004409224002745264,0.09377741339920519,0.004117822803872007,0.004940621297236487,0.00413273700567651,0.012342743231250996,0.0036155533906472273,-0.26981684783944815,0.006838955556063898,0.11362268297117925,0.005639840737789876,-0.09839274487523965,0.006583644288922605,-0.0025405282294778445,0.005224577577878342,0.3496317937000611,0.005401404832975464,0.18226565027334626,0.005916382998512456,-0.059235866103276275,0.004780780912540832,-0.1183868174631046,0.005066515388769264,1.25241347109448,0.0014197663065259603,0.16897756497533253,0.0032213961643027256,0.09933807282889365,0.00398436337735536,0.01617715384260087,0.005204711297789041,0.04754249363363024,0.00389949907693091,0.050506634488930724,0.005161001385107954,-0.3988041907900672,0.0055347462689093905,0.3667200490024724,0.005130962653906511,0.2835132269790986,0.005280770474508193,0.20142516999191043,0.004892095094623577,0.14431846256216796,0.00402515468396311,-0.023526043671649798,0.0048992231100848434,-0.050577088154062165,0.004242594831284472,-0.07108300757288807,0.0037124676257369515,0.9753960548977204,0.0010405161274104069,0.048739297749080465,0.0020857168678477707,0.03693207586529567,0.004685198162607561,0.011034810202872471,0.0038858742199902293,-0.032304709295312276,0.004691084609383061,-0.046789890202219485,0.003887553653723047,0.10111532084612583,0.004902427965307342,-0.030619155815352368,0.005919489230079231,0.04799902840596112,0.0052548721233906,-0.057436706023467135,0.0047415097144628,1.4987578568663216,0.005102455429768615,0.16803971200797868,0.009959129122440652
192,True,-496128.1854768015,43861,51544,5,2,-0.005298709135335681,0.003558011045342989,0.77026972612695,0.0006077190757249884,0.15003787844238634,0.0013923395899241853,-0.02907021761028748,0.004440005696456888,0.08779123061262835,0.004030222518678183,0.015776538171555065,0.004149480563957028,0.010878599149155111,0.0035474970088384787,-0.28106618816173734,0.00636620542927946,0.1014286533398897,0.005609251066106488,-0.09086386320986821,0.006130869111343221,-0.011814866886779274,0.005174007822206934,0.35384281617337876,0.005307747977785741,0.18173013366749138,0.005822927133419539,-0.05167037882498239,0.004684096818475246,-0.11632404317523234,0.00497879679686655,1.2508455604119049,0.0014454970295006975,0.17421650279409776,0.0032600601761838405,0.09520171082369412,0.004007724065507496,0.021008860457041322,0.005063379561719514,0.04581223406286455,0.0039246131527204626,0.05658575929058109,0.005007723180003887,-0.3992224467194724,0.005530252771245433,0.35188735006523797,0.005013764727475411,0.2835932427147522,0.005256502420684251,0.2029332829794401,0.004822731175003711,0.13549024225488465,0.004034028265613766,-0.018580260392765835,0.004813281320041275,-0.03975692959271687,0.004232969886233124,-0.0731222641814466,0.0036729491139107493,0.9762105368209264,0.001034176373983342,0.0456866731485316,0.0020739676312651993,0.029330504870793504,0.00406528336267609,0.006200872462856927,0.004490407878522862,-0.03949582357203838,0.0040683387466965435,-0.034785811828030304,0.0044964139446070665,0.10866890235543476,0.004553667677257614,-0.02183137700817533,0.006276936603915335,0.04701779815714422,0.005075074346878227,-0.05661412389177779,0.004720788456814702,1.5009805238010028,0.005377509634352351,0.17193258373674436,0.009456554143278603
193,True,-496893.6484054368,44331,51253,7,5,0.00010612443851522882,0.0035747151460777597,0.7706509368058061,0.0006059060633287205,0.14890903303089223,0.0013866528697135533,-0.030129197462265698,0.004466835172432092,0.0970890141150868,0.00405021634654037,0.007299284633906457,0.004181481628560908,0.018474071907181415,0.003551128481067667,-0.26998068087459,0.006611538133413053,0.11834529671909458,0.0055905753694770535,-0.09777103744396556,0.006404038603561384,-0.011562986787508204,0.005171040381788025,0.35309248456574094,0.005349323510902358,0.17155000803264464,0.0059319134279435855,-0.051352688372716865,0.004817845109443614,-0.11856397576702393,0.005079581919869077,1.2517536659330781,0.0015146516286599354,0.1778805921508368,0.003398103439479244,0.09913494023099657,0.004026740814884134,0.021693480949930538,0.005085001325838937,0.05419091733935434,0.003949239625580781,0.05606258203282146,0.005037630398375711,-0.39369538108484103,0.005619396188264096,0.36775896799070806,0.00507428657949339,0.2876734119818944,0.005330406607479593,0.19755561810957462,0.004860478665814181,0.14481912078345785,0.004144207453868708,-0.025028863094932383,0.00499133190301664,-0.0390568316488973,0.004296075444142522,-0.07561183725227372,0.0037362734742880503,0.9762684197824613,0.00109271452462123,0.049831472801824934,0.002111618832910101,0.029448504984893736,0.003973568271646988,0.013496264098145933,0.0041408022308589655,-0.038801063224336685,0.0039790455591227816,-0.04644258051205004,0.004147175768405903,0.10387098993663177,0.004754620472181218,-0.029367773169861746,0.006265215260455237,0.04457764770093259,0.0055233920613143575,-0.06181375947960495,0.004829110130702789,1.4965255400304731,0.005830395437492086,0.1791624123649508,0.009959801191668408
194,True,-490528.5987416764,43582,50817,7,4,-5.0511646102026174e-05,0.00355343459911918,0.7706898685093658,0.0006069631868970138,0.14940678359351162,0.0013839495841329458,-0.03107330996221564,0.004431727849548865,0.09556144504775291,0.004059730417970227,0.00853215506242948,0.004150280853243145,0.008226815879371147,0.003562243487135446,-0.27612249954616447,0.006426747445512286,0.10887999561785032,0.005585754988302776,-0.07900307342007584,0.006175292800222997,-0.00656977836537328,0.005147641040536475,0.3484018048453688,0.005268505140776402,0.16669248571584258,0.005824381573016084,-0.04828189025716645,0.004676632628545576,-0.11974941017804697,0.004991617618472637,1.2514815802453554,0.0014051635692188258,0.1665048862354345,0.0032572491781595464,0.09671952986055554,0.003991988808015454,0.017301238418768863,0.005141851895022751,0.05257833512359063,0.003915764987423232,0.0539347155315031,0.0051180002100630825,-0.4030126568046571,0.005526111091161645,0.355209148285282,0.005067452529766059,0.2761090996702456,0.00520370755140215,0.20501646874983726,0.004837507780104454,0.13928501223506937,0.00393362712104503,-0.009651862733975934,0.004928138720892173,-0.043838845113858875,0.004215359661354,-0.07380344710256961,0.003647713603577556,0.9770598519495288,0.0010477099688087077,0.04723239512476716,0.002019918751864278,0.02616261952429502,0.003644799909740261,0.0178366730129457,0.004243377740270778,-0.036797873897889494,0.0036450134540056962,-0.03965729093081127,0.0042476008483864946,0.10222827851312889,0.004483971561680592,-0.016637366217792247,0.006423447955569461,0.05894328220333117,0.004694646761842713,-0.03471818439381921,0.005213196712279395,1.5174198964214538,0.006479013419584345,0.19060333887453804,0.011796070610933365
195,True,-493891.6293107361,43736,51205,2,6,0.005846560627879415,0.0035701211782348634,0.7703243796097465,0.0006094510751410431,0.15006049818658782,0.0013916145889597414,-0.02760023370222256,0.004456098260033158,0.09528825592140061,0.0040316907600893995,0.0032096166770238495,0.004166039814725418,0.016055272224635323,0.0035508927859303372,-0.27041582428956645,0.006443401995274438,0.10755100835776815,0.005520235393951773,-0.09138509862988821,0.0062067807734386415,-0.015167087972612531,0.005077724653426433,0.35324789167229786,0.00534055284966912,0.1762692076489584,0.005869199672147875,-0.052494805347613485,0.004689945408755761,-0.11589127831590652,0.005011298579445872,1.250098478825198,0.0014477093009436226,0.17298751864449938,0.003291145634010756,0.09337803764523195,0.004083079573524019,0.02591127368962961,0.004943040556016037,0.048588954079565455,0.003987470624688172,0.058875902859411744,0.00490307189034915,-0.40282917398896945,0.005415153219764791,0.3508514487644431,0.005038691475915412,0.2825447576260833,0.005139943979871919,0.19845149054565095,0.004842369276322029,0.14093324504621288,0.003940088689225741,-0.019119651089012698,0.004826311158910501,-0.048328170663721214,0.004284218867257298,-0.07790816090563962,0.0036748266734267054,0.9756541411934623,0.0010003746344007802,0.046421987916504724,0.0019604712093161426,0.02292922333710816,0.0032723362517870706,0.01888128464721629,0.004261732122593319,-0.04367159536787625,0.0032727625235023272,-0.03839881801878519,0.004266858109288915,0.1041505630640858,0.0044017620861518,-0.010889264284012623,0.006128044386830251,0.053938008865544236,0.004842387315624392,-0.04923251021635126,0.004986022767186916,1.5114697271756976,0.005204133336736416,0.16390133279333038,0.00964417124398581
196,True,-495273.7207608465,43896,51262,2,5,0.004945142907643396,0.003538652368456492,0.7698775831335065,0.0006120521286665515,0.1513276239425727,0.0013968140454101163,-0.0337230789191658,0.004413903849207748,0.09815313574185452,0.004024710870499615,0.004258685624460258,0.004155035756601459,0.014576540613475311,0.0035263150879497208,-0.27032606757379285,0.006362809263972798,0.10124064788310581,0.005490581189041855,-0.08876711714141859,0.006137191083625982,-0.006460235893437856,0.005079510325894021,0.3416852124749855,0.0053039187168157495,0.1842961886696313,0.0057333568322730025,-0.05217891936875943,0.004703129416296684,-0.11780396920494193,0.004919952457026402,1.253366917426954,0.0014781934686358689,0.17590319342889776,0.003406465487621746,0.09903605434455573,0.004103838337633524,0.028435757444418622,0.004990678974821124,0.04994141708898704,0.004012435146347515,0.05317157429116901,0.004959117761790661,-0.4048178003230137,0.005418728246278995,0.35621221107471146,0.005033681596861638,0.28206931335247987,0.005112881229714073,0.19704967248510752,0.004837325260658167,0.1409271049130778,0.003967724714494594,-0.014007630341394768,0.0048670385807213735,-0.04082523937367927,0.004185183489465231,-0.07418468423730448,0.003633806911656414,0.9770350304916833,0.0009715389455561274,0.044591823148114176,0.0019223213381233013,0.024574879222014925,0.0035072899540183073,0.016050156391624326,0.004267467442171306,-0.04063516330154142,0.0035087068661141837,-0.04131280745130862,0.004272696035410837,0.107776421877774,0.004345422492849388,-0.011615719737846125,0.006083313250427304,0.05828050184817767,0.004823797560792732,-0.04758268216232687,0.004889570219967716,1.5123100772168476,0.004969849643167157,0.16376885824772405,0.009229716572564425
197,True,-494260.9119435889,43974,51011,5,3,-0.0011087532644314636,0.003581843866245643,0.7702940781613167,0.0006039576349027853,0.14781813035995417,0.0013671154470074331,-0.031633527999374945,0.004487231477946428,0.10208997038117691,0.0040808379352066295,0.006671705204549825,0.004219802633617559,0.023133181738495583,0.0035661373739184193,-0.26469253924403546,0.006692650987480336,0.11374362819124784,0.00558723148808519,-0.09028489570344383,0.006514331983304482,-0.00881496930702685,0.005176337594385859,0.3486670889990101,0.0052925826280361245,0.16837644762042417,0.006000145842141915,-0.06305005929507676,0.004823369815301442,-0.12795957203493444,0.005109769535624254,1.2496559645302538,0.001415225804136555,0.16423384951700556,0.003077543536888855,0.10154104885746881,0.0038970071695581046,0.017563417828982894,0.005173377305541211,0.04982588181867961,0.0038282849379683665,0.05040908453186907,0.005130713546881942,-0.40079427529395933,0.005456008218295805,0.3595865989554737,0.005088630258400306,0.28196809775479087,0.005227195469306718,0.20791219788653137,0.004883766450988009,0.1446154049854315,0.003989976697990667,-0.009258419194296146,0.00487431432361609,-0.04894163262840457,0.004232032569396939,-0.06988482200319457,0.0037091320512264198,0.9780808079099818,0.0010606119331248998,0.049551835658458054,0.0021220656332166937,0.02598851182705041,0.0035149027904454425,0.008877468557180173,0.0041520587314096405,-0.04069313247103448,0.0035187061436975607,-0.036168287597313005,0.0041560053812992916,0.09326587719009033,0.004918993796107414,-0.03518757606090724,0.005605557167881015,0.04501741397211535,0.00574964734960583,-0.07282697619345514,0.0047675203524695856,1.4974846486147397,0.0049491409798604336,0.162901148894809,0.00931892338915108
198,True,-492471.7884942754,43601,51217,8,4,-0.0009393778367099308,0.00358858787472995,0.7697942251172752,0.0006112888263186123,0.15051345210855874,0.001408150321126983,-0.026010391994581796,0.00442046425804615,0.09947199160924057,0.004093686286097909,0.007376080251654418,0.004143664075234334,0.010954378335165722,0.0036003583235284073,-0.2711965117951639,0.006595128688922881,0.11473645250874683,0.005614058495698709,-0.09892598023717178,0.006361311216213105,-0.005189344555241925,0.005173751208971172,0.34945476672490966,0.005367976437372362,0.17729234279446052,0.005868419747036827,-0.05662556439027306,0.004774642431088106,-0.11956658348146895,0.005027438228602379,1.2510596616158292,0.0014441901682070712,0.17111914116884508,0.0032830053822095057,0.09367347431004458,0.004017070176569506,0.020189515704438735,0.005085239532266682,0.052347619954705604,0.003932697038893799,0.05157775767224788,0.005041814535339483,-0.4078924367458636,0.005487544119426766,0.3531564678413814,0.005089623521866593,0.28506083292251816,0.00521634527169629,0.20122418848788562,0.004893933729317777,0.14385039177643635,0.004017668337009713,-0.006630022576617868,0.00484079410849055,-0.04779125920006145,0.004363173595995031,-0.07798083898925759,0.0036626132850104388,0.9767728650226991,0.0010133742054897477,0.04808259418390343,0.0020744812855007545,0.02913305599710645,0.0037430127894319217,0.013133534737199625,0.004307382507964204,-0.03609072883998657,0.0037446592578816705,-0.034926915522297104,0.004307439154233929,0.10344668394373215,0.004603594423554396,-0.015372525740233746,0.006151363725624585,0.052579763000166625,0.005205211018772034,-0.05528689464363859,0.0049270562842278825,1.5050413310722495,0.0053378500629877035,0.16961734108648524,0.009938548460077481
199,True,-495015.8762122812,43592,51576,5,5,0.00046709282428313926,0.0035672492341552345,0.7700560300310131,0.0006061124246395933,0.14871286673485956,0.0013826004695031702,-0.02857234220865331,0.0043723144597092,0.09349261315877251,0.004102519670182401,-0.0009361805826034602,0.0041004243499564875,0.011193857705700107,0.0035940743235199435,-0.2686442377238674,0.006570016968374629,0.11255372347525873,0.005579017047898751,-0.09855963823709331,0.006319508554298447,-0.012893861550525942,0.005145816258495574,0.3534523967028989,0.0052886098399073265,0.16967859007387764,0.0059390828016229824,-0.06271569479845177,0.004705254590893957,-0.1142763688357338,0.00508714796926388,1.2522364088055533,0.0014729678297268345,0.1746572691655525,0.0033406522923356413,0.10133481732775537,0.004053648907853473,0.023387791880974805,0.0050956912110694036,0.04635130054848742,0.003962384701352505,0.050108788269970034,0.005054899692823068,-0.4048526346206356,0.005542923481598851,0.35933514255067517,0.005079881094254357,0.28696990801268774,0.005267652794447695,0.20102415096344228,0.0048612366707515625,0.14807412393952735,0.004048607853469137,-0.013116245095218661,0.004898954674199471,-0.0464755067654873,0.0043617913257319885,-0.07841800688308469,0.0037406372538893373,0.9776645155766085,0.0010720566856998737,0.051234325323770966,0.0021571690007238242,0.018945798110652678,0.003703886602836785,0.017498912667184823,0.004515032036504414,-0.04162727183833162,0.003706012599626398,-0.04093137552559173,0.004520789067397022,0.10734195752968981,0.004702844871901478,-0.023476352909886224,0.006252789515457612,0.05036276792493226,0.005253534722375158,-0.05376336917264718,0.004834851810303437,1.499952409911368,0.005233176171043685,0.16621190114165252,0.009409313730947694
200,True,-493025.11574139795,43760,51150,2,5,-0.00021297373148099465,0.003578233027570858,0.7705515772116946,0.0006077842495691432,0.14973585263594985,0.0013996937276888471,-0.03172983556991775,0.004485005200979944,0.09949178921032206,0.004048540545703847,0.005251290873745982,0.0042022599509047975,0.019250501219303513,0.003547128246589105,-0.26248266939775067,0.006671695928227559,0.11504745071545373,0.0055642076722793735,-0.08314343248158364,0.006458494947738511,-0.0021616569393807946,0.005143609553695396,0.3550123942795339,0.005321593299696151,0.16752044757861084,0.005953706583951299,-0.05718740408496827,0.004728841378365442,-0.11446584492013198,0.005119698343601305,1.248441198834646,0.0014270770131764587,0.17150087366575814,0.003361880936277442,0.10010589510010275,0.003991555806283325,0.025560285147659616,0.005191687642581891,0.05050553487420994,0.003902964324650098,0.053442751394742236,0.005155931418220294,-0.39365528041536996,0.005559741163940381,0.3595377606311455,0.005048072984174409,0.2944735703937468,0.005293089664199746,0.20115832835390227,0.004860795818887727,0.14277936617430284,0.0040099616536362044,-0.01278381853997573,0.004874101582778191,-0.041688787665621986,0.004406785038427736,-0.07875292291852236,0.0036671290400728603,0.9771248138678874,0.0010172568756736111,0.047148346480610594,0.0020121947308991174,0.02724995858674338,0.003795240218366226,0.009888947151665517,0.004690563714996497,-0.04498680202178946,0.0037958622689126965,-0.03944480864864316,0.004696405059606381,0.09714604983051302,0.004934709146145881,-0.03359831801552294,0.005822842665125483,0.0453673245842178,0.005433117775636997,-0.06385840512501775,0.004580277300642601,1.4905899599336103,0.005279164780165546,0.1783706287577816,0.010901144672277804
201,True,-495781.57264580135,44118,51169,4,0,0.0026935221469621554,0.0035882312699937963,0.7710059860466084,0.0005983382748349642,0.14602179502940874,0.0013593114777084997,-0.025575993696326786,0.004458090285539906,0.09475645129164495,0.004151943485703423,0.009296507481678427,0.004161498576695478,0.01411883287459643,0.003637332721251046,-0.26342910356665017,0.0066847481836848285,0.12222089130105555,0.005457752212047218,-0.08652883383417241,0.006457991398550359,-0.005527437550426584,0.005041021861679837,0.35719523173632955,0.005333040485796367,0.17291109558901396,0.005977302336312288,-0.05639550612579833,0.004747501437508106,-0.12194763562763714,0.0051344427460057185,1.2511935824843037,0.0014115607971536548,0.17002690859402375,0.0032593964571520084,0.09478986657816954,0.004037898611912224,0.021716391380148865,0.005035337272296945,0.04734419928565056,0.003952520644397938,0.05659322429176119,0.004985499181896443,-0.41509875619875575,0.005597779859357451,0.3646105873189045,0.005114013218489975,0.2853849630087202,0.005280948594439819,0.21505894041217136,0.0049100223416112775,0.14681423860576004,0.004066046799090566,-0.005551849251358476,0.00509722223040436,-0.04007279171704204,0.0043721233555677405,-0.07562851851609959,0.0036540101925695975,0.9778050576667809,0.0011076041932107095,0.04890835775239031,0.0019847890259811728,0.02707568241930899,0.0038507106664411044,0.019222604205717073,0.0038013960764000762,-0.03292997498334407,0.003856071931547215,-0.04837841778054945,0.00380526179764712,0.10854630200036365,0.004561218124609859,-0.012177488822659056,0.006144822891927127,0.059537946697885515,0.005129437337880254,-0.05325718832943997,0.00512489628383265,1.5112200215711311,0.005253700556506091,0.16869942090545853,0.00945018630253354
202,True,-493520.3329549753,43984,50915,6,3,0.007399708103696546,0.00355906267909553,0.7706790623699379,0.000601386515686031,0.1477051327041677,0.0013661054167121295,-0.029704170223354847,0.004450546279525084,0.09740274748678997,0.004049005758502289,0.0006703428198263925,0.004166627576470191,0.01793929534390337,0.0035482898937265186,-0.27093009911821786,0.0064009569947659625,0.10546080919558598,0.005549923419199703,-0.09089582518475174,0.006207620170584955,-0.011790939326438897,0.0051429555031144054,0.3512971314870604,0.0051812032397562475,0.16832165923707104,0.00587972977927431,-0.056346016806889096,0.004613132400896113,-0.10762953156040155,0.005026499087383012,1.2496915935125406,0.0014312439351406026,0.16935983882616293,0.003303284874751622,0.09476844633181143,0.0040340359852996475,0.026180142204445023,0.004933642805248242,0.04519671504793712,0.0039581126026208965,0.05240878053283894,0.004894070961749065,-0.40669558249010157,0.0053924343955424805,0.3568003836311881,0.005066451275928169,0.27729328349070254,0.0051239702433537255,0.19380374722976013,0.004843188099610288,0.13898425938013012,0.0040244745817524935,-0.009764864670756677,0.004841907651828246,-0.03718319935157747,0.004347690286161879,-0.08007839093733926,0.003623351778729677,0.976639182456915,0.00101675130638601,0.04640908630222906,0.0020022346183455296,0.02790830518132808,0.0037384339435986244,0.011694727625137282,0.004200866674907754,-0.042580807660851,0.003743008127043606,-0.04472995688494939,0.004205511774537976,0.09707438676132189,0.004442318820677651,-0.020137673010783723,0.005861163037896844,0.05444893304385115,0.004959557221744619,-0.05037167010083241,0.00489555093731471,1.5066645033086938,0.0050863563276138946,0.15976606020930564,0.009537398928633312
203,True,-490143.2247199358,43462,50978,2,3,-0.0030251028181339044,0.003574379466077757,0.7700133654406823,0.0006038960198657684,0.14812957571160038,0.0013796026816532553,-0.03875844549252174,0.004482305427133177,0.09424206094747131,0.004060146574717597,0.009898415075636526,0.004217994592827301,0.020128892013280147,0.003534948359389963,-0.2630510153985615,0.006698595515974553,0.11800621806286837,0.005534790357749411,-0.08957243933992691,0.0064799904789544,-0.008503351328714043,0.005113364603393983,0.34781038487491495,0.005412060345061782,0.17637693777780772,0.005985712246994428,-0.052111072606525616,0.004809183120897491,-0.11802881480635034,0.005088953926925041,1.2517309715225349,0.0014136350280186116,0.16556701834828746,0.0031947410308696272,0.09480335375833215,0.0039816181876737924,0.022223511700647014,0.004981400319173121,0.05111702860396566,0.0039026299097232463,0.05454909166128649,0.004943481035317087,-0.40928004569167126,0.005459632177807488,0.3591117747840657,0.005116726803703895,0.2827301251230356,0.005217984607065144,0.19427151538119716,0.00489758197826376,0.14343291090859203,0.004073651035191035,-0.0020875550125530073,0.004839708915261999,-0.04550143574493639,0.004449554003287583,-0.08643420570677576,0.0036833511486583518,0.9775932643034883,0.0010518774512205953,0.048304749373217104,0.001976135904759719,0.031343752653857436,0.004070540275578776,0.01405352163452127,0.0041672971385803715,-0.03749219895572276,0.004074029353421217,-0.04185335450375782,0.004168890890188347,0.09636746237356432,0.004778931730047488,-0.020743047731194897,0.006116023363088337,0.04646966831526888,0.0055982645251484485,-0.06275519799395762,0.004961678023528907,1.5031424300356404,0.005804254018749733,0.17013313549422215,0.010014958019140596
204,True,-493158.86516401614,43867,51003,5,3,0.0058421540083875255,0.003572800872582455,0.7706397813647857,0.000611621685493946,0.1501080963555329,0.0013966197187178647,-0.0256538156206225,0.004440294071378536,0.0990194882928279,0.004073556791690491,0.00013217925479041892,0.004157503286510972,0.021310991211308854,0.0035874568773375934,-0.27261576319618575,0.006596386366054438,0.10626879698331543,0.005614557997008088,-0.1070593295865423,0.0063362564748646885,-0.013064120456237123,0.0051817919091794035,0.3495729912922232,0.005318143285341061,0.17532912254775654,0.005867192774542329,-0.057059344752768894,0.0046758518213988656,-0.11095504562579733,0.0050223141886242655,1.2520088552558553,0.0014556657549598118,0.1728307625549264,0.0033670090101101946,0.09412025637185353,0.004067475300737598,0.024852723809848702,0.005115431652630691,0.05166731699261422,0.00397297456767013,0.050634825242879614,0.005078878294560902,-0.40582483031315425,0.005500479433444972,0.35610790935246395,0.005060405101259572,0.28371783278773166,0.0052100640500572105,0.1973857266046755,0.004871637476301777,0.13891356713253245,0.003967390224024803,-0.014782523701500547,0.004887755327158618,-0.04307812380551909,0.004273940937925962,-0.07736664199628729,0.00362603990484002,0.9763022705430527,0.0010526754827956397,0.04738864214350132,0.002038973379589918,0.030195325317348802,0.0038212360613712705,0.013228562393579944,0.004069397912481519,-0.03917203846268521,0.0038233481794902016,-0.04012300519120247,0.004071642608258193,0.10412639417650453,0.00452172467500007,-0.012561621462885713,0.00599483472679799,0.05302406524740993,0.004930203010199774,-0.05304013640999274,0.00475383485877487,1.504286480639239,0.004847509865072319,0.16247431010730334,0.009692610968755538
205,True,-499488.9409003898,44186,51658,5,5,0.003913200627666738,0.003559598821428716,0.7710588794208587,0.0006012029038378053,0.14919115275724962,0.0013827646773399843,-0.02395185045605175,0.0043955151057619565,0.09224330080842659,0.004055534229223291,0.010224741703840787,0.004092268823331544,0.01859875165411757,0.0035748392451878486,-0.2677880833582086,0.006529258004672663,0.11300117589755386,0.005525495470466167,-0.0876413182053628,0.006323802311939254,-0.009202084694083974,0.005092283272552225,0.3453374249335344,0.005314312165971924,0.16659283146605772,0.005824490031038951,-0.05567985160977252,0.0047720848192931865,-0.12096492581874703,0.005006057971498385,1.251589355706603,0.0014819283264059235,0.17367894441791965,0.0033940568815658267,0.09452419531403061,0.004025021034946869,0.0248464186421031,0.005094729256527031,0.05335259219383706,0.003939869235049795,0.05656832055862982,0.005055129794581889,-0.40604807475554966,0.005440496662370321,0.35788090240005593,0.00509949225662259,0.2930219852946982,0.005213126890177744,0.20003087315557988,0.004886127286640428,0.13882218006917962,0.00400521538759521,-0.007192576962952606,0.0048524239528915,-0.03940995712321849,0.004366213214027079,-0.07961551177779155,0.003602270568783203,0.9782304670499034,0.0010193798949459376,0.04759360877037984,0.0020923615962757727,0.023554789037473083,0.0033367609299518714,0.019488127691688555,0.004206989714054499,-0.04034866057722718,0.003339797596240184,-0.037314573991275385,0.004209467759488144,0.10005374926669157,0.0046157938434048616,-0.020706184154474245,0.005850725157114422,0.051947307913328016,0.005258180878694366,-0.06082967926973876,0.004858437252551875,1.4976414718135578,0.005525691345632078,0.18108408974891624,0.010779363795232602
206,True,-497317.89822438057,44095,51366,8,6,0.004756879207195881,0.003547778951136871,0.7698187253830217,0.0006039321947199361,0.14889991416814988,0.0013836530000315012,-0.027512105153558765,0.004407788078530119,0.09457802038557504,0.004051447163153789,0.0039294766741400766,0.00412748215655408,0.01155401928549009,0.0035590694557622463,-0.2705762011222936,0.0063601869517645624,0.10556083585321188,0.0055440114782459495,-0.08664085958870972,0.006152271022092833,-0.008138426984112275,0.005117625709932799,0.346374356325347,0.005272913522791153,0.1727478933948225,0.005818687411675143,-0.04916747261783036,0.004689278508077054,-0.11962875859578564,0.0049792645211958935,1.2514474921109087,0.0014494207092242695,0.17071804433751103,0.003278394908556456,0.0975059337401132,0.0040107457167410715,0.020733333240682175,0.005047382232541794,0.04298317733736067,0.003936129143802216,0.05776168792916019,0.005010689521708547,-0.397337254529843,0.005524196782991079,0.3576527950786638,0.00506992400958762,0.28313001547637784,0.005262759333912681,0.2018285206110173,0.004856723186166261,0.14445686801311572,0.004009833702342477,-0.014429851935612609,0.004888860977117952,-0.04419172094985823,0.004296617960728614,-0.07619682361419365,0.0037068212113129362,0.9753481419248095,0.00105172135306153,0.049280165599151625,0.0020637774225473714,0.020546634699545107,0.003108980694653564,0.02640893603266401,0.0043548303842405765,-0.041318952923164884,0.0031085708587893497,-0.03202981366000906,0.004360867362144604,0.10266640161145449,0.004587291309868906,-0.02920508962629192,0.006014407102849907,0.05838550452428727,0.0049364825934820195,-0.04812874096713427,0.004915180368168275,1.4994023646576968,0.005332724890888096,0.17268666805230276,0.009909085810186305
207,True,-494610.729677471,44097,50971,8,4,0.005354828718792146,0.0035819857866655888,0.768768994834897,0.000605688085472178,0.1491093305356415,0.0013872158357281922,-0.03146942809371598,0.004459724415199213,0.09429434860064796,0.004020217798433607,0.0029916639482576992,0.004184512434936487,0.01341616655213029,0.0035307817096771935,-0.2881815409298595,0.0066015103405688644,0.1157047865375741,0.0057629093540307345,-0.09423344111860436,0.006367423594914927,-0.007452083245258098,0.005338765248749728,0.3430112549627902,0.005381918326937895,0.17270345484509458,0.005800722642301288,-0.05597581688899453,0.0047461099134136426,-0.11548947102367892,0.004987968716982499,1.251465635502829,0.0014260528696438124,0.16751558069152475,0.003318367761808702,0.09465160352131574,0.004068409803549626,0.022262385524603,0.005185415246545842,0.0488137539689421,0.003974805189962279,0.05472977672941795,0.005150169715240667,-0.4004239607698035,0.005535472984516051,0.35718839212587306,0.0050900571303961525,0.2919008588039193,0.0053345824817653854,0.20099684447243424,0.004902824912420264,0.14100292381430343,0.00397909129621753,-0.013596223597344012,0.0048656756551820265,-0.047872537346859034,0.004357957286112835,-0.08209399995376403,0.003722654381634396,0.9769104020279205,0.001022496286379404,0.04799361858937757,0.002046812205635181,0.029291600272017156,0.003666235236827642,0.017503398599668752,0.00403105508384468,-0.03906254365958428,0.0036672008861596992,-0.041589445192585915,0.004033401153938217,0.10147307841815185,0.004653831002592598,-0.02253153278050194,0.006213012990733681,0.047149606287489626,0.00523801234550892,-0.05972400639127849,0.004933149520854264,1.4967116770775095,0.005483165006055057,0.176053581668297,0.010697472948206749
208,True,-494630.206991008,44051,51124,4,4,0.005627824665704722,0.0036094200719325575,0.7700306385742869,0.0006000535851152788,0.1463779693333719,0.0013627620211017072,-0.025231335928448062,0.00448862970008145,0.09749425513531171,0.0041327361715154665,0.002368771903469736,0.004191331651489593,0.013412620011193803,0.0036335354590270965,-0.27978225209445834,0.006639632776300107,0.12389322820346121,0.005621287465704919,-0.09599175419182852,0.006395242902962921,-0.013643402517108974,0.005183673259678487,0.35204650360791667,0.0054324499184862105,0.1739322876199822,0.005893842825086611,-0.05106550927614857,0.004821810078290704,-0.11751385680152891,0.005036127054457104,1.2500561968861108,0.0015173226520484029,0.17871042941486578,0.003463623238408181,0.10194268173384037,0.004036847527921634,0.020992222793384783,0.00507066365945084,0.04958045077457196,0.003957448863512958,0.05691719684108445,0.0050316325944919525,-0.4127942172289932,0.005603910571280425,0.36183826154231513,0.005145548641358769,0.2854010710558429,0.005318782756309636,0.20226207509523644,0.004935391920559277,0.1403367588842147,0.003972450657450627,-0.014051105696856442,0.005038139271033727,-0.04298365270070668,0.0043708243675472215,-0.07699935557851023,0.003683836841988518,0.976311395677473,0.0010665084228858035,0.04892319636404187,0.002156663659228005,0.02979434548808549,0.0035446882310331846,0.009397672206363361,0.004476718728592486,-0.047972849647036984,0.00354846040286527,-0.03560869849655821,0.004483990429963958,0.10329942722337089,0.004620289188956131,-0.02032744824088249,0.006300909862021068,0.05501446246918085,0.005172223154815959,-0.05647721079753373,0.0050327186038394145,1.5040621801172094,0.005890403637811792,0.1860913644460846,0.010765555363935975
209,True,-492837.04154046066,43753,51014,5,3,0.0033333415188885438,0.0035442293349395304,0.7703716857382759,0.0006029893402513253,0.14878412049110445,0.0013745589627088273,-0.029725321800106792,0.004420245316731048,0.08713633689226874,0.004035804551616285,0.002010899387787096,0.004130359600375765,0.013950981754073765,0.003544757457951829,-0.263278933871413,0.006575517247338754,0.11113218439291858,0.005482895534817442,-0.09411594381561228,0.006298611972021584,-0.013703945747084598,0.005041535475832534,0.35454119048862437,0.005279898123177679,0.16905996488761066,0.005941759167137896,-0.05217077316529136,0.004629950456371586,-0.11167639867795141,0.005066283304057485,1.2510932568052036,0.0014280847232855942,0.16929372665446774,0.003242325974753102,0.09366107438729802,0.004006701561772726,0.01708171546936742,0.005074510747577816,0.04819928468034236,0.003928361195234633,0.060203042765019185,0.005032796915464716,-0.3971690445310826,0.005464693020029733,0.3551469130015308,0.005028968295961074,0.27594228840212126,0.00516210595445003,0.1967054329132441,0.004813735311878863,0.13743463783916374,0.003985064669164534,-0.01453240871140016,0.004912946534997758,-0.043482991611992636,0.004175128739309209,-0.06870115519372445,0.003648507174616578,0.9762137220513454,0.001086241285829792,0.049027773238655134,0.0022080970732906956,0.02318078762779405,0.0037664226018294155,0.02001943314482049,0.004187569165526641,-0.035425936011005965,0.003766685274871916,-0.040843464564708484,0.004189875352091819,0.10338087434725078,0.004621698821235019,-0.02344613849321477,0.005996285984776962,0.05208792032438905,0.004929624151259446,-0.05261981045264173,0.00476577372946797,1.5065651957952118,0.0050941358500175005,0.1710843096301304,0.010509505336020769
210,True,-493206.53348461655,43957,51015,3,3,0.0027271852048210135,0.003558992231893334,0.7691031398389805,0.0006008898426200782,0.14724405635770635,0.001367944435725188,-0.03157173396045818,0.00442648142399968,0.0873423542035577,0.004081715200499875,0.01266700444045505,0.004149627333784895,0.010854315186811413,0.0035754603880600133,-0.27390448649418686,0.0065449786491271,0.11910494537334076,0.005543678808903691,-0.0859418827589066,0.006326242187881823,-0.012882434519047458,0.00511773834894524,0.35120609742730263,0.0052514930657343445,0.16524584305378287,0.00591615165712931,-0.05425812520547721,0.004684520156713684,-0.1188482008744453,0.005067012927679203,1.2487233815530157,0.0014148140540463094,0.16779852968886966,0.003275740598071286,0.09491439024076315,0.0039571585352431915,0.019750896351394324,0.005069353076894985,0.04968926430780418,0.0038825757999648865,0.05056168304461297,0.005029469479340623,-0.39855903823497835,0.005459879750061865,0.36043506069415243,0.00506099894601986,0.29111114940749044,0.005229357587899441,0.19984922635208183,0.004873790570828229,0.13924759047959087,0.0038970051945124485,-0.009176011213063188,0.00480264618626717,-0.04268722306622136,0.004289530378990373,-0.08409065406574921,0.0036275758491505156,0.977559708144042,0.0009725447866904546,0.046447463112029734,0.0020289304578871917,0.029249812067828344,0.003749809128849193,0.014316230952085103,0.004154335315691017,-0.04251653400139007,0.0037523164871661385,-0.04313092828262833,0.00415674900218877,0.09923146182891533,0.004677507645039596,-0.027037551404304794,0.006000678742942779,0.049275211756198985,0.0052811488163786655,-0.06282995793456714,0.0046753390711239,1.5012033096948396,0.0047306876637074335,0.14722055282896582,0.008137972149061645
211,True,-495482.1293737339,44380,50945,3,5,0.0075847556945208275,0.003572866865292976,0.7697626760404152,0.0006083710450638935,0.14896735013606435,0.001374341682130284,-0.028857930941897737,0.004468778947485639,0.0947218494081065,0.004056033996991013,0.004581550068717178,0.004189548426233568,0.01979504655149177,0.003570169893978049,-0.2708734162872384,0.0066840344200498406,0.12286427462406688,0.005588473535392977,-0.08032697867414583,0.006459057009629495,0.002956504253688954,0.005158074495618593,0.3462170299256424,0.005284728096060717,0.1706268428252603,0.00586145302761534,-0.05459768397094536,0.004723235654756899,-0.12327769229074405,0.005012170461318738,1.250771477313805,0.0014637980342787626,0.17298856619349343,0.0033644270459479847,0.09272108264884182,0.003953556781326426,0.020349936689413956,0.005042438775132416,0.04403464836131409,0.0038924652348275943,0.06427462094434193,0.00501403294956047,-0.40669050594894135,0.005418674712781303,0.3592746910889698,0.005081261350306576,0.2782811050807373,0.0051242845875235365,0.20057984115997055,0.0048623553962207034,0.1411143292826532,0.00390831516516596,-0.01739379052598496,0.004793924431488472,-0.05017845839969663,0.004129775755970136,-0.07172856014345834,0.0036596819067319254,0.9759778760003803,0.0009553552693489786,0.04439549394017516,0.0018624741386792654,0.027308132688896432,0.003728410905423006,0.01629794049084462,0.0045320344652388204,-0.04092436893148046,0.0037278320060441248,-0.039062798910385034,0.004536951575708838,0.09659815479252448,0.00473653036801378,-0.02145534928531679,0.005994517990723037,0.05290515044215161,0.005250169403678359,-0.04968093138249735,0.004956719156245907,1.5064769365573962,0.005152466019998192,0.15510833252501138,0.009104358494072817
212,True,-495873.6442633774,43895,51318,10,4,0.00024341282619281553,0.0035568616415848388,0.7710177792458383,0.0005884798867134555,0.145807881255185,0.001358175268144815,-0.035284651179799016,0.004452877676513187,0.09323905204843641,0.004038232328329437,0.008958223952062975,0.004164821146325516,0.01444186092526064,0.003516476425329358,-0.2698870533497019,0.006484037123141749,0.10589366863262704,0.005586688640504963,-0.09330307626755677,0.006239098895902349,-0.00819609221191809,0.005174044910830805,0.35271452579285545,0.005343151437002594,0.1785640759216201,0.0058924314445141365,-0.0593513814241405,0.004747969681940429,-0.11752528721303894,0.005046741808911936,1.253024267978261,0.001493006229989824,0.17778726945131657,0.003310972485631128,0.09290047120763845,0.00402147151532487,0.01976008054581345,0.005074484249184313,0.04981326301840871,0.003936676081855375,0.05407484839421654,0.005043726213763767,-0.3933249710048644,0.005515723764430738,0.3627873062771047,0.005053633037608264,0.28310439006038324,0.005244891036955956,0.1913620164127638,0.004815016085947251,0.13749638955274074,0.004149671137765194,-0.02505068244558155,0.0048804596136142195,-0.04541080910847245,0.0044266734470606766,-0.07461380914860564,0.0037389053527431115,0.9735548210168358,0.0011595379121073224,0.05086062906836913,0.0022049914673060132,0.027388765795736892,0.003788213641763611,0.02170093760981394,0.004051071945313751,-0.03916395471693631,0.0037903403161736516,-0.04580730927322874,0.004055387544755525,0.10338333734494602,0.004782554664585676,-0.028323447394507248,0.006303020483783187,0.04290295798461959,0.005222338596690248,-0.05702611454545467,0.004790702109671619,1.4947817782774135,0.005850696305208625,0.17606300406120295,0.009896780088289689
213,True,-493044.9729012493,43801,51138,3,0,0.0011281741683276082,0.003568450356102854,0.768904455352761,0.000613724207274402,0.15042124470347826,0.001389277281751769,-0.02683865535968284,0.004429444651982089,0.08976515249216478,0.004048277576401585,0.009542466087862161,0.004149432756054962,0.008297673749018955,0.003568696735518762,-0.2648966780953311,0.006797698479505186,0.12057582942981063,0.005528830435322029,-0.0833470660814555,0.0065438739799488525,-0.005207716251678509,0.0050889866566186095,0.3495774349135285,0.005343742175758778,0.1687737244913374,0.005916096173968645,-0.04868739525535725,0.004776422012070037,-0.1280453473839094,0.005053445105235641,1.249729444159577,0.0014386895944087374,0.16916797566031697,0.0032290086303614213,0.09774869085241109,0.0039674340858332656,0.0159813780307878,0.005132145213463529,0.051253090770807024,0.003888508753516233,0.05955536372599402,0.005094466089725307,-0.4009027922956219,0.005536443401748251,0.35307325194696165,0.005094980106326378,0.28583884840329876,0.005287105063694675,0.20780753284140102,0.00490076119570538,0.1393868643376812,0.003942770588726466,-0.013324091264473516,0.0048046052508563504,-0.04409925198521964,0.004295199191509669,-0.07626955256295213,0.003680260371122325,0.9766072196838809,0.0010134767214217688,0.048195918555561386,0.002145816858255125,0.0228643456567295,0.0033812196757837523,0.011725539425591075,0.004587826520675026,-0.04397941012303722,0.0033841913676265645,-0.03684844998405752,0.004594934565273116,0.10295310222263201,0.004658039413755596,-0.015568050050521073,0.006353429691202201,0.0534619393556666,0.005090463722023963,-0.048896555970696365,0.005096815694254864,1.511695772561235,0.005836473545626331,0.17889803600052812,0.010675003469643285
214,True,-495092.25791210355,43834,51377,5,1,-0.004140503337754965,0.003539931440028202,0.7705340738609123,0.000602588208442556,0.148788929857058,0.0013680486158246519,-0.04408717245011698,0.004454616744601933,0.0924960845558497,0.00399949540494905,0.009415851696600532,0.004198647664681103,0.015943486819035575,0.00347089987679478,-0.26886762517401097,0.0066373676116597636,0.11414159776863884,0.005527876308507777,-0.09399973698853403,0.006391380746953455,-0.009820703757144892,0.0051024246191026575,0.3466056438317211,0.00535743177016285,0.17778697183416325,0.00585974829964535,-0.05618050135849589,0.004729502034593605,-0.12085710442271508,0.005014578917409908,1.2516539719805166,0.0014179272028531642,0.16833416086967992,0.003211784679856569,0.09504780195777084,0.003974655435953371,0.017348100616016666,0.005055205493334215,0.051262687654776214,0.0038969693553701514,0.05687251929715903,0.005016303224483044,-0.3981690131310916,0.0054353140005895225,0.36245088644869156,0.005028878167045615,0.2778517732502923,0.0051622133406420915,0.19707329793974107,0.004795415780543945,0.1426683797966088,0.004001968482587464,-0.017359799433111667,0.004841571968365274,-0.04445948708456999,0.0042726043260723524,-0.07464797980251585,0.0035931546184915864,0.9756414623640586,0.0010106576630783959,0.04689532687028494,0.0019305515449555867,0.025061173646765196,0.003414689084064321,0.01913863841860372,0.004238816424311783,-0.04052582555590894,0.003417458281386615,-0.039022005909388806,0.004242928869321168,0.10019318521777759,0.004678820564096896,-0.02232579995862191,0.0061295243802711695,0.04728925845194613,0.0051882365980667755,-0.0602818266962701,0.004759986190245341,1.5032943053561998,0.005252784526218135,0.1674470872953703,0.010005465346943646
215,True,-497622.12611437927,44163,51330,2,8,-0.00021061167194552673,0.0035553072544969454,0.7707232306663994,0.0006066141834844552,0.14906661021850473,0.0013773810148263593,-0.026483142427903776,0.004441274872817954,0.09693683544453328,0.004063603148435972,0.011213355756340021,0.00415445061427616,0.013648317576774998,0.003572216196925193,-0.2599000983662777,0.006638832564656474,0.11670823321092755,0.00544164840210694,-0.09770076107913177,0.0063996924279365935,-0.008868648667606397,0.005017244416677232,0.36153949799160107,0.005205378148145805,0.1646605784772505,0.005991460290885403,-0.06077682637437185,0.004639471217521462,-0.11479412245989898,0.005158521114353247,1.24861239929543,0.0014013710818853164,0.1695463487959682,0.00325789474159012,0.10156565851846669,0.0038798588374926186,0.007116841271989711,0.005226103400306856,0.05344181042916571,0.0038056755462204765,0.04781303613474441,0.005182248176921548,-0.39915968872740704,0.005568626976041598,0.36043997856511434,0.005025662992329212,0.2794687916552195,0.00526872852001584,0.1981743177185294,0.004798241363224964,0.14586812436368332,0.004065236250459421,-0.02048327156133008,0.0049719585196803424,-0.047559258932237045,0.004286500621621343,-0.07575845626216232,0.0037295521866253607,0.9769355836023158,0.0010741936729488644,0.04958135178921642,0.002052574496817554,0.02309503577562336,0.0033241201515302014,0.020445858031146086,0.0043341021395119006,-0.045447332058266544,0.0033237850121495068,-0.03815868072677719,0.0043396242923658766,0.10574495510631311,0.004673874360053646,-0.013155944932973758,0.00624232434827698,0.04911453985378306,0.005297656165902173,-0.050475625169594134,0.004990228571126665,1.5102773705393944,0.005760610512494213,0.175323059917321,0.010317072559386062
216,True,-495079.88854088413,43915,51221,4,5,-0.00046487132230246044,0.0035454597893560275,0.7703487003836493,0.0006011151268315862,0.14899506381418315,0.0013818669434371295,-0.0324175829825859,0.004430075570616628,0.09287501047338176,0.004010414357995541,0.0010747389330894022,0.0041472556837042485,0.01944722234250538,0.0035187619586658212,-0.2731710023369403,0.006476862536365857,0.10926195403838548,0.005652358208657165,-0.0912200918091441,0.006236617008976467,-0.002453191981058231,0.005226590309443601,0.3429605453527664,0.005167975392703445,0.16685417239834968,0.0058014487757789175,-0.05570101625504069,0.00456737687964976,-0.11476493305229823,0.004992264807807065,1.2493326503189839,0.001393407551928405,0.16490051807134165,0.0032482185543526165,0.08548372267882182,0.004009650942113132,0.018845789860764694,0.0049592584093928445,0.04648007909117649,0.003942520588745946,0.060122702869645564,0.004929511092953808,-0.38894768379256583,0.005432415205457842,0.36161261761095137,0.004987763726333732,0.27969944699083876,0.005156006992858867,0.19165931370830916,0.004785055331000384,0.14140995909252763,0.003974543973402291,-0.022678983473226375,0.0049261164112711624,-0.04214875787364065,0.004373179286680869,-0.08077781851487266,0.0036933396931883777,0.9761310954337041,0.0010865318208915231,0.04978355901371538,0.002073932070990856,0.034831380055344564,0.0037057417092951628,0.006522981095894424,0.004116653826018096,-0.04074275903986135,0.0037075989400916086,-0.03726462071729287,0.004121082803548166,0.09225935693028443,0.004724317082990499,-0.0330955827750092,0.005953592409518312,0.052370440962684804,0.00485992175043953,-0.047686543790289304,0.004576251590865508,1.4994193086633187,0.004740465686663753,0.14656499685686586,0.008764738147047577
217,True,-493642.5508878147,43795,51248,5,4,0.006836895038510938,0.0035568319111870055,0.7697998132470146,0.0006026899742705982,0.14766002915487486,0.0013663311953299173,-0.025619848041971878,0.004383422010286352,0.08425349226194476,0.004106866392065392,-0.0053568281053283815,0.004098433780537316,0.011355747361597312,0.003609800025279447,-0.27099015206304244,0.006563310892773324,0.1134083244443559,0.005588941485340332,-0.09076366123726012,0.006304247618193872,-0.0074037590328320515,0.005143856794314344,0.34918615366290856,0.005347668895387642,0.1721387980350614,0.005855658626395703,-0.05943981368760546,0.004698284305467933,-0.11157608792621679,0.005025605762077173,1.2494935189454275,0.0014462472619624078,0.17326706952036022,0.0034471134866675274,0.09581368728264733,0.004085972071696589,0.027117388866812503,0.005054529119861823,0.04803215505473919,0.003998021604461971,0.061757350218102185,0.005022855370724231,-0.40191632840861313,0.00548407358031621,0.3575292600499717,0.005104490095784822,0.2843718655372728,0.005208219331016715,0.19745569233251023,0.004884076798837048,0.1400046753302595,0.003977483870419124,-0.014680380405050725,0.004878411024376274,-0.04124433724646417,0.004259399691588901,-0.07374351317773588,0.0036584378930771488,0.9759758254516263,0.001043348023984536,0.04690029367477974,0.0020614129944274556,0.022014849618216162,0.003452789950239242,0.019106592258738078,0.0043719998849747,-0.04233791706352746,0.0034546097026535495,-0.03891563489901799,0.0043777988790588114,0.0996717964652165,0.004756086074616508,-0.028010121840854715,0.006008253784105081,0.05299725352020639,0.005049692219590238,-0.05529087381388058,0.004745542637267598,1.4922601264392925,0.005214313228745104,0.16792325810711994,0.00971869141371208
218,True,-492551.67881681677,43881,51016,6,2,0.0038854268485421953,0.0035852350058002886,0.7702959249569494,0.0006090679136306898,0.14961512388260761,0.0013929900187482913,-0.028808990166960015,0.004472088691798264,0.09317664245924052,0.004026579974242143,0.0025489380230207825,0.004176461505208732,0.010199616315492162,0.0035415278340116332,-0.27224434237610445,0.006724169658193235,0.12042613667228703,0.005636187990773043,-0.08688646731749856,0.0064553654317855876,-0.002905597726941756,0.005179043994631724,0.3544950833500654,0.005341018158556033,0.17120936532892156,0.00592099632141182,-0.06384110971506637,0.0046807033198221415,-0.11280393030760918,0.005063134650720837,1.2507184370796591,0.0014512712801051375,0.17361348301041438,0.00335071784427593,0.09897788537055946,0.003972007668052221,0.0176235655233298,0.0051893780353547804,0.0510533845493307,0.003889122896531387,0.05617454476777719,0.005143698839428554,-0.3916663768776727,0.005521314799256037,0.3604414655733214,0.005093302844896507,0.2922162717377074,0.005321704301979956,0.20396211871496706,0.004890621386620905,0.1394397847067872,0.003949967982033616,-0.013960209923029208,0.004874920521931942,-0.03961169961063038,0.004267523311851321,-0.07734403070075252,0.003640063471706457,0.9775740168512483,0.001005290545208204,0.0456328541290422,0.001949763450403267,0.025529129747670822,0.004355113629350931,0.016654093920345447,0.004066345589430796,-0.03628021545760126,0.004354513457234114,-0.048319529440803526,0.004069184704274634,0.10288468516465137,0.004865014587268668,-0.025365178825204046,0.00603053837864635,0.0530173742789041,0.005295026228790215,-0.05959810428216259,0.004849796657376359,1.4984203086794374,0.005400494713530324,0.18616371055494402,0.011500419472816117
219,True,-497408.0374861561,44165,51382,6,8,0.0010506400351495428,0.00356927388519212,0.7705707004522112,0.0006056037513728629,0.14893652405984154,0.0013779294658985974,-0.03277457751925132,0.004453172095458166,0.09878321530793668,0.004037105329352301,0.0034687049121530644,0.00417854255167657,0.017001268870667826,0.0035332514324456564,-0.2661026038152656,0.006651223388740001,0.11354894726690949,0.005532309188907494,-0.08650643304396684,0.0064309793747469495,-0.0007500673630754806,0.0051054765770402535,0.34900368004735843,0.005445413902552528,0.1863760911331611,0.00586676711461231,-0.04871071963123854,0.004831535290214071,-0.12854895315893194,0.005042448835340538,1.2526580845298514,0.0013901562128205702,0.16844207692542157,0.003197397536401622,0.0962436300938138,0.004062432981138276,0.02873270676074738,0.005131856754717816,0.04356086696826607,0.003972367348655618,0.05560585981171559,0.005097752606545483,-0.39696349165408557,0.005565333399425672,0.34557234925991276,0.005039877829767185,0.2898830232521834,0.005315234177207987,0.2157582884995124,0.004848857815703894,0.13816421049837524,0.004003157918154606,-0.017663443576840892,0.004968752265992251,-0.03836471458369805,0.004321507384865638,-0.0764325555928076,0.003675680526022958,0.9761951045009388,0.001154749378218023,0.051725771489472265,0.0022502472984168194,0.027330706593288276,0.004321961638878704,0.008566945868371664,0.004666660366298513,-0.03758868578236222,0.004327003667609956,-0.04380573126463676,0.004668365201327444,0.10360304576007512,0.004753324113243715,-0.027072926350450586,0.0058772293073410566,0.051560544024002376,0.005384010807039582,-0.0637343752462466,0.004790236777374323,1.4973199891564084,0.004948764743592848,0.17187712609939812,0.009963299739351728
220,True,-494861.5529490984,44050,51173,8,4,0.008266808695803598,0.003566096069727699,0.7702638933156116,0.0006132672869619271,0.15032689130342086,0.001395536214467294,-0.024094870224100173,0.004390276444048387,0.09426568484782717,0.004104056791045591,0.0012438105656055437,0.00410884391803189,0.01601230975567421,0.003616592377893757,-0.2692243585926069,0.0066437740783994,0.11858068128079362,0.005503851575720278,-0.08164488385960271,0.006382317021783814,-0.0008167785843682149,0.005052731251626691,0.3594846276549733,0.005340216416445309,0.1725782488313578,0.005888261167646301,-0.05298178244752445,0.004710489423200242,-0.12203669958995395,0.005063212438096051,1.2489801008216934,0.0014557968776910402,0.17579697295565602,0.003356623277276427,0.09617712455671937,0.003988306517399896,0.018415472328578823,0.00510299938771313,0.05242310623857877,0.0039003815178553806,0.057406184622775844,0.00506722039143955,-0.40145852493276574,0.005622279590766938,0.35845933645253364,0.005114189609682497,0.2929994204438006,0.005352785168173921,0.20763671440904047,0.004882275021183917,0.14401874866542183,0.00407327892478122,-0.018426659621767826,0.004985425140454598,-0.04075941789915708,0.0043533134114662145,-0.07432687494840934,0.003718958173876076,0.9765153563477226,0.0011233592091766664,0.05063536271535622,0.0021468585311833835,0.029479708284598435,0.003930088997835084,0.012585489062428599,0.004380214617402363,-0.03982930924334863,0.0039342754852469825,-0.03777406082546425,0.004385385506039399,0.10955466661345278,0.004569787932813355,-0.01085109803185262,0.006207505885636522,0.054599599983773596,0.005000994636229611,-0.049306651630167904,0.0049908895642261615,1.5075848693547103,0.005524961069537926,0.18022123712514693,0.010544783535845592
221,True,-492403.1642111967,43731,51002,3,2,-0.00192148831329905,0.0035921351723160813,0.7709988575828487,0.000608752354651243,0.14903150795611855,0.0013946299107962246,-0.02700110388237305,0.004474963371372709,0.09777606801151802,0.00408675329204046,0.008471564185494508,0.004182876173715706,0.017761232393830626,0.003590901972379026,-0.2809698002440146,0.006590143827462925,0.11577206618744981,0.005623440945100325,-0.08794927042013782,0.006351933245553448,-0.010358386409226759,0.005193887200120936,0.34736023637026675,0.005420939688795117,0.1759386256548804,0.005836480117916467,-0.057962168938778286,0.004736118705392648,-0.11358809345369483,0.005002006546183272,1.2507605881105417,0.0014202785933017381,0.16889960492803346,0.003324327886676276,0.089314747708404,0.004079408893558643,0.02508602597482247,0.005054154788596708,0.04835437534204832,0.0039880757795359165,0.05865141502843107,0.005018309915126772,-0.4021676453988393,0.0055367089138524846,0.36691714760796695,0.005103077826164591,0.2838715931049795,0.005266806134555439,0.19695476452791377,0.004870724613719908,0.13629009150354668,0.004086052021954008,-0.014575087037609971,0.004833370231803106,-0.04920516536092719,0.00436185227719393,-0.07327525363196113,0.003716271587505395,0.9751396831734453,0.001080324781916664,0.048167027254548044,0.0021860413033269535,0.025602383139074484,0.0036435005221183763,0.016230865146714846,0.0043870556674966525,-0.03921327501773077,0.0036484532302615835,-0.04109629801212705,0.004391304284926708,0.10738682241356572,0.004718628309128892,-0.030638945124996098,0.006136508946932941,0.04695992306640365,0.005143456878130941,-0.06040016405200843,0.004721964305720549,1.4979111412572048,0.005127356391367743,0.1704670682486744,0.009616254724180817
222,True,-494996.8172295124,43962,51306,1,3,0.000912737968318502,0.003575745018802568,0.7699533887721466,0.0006053967239493807,0.14826831766379858,0.0013797295046665409,-0.03165422708871556,0.00446982629198915,0.09664038118051538,0.004051831998033204,0.002931423434330951,0.004189783768128817,0.010529125663477567,0.003554599629427417,-0.2755663672924175,0.006640330937081954,0.11386746670456209,0.005683480697257902,-0.08770230179900866,0.0064004832019980565,-0.005921058808293544,0.00525914662157146,0.3465639897334146,0.00553198093710406,0.18846164876029317,0.005831404615012195,-0.04988836827161291,0.004853138625832557,-0.1220258127541725,0.005026181048669006,1.2538876950210052,0.0014364565577379418,0.17359527539212788,0.0034072333528667453,0.09698188144908249,0.003991929612506585,0.014795360283825823,0.005255268124108067,0.05507630969319562,0.003909861896954715,0.05574209694338981,0.005217919257555635,-0.3968726441373409,0.005527050733659227,0.35883913915521526,0.005084881252752844,0.28747510298393125,0.005325865408995456,0.20186163602502596,0.004877044846805553,0.1407337047883406,0.00402559518516906,-0.02503567106338234,0.0049132396545014416,-0.041974846555513,0.004277927186972095,-0.07769397800489578,0.003695092763234469,0.9755057955054167,0.000987272038863951,0.04449727270506035,0.0018547798485416475,0.02951480829862802,0.003915078776278695,0.009870949733878314,0.004192349501531558,-0.03696007782297961,0.003920667543440669,-0.04394955561453848,0.004196591057578352,0.09621670119613915,0.004864831985831732,-0.02890037685024508,0.006006326186687096,0.047608895337379775,0.005371158842499552,-0.06577474915634708,0.00497297655894626,1.497440492169981,0.005723718570813552,0.18463600498122018,0.01153146266500786
223,True,-493762.15952784417,43606,51391,1,7,-0.0026385328260386683,0.0035833838806542447,0.7701649594582836,0.0006031522685072122,0.14820221093492614,0.001381558359103946,-0.026995627214488605,0.004431314172207304,0.08986532849302077,0.004069516045554668,0.009179665393353138,0.004135996595722298,0.0104105159289768,0.003578931770694227,-0.28525627460529396,0.0065698751528315835,0.11230741221699113,0.0057588152088398755,-0.08955715499294743,0.006316230987630999,-0.008701865628412509,0.005312610919939393,0.3411772902374598,0.00541056255638349,0.1835888418064091,0.005786744197374796,-0.05415491163166605,0.004769598576876294,-0.11850588789629082,0.004962600551526399,1.253814377528791,0.0014541493548986262,0.17055878982994077,0.0032821890705285184,0.09369012648752377,0.00407534716325782,0.022279014310859435,0.0050444393899185406,0.04199464353544765,0.003992122656083863,0.05921833031097968,0.005011727741060177,-0.3973231288296768,0.005552134984080676,0.35658905893631976,0.005066290533285402,0.2912837542549071,0.005322452633195606,0.20392563758417623,0.004876184314910109,0.14289023772823162,0.004012942120099192,-0.01381250472852024,0.004901094431812353,-0.050970895142533224,0.004399337889079802,-0.08067587942119377,0.003774055573892809,0.9765718417043505,0.0010636653574636612,0.04841694394204667,0.001978034660590499,0.024178226366618386,0.0037308243859976472,0.014859835170174451,0.004527223887995564,-0.04341405919620076,0.0037352174660706242,-0.041851504735528185,0.004531331210937674,0.10896078081513377,0.004627864365031693,-0.025020691882507665,0.006142261981995752,0.05278260546114286,0.005081118994833359,-0.055187999406341476,0.004843715332991182,1.4998029244227666,0.004858665900218551,0.1657455239118181,0.009346954833121368
224,True,-493518.87313775544,43775,51204,1,2,-0.00045978559709554335,0.0035470537206286146,0.7692685382709565,0.0006013527060971802,0.14767116261490806,0.0013562827346867007,-0.0321561320743947,0.004391104356429282,0.08845619728333844,0.004066614538404511,0.00722908747700096,0.004124263766680717,0.010447012223313491,0.0035547363473382955,-0.2742541286551503,0.006672319911705229,0.1193282600336822,0.0055557740980683775,-0.09694911988789534,0.006363968329296669,-0.010246564592848279,0.005111801791417966,0.34892930515632176,0.005316538954607007,0.17212290012592257,0.005878226493940705,-0.05160223907661378,0.004673799711531265,-0.11329021654506494,0.0050054408200569155,1.2498403559403835,0.00146857720971183,0.17305915754497148,0.003335196140130142,0.09164379252116468,0.004040122150353853,0.02342197680544544,0.005057817971088107,0.04653022352225584,0.003949427717002319,0.0605489726900247,0.005014771202729714,-0.39580435035376943,0.005456669420280623,0.35292905916140316,0.00500656027285888,0.28535508819963595,0.005196687655086628,0.19673248580619632,0.004800257556102935,0.1412497096608145,0.003921209078905971,-0.013979813344743327,0.004735408057390573,-0.04906513944144993,0.00420006472982652,-0.08150343877854473,0.003701652174440607,0.9771103868506658,0.0009871642074583686,0.04758960706642211,0.002016466071959676,0.028672348536683375,0.004139093076716431,0.00931613762607126,0.004045314788573239,-0.03394864575536412,0.0041442970872447495,-0.04484799976983895,0.004049457822672387,0.10408241261557054,0.004541268172630571,-0.019293885747020206,0.006389456110010029,0.04623500198267123,0.00491087107008022,-0.04954149874405062,0.004734572640543535,1.5087047156463707,0.00539663122570655,0.1631559266430152,0.00945352171361967
225,True,-494171.5302823193,43763,51344,6,7,0.0011041145739450952,0.0035735164372878154,0.7706387728738426,0.0006015328968199674,0.14840854249326998,0.001386962065790212,-0.03194697428369708,0.004447558879707033,0.09505636355724928,0.004062459447582382,0.0039964348255151095,0.004161281872326722,0.01844977219294725,0.0035548581248391184,-0.2650716398129929,0.006560223803397894,0.12425275751533325,0.005571249392971226,-0.09902865185802757,0.006352975993785335,-0.005959954652369247,0.005137619901791755,0.3547265297123535,0.0052120484890377135,0.1679893933137271,0.0059835284443137,-0.05860896058804772,0.004673533661590367,-0.1183458315210574,0.00514340874947918,1.25032943244858,0.0014429744056875249,0.17026132895103138,0.0032432863396891637,0.09173692934125766,0.004057184653182743,0.025819530048168015,0.005070807683370336,0.0465372795892524,0.003979999982300946,0.05017664233185037,0.005039336744505118,-0.4008635845767248,0.005582793587259761,0.36523306219882,0.00506145474745235,0.28545813907526774,0.0053043547122715706,0.1935905749033461,0.004861186440311283,0.13989505366487634,0.004029203107440576,-0.02352005911741106,0.0049269957552417745,-0.04225043094385599,0.004346033553414025,-0.07585012171219413,0.0037500532399985234,0.9739427566403199,0.0010906585210967434,0.04931584473531694,0.0021112776702210574,0.02163532809623737,0.0033741252629441516,0.020495102902465468,0.004292976456085857,-0.04467580071987145,0.003376725759526263,-0.04067481167619574,0.004299062778547171,0.09535132966359001,0.004607422810823852,-0.02360373705937587,0.00611801374255715,0.05958220322069644,0.005131533989454489,-0.05106614355369327,0.0051489884237970575,1.5091141036400406,0.005657744868528214,0.17247104983636,0.010316058072243867
226,True,-495844.01770171185,43982,51430,5,2,0.003025921647221398,0.003576005408274857,0.7695249796730217,0.0006018753857795489,0.14814775041988779,0.001375840231059966,-0.035929998796998215,0.004470538332199386,0.09122238281033827,0.00400890677851843,0.008350391520950852,0.004193237093244421,0.012592629128910626,0.0035071280479858965,-0.2768560032869874,0.006647850045137782,0.11505977356184288,0.0056032165797888864,-0.08686043531809064,0.006361508835001186,-0.005709915070207946,0.005156655477699458,0.3511855298296598,0.0054410522143273745,0.17489101310934188,0.005859771229843536,-0.056110846780107075,0.004753948743649242,-0.1170919130371965,0.005021238795731832,1.2500996314479984,0.0014326681296529253,0.17247283285763698,0.003372084265553757,0.09017387263794309,0.0039992648091192315,0.016179963898424632,0.005184082137407258,0.04886298912532069,0.003919041739801322,0.0629169832952557,0.00513681774169163,-0.4029970641113629,0.0054975940413692906,0.356568636892461,0.0050812703735983854,0.28971167308529405,0.0052234043910416,0.19876209676380915,0.004873470402907131,0.14129229086080397,0.003962801258502277,-0.009525180478225823,0.004858353648002543,-0.05033317886361867,0.004285229835667691,-0.08163493127907037,0.003692354478397287,0.9774272988458608,0.0010347069264111664,0.0484109282744507,0.002005150639136869,0.023604698168642732,0.0033015017671207338,0.01786056620400276,0.004234341970165223,-0.04255019799660032,0.003305129672497885,-0.03739679541192656,0.004240854883520933,0.10168090610430874,0.004733898777582452,-0.02507690071442531,0.006160724478292549,0.043884605523308376,0.00505993570906701,-0.05672905794274457,0.004734689605224401,1.5050182313702425,0.0056438537436900305,0.1776502984968568,0.010813947535600582
227,True,-490617.97816146375,43797,50680,6,3,0.003489140349876884,0.003574032926639686,0.7708572228588022,0.0006117756721671919,0.14855613883582428,0.00137151696021727,-0.0330582351633033,0.004509293791800318,0.09519885695836473,0.0040405025548139175,0.0010415306314526572,0.004225579993257049,0.016047415178384643,0.003536486877255596,-0.2726567372177547,0.006606518358629526,0.10838761335907325,0.005632641883145232,-0.10357653208114811,0.006361915736942802,-0.01469108686670023,0.005218321613956081,0.35153556191979873,0.005316118931448442,0.1762645715259603,0.005866046285529577,-0.0541188165319346,0.004691434808420002,-0.11198950627027462,0.005058122433364336,1.2516815529329401,0.0014039829455938513,0.16766382742903616,0.0033042345174535,0.09311418508595974,0.004043540464221376,0.015184993862619147,0.005084806170747729,0.0456871882587799,0.0039745244388231455,0.06216779477526185,0.0050337314786270205,-0.40489031849224216,0.0054410098474312754,0.3605766023584372,0.005088655830256131,0.2687304942074466,0.0050977975137777585,0.19319106895717789,0.004843868833228216,0.13853720217544568,0.003912007241537169,-0.009312647554574548,0.004957501944128211,-0.04261351374492025,0.004182187146060426,-0.07277649594643246,0.003609564781710262,0.977499910735522,0.0010897590052366124,0.0478063874761147,0.002046836646683786,0.02994112274871419,0.0035036340380182854,0.019939030117239707,0.0041972486903408684,-0.043054725175723514,0.003504398337218351,-0.038023358677063364,0.004202706346473071,0.11004212695736665,0.0048448093162095415,-0.022708791290115854,0.00637762992364086,0.04842356122908582,0.005454747400633051,-0.05535307248607283,0.00485082793571829,1.496016617037244,0.005165764141236595,0.16336031053726163,0.009004783400372057
228,True,-496465.3319241486,44508,50946,1,8,0.004357057750149143,0.003561984637887501,0.770039687841648,0.0006006422702259928,0.1483103695708325,0.0013785667663436252,-0.03266801123038166,0.004438905878696646,0.09255955757303859,0.0040426284893113045,0.0066197276839115495,0.004157321248584111,0.016889936552828055,0.0035435779850466454,-0.2786547809307897,0.0065090825544078515,0.11270801647666663,0.005590930748490486,-0.09343758574551488,0.006228216114155955,-0.007333563931175651,0.005125709494513718,0.35009685687221176,0.005334022065159935,0.173424181420964,0.005811682673301268,-0.06369036454999594,0.00465958633309808,-0.11146455006463986,0.0050071889357822565,1.2490076205315384,0.0014434135709578966,0.17292289266647742,0.0033703759070650985,0.09471632352603712,0.004037349463588153,0.02257537679806869,0.00501787990166067,0.04349028652555705,0.003947041227411752,0.06100273413141282,0.004977553113659952,-0.40128324172816626,0.005541321464632463,0.3678661739053349,0.005104694414107419,0.2817644691813048,0.005276547102600468,0.2093526946020313,0.004868024838039906,0.1442443015021158,0.0040144599103699,-0.009666374823732185,0.0049992363650045845,-0.037411683814504944,0.0044487369395763265,-0.07933632662743653,0.0036570921444494015,0.9770150541825855,0.0011287056222783476,0.0514131501805195,0.002170055722208894,0.024963370040834865,0.0035258893381020107,0.013647993638416046,0.0040067344863236615,-0.04123746413027549,0.0035285244406899384,-0.0426284874939639,0.004013500706175136,0.11172942310939804,0.004589431804679889,-0.02179492489440621,0.00617093199679371,0.057405667561987506,0.004884190100932752,-0.05553706492287717,0.004922528435237693,1.5070982104488244,0.0047859118860837935,0.1715900784970635,0.010039592294102478
229,True,-493216.84962285566,43890,51044,4,6,0.006956174496961041,0.0035634310277209724,0.7707918982066638,0.0006147319960497777,0.15105722988181278,0.00140283501533231,-0.031019523412486722,0.00443646437450253,0.09675635377358448,0.004092020942303161,0.005562678945919489,0.004172111040158079,0.014313873292090981,0.003581939237868708,-0.26995550985701156,0.006529041764950285,0.10676774358175264,0.005534912605215969,-0.09093577400709561,0.006330886281847966,-0.007525607427150937,0.005117200660756359,0.3508001944661716,0.00540269428210072,0.17355462946145034,0.005891789345361098,-0.050399881936823696,0.004842859459333092,-0.12357650789172252,0.005032679689099156,1.251686805056527,0.0014782079736681553,0.17427816555970058,0.003339322798543612,0.09537563493543859,0.003965106105585373,0.01915676119811596,0.00513621249585309,0.05022945644020611,0.003885479710684239,0.0513278181633389,0.005108371015667659,-0.4090315073675591,0.005394081511300488,0.34809728891304925,0.005071132342002611,0.2854463604147427,0.005138346993417692,0.20141072416632927,0.004887541221140588,0.14085168324973,0.003923361927283127,-0.01025890239452639,0.0047138745612821656,-0.04570620955496056,0.004155337074023771,-0.07590075763707688,0.003617696015322215,0.9771615220983876,0.000896823404952396,0.04371200136716158,0.0019441201465236063,0.02218004787870072,0.0035095565500199966,0.01600652997219023,0.0040782779259248185,-0.0383715398657048,0.00351274282641088,-0.040615988959541605,0.004082281723466695,0.09561110162725434,0.004690387749347851,-0.024107532722976353,0.0059444322286005555,0.05348672565315081,0.005373484232211916,-0.06119102219002491,0.004920611313005972,1.5004884812826704,0.005559912892232122,0.17452872787582058,0.010217571278026388
230,True,-495245.85414648114,43961,51346,0,2,0.006534264879497779,0.0035964308338066364,0.7706956990597426,0.0006115882127799566,0.1487537103991544,0.0013780880685731745,-0.027437192821288578,0.004482322430865059,0.09559684271024599,0.004091769450332912,0.003626147614057258,0.004191228286051925,0.01700447924204236,0.0035994160930148916,-0.27274083353030426,0.0065789487708919564,0.1197857006551256,0.005573427631554689,-0.0923388367341389,0.006353786544599485,-0.011375032228899616,0.005123535751678066,0.35161158393900654,0.0053697129867069145,0.1794409678148337,0.005905538407688793,-0.04726225447434152,0.004790953169254939,-0.11744658843576612,0.005019775839418185,1.2506938420327287,0.001473571810806762,0.17361998539395965,0.0032781938512016773,0.09591539696946828,0.004113653946574195,0.03205508523113683,0.004954451495055568,0.03857828754677337,0.004026575405831143,0.060571932433540865,0.00491656462516563,-0.4105662371120267,0.005421842632005418,0.35519168907752896,0.005122376509387938,0.28792365673664627,0.005206489790298891,0.20181071038879042,0.004935685675671886,0.13811074043313762,0.003943543421681126,-0.01398496138958339,0.00478733666677079,-0.04339674781954999,0.004170254229297697,-0.07033819007213071,0.003645709293909803,0.9763070183739317,0.0009333695562299682,0.04248493251554679,0.0018806674220031398,0.02636667476988217,0.0036093254151169586,0.009014118057036854,0.00482113484184383,-0.039968846938084134,0.00361067947539886,-0.032504046590054854,0.004826211778651749,0.09944018741520014,0.0044494367367887136,-0.01665412279136547,0.005902510558110468,0.06410789953294554,0.005009797941035576,-0.05916822996728177,0.005114142997025358,1.5063035499997524,0.005099534680566231,0.17341515623550757,0.010384984549334758
231,True,-492168.5047124474,43629,51264,5,5,0.0004428320117024735,0.0035839234524980873,0.7700193976347665,0.0006149772055161762,0.15018533569748793,0.0013962733130638005,-0.029376971608990558,0.004431028462735708,0.09323268767963713,0.004106646976321532,0.010094267475451271,0.0041583414451091295,0.01613370579743383,0.003606575962683814,-0.2699227026976988,0.0066738198474144235,0.11481261452462563,0.005638363677634329,-0.0939376323255672,0.006431479712517134,-0.017457141251583073,0.005184177884946114,0.35659685913376704,0.00529493086982294,0.16704075037351085,0.0059853445371316405,-0.05483100359605901,0.004733114219503344,-0.12108455223049595,0.005140134335924272,1.250448088567023,0.0014259788764040549,0.17257510778955149,0.0033441853518221265,0.09754335451934167,0.004077270627814721,0.020554603565390076,0.00512261124237884,0.05050264705658683,0.003986902933331127,0.05711449190977416,0.0050901027208792565,-0.3981640038624283,0.005591731016468104,0.36360208055812687,0.005101646743231656,0.293131641351926,0.005401609552125511,0.19975583286024393,0.004928772868731903,0.1422826263154151,0.004133512066846883,-0.01975973069706662,0.00493053953919382,-0.043743242156096436,0.004520686025664019,-0.08312133711849587,0.0037796741284828574,0.9764487152749661,0.001119003519324424,0.049222342617526456,0.0020579831280570296,0.025672623028287368,0.0034126355981947214,0.013615565272133668,0.004196152427296555,-0.04311893415521365,0.0034150602073655225,-0.03960268556674573,0.004200542413375243,0.09892390028553857,0.004715553899872209,-0.02417378435138302,0.0058990465841395785,0.057683988261332274,0.005161864623201083,-0.0570891838832737,0.0050525875835112505,1.5030559167268793,0.005161315522698384,0.17143079123931307,0.010416189721518629
232,True,-495415.7721792228,43922,51244,2,3,0.003116359047336981,0.00357389574534265,0.7701736156480053,0.0006075873668826004,0.14816711540319744,0.0013702554751482549,-0.02883802618929739,0.00445005606603375,0.09218681363167333,0.004081058001517977,0.007562917680452104,0.00416698023424137,0.016023561251373993,0.0035827291268209,-0.27561063987236134,0.006658062106578561,0.11660083170234037,0.005656592363621424,-0.08411864664487313,0.006432238010031268,-0.00901279790544992,0.005229050053059278,0.3404557727963439,0.005414324201182751,0.1710728137554773,0.005869645694143606,-0.057198727078980105,0.004876477840550724,-0.1258071026397386,0.005006030634767048,1.2517563652812307,0.0014505502834345485,0.16699189592368513,0.003222765130056496,0.09192582607773643,0.004051896701190604,0.023322949335031415,0.005157787712372082,0.05214767277555339,0.00396637178407601,0.05252866665371257,0.005130663797499744,-0.399369343472111,0.00564454878714017,0.367097581507301,0.005112935379563361,0.2937654067645884,0.005420278279672093,0.2059358492228741,0.004889820668819797,0.1444375922815683,0.0039904965025335595,-0.007739927735538112,0.004875440827149005,-0.040678849189043825,0.004352448122657963,-0.08190578532936804,0.0036589946427618846,0.9771437092452453,0.0010017665053498326,0.047946794276846054,0.002033590614472336,0.024984930396085743,0.0034977007631682884,0.014332177220567115,0.0044999273011658595,-0.04535977320534718,0.003500321237192949,-0.04137762254938189,0.004502904945644824,0.10507038880722235,0.004895570074262541,-0.0324565620887347,0.006233371644585705,0.05345282224390348,0.005372100854842649,-0.05943870896415589,0.005068242087366806,1.4948167144917812,0.005863161012137463,0.18748429135863462,0.010475070905093475
233,True,-496868.8813084633,43895,51465,7,5,-0.00044857098284456265,0.003543591040572776,0.7707144026685147,0.0005989051942763002,0.14774766612158807,0.0013608862116699372,-0.03352017753792129,0.00443981090622361,0.09434462291397001,0.0040440510267448476,0.007499526930676465,0.004162684255283537,0.010672209764367497,0.0035342317223354407,-0.2642035308531041,0.006469242613426908,0.11272648868134094,0.005452483991481969,-0.09135174989837001,0.006231834651379388,-0.008712150302269685,0.005019682021688047,0.35645743529659,0.005221653754680021,0.165768452012106,0.005912958854869413,-0.05929710132315854,0.004615992085720191,-0.11337020586864247,0.005053483427273313,1.2508445055558188,0.001413479201464063,0.17004127904350233,0.003229820250033641,0.09859205192781097,0.003977390502031769,0.023631405083906275,0.005136932046925824,0.050936877187442095,0.003889848385576734,0.04825524785439705,0.005113986914840249,-0.40170434171273506,0.005483256806711844,0.3615703804328716,0.00504685865432578,0.2788391067689753,0.00520279106805969,0.1901250419298641,0.00481262562499834,0.1404935739238149,0.003984898207208423,-0.016492045505721368,0.004795195585594911,-0.05367430616285114,0.004360091536536941,-0.07725654408147554,0.0036861621070899556,0.9755572313118285,0.0010673062640071396,0.050638440530286634,0.0021485812250116587,0.026565270854692558,0.003319368269313001,0.015042317223992612,0.004058338777442144,-0.04112302899571145,0.0033203133309021447,-0.03658256294313848,0.00406345172685646,0.1039442825575513,0.004632714127438784,-0.022508302598987857,0.0060041244637713456,0.045619517291496305,0.005103622142704749,-0.051338886196758214,0.004640938409809647,1.502518119616681,0.005180098053069071,0.16870469713098707,0.010266403853407463
234,True,-494022.8129062569,44191,50938,1,7,0.0006397737525907655,0.0035521150597749352,0.7707553928522641,0.0006034759537448253,0.14828904283538666,0.0013784535598281022,-0.03257665229293165,0.004404700031515384,0.09140454422401513,0.004072169074790379,0.010626483711899929,0.00412603902294915,0.016964994458669946,0.003556078128987938,-0.26533702412396193,0.0066580497753570824,0.11484625132371692,0.0055474342781257225,-0.09213061590269878,0.006438623184091946,-0.002061723715760434,0.005135989473273873,0.3572344876768157,0.005279363940168886,0.16993153763095376,0.005931982730461786,-0.05470422533924835,0.004677172928261806,-0.11304383386769905,0.005087284359196718,1.251678947737481,0.001476156862160627,0.17770473607277218,0.0034201637350983888,0.09720026177874491,0.0039576973615812385,0.01597295854947402,0.005008029478378865,0.049644153776011626,0.003877677135485991,0.053079726263833726,0.0049742489077946855,-0.3964677496134178,0.0055646477804359865,0.35984537984972864,0.005029338910561819,0.286403182927425,0.005346360629075489,0.20256230240333653,0.00483694521503638,0.1436189689737968,0.003974237625271699,-0.018735837772063894,0.004809218930565873,-0.042948725763947565,0.004191139453236733,-0.07926037516196392,0.0037415291507708302,0.9763060488387338,0.00099339135146026,0.04726256156795903,0.001967934542798925,0.03014734579331978,0.0034208160398217897,0.012367708433357013,0.004540492329163858,-0.043230703235803254,0.0034234760402956127,-0.030661909392149404,0.004545945691802068,0.0992966471643761,0.004531124313837263,-0.01921240301507788,0.005922824987155153,0.05661046858969732,0.004976223364585855,-0.05529209271783378,0.004923577173549794,1.5082976266369439,0.005195684042752946,0.16849094276511709,0.009820871425070862
235,True,-496298.9304933703,43967,51327,0,1,0.00583702190583266,0.003564486792671906,0.76953258439027,0.0006009635182711026,0.1486877145870343,0.0013767449874873133,-0.03282586792391595,0.004452518598913544,0.09279621008360796,0.004006243447233289,0.004740633949371454,0.004169673788008154,0.009999062213920738,0.003511995952487933,-0.2665634949650765,0.00644502496431016,0.10772445373297856,0.005525266520887526,-0.10442887728131087,0.0061928977367503475,-0.012678645484251167,0.005085656209770362,0.3591261517216018,0.005154183497323533,0.16812766781879976,0.005941713214007499,-0.059650684602901786,0.0045817923493307235,-0.10983184992777424,0.005094221110393575,1.2507465875937844,0.0013891193919084444,0.16867370856127906,0.003204581777674159,0.09701199054370098,0.004065207770484647,0.02906368051749615,0.004993260870801428,0.045603803679544384,0.003970231818416197,0.054053634763796134,0.004941821399911192,-0.40980917170555503,0.005501590325196994,0.3624144022966929,0.005126131977104923,0.28480225954004074,0.005220320277341735,0.19313618057983437,0.004885293955263047,0.14312812653502277,0.0040214631983610015,-0.0076788902892676114,0.0050459616367047625,-0.04351611037343623,0.004439439925915766,-0.07889469377261378,0.0036611245341153773,0.9783036431325312,0.00115129410692133,0.05263151800640194,0.002211723138649112,0.02762028245033063,0.0033097106761856687,0.014365968708653061,0.004423095503930627,-0.04272681013194153,0.0033115408893380337,-0.035084922271853856,0.0044255562345354195,0.10582302902384236,0.004488623071866846,-0.009977093629527225,0.006284122619537247,0.04973905906871386,0.005030121756505729,-0.05440751209494353,0.004805873564515982,1.50383956533995,0.0056682533361965826,0.18474397010526517,0.011579519610321595
236,True,-495486.4805875756,43957,51271,2,4,-0.0005849671543329002,0.003551528608206494,0.7699053638320367,0.0006073216497166078,0.1499144545024487,0.0013954812822330326,-0.030200678169037806,0.004389613016686142,0.08823799538467393,0.004076303834586537,0.006718588744065189,0.0041127676466570845,0.01681225577825752,0.0035764499376371964,-0.26152064147987497,0.006576467810790577,0.11252996663316349,0.005550734113410834,-0.09225354692040558,0.006334248563094621,-0.0011388000829209155,0.005120337113645878,0.36042172660504485,0.005187953618416505,0.16172545214282408,0.0059803467032708574,-0.06449609803653542,0.004593047313609525,-0.11311062495439299,0.00512654220990965,1.2495616482222662,0.001406015321375076,0.16990593960260506,0.003244623918970735,0.10210032749539269,0.003938385504016238,0.015792408628726815,0.005108769188080511,0.04396503085354586,0.003850212959495841,0.05125036636088081,0.00506534640022472,-0.39262018435918733,0.005615619690937839,0.3686886052500634,0.0050748072542467415,0.28965359694240134,0.005349086947521427,0.19849999067384475,0.0048430017992634545,0.14938089573114424,0.004076359704892169,-0.013822123921602958,0.0051213232482132205,-0.037646041800426105,0.004345598515608965,-0.07810248636916026,0.0036931241545535088,0.9788607251967961,0.0010814869855674814,0.04968148862708454,0.002009719775876457,0.031526082608995684,0.003868941885230831,0.010125412424703018,0.004276281439482999,-0.03711362244599241,0.0038710421096228628,-0.04124240724597061,0.004276723640746649,0.09952096427957254,0.004906911222102382,-0.0288719352287166,0.006039074066416944,0.04511647641487006,0.00539744677000868,-0.061121479861438045,0.004771572724137638,1.4932221731722386,0.005914587072477495,0.1849338170953606,0.010910874573434648
237,True,-492400.44604806416,43792,51024,6,0,-6.978640208108791e-06,0.003546371730623217,0.7699362064214837,0.0006022901003758241,0.14871648805319146,0.001387290661741522,-0.03530579542961377,0.004429311351042299,0.09262705640986593,0.004052168959193052,0.006237325535676051,0.004159946838159305,0.01375686627876561,0.003542184454225693,-0.27331197282634173,0.006482325876103223,0.10819583604404959,0.005545679889878114,-0.08175816121720597,0.006254426753742999,0.004813441406467836,0.005140653467749407,0.34953921056080717,0.005228391383001406,0.1709124217535167,0.005797870478804617,-0.056493126636902195,0.004672833837299988,-0.12194702500244362,0.005003119309325965,1.2506271140608425,0.0014278586250103809,0.17198695779190865,0.0033558377995525773,0.09520788472193768,0.003935067508924986,0.011577518884035482,0.0049897362506886225,0.04970832139540055,0.003864318269657187,0.0568337566305721,0.004960574751643788,-0.3913684301217998,0.005574640223050134,0.358581316936801,0.0050364104113408605,0.29115860978472385,0.005346051391650231,0.20569529636201306,0.0048472638360224736,0.1374220135628246,0.0039763064744784485,-0.015476470754122992,0.004835345395183512,-0.04390938392052129,0.004257960013776667,-0.0806015132166293,0.0036752237066065728,0.975842950704921,0.0010402244373794445,0.04747642231238414,0.0020180188076890336,0.02626718333505488,0.003793431343300969,0.021830381074644335,0.0042804146913274065,-0.03879671135169349,0.003795792102066294,-0.04430750335653668,0.004284649300774093,0.10136616771228757,0.004557120350556571,-0.019537193130836097,0.005994669172310767,0.059189649415167515,0.004951082201599866,-0.0488432799989446,0.005054629242655352,1.5044845405975638,0.005167429610220986,0.1629383767948078,0.00935518912637974
238,True,-492053.5947102882,43418,51303,2,3,0.0013525511035754319,0.0035740387035274094,0.7697502735366433,0.000612009410807135,0.15095053741305023,0.001411363733977683,-0.03008481908224032,0.004411584931038339,0.09270453826253913,0.004062763471579509,0.004162038848923962,0.00413571482969843,0.011991298576322492,0.0035751165363759703,-0.2660228625271684,0.0065681736854069535,0.115657779304534,0.005625838118320732,-0.08979694417801622,0.006368244804865389,-0.00815144446553525,0.005196143456736419,0.35115431660930746,0.005249748191167666,0.1710184250412306,0.005919851880738719,-0.060991077824168766,0.00471162839844339,-0.12252019187761706,0.005116939763061129,1.2499735214795031,0.0014318767720756798,0.16920008125297487,0.0032138361566540763,0.09814278280176938,0.003930904793517112,0.010164933516667404,0.005312598850136512,0.04782044197855048,0.0038607884404033895,0.05214956695952127,0.005271715702078117,-0.3915154871027208,0.005655897862965495,0.35801070110014616,0.005047171748152048,0.2964428673104958,0.005435721001430637,0.20421118961896836,0.004889021207623231,0.14277549070672058,0.003950558940006695,-0.014269093694276395,0.00492147151911546,-0.051215201671477584,0.004273074659399125,-0.07707738124349839,0.003739961647857406,0.9777106655401606,0.0010646282562231657,0.049582850765908695,0.002058316009184668,0.03221659018618915,0.004019162550336994,0.007640663279626168,0.0042937324873901376,-0.04090486923114541,0.004022089461328873,-0.04090027342270179,0.00429798391640598,0.10441369410057509,0.004773409051914925,-0.028469495530467945,0.006117319988323046,0.056027900426346054,0.005516239447136232,-0.06345516716142274,0.004979699428790935,1.504040913873046,0.005352291258504005,0.17749838230873008,0.009856918239793441
239,True,-496953.0779319613,43943,51567,6,3,0.0011881656963044379,0.003556802775468535,0.7702923847033595,0.000607658962808344,0.14970483766607603,0.0013772747646915717,-0.03610451245147467,0.004463633746363553,0.09737297277931962,0.00401644073525085,0.00561375440878793,0.004198534659975858,0.02083414868777304,0.003509788306045685,-0.27071578802337654,0.006528450235261269,0.10938679911731886,0.005624486936960534,-0.10487729628352295,0.006300070660860829,-0.014882421825539513,0.005207555862764187,0.35049642675570686,0.005289079121197832,0.17375505108444292,0.005868913965726033,-0.058722297275199814,0.004706349884760909,-0.11317935476156828,0.005016720658684275,1.251741771664599,0.00146845565497844,0.17511696720827863,0.0033689491471884797,0.09844285490848653,0.003970291109211705,0.01912730441494586,0.005119261226621849,0.04993041073834307,0.0038918121556098927,0.05211180672268528,0.005074571319448453,-0.4067471558487945,0.005415562485988958,0.351254149587124,0.005043688786071008,0.2798498748272554,0.005117145701744876,0.19452366455001285,0.004847085946450298,0.13733513502199807,0.00396309612103209,-0.015191894711213558,0.0048274456434029235,-0.05187540192310746,0.00437660471598703,-0.07554963782268873,0.003681765075624706,0.976298580857106,0.0011061814862491914,0.049323620572008314,0.00211756450754633,0.02548933531224766,0.0035940833382328828,0.0176278482240118,0.004013595019454989,-0.04194636251901295,0.003594366139584809,-0.041295652741721645,0.004017728657275456,0.10302967909682548,0.004672917782428027,-0.02434661023069817,0.006099269210433256,0.045097084293108956,0.005148388983887951,-0.055071976440898514,0.004665902488396169,1.4987506428024888,0.005157783260685389,0.16211779343139307,0.009344427470122513
240,True,-497096.9607263064,44054,51522,6,5,0.0023053223398279083,0.003541725451890781,0.769786922201916,0.0005991946789158931,0.1481206920515282,0.0013671553453307034,-0.032833491696924615,0.004428927696847089,0.09109409302318623,0.004046327813874348,0.001874140898584558,0.004156287537819411,0.018075521147700235,0.0035440378654163825,-0.27395856450100253,0.006464157830797859,0.11123589767090765,0.005575581570847197,-0.08342404214472891,0.0062189314104021615,-0.00264777739546876,0.00514255434596859,0.3463679010264249,0.005259528108093587,0.17315610766297404,0.005798178452028033,-0.046255045130134814,0.004681740477589666,-0.12228311265071333,0.004965373170034607,1.2519727751880332,0.0014355155896706995,0.17090032661029908,0.003308277338089999,0.09219307990456983,0.003919241828309301,0.016325538132590817,0.005031447912896249,0.05151360410935855,0.0038466926052057432,0.04885687270214601,0.004999769189759729,-0.4016451691678721,0.005462680235069861,0.353767416878014,0.005051544516470154,0.2906172369035617,0.005210061776866466,0.20204701712875456,0.004883373935451184,0.1369927618341118,0.003903826062500379,-0.009951236152816447,0.004866403047261963,-0.048652764912413896,0.00417289002284745,-0.07236166165335785,0.003694757711943678,0.9778957363517784,0.0010617635868260256,0.04730559140791416,0.002035411846279242,0.020939537750252854,0.003219341685374656,0.0208615441943981,0.004136695749739041,-0.04437296750371766,0.0032217446396361595,-0.03910130650311677,0.004144292409695548,0.10230381953852714,0.004533480017958345,-0.013180645342013079,0.006091594826370092,0.058874333199819946,0.00501370520318653,-0.050541974747513714,0.004959362542571995,1.507956736502926,0.0049796681302520795,0.158587476991524,0.008965784348347994
241,True,-494493.10345024336,43920,51213,3,3,0.0036634820690840384,0.0035954526355535077,0.7691139480541054,0.0006197896394204427,0.15137207721693155,0.001413766694595045,-0.019535302292807182,0.004437400113065223,0.09327829345587296,0.004085167885828625,0.006061086630046962,0.004147751292921384,0.016024336217573,0.0036198453533415735,-0.27709449667489355,0.006525076308037435,0.1101163715076508,0.005666608018060164,-0.09288928455789364,0.00630179649957801,-0.014405467735595558,0.005230567106293274,0.35599730553956127,0.005362514631931345,0.17375335372761552,0.005951742827449557,-0.05527126853344817,0.0047635199249909796,-0.1150604701586323,0.005088133403919213,1.2513508526388581,0.0014809609872223906,0.17422944869154733,0.0032982917528956157,0.0994601569560939,0.004063499569203575,0.024863064050993047,0.0050721590730307175,0.048789128419031165,0.00397582936830039,0.055889106029612216,0.005015270772998439,-0.4075131884930213,0.005575904499088617,0.3604595104884299,0.005153519489270033,0.2916684772696564,0.005320319645881552,0.2035580752900345,0.004941609904702203,0.1495811621865445,0.004045139982241411,-0.016820744267677313,0.004982359380181102,-0.0441109616948875,0.004303596082794965,-0.08042886440781094,0.003725258146235172,0.9755311975491658,0.0010043022742309837,0.04748948603878023,0.001940019626133268,0.02691124130008863,0.0036273380395748732,0.0067125262070628616,0.0043676342588705635,-0.04379017965829734,0.0036310930261557956,-0.036729179315380424,0.004374534403776584,0.10443459247276066,0.004548122702658549,-0.0197616045276538,0.006126981513747633,0.04660258458282191,0.005177472869929963,-0.0606017057205469,0.004813971630883982,1.504783409399813,0.005619632112720652,0.18351833894886294,0.01110791210576581
242,True,-494690.52094370965,43752,51449,6,4,-0.002200799209415715,0.0035730280869747983,0.7707450339568932,0.0006099560007676308,0.14877415181350429,0.001376134791133049,-0.027049288354403612,0.004446169909126511,0.09895144308049787,0.0041009817899157145,0.008311323021760172,0.004163694418236861,0.011997508370249824,0.003602230624070307,-0.27086925842928894,0.006635601361661356,0.12049160334648958,0.005646663707803461,-0.08621527295984491,0.006421766637052341,-0.007049329462118736,0.005223930988535185,0.3526929531587528,0.005178166221488426,0.1644654307110566,0.005948083621953543,-0.057392918903887015,0.004698433428544792,-0.1236561388648483,0.005101255502499954,1.249437935001019,0.001436491350929714,0.16853465472714682,0.0031810259795277546,0.09097226632268793,0.003923123726934532,0.013251270402816592,0.005207843632884044,0.05496541918222,0.0038587659561765317,0.048740399223590206,0.005176542321820196,-0.3981787556535528,0.005523425235336018,0.3578917098497549,0.005056310927761214,0.2905297003294871,0.0052908432152116045,0.2019744255747066,0.004870214946085923,0.1389178713042104,0.0039023289785336114,-0.016787906246538174,0.00479962480737084,-0.045128308513012555,0.004162279355368609,-0.07138852291887554,0.0036423267728595997,0.975942235399515,0.0009982255515162963,0.046570315415813204,0.002036494435003887,0.02402925075445956,0.003850843324749197,0.012748045325883509,0.004159643078051532,-0.041076830595599675,0.0038552782009894046,-0.04857473777123842,0.004166431087946756,0.0958126773611991,0.004789778727629786,-0.02924004774814209,0.005720181081326145,0.05719710567098667,0.00539698918454365,-0.06190929352741821,0.004891911786804141,1.5022301602801909,0.004830612388743827,0.15789021662684743,0.00886235388288445
243,True,-493380.24387110583,43909,51057,4,6,-0.002095351416397706,0.0035797914458035765,0.7700955902421558,0.0006155864657064747,0.15161725025727904,0.0014132348653079219,-0.02460124368296368,0.004479061473918854,0.09521430955409912,0.004012448852679406,0.008670662806153666,0.004179215477503078,0.010309277724884271,0.003544688967208202,-0.2771284497064984,0.0066249259304527125,0.11185948544491535,0.005673313911717601,-0.10615477024281626,0.0063907312744629855,-0.0076814057605505606,0.005264613132099172,0.35629485711786996,0.00527434413349527,0.1768957244963567,0.005909878735284087,-0.056257637430303604,0.004653781686960732,-0.10651027487984958,0.005044196282984026,1.2522234442601192,0.0014455717589022532,0.17394998821270116,0.0032926141730727915,0.09198543378009633,0.003946489815205258,0.013836760781955917,0.005023229072801342,0.04181770443531026,0.003875414872982529,0.052249690270268025,0.0049757641974741635,-0.40234664665449155,0.0054912196313177996,0.35394715459149395,0.005032561142539999,0.27884716808039267,0.005186807450460862,0.19853152288646286,0.004833212889915359,0.14054646506214374,0.003927410071367876,-0.01149463576644381,0.004904564371169397,-0.047856264561169336,0.004218559855319865,-0.0717936694774087,0.003688968094799442,0.976756010395301,0.0010658189713274036,0.04909918991640851,0.002145388799474457,0.019721536916776496,0.0030194358654462524,0.027411164927284723,0.004521695593783291,-0.044118061259692413,0.0030201266781896756,-0.03242907864979918,0.004527726456953626,0.10247809953371272,0.004627048532302972,-0.01907953488408717,0.006009431056499055,0.04582614960291643,0.0051528549775567015,-0.056375592525883325,0.0046151325118998394,1.4977307191094533,0.004834952553755434,0.15428031436107703,0.008923400099924053
244,True,-496168.04118677625,43966,51452,3,4,0.0019537057887686225,0.00357324709284576,0.770406796057947,0.0006056428804452896,0.1487819737009163,0.001385886574946052,-0.028915340416083186,0.00444514332972597,0.09774518918469195,0.004052546635816893,0.01145695695967623,0.004161572328763102,0.012905249888489395,0.003557455110880473,-0.27165354777146233,0.0065507275469575505,0.11406424936591386,0.005574561694340913,-0.09175276404708571,0.006312597737233026,-0.009841206697635378,0.005136210678559103,0.3530939224655689,0.005324558591880552,0.17455032934296677,0.005905467567227812,-0.05132893348684366,0.004700466856013557,-0.1099590519504858,0.00505831445045236,1.2532379970458833,0.0014359826999194025,0.1708514993108256,0.003295159010773527,0.08706088603481486,0.004085531696743089,0.02489765944951633,0.004989008969291427,0.05253366548040898,0.004004090230691114,0.06186384377162473,0.004951793120631374,-0.4089825638938263,0.005517749301531339,0.3569979416075286,0.005131102695532079,0.28861021449294755,0.0052626214191618045,0.19464646687736542,0.004906957113416622,0.1428199008077625,0.003974562808166445,-0.009545274461906225,0.004942935047218604,-0.041701723984858,0.004341313656743835,-0.08242994342930604,0.0036473989898099,0.9773289312255583,0.0010589826829908722,0.049669483253933215,0.002067654129121712,0.022026961912117102,0.0032404080367750914,0.019654102519491564,0.00438058471873642,-0.04470062424681372,0.0032440863067139695,-0.03511151558067364,0.004386371833171804,0.10071467940387815,0.0044755268203859055,-0.01636900963023973,0.006269434533161602,0.05200551581734299,0.005034356239037338,-0.05208363877618321,0.005099859990249622,1.5088244736517007,0.005980662976701634,0.1803868705079431,0.010921081637298144
245,True,-494528.0905912521,43773,51295,1,2,-0.002449667362056414,0.0035783489344815332,0.7701681599453986,0.0006146127384407674,0.15091071803656908,0.0014010973708008662,-0.023929352376170752,0.00443835249682144,0.09274092257825038,0.004056969839908244,0.004165947857351029,0.004140650255749108,0.011493771306320483,0.003586062292412246,-0.2713713833407335,0.006502983305329752,0.10866927554324286,0.005599160583885975,-0.09555358783613901,0.006265585771085708,-0.005651692873106071,0.005159134275379598,0.3484554075218669,0.005336434447709377,0.17590209161102416,0.005862024704106367,-0.05449409171435005,0.004759185991840843,-0.11894748251936903,0.005007644574759654,1.252894437468062,0.0014719624852727042,0.1733215589394852,0.0033128768779406015,0.09957863899971768,0.004024941243555888,0.017689459839431647,0.005122761881701983,0.05303845924155685,0.0039520124114796095,0.058189105744136306,0.005079016170609334,-0.39774669816729147,0.005478700385255964,0.3601154827265972,0.005051200549637216,0.2858653497977184,0.005231767017803576,0.20435976701997877,0.00483427825045515,0.14990901863535958,0.0039986119472018005,-0.01721189816145849,0.004820015057833831,-0.04619424040514623,0.004254780866880833,-0.08005504568803769,0.003699061282573843,0.9765407550398905,0.0009359836359696949,0.047562822042412675,0.001983472838946374,0.021226875788294654,0.0034737499818754897,0.018690124380114474,0.004255362022702643,-0.04071560195735111,0.0034732230166365048,-0.041030253447249525,0.0042585863977554796,0.10146945691094755,0.004701514857563057,-0.02990275346266243,0.006116698875841451,0.05385929780471492,0.0050521560545128495,-0.05410976936151421,0.0048506446221366455,1.5005365738819059,0.005250430224600922,0.16976940164038273,0.010120731632639324
246,True,-495120.9335494819,43818,51289,0,3,-0.0011090840414163005,0.0035542902271687355,0.7713257313195326,0.000592214972882088,0.1462052185858985,0.0013515178636528957,-0.03532350142940713,0.004458251261475089,0.09591967736794145,0.004046880298666253,0.010192358722261595,0.004169569539761197,0.017765392914324437,0.0035285071659865797,-0.27163858644382066,0.006396086089171852,0.10764023072452505,0.005591290065391793,-0.09473249203510294,0.006187469831938056,-0.008400685967296899,0.005182841167860665,0.345265644678976,0.005309848089473492,0.18009851482722364,0.005786003860674541,-0.055497880018421424,0.004726023786229456,-0.1177164415891397,0.004973660376246892,1.2510824649909813,0.001472323943467746,0.17293313274381042,0.003290244338372883,0.09487799018733065,0.0040226419351643795,0.023403253511420707,0.005091754157692249,0.051572761926498206,0.003946224269165305,0.051954770462798894,0.005052427165837161,-0.392751785918988,0.005444122516485671,0.3554390668915795,0.005002704851685732,0.28262933341904467,0.005187253021605736,0.19391320359777062,0.004790978745185292,0.1401099531101193,0.003975391904909673,-0.025997214568843647,0.004827478567502743,-0.04434216761108438,0.004170475205350211,-0.07114805210777002,0.0037021360318844547,0.9749193355018079,0.001035487560306525,0.04850987164666398,0.0021182026709301097,0.03183100533020145,0.0041576722961456794,0.009694765961493025,0.0041936840731604695,-0.03713915258849157,0.004159912852786759,-0.04199222715860785,0.00419731936185256,0.09915627841401375,0.004679233286815659,-0.029743381939604838,0.005968439660714496,0.05012447212592046,0.005131152854477393,-0.05229122540676808,0.0047963953381250255,1.4937745375258429,0.005209252950610699,0.16225268538159787,0.009332233922902403
247,True,-494253.70696266345,43947,51096,7,2,0.004502616582369272,0.0035738736606192776,0.7701650359036161,0.0006019276510000893,0.14826919508765324,0.0013761077030241542,-0.03557313755805183,0.004469848033539441,0.09556990698503452,0.004052343983679248,-0.0010399524657316295,0.004197260361461776,0.012284425335037102,0.003544799634249886,-0.2771093043663782,0.006436946556051734,0.10625453331625598,0.005634200738044388,-0.0844481090088481,0.006228439096320925,-0.004371171876134287,0.005213965123783417,0.3511251218592758,0.005340504526429077,0.17836850311417354,0.005869928907611884,-0.04933183366301842,0.004791678685782313,-0.12604591696319742,0.005015283277070457,1.2502965197503177,0.001403461347352919,0.1663354173382189,0.0030997514580378,0.08929523245590038,0.004000424251485039,0.018312283721802148,0.005102793293053262,0.05665425841408601,0.003935817094370161,0.05507334730894754,0.005071270575058252,-0.3973383345381251,0.005528004088922507,0.3562173864135714,0.0050568813826511886,0.2882540065782008,0.005282051341936724,0.211704360793016,0.004864673976964347,0.13522636533054086,0.00397354929919066,-0.01863080410828253,0.004858049214573617,-0.04170215438302374,0.004313060509816369,-0.07310859763481012,0.003692682354432816,0.9759742983174164,0.0010212799524243477,0.04514850884376864,0.0019837513080205454,0.036436102367608914,0.004596123264787079,0.004592380900736542,0.00425003619960697,-0.03625323593989479,0.004600916705364382,-0.04050578482203643,0.004253273213153077,0.10525841891292946,0.004599865868835328,-0.02861536922673935,0.006062995085583917,0.05794680446211993,0.005006223989950492,-0.05270325345538233,0.005055516912448267,1.5051489425439795,0.005565964159285008,0.1877174516447955,0.01116969059335833
248,True,-492670.90252339304,43632,51208,6,8,0.0034240271616942496,0.0035837114365329507,0.770554193151976,0.0006186636893102393,0.15164090704131233,0.001411264677611851,-0.021044749512174516,0.004388984235779096,0.08854551883617386,0.0041035724931720525,-0.0013488612065730376,0.004095647884938319,0.012329820918152656,0.0036292909118112553,-0.2678998918498758,0.006633006969550335,0.11557560762025226,0.005537282195313215,-0.08237223157418737,0.006439292443111582,-0.0038476072526157103,0.005142865897213435,0.34947533874312264,0.005256259139540791,0.17349960592035762,0.0058527801169366836,-0.05799536267161756,0.004731678301105675,-0.12402970248303556,0.0050263317319064514,1.250845647132165,0.0014224230920435454,0.16925287767931782,0.003241346337836057,0.09649332407938661,0.0038643577605887904,0.009919313488326012,0.005171148159506996,0.05378785161489458,0.003803973094615159,0.05428798247688934,0.005131564658887525,-0.404630449201498,0.0055905881767121055,0.3613774111626727,0.00513382846143281,0.28773912161983023,0.005334225105067036,0.2040108744168548,0.004933056845465558,0.1385049089653776,0.004069320705856312,-0.016257826251740232,0.00498334574346599,-0.047594837730624624,0.0043317660566322734,-0.06993802696850197,0.003732003670487862,0.9743528188313417,0.0011445486193207288,0.04984893875967503,0.0021975426072507916,0.03607906704794416,0.0041286964644505625,0.012688169994031466,0.003950113410816587,-0.03763334185196841,0.004131799880151665,-0.04160863187081248,0.003952891472095708,0.09620769691101873,0.004720764382502777,-0.02043885956121891,0.006077843768036971,0.045842394736699876,0.005646530670137907,-0.0646686624975615,0.004848529611747916,1.505085826850944,0.0061244573058272245,0.1871452180119444,0.011450826368729572
249,True,-496342.13655794214,43981,51479,4,6,-0.0021880554554042572,0.003547979961559552,0.771406241236855,0.000605354212714293,0.15009935017614143,0.0014015431804860201,-0.0289100713002032,0.004442686468208691,0.09544447401285339,0.004033845363507372,0.008748619788824519,0.004147731007250647,0.017071203343655462,0.0035482825328965934,-0.2591424856051108,0.006586070596832358,0.1129824936149459,0.005414362985776657,-0.08976932133445308,0.006332953655625205,-0.006321370911921566,0.004982354321090298,0.3537055087410648,0.005152660916486316,0.16005422418483614,0.005912237249476429,-0.050761073955900016,0.004597459466480775,-0.11897793237118952,0.005034559390715692,1.2484664786004793,0.001400406602740767,0.16596249410968694,0.0031836826506508042,0.1016152980506289,0.0038844849483068863,0.013761536546624868,0.005037878102823744,0.0508524396713577,0.0038080125924835114,0.05348754145851797,0.004990309312555607,-0.3949115326222251,0.005500547060799944,0.35667581420811234,0.004998530894004173,0.2878874553730887,0.005242846850889508,0.19868017312070216,0.0047830375463178455,0.13537335623245217,0.0039253696026304175,-0.01648099159752379,0.004724037963627786,-0.037321827804441224,0.0041882473832381955,-0.07587599193268216,0.003627796452795881,0.9768514871248767,0.0009503829212825221,0.0454559264510893,0.002112161431053635,0.028791174739529465,0.0038846562070382795,0.014410391832543449,0.004218609967987115,-0.04066829319114126,0.0038864741580825427,-0.04394350138836671,0.004224297667129224,0.10017534037452958,0.0046980454531557105,-0.017862486927317255,0.006112048847142182,0.053270717198603004,0.005076645621783069,-0.05444148903092671,0.004838294702183924,1.506843813836583,0.005462973598348797,0.16961764839289206,0.0099800284543623
250,True,-491747.7436413283,43774,50788,5,4,-0.0015925098121465698,0.0035797210432826202,0.7709796129118461,0.0005947252845256434,0.14695248198405567,0.0013735956372340347,-0.032725346364960085,0.004482880106872968,0.09926893708406394,0.00406829134967645,0.012219018828239642,0.004193805969137247,0.01600830263667252,0.0035573707930961424,-0.26926582243782704,0.006522558729139429,0.11762377753240064,0.005574092456732392,-0.09467369177563063,0.0063265164264800135,-0.011429780218843492,0.005160612929603872,0.3470779697998977,0.00535998104545226,0.1783767964514268,0.005822303151689093,-0.05750368875726689,0.0047186376673645156,-0.11101439854069707,0.0049935381161243155,1.2505836611124919,0.0014283488728225047,0.17001776121134696,0.003300105972309869,0.08670826618715327,0.0040920000207610345,0.02902874659328539,0.0049928836438858,0.046869965202429996,0.0040134083878548285,0.060032888444808724,0.004954694765537379,-0.39897892375240257,0.005477270709786925,0.35859165863097275,0.0050376510401953034,0.28328177548483274,0.005220706912263667,0.20329289187974758,0.004849170968135109,0.13317928015217192,0.0039314507775751436,-0.015847443388032866,0.0047292335878253095,-0.04365499700046712,0.0042443648170222255,-0.08141571494370377,0.003686637902124406,0.97618458356453,0.0009734620342890521,0.045394924954581264,0.0020459018649828867,0.030440424493985586,0.0037084096158613994,0.013676736014201175,0.004378907701677294,-0.03594284081771833,0.003710074920007982,-0.03659761940905182,0.004380279764932744,0.1038745881857255,0.004707141790566731,-0.027572797814757057,0.006082835232675495,0.048607629745475646,0.005342114737713663,-0.060236284001248856,0.004754716283029812,1.4919891086901829,0.005564044889118214,0.17800955806407284,0.009923528985671143
251,True,-494943.76347550517,43954,51159,2,2,0.0003905197473308954,0.0035397065715465277,0.7697740878516448,0.000601948266233554,0.14879698627374327,0.0013723411024570281,-0.03227089327056099,0.004400534954340117,0.0916298100153098,0.0040494999219249424,0.00995080876243477,0.0041313895161991885,0.013431289945257989,0.0035459640319800883,-0.2712661887702813,0.006544604456949106,0.11087921072467917,0.0055370727403484836,-0.10023430046292232,0.0063481875177818035,-0.005205239009367574,0.00512859370683825,0.3556198228830445,0.005211490946717038,0.16511891734249284,0.005888430522850686,-0.05744432330839514,0.004658510498853525,-0.11407822421142208,0.005028971760001948,1.2505448257059713,0.001466846467613303,0.17445850534575044,0.0033265308998088466,0.10535478870866061,0.003909134967623583,0.012879076933413764,0.005123754024867678,0.04975749567090923,0.00382575177662872,0.048989967688128945,0.005078517649695521,-0.3982299364049574,0.005399434756597051,0.3466186257738898,0.0050153499823466455,0.28665673867261127,0.005198895515693341,0.19748613198233667,0.004808953973658699,0.13807446313910382,0.003894680906951791,-0.01597025371057457,0.0047656455262829085,-0.04624357548970054,0.004246541890367024,-0.07885961371821949,0.003660820054914831,0.9772579290729398,0.0010148981103011434,0.04776573805016777,0.0020470250764652725,0.023850496806655373,0.003390579722846842,0.014978880403897528,0.004175571078568002,-0.03984922303746322,0.00339018419852016,-0.034616311854845566,0.0041779989357259815,0.10013553476495039,0.004506109398280925,-0.01159316836151198,0.005960945494294151,0.04776578273574716,0.0052733202208113976,-0.05590273966991985,0.004944020166747924,1.509194458811494,0.005355738865037818,0.16658792276754145,0.010112258277121422
252,True,-496569.7041481462,43971,51335,6,6,0.0012219644446709499,0.0035512046484228905,0.7698197502514855,0.0005994109793799884,0.1474025862757244,0.001363092212017608,-0.0303455543929849,0.00440263668052784,0.09106943715918292,0.004072891179842893,0.007126695995388887,0.004122555678050525,0.014829141436016824,0.003572859286947378,-0.2776354047051171,0.006526942939238634,0.11151327108802873,0.005676144803867856,-0.0974876085469786,0.006333600918726845,-0.016805754664428227,0.005277633693404893,0.3415707799604781,0.005471497895480221,0.18717640418772954,0.005793582999709784,-0.050575020146898075,0.004795830780913736,-0.11591457722006726,0.004972761483456895,1.2541414161201934,0.0014185051141738514,0.16713372427332682,0.003238945803120119,0.08713574006619708,0.0041168356443274665,0.030362214955614714,0.004923979390028668,0.04590331628344317,0.00404335703588434,0.06536578120393707,0.004896840737232673,-0.4020033646430124,0.005443224301007951,0.3534130587440154,0.0050698456319977,0.27777985697379887,0.0051916204291825715,0.19571613718206834,0.004859990828853409,0.1420879746957737,0.004031432399286293,-0.01797197587161801,0.0048172214747129564,-0.04105660800065834,0.0042458422042182045,-0.0766720553158192,0.0036367227759114785,0.975288458673279,0.0009987175533933135,0.04783970890123815,0.002101166838504087,0.02624087172597524,0.003868784454721604,0.01554506505126359,0.004067669082939123,-0.039197864050263785,0.003870934859411123,-0.0411575832882771,0.004074270905870674,0.09835587815902708,0.004636778523360792,-0.0326248775312807,0.005989877604509198,0.05064361030049252,0.005175729206069838,-0.05837163842246721,0.004884954556697752,1.4976173736281255,0.005655392291501693,0.17918359403403886,0.01047646004556578
253,True,-492159.3047185757,43750,51046,3,5,0.0010163655677337155,0.00356896204771588,0.7702597676504896,0.0006048619464421034,0.14923162031153026,0.0013949257929667253,-0.02998601845147145,0.004462184078466822,0.09587408973303076,0.004037636794456362,0.004352586045412981,0.004175101200724764,0.012324605897825833,0.0035414293901427636,-0.27460424659652055,0.006582815643213606,0.1105554825187832,0.00561214924318237,-0.08896441907737243,0.006313809361429735,-1.4458569307141732e-05,0.005188760368210966,0.3574557858724759,0.005263475924838315,0.1660644903767818,0.005906039696296051,-0.050258691386441325,0.0046982698276552305,-0.11952506587255411,0.005048018319846831,1.2475639159411878,0.0014889879762063352,0.178427320053874,0.0034125974816019977,0.10087404744246241,0.003866488245987342,0.011674176816846063,0.0052912270434593185,0.05133058836265668,0.0037884905857767277,0.044136022748009034,0.0052470097844073615,-0.4037115006395238,0.00550325405239892,0.34946325407455675,0.00508857594440542,0.2830043819016646,0.005207560971468762,0.19981417972557827,0.004882959568007688,0.1425288356333612,0.003968087288465341,-0.011698029850197276,0.004878742144430559,-0.04210973055764871,0.004269886668426629,-0.07739802198392831,0.0036460790103167687,0.9767247705759006,0.00102102748888383,0.04862159219962566,0.00214818554197016,0.03035731890578775,0.003517838410192611,0.009867732409331732,0.004435566015454322,-0.044128589736647295,0.0035230422898099864,-0.037193025464350736,0.004442045050698347,0.10021494794233923,0.004830197442624408,-0.02441306676001399,0.006423787287093101,0.046252584341379875,0.0051511612633043545,-0.05077611999318437,0.004879503820308276,1.5078079867259964,0.006142460599804833,0.17921333694022193,0.010696596768434194
254,True,-493341.259827991,43699,51168,8,1,-0.0017812775925500923,0.0035468025212466005,0.7706150754464596,0.0006137824656424207,0.15061461884705735,0.0013799216123898395,-0.025466725942527215,0.004409717775351157,0.09321369884045345,0.0040630262521090385,0.008487816723900102,0.004125311129892861,0.019112164335739704,0.0035851875556718706,-0.25891004077122487,0.006622046731286404,0.11660289167188242,0.005497457811844559,-0.08341490296891238,0.006411450085644003,-0.003354821505774342,0.005093755307860405,0.35456019595667587,0.005217878522803471,0.166124667477537,0.0059473615939631425,-0.053048319736880754,0.004698262493218575,-0.12342975588230985,0.005113131237637862,1.251327596707796,0.0014620754405436642,0.17376082925121974,0.003301779088511231,0.09928248078368904,0.003912196671477698,0.01862887972180659,0.005124496124703405,0.04654901632145171,0.0038408680062582924,0.05469413404444591,0.005083115375715672,-0.39049720021407147,0.005585157817716489,0.3622698266141116,0.005023438244417737,0.285888439052434,0.005287894371299076,0.1935049434572045,0.0048056027529384225,0.1416130971589904,0.0039700081392962825,-0.013949911808649821,0.004926608794962437,-0.04006447808871115,0.0042856426430320895,-0.07668815112241467,0.0036529015477542873,0.9767705200449484,0.0010674522842230583,0.04894495181767341,0.0021181394147498853,0.028790097104042834,0.003757588118614868,0.018794125360203806,0.0044000482443415844,-0.043445396757529973,0.0037595771432909304,-0.0406537959653494,0.004403300944290158,0.09645303602780306,0.004834299604619787,-0.029176924628275848,0.005967863174640129,0.03948043006538369,0.005490883294517236,-0.05977009243466562,0.004621775461913685,1.4969375373171225,0.005720491030725361,0.17528845262911188,0.01116161254457862
255,True,-493993.1894258433,43929,51046,7,6,-0.004542582620642095,0.00354224127286152,0.7700554407336283,0.0006009195413063662,0.14848916368499532,0.0013715411135137162,-0.032333513557944955,0.004439951904336131,0.09244017744070417,0.004030470240291834,0.006626702017703402,0.004161175366419688,0.016766388006745753,0.003529178054140307,-0.2702723147409633,0.006394563261145124,0.11383244481007139,0.005524539593179925,-0.09160777946366508,0.006198415968192778,-0.007099070816746372,0.0050997409163538975,0.3513334116528725,0.005151961223535545,0.16101000908150984,0.005843877119146932,-0.05212781143172673,0.00464004427821613,-0.11494798227284671,0.005014976661860294,1.248638154103878,0.0014893949353450564,0.17682955574623976,0.0034764627576604062,0.08836899586505374,0.004021089842176008,0.018721561222813432,0.005029664569470956,0.05016925682920478,0.003947518840873553,0.057502102118930816,0.0049930254952683184,-0.4001639902782845,0.0054616821028024625,0.3600499638871364,0.005017112655892089,0.2745975346573094,0.005167196672486713,0.19699959126425692,0.004803257926018524,0.14565914435339442,0.003981635375477495,-0.013023641706681292,0.004892703285581417,-0.03742115463336495,0.004373775371373195,-0.07553214746747211,0.003619826775264291,0.9778192827109613,0.0009999796352722634,0.04695399990795782,0.0019539844431268744,0.025273480132873467,0.0034920415193810087,0.019700882474039488,0.004160260673984315,-0.04277294737772204,0.003493803786972763,-0.04042544128144532,0.004164161288785398,0.10647590563074415,0.004461415167631939,-0.019769060869842193,0.0059066656136212686,0.0570112395924189,0.005103042769356383,-0.05273865122068017,0.004864873073038614,1.5040436309053808,0.004730864558211034,0.15686671491805257,0.008607216876216156
256,True,-492357.034414147,43737,51075,7,6,7.723294565387417e-05,0.0035856522334355378,0.7702638686515068,0.0006120713404795808,0.14952351086563725,0.001387332022094609,-0.023504267459353464,0.004450067228020989,0.0904909561262825,0.004067903659507647,0.008541715228673979,0.004149917965951353,0.012076195656699033,0.003588863698292942,-0.26995708439263144,0.006662199862776465,0.1154070001013103,0.005606434859289566,-0.0946704696737843,0.006453414588775329,-0.0027395856597623547,0.005195646077564541,0.34935605532224895,0.005352605564089735,0.17085751350742281,0.005933581149513497,-0.054313852180139253,0.0047939731891934075,-0.1208012294990129,0.005090212385751108,1.2509243118058295,0.0014675399725422311,0.17107425074819882,0.0033086141489841042,0.09260549512424604,0.0040247538591643124,0.02283128786556228,0.005011606618744548,0.041196106907867514,0.003945076577363501,0.05244488091105818,0.004973065799362188,-0.40172784909918574,0.005559782582037716,0.35834460788661726,0.005056968876171164,0.28876231014895093,0.005309413252854528,0.2041007885631105,0.004874985237838321,0.1421064391663373,0.0040319847520335055,-0.004595061951034124,0.0049265503788126115,-0.04269806417913211,0.004361918264790941,-0.07889993061801247,0.0036692864766915485,0.9770007180436217,0.0010428840229006475,0.04715206024821173,0.0019709875302587956,0.032381970620979604,0.003985365481003954,0.016461662053405237,0.004118760152586463,-0.036369154878010033,0.003986073180805327,-0.03904485626454914,0.004123722899601057,0.09596196259836974,0.004725624093373978,-0.02397707290882089,0.006049305274374211,0.051852704085658764,0.005379628403370968,-0.05812254694300383,0.004958683818398718,1.5026348047841305,0.005395829337787483,0.1649055344870392,0.009842945905975009
257,True,-494948.4860101199,43844,51269,3,1,-0.006005435882573314,0.003555750160848387,0.7701920603433928,0.0006114555607721339,0.15079093396315346,0.0013932895505558984,-0.02254407245214615,0.004432733275271336,0.09842275314782678,0.004039693979347216,0.01268973806687912,0.004139092556564502,0.016302874148397355,0.003569528075249053,-0.273316327225537,0.006444224729758405,0.1065963455040681,0.005568731320682225,-0.08891298508538956,0.00623850636813535,-0.005884685029354205,0.005156407197996565,0.3537311504903931,0.005241405468579374,0.17013709881661185,0.005853400598381804,-0.05811746593395512,0.004687812028780117,-0.11218175052058316,0.005013990657453558,1.247144860125036,0.0014836543484675335,0.17619683041518377,0.003349350349964128,0.10074590698236455,0.004005730787112451,0.01957772523028439,0.005082010733475192,0.053893391756533814,0.003933410703087904,0.059689596615924954,0.005035528743091981,-0.3963504445446871,0.005452927289419481,0.3515065261748351,0.005013440039342489,0.28382102797088155,0.005200880745302398,0.19988526335823661,0.004810237342099103,0.1442382651044203,0.004064047625173482,-0.019766307586128587,0.0048468927786771785,-0.037454276165572176,0.004289348445991868,-0.08124577707886584,0.0036817132040851607,0.9774649595796221,0.0009959832092324983,0.04783258700904465,0.002035377119239068,0.021349176897000516,0.003094935964504484,0.016646776624065832,0.0044655058275335745,-0.04749896674749098,0.003099195321928289,-0.03366425509216555,0.004471140381532361,0.1007270332125286,0.00461755909443325,-0.024820035060858888,0.006094702031236568,0.04722587360755465,0.005337300524724645,-0.05889668626821004,0.004839542341078292,1.4981622471176512,0.005439933906006944,0.1665245318813051,0.009578957253362955
258,True,-493215.4964949819,43918,51042,6,2,0.00553710387276274,0.0035499772400631813,0.770753921672986,0.0006105410590824256,0.14989836140595234,0.001382967734863072,-0.030973303068033472,0.004403081137474421,0.0978768338615145,0.0041091889908311,0.00330273729601541,0.004143770761750634,0.009996238978377791,0.003593749913977546,-0.26925415493672045,0.006588849317512253,0.11261106297348228,0.005535785041771951,-0.08414862279951656,0.006360375364124289,-0.005713012583185957,0.005112670188518791,0.3530448674960515,0.00527917066551888,0.17242452351501364,0.0058940973744405776,-0.053862817595325865,0.004680152015736957,-0.11406436258028384,0.00502449028648139,1.2529889988406364,0.0014869735371447756,0.17636109218930254,0.0033467466971648374,0.09626206857313228,0.003971912384172609,0.02181949726685598,0.005038708032534654,0.05413519309934909,0.0039025800444557448,0.05805264722615141,0.005006830891190683,-0.40803497576696646,0.005477784249964849,0.352058596318163,0.005073516540062004,0.2783878073860966,0.005178889463388014,0.19888385962567268,0.00485978622284381,0.1414325864941511,0.003967426672431085,-0.008574706727209593,0.004939488647695889,-0.045864116777176556,0.004260260048634437,-0.07662337188271728,0.0036781963187552686,0.9776349641870715,0.001061757624534032,0.04767591248545058,0.0019491270235653252,0.02721262684811701,0.003251077019088268,0.012479537243266413,0.0042885817472977815,-0.04180046819315251,0.003253693141408195,-0.031681302489317616,0.004292622167660597,0.09850643578637508,0.004540068556291398,-0.01977681898114248,0.006054909154747071,0.04941721204486441,0.005040369281943677,-0.04972664123369138,0.004855929273757445,1.509457701516509,0.005823489070919341,0.18024668864289792,0.01131344933204935
259,True,-495207.9991318871,44117,51129,4,3,0.0031331444323538598,0.0035892636561519033,0.7709928616043427,0.0006029570783678273,0.14746908479301465,0.001374019127160217,-0.035430336470887586,0.004562389896069079,0.09784513770510418,0.004039628897984265,0.010425704954681796,0.004272579648413472,0.015366083361844585,0.003531897944673659,-0.2614083774870875,0.006754517193343724,0.11846371704621803,0.005527127336074188,-0.09770900457794712,0.006529733014874668,-0.004124932114209262,0.00511284947431513,0.3589201017798354,0.005203415194574453,0.1614822122749607,0.006037435578188215,-0.06247483834785546,0.004688706615154542,-0.12207763139287674,0.005187958622699906,1.2506903563174554,0.0013822417209382598,0.1659634263465684,0.00314561223457345,0.1029657723636421,0.003985681563767564,0.019211902575137312,0.005175480670648387,0.043522153126916145,0.0038949101124379263,0.05386831350678499,0.005110230273081383,-0.4058120206683195,0.005490971676248298,0.3636285588206431,0.005100210701758763,0.27983085862570506,0.005249493023239081,0.19911200001793047,0.004878394659194068,0.14510953787255174,0.0040997446123797725,-0.015955528381067657,0.004763803177527185,-0.04375982678682702,0.004422838819685196,-0.07363496783786116,0.0037388529871270845,0.9768661856721227,0.0009486820657269579,0.04468474654905059,0.002036494010445585,0.028398017531791327,0.003442671031026945,0.017690355084248165,0.004436197721486349,-0.04395875721634419,0.003445238144966325,-0.04020441403502893,0.0044418828193718745,0.1036459281281635,0.004593723236935131,-0.011801681242244406,0.006159001524429155,0.048970911473279234,0.005235182546616173,-0.06006639975352475,0.00491409505535109,1.516003961445659,0.005445746705433074,0.17476767392791426,0.010358923105279333
260,True,-493183.95572971413,44018,50898,7,5,0.00547332865009105,0.003563520308505046,0.770924233873686,0.0006033421251229187,0.14818284218068056,0.0013686328897147132,-0.030867922255715025,0.004455322441030365,0.09089261636458301,0.004064631827920882,0.006883300996632467,0.004169366274582302,0.005981018416862451,0.003558497155572081,-0.2799095193952514,0.00641429265988775,0.10614890427105593,0.005626124794139857,-0.09128341303225318,0.006142037658562569,-0.006025830628651766,0.0051892566630794236,0.3480138545138192,0.0053666317688542894,0.17737723262987806,0.005842579318744572,-0.04549903124885984,0.004733883253881644,-0.11610478853065283,0.005013537479713253,1.2526698579730855,0.0014284023006732038,0.17000090360306572,0.0033252249720931715,0.09451452080458224,0.004069823109357728,0.02241912013159063,0.005013685915915225,0.04760516938308348,0.003979557789336945,0.05240028832466356,0.004985753290777725,-0.4054888676471891,0.0055616033233841875,0.3519159450358713,0.005050409107592311,0.2865441322303649,0.005251207621898737,0.20547254478714694,0.0048575423445850596,0.13909897182030323,0.003930010039094968,-0.006642607883064954,0.004913062701414211,-0.04373768816248503,0.004219483411410593,-0.07672043333342596,0.003648532388590287,0.9772689438514276,0.0011034267984593726,0.04873444258587525,0.0020675608394018184,0.028165777824359917,0.0039033342585330917,0.012255101804630672,0.004402589517490776,-0.03745843294669732,0.0039055015898024396,-0.036092960181107824,0.0044052841891526005,0.1112249430472826,0.0045312181092580445,-0.0169142531555064,0.006125023945286319,0.05662406439953744,0.004849599362900422,-0.047573031812307154,0.0048518699735301575,1.5014790186626907,0.004790113050786249,0.16624996351916257,0.009669541543851148
261,True,-494459.09148200275,43741,51440,4,3,0.002920190275485558,0.0035890120106516037,0.7698897992231756,0.0006114346205156052,0.15000613824418013,0.0013997617051359906,-0.026559935775582577,0.0044894592943635825,0.09486733663520726,0.004042693558465346,0.0002450740189973277,0.004199884023853804,0.018917040364820715,0.0035648180289886383,-0.2758425093084373,0.006492517545030752,0.10477668571702912,0.005600072271092428,-0.10179239728090062,0.006272157140093416,-0.017448153345900035,0.005174838082243823,0.35871539034219624,0.005368785104267755,0.17729345718210063,0.00588947028923209,-0.05711213226186106,0.004772324548569075,-0.12178953958399186,0.005076693572472028,1.2506216797923968,0.0014482862268058172,0.17558777758173208,0.003324031237362246,0.10193010025602614,0.0040474273909142855,0.025533854901073665,0.005003772150754691,0.050037227264827205,0.00396247505774128,0.05631444145935799,0.004965183765420529,-0.404130330351958,0.005530329041496594,0.3538369966108974,0.005088361533428183,0.27920256824321943,0.005213530762391757,0.20479021246771417,0.004877573229437039,0.13977930235022962,0.0040182310647255874,-0.023516126276217516,0.004953526179760401,-0.05096703731974988,0.004209039893935849,-0.0659161730929268,0.0037202657614971483,0.974081109728824,0.0010967634847576235,0.05009781877194832,0.002239138389611914,0.028813289268158897,0.0037182525306329894,0.01888623071353349,0.004036473502071015,-0.036709863444330734,0.003720433545024399,-0.04671247340995018,0.004039949335693552,0.10818657319049127,0.004460899182163229,-0.015267698915180457,0.00619601729659458,0.05742896730931358,0.004915195213763604,-0.04566463697268016,0.005020440799930317,1.505367509717298,0.005425770277648789,0.17620369102482603,0.010372120469634774
262,True,-492240.6242510134,43899,50867,1,0,-0.0011196302897644478,0.0035707575979736462,0.7704287792580689,0.0006069570138247382,0.14869381506749269,0.001396833911370604,-0.027357155678184884,0.004436536805930773,0.08946656645048724,0.004086547300704008,0.007069974030987168,0.004143192356682321,0.01687772171420576,0.0035907097801988817,-0.27468187291627894,0.006651884067356659,0.11982178905017933,0.005572383267084651,-0.0872634626303561,0.006457979954456862,0.001537099459568579,0.005184565140998499,0.3536607062628518,0.005285337791689652,0.16783494548519146,0.005901029280115631,-0.04766763906152613,0.004716465183004293,-0.11784116572999902,0.005057288050600813,1.2492302345371293,0.0014234344302367363,0.16857528911533404,0.003255344014046063,0.09517370257742086,0.003889606921995881,0.015486889039860167,0.0051432105099848266,0.05403825465158918,0.0038216940777024847,0.04408710865410843,0.005110829198406829,-0.4014277969674031,0.005623330631979611,0.3630596757651701,0.005102086261478322,0.28841077520569336,0.005364068113091488,0.19802375366595557,0.004892250393453606,0.13750504737595082,0.00400752109432032,-0.01557672110380311,0.004952878694164137,-0.04351139371712768,0.004316886786112248,-0.07106872690384207,0.003713094637798098,0.976655461355043,0.0011125141477246747,0.04904789690091097,0.0021556029808643302,0.024964659566026153,0.003531300233544719,0.00927903617164632,0.004162183675487424,-0.043071652639398224,0.0035353488751123318,-0.03721964456049275,0.0041670842688265606,0.09835823450211997,0.004562064805952297,-0.01750071982221544,0.006333705232340421,0.05619087684517829,0.005204457387388386,-0.05132110461770483,0.0052174427779032775,1.5108605234598649,0.00640503389589786,0.18335462380575682,0.010822802828535899
263,True,-491713.723752127,43947,50669,6,2,0.0076559558211802495,0.0035664036136450637,0.7700421980846385,0.0006052693730503322,0.14797611059797328,0.0013771852459172063,-0.025183733322550163,0.004404562001015775,0.09138503512073551,0.00410730769149932,0.00374227865502831,0.004120356484696847,0.014271537480393785,0.003608750967735699,-0.2701337708494295,0.006533797273229315,0.11111878178932558,0.0055641276265247005,-0.09137017956178248,0.006271304752282706,-0.008137004177682925,0.0051346135544570876,0.34920822744754765,0.00522672584401674,0.16304409841836048,0.005877061319422672,-0.057842451138188186,0.004667023242356414,-0.12193498253371994,0.005034910300926752,1.2490741439197213,0.0014549638884544525,0.1712785305107084,0.0033432266293078466,0.09579388620833251,0.004023660735044674,0.02214885456066026,0.00505592209384578,0.052786640583878684,0.003942276180834452,0.05782163472928523,0.005025435878018323,-0.4047832920255871,0.005470011723317857,0.36295256702926454,0.005090187297930279,0.2798471537028645,0.005202293360619134,0.19491742966357228,0.00487805838029532,0.1404971640659135,0.003971492838153815,-0.008990561365064225,0.004789405033039086,-0.053390447839975465,0.0041539789193557365,-0.0778600460551473,0.0037289238648783997,0.9764216133305518,0.0009701774402363639,0.04724014833417825,0.0021139777630246014,0.02380276065610725,0.0033918578572753773,0.013601737792659448,0.004093223070016381,-0.038351225387419696,0.0033942715388316233,-0.036037289929360096,0.0040976092892657185,0.10727907806311526,0.004470968096261628,-0.014250993846814488,0.005986225911887993,0.05862240950669623,0.004840819981697788,-0.04800322977788596,0.004814450861007805,1.5080557216582207,0.004717902745444147,0.15862156793789187,0.00914424742758177
264,True,-497416.9552069965,43896,51612,4,2,0.0025591303299473366,0.003572376745907812,0.7704228856892538,0.0006114149471987407,0.14996104160892978,0.0013904226541353176,-0.02210758740539459,0.004406564452268344,0.09407001115776474,0.004094134657641926,0.006454268526569558,0.004112132735582333,0.008255843899372013,0.003616575781853086,-0.26689678635758307,0.006582200725968076,0.115440565479655,0.005562197979399648,-0.08945448844032056,0.006383840746540492,-0.004774463533156278,0.005167928295796317,0.35639739785757474,0.005306326260722191,0.1747055039422327,0.0059371432469606375,-0.057132503942590125,0.0047353108540151454,-0.12001529857714635,0.005089961681260599,1.2497479022990714,0.0014203310474242281,0.1706103903858721,0.003217576781703771,0.09630051087465848,0.003941577694912287,0.015498728641700064,0.005151636544096043,0.04459053962309276,0.0038704562735869157,0.053658609377571324,0.00511162144318566,-0.4009799378866144,0.0055069191311049315,0.35775175492753364,0.005068565681072653,0.2917736420953883,0.005254208519216797,0.1986001989090632,0.004880792564232507,0.14342097143499766,0.00398587921635242,-0.017217479713229848,0.0049152360525756235,-0.04594594636654556,0.004230252254874449,-0.07968459870276404,0.003735949417100806,0.9767993185043957,0.0010652263484926539,0.05014209272419825,0.002083878251248155,0.027363844381287552,0.003876260419071033,0.01078808255461186,0.0039035006541375252,-0.03298834968745275,0.003879854782948613,-0.041049639771298406,0.003906422664451414,0.09074514031156539,0.004670719875243079,-0.02717947810655718,0.005951507610437632,0.04855186736679118,0.0055044003033968706,-0.06235133515588542,0.004789707975993614,1.5056146446351681,0.005750955938429336,0.17016886178095517,0.009887699933420674
265,True,-497797.60684864246,43998,51549,3,4,0.0015126102311836121,0.003566030761490077,0.7702542410515414,0.0005999282106780579,0.14758547926992063,0.0013629556437912138,-0.03153292922870176,0.004405738531623641,0.09262411264446631,0.004081477222236081,0.0013275429114363553,0.004129513144550618,0.016185106709377672,0.0035706362297676106,-0.2754374277402452,0.006616958657077323,0.11307256901636331,0.00557736835589449,-0.09260096730915711,0.006348054991706394,-0.012426619324724043,0.005152698566570401,0.35724135384350314,0.005306336103249796,0.16831146436806133,0.005948326539089565,-0.058389833101083005,0.0047020876290461405,-0.11585560344979977,0.005092867790104103,1.248988508270995,0.001454906249408472,0.17488369083703714,0.0033320907972634595,0.09748301250979766,0.00406147175076578,0.02207880419022068,0.005123818894337432,0.05003465571310199,0.0039756307808713,0.062436099703693404,0.005079971302510214,-0.39904257025489226,0.005439656896613045,0.3554569328253218,0.0050644546296868655,0.28602120923673124,0.005184208260476357,0.20004477801374737,0.00485196029231968,0.14569689479918965,0.004046980608962257,-0.02645034776867716,0.004751657336824899,-0.05196910869378341,0.004248454642494708,-0.07715628004502055,0.0037847656234426584,0.9738730368036053,0.0009587444643958665,0.04737479391386763,0.00200713760410658,0.021331393532144582,0.00375484455524917,0.01899055098132633,0.004425330366328057,-0.041192908736887364,0.0037529402015319528,-0.04072180897052459,0.004431875600860091,0.10507401036956479,0.0048006649033055905,-0.02698237787832068,0.0060465340194576665,0.04078036910172036,0.005326699044486982,-0.058394643156969565,0.0045619970235269,1.4890225905601373,0.005384141593227643,0.17510486102438735,0.010212570760922385
266,True,-496317.6328587299,43933,51348,2,2,-7.831120689503911e-06,0.003543247302708882,0.7710678283401462,0.0006016940329419684,0.1492653570038579,0.001380509341682809,-0.03416188355985004,0.004416602013082423,0.09649366898088226,0.004032534093252534,0.013023374182066613,0.004140579184115621,0.016505856468159025,0.003524206201694143,-0.2649126118213707,0.006624010497670355,0.11571931521880319,0.0055245760385404415,-0.09297948600583901,0.006370899292623189,-0.01229260884364841,0.005096442938764952,0.3582089736948907,0.0053291827090985,0.1705950045308579,0.005965430936355079,-0.059075795332471016,0.004700848974744721,-0.1160232056161806,0.005097296528852832,1.2503572753378245,0.0014724320808940927,0.17594594651265982,0.0032855857478641254,0.09195219354689363,0.003923245489775852,0.015110873014685888,0.005198280925235087,0.05288199026327289,0.003848123170455446,0.05159724428597295,0.005151408196380804,-0.39754027364685374,0.0055184463148710994,0.35736427610430005,0.0050405619378834626,0.27845254437266753,0.005236323819363203,0.19370204524813991,0.004806753244047405,0.14488924271282472,0.003956009794741516,-0.020816830538345245,0.004959192166130119,-0.04898719237259951,0.004199773534174712,-0.06974920810021262,0.003689609926069018,0.9756353998210666,0.0010675003694429197,0.05031254112724453,0.0021331250672058585,0.026659405887418355,0.003388464240660412,0.016745724983842348,0.0041774142668533866,-0.03972507897056693,0.0033915387510290323,-0.03424733974748088,0.00418024130476949,0.10429998067999385,0.004707180325130749,-0.01981584539946248,0.006404182761712131,0.047609059294461374,0.0051900305494687275,-0.05568979836338528,0.004939023284126065,1.50817956492585,0.006155024737001913,0.19504488169365236,0.012542473508445812
267,True,-495166.33403759333,43948,51217,5,3,0.00576017706331295,0.0035808253085087365,0.7701608262691447,0.00060751617135546,0.1483972927578333,0.001376389796512112,-0.026716442801899963,0.004440086182184508,0.09632526406364895,0.004096395802648721,0.00408238388026352,0.004160498168599129,0.011846878226983333,0.003595127442657794,-0.2598448867556104,0.006633885984709924,0.11750493817355678,0.005579261344818144,-0.09370589804042505,0.006460062445085298,-0.012639913292680905,0.005180124272410793,0.34956166515414944,0.005277737725174413,0.1677061574293721,0.005955559948866247,-0.05811359823322856,0.004758613426349502,-0.11654660969380695,0.005123880321983568,1.2483786633670158,0.0014856853997775588,0.17300039783971005,0.003338189615716511,0.092876524256181,0.003993769133162848,0.022958569864691865,0.005146320465200936,0.04487948508712856,0.003927482446228604,0.052988268532032,0.005109398804428606,-0.4027789186555474,0.005546335316626472,0.3594660555799043,0.005084044801204358,0.285094890695224,0.0052563069251986205,0.20238186705056252,0.004903044572942722,0.14845292202201343,0.004050199906947161,-0.017526281645710472,0.004999427865782625,-0.04651403418010109,0.004379507353212971,-0.07615056432454824,0.0037622815572851288,0.976013072033865,0.0010287593616876145,0.047887941139705244,0.0019903222484248667,0.03290991793223979,0.004214563777956844,0.0047962323432425786,0.004231522525009652,-0.03758723358400677,0.004215664941974978,-0.0380548232503473,0.004234849611936283,0.09861529930557898,0.004854483214343879,-0.03372856316022734,0.006008739289497692,0.051326781690047674,0.005623713560138805,-0.06274644547983375,0.004920225476657258,1.4953131797420283,0.005812997172204737,0.17892869738411915,0.009926542666795421
268,True,-497366.0977379797,44228,51266,4,6,0.001445040116895018,0.003554734703182228,0.7701211802865974,0.0006016845403780668,0.1480820287784652,0.001363008391521578,-0.027942725382108975,0.004416634005994963,0.09160165765217114,0.00407243028646212,0.008274419225034423,0.004135746589033234,0.013986405655765411,0.0035720942182994606,-0.27207522567004416,0.00656997600626041,0.11613115810962345,0.0056115788164600045,-0.08619764383334474,0.006325711391077423,0.004595175718650577,0.005185035412255056,0.3472123602377566,0.005293239837727453,0.17050122941433238,0.005831586274939706,-0.048517112925795046,0.0046928220663804915,-0.12372967700100719,0.00500154851107724,1.250224658451465,0.0014369732751829956,0.17005315618781408,0.0032877672681096426,0.0970008870711724,0.003977083439289292,0.017807400104582986,0.0051420064562182404,0.04278073715357872,0.0038952261181532228,0.058439147490215636,0.0051010749305228234,-0.40394119878466545,0.00553698709629691,0.3542376320501967,0.005069288576789384,0.2884906498671414,0.005275044887517031,0.20406548073679964,0.004874912424407331,0.13732820384475164,0.003959627697790348,-0.01779596862275327,0.004891137592846941,-0.04402287525406777,0.004351888348343931,-0.08047655119297989,0.003733455587643591,0.9758500730316237,0.0011140709238802726,0.05165930330116096,0.002269156352957581,0.025961159697806668,0.0031879040205886225,0.01671366649074174,0.004510751526208276,-0.04785444114343026,0.003189426802425709,-0.03474554047890249,0.004515671333693208,0.10015645078500707,0.004599099039210065,-0.011183470371626897,0.006170018929470999,0.0495800661651777,0.005145176368530781,-0.04942581996039548,0.004903499417250476,1.506617796515857,0.005279073954784663,0.1612111705833118,0.009796288562911495
269,True,-497937.93917858833,44168,51472,3,3,0.005328584828084711,0.0035967993695791263,0.7707003591166129,0.0005977141555942866,0.14658729084876668,0.0013623360781479382,-0.033418493192684584,0.00450320812813983,0.09748519568852211,0.0040619993741050665,0.008192883660445084,0.004213585014870884,0.012024899102591479,0.0035559542845838617,-0.2736018114118937,0.006675676365738525,0.11668322572919208,0.005596555836120246,-0.10234539237543366,0.0064498042640632695,-0.01228866993043857,0.005160412289327449,0.3498433955255767,0.0054597902502162635,0.17997781161607934,0.0058981421692359155,-0.057594120912956986,0.004762036079390078,-0.11203781887027028,0.0050281357030044025,1.2507867324084505,0.0014888318678347723,0.17411612018742273,0.0032988893778797823,0.09699238010386396,0.004058008626334384,0.021774268626082696,0.005072835417046933,0.04459057921738687,0.003966972229512213,0.056512933877023705,0.005035601805754282,-0.41318587742075885,0.005365973286957931,0.3483705780602039,0.00509476941506082,0.28381866922963017,0.005132355437372599,0.2048056153659358,0.004903263415163177,0.14051474232461614,0.003896834071020773,-0.012782346110779677,0.004747421430568235,-0.05792859106076635,0.004180700504984813,-0.07801428976767276,0.0037395502039155016,0.9756346516425805,0.0009585515780738407,0.04541757957923268,0.0019485390180011622,0.016857791265405795,0.003362337452320642,0.017727687551430175,0.0045429004709956495,-0.04328001700132372,0.003363654292149453,-0.03694404881146772,0.004547278002718059,0.10387487070333362,0.004584106606424628,-0.018698743307467656,0.005864330876362175,0.05183812598264223,0.005045016166317455,-0.05293062182585577,0.004844989559115911,1.5051961625694588,0.004789067809248593,0.1651233373382889,0.010325179286513705
270,True,-493403.1974083056,44060,50993,2,3,0.002240092830203,0.0035798499739505257,0.7706278186980364,0.0006017400942292528,0.14760319055327478,0.001382791607714276,-0.0320238277601585,0.004478920308083892,0.09709899113889192,0.004069706718745686,0.006479453692248321,0.0041936055253879835,0.011913005487113887,0.0035618604695509285,-0.2708457053160435,0.006609580293068434,0.11851583895492583,0.005536753031319012,-0.09671433767049306,0.006378922865863473,-0.0009063682726377624,0.005107639345103189,0.35500639276390755,0.005249375661704648,0.171755696533583,0.005914609326354699,-0.05291293616381367,0.004685864400322712,-0.11972586841001814,0.005095159399990538,1.2488982607990087,0.0014248466969851714,0.17064243708337276,0.003304163875032448,0.09357944596360421,0.004089982884838664,0.028411565383964287,0.0049037022967324505,0.04699595299229917,0.00400615206543722,0.059118064551518204,0.004856027946762385,-0.40650953787228516,0.005512547868891982,0.36294630573449893,0.005094068268341839,0.2817259272384502,0.005243641657103339,0.20060985583425928,0.004872432194256965,0.14096891814544427,0.003996472854639618,-0.009876837664064216,0.004814338371064211,-0.041041510688841945,0.0042426119879846345,-0.07432996273480506,0.0036854058640738317,0.9768088401152544,0.0010013266042764313,0.04613577166986053,0.002019906271744216,0.029974693898331208,0.003790987317298391,0.013794255115805043,0.004177275763445564,-0.037383065916996285,0.0037921888031260064,-0.041007474894820484,0.004180879649204359,0.10590322224407475,0.004372774402395317,-0.009701352807357875,0.006400290055498182,0.0578371047714507,0.004904800894237396,-0.046354849535863926,0.005129448155552117,1.5140643812738428,0.0055713254290198355,0.1671234352256975,0.009261773001094445
271,True,-493182.3014331254,43644,51323,6,3,0.009830730536787902,0.003573307840310735,0.7701500279534009,0.0006133518737422294,0.1507477713155376,0.0014055661352543741,-0.029641420702850932,0.004414593820910729,0.09531371966449094,0.004077312951011945,-0.00010730962390567631,0.004142508601505322,0.009922095482320464,0.0035777868591612564,-0.28047094360025127,0.006448971714543963,0.10484587686456681,0.005581636903920105,-0.08733635562351065,0.006224078144540319,-0.014658732228207589,0.005130296810254632,0.3539313330622264,0.005426360143995129,0.18231413543601732,0.005842560870360643,-0.05407347592549465,0.00477487997723475,-0.1096048987333674,0.005010913611810864,1.2519238825652386,0.0014772572778778414,0.17485810402758278,0.0032983703284674287,0.09464061511245855,0.004099545029090741,0.022216971250014726,0.004915423437309986,0.04137378999181413,0.004010142726250468,0.0669157749533062,0.004875155038906273,-0.41509390091585674,0.005503501475803988,0.34613538394085863,0.005139259071115347,0.28570787904372114,0.005199483077664017,0.2061744390682109,0.004918978994179904,0.1430256987915865,0.003965967580234631,-0.00544520394148012,0.00489966006715275,-0.040730608444083244,0.0043249919598931895,-0.07522620061775374,0.003644364237308984,0.9779937705218461,0.0010598845580592209,0.04910046569162616,0.002135878864669715,0.020058053100282403,0.0035188282184816537,0.021322576352327684,0.004093619021491657,-0.03824746083787774,0.0035192203300497236,-0.04262019618075538,0.004098230261252712,0.11236720599449322,0.0043726494898064265,-0.006684483753829921,0.006188041058677452,0.06009036098319879,0.004777479831069718,-0.04464304325348507,0.005189985828192555,1.5128859930837262,0.0053988891952893026,0.17935968545240294,0.010393191634170018
272,True,-495965.58912009443,43999,51309,5,5,0.009637086296888961,0.003578631072881166,0.7702204429593427,0.0006034679940797871,0.14838303744110654,0.0013756525018541466,-0.026697954684428683,0.004412387418576324,0.0920673872528943,0.004091870637286006,0.0010423532292968651,0.004126887422942685,0.010272164016498449,0.003594896086547336,-0.2679567454016943,0.0066730214602159265,0.11421646813223389,0.005525165554097284,-0.09274536761270878,0.006392173876648603,-0.011480428369709934,0.0050949295727803845,0.35836853244480077,0.005394913570682008,0.17502778388039497,0.005908400882818069,-0.05728680016862324,0.004751897433978132,-0.1198745803053916,0.005088692979819201,1.2472932619870611,0.001456103917842566,0.1770154282189888,0.003383936929685874,0.09833703111910486,0.0039801675040578985,0.015569786672849039,0.005128992078113319,0.05223258914071144,0.0038929210794701485,0.05647628430731444,0.005096119989657314,-0.4020699126402417,0.0055659698908695,0.3537189348116002,0.005069930167540349,0.28972749784466045,0.005246824435515776,0.20401890821555846,0.004888044459039101,0.14457041721025066,0.004058432255607326,-0.022204189981620093,0.00499838392486909,-0.05049072144845486,0.0043279589292628436,-0.07595353402769706,0.0037610539837494863,0.9764012076395548,0.0011059083805394776,0.051391584239324294,0.002137537313936521,0.025434687433435802,0.004088865949344647,0.01416160426056725,0.0044260557863011986,-0.03800901402382892,0.004090748686552244,-0.04073258219814606,0.004430866706620715,0.1048665547114989,0.00463677237291814,-0.01641056057490171,0.006293505009047309,0.04864241519518656,0.005018062503073399,-0.050554258976423606,0.004787692184666363,1.5047982476387027,0.005517141894681332,0.16812925479323534,0.00973122444611943
273,True,-494796.99588032323,43852,51209,6,6,-0.0009736250457218906,0.003537250488347207,0.7702022913933657,0.0006004632972128054,0.14816133493483405,0.0013629925388840142,-0.028514640599688192,0.004390453439139688,0.09017736608661214,0.004069768238749019,0.004707302592270027,0.004106309483749161,0.01725122048600678,0.003573567769659633,-0.2697722581575749,0.0064643039625706345,0.10875092212747477,0.00551990172442164,-0.08268233803694204,0.006237362109730831,-0.0026844006028522863,0.005090561690147416,0.34785690068672837,0.005309641741190856,0.17554012994195414,0.005810426717641348,-0.05310979617916275,0.004688123681585068,-0.11292788392579345,0.004985644321686957,1.2510431021484318,0.0014510620181370504,0.1718551295089507,0.0033236486667319876,0.10319530373711754,0.003953969717641691,0.01677098709853957,0.005030172718397777,0.0494152171798911,0.0038757853357564522,0.05767665401365928,0.004985020342073903,-0.39339910994647775,0.005419824361198392,0.3536978701641686,0.004997242483757886,0.2841039424945942,0.005167170163112383,0.19908859485152638,0.004801078085162107,0.13493577124217865,0.003931552761932242,-0.021229706146327194,0.0047858482482339565,-0.04961518960451906,0.004200427072549614,-0.07366666295452441,0.003639032049917921,0.974183457592668,0.0010065978093165007,0.04616649596013196,0.002048348155673653,0.02255635282608064,0.0032991948126043016,0.012469296724056618,0.004323538569787493,-0.04529868049634326,0.003302790939323626,-0.03844292578003725,0.004328979239029264,0.10031066257419448,0.004522587189725084,-0.01574375177421002,0.006021826983829719,0.05448647676193093,0.004971589469370829,-0.04801963443981786,0.00498139982919539,1.5102877664649754,0.00516542300291456,0.1652318271207443,0.010373333250172367
274,True,-492581.24771564174,43765,50982,6,6,0.0033410664702449135,0.003602486887475281,0.7703598679888575,0.0006051031122257244,0.14798582940119923,0.001383123623685839,-0.028915226526506133,0.004487340419729541,0.09054901116527717,0.00406789792513756,0.0072804545970936016,0.004187000368802816,0.013814067012313849,0.003574500015321863,-0.26789041566924615,0.006869390229628504,0.12499500327636205,0.005636248109955792,-0.08967087186970661,0.00662230577484414,-0.0041363038580323344,0.005200924656335362,0.35168419735549444,0.005403881923574587,0.163195271114077,0.0060336420226895305,-0.0582987771557814,0.004788608754791481,-0.11860384208087284,0.005142666793166382,1.2485548327906872,0.001470727427028251,0.17039325873633304,0.0032998065991082515,0.09690591178368511,0.003938958865514612,0.02159756228246598,0.005331098144946418,0.05067788722712474,0.0038463451714243553,0.046374529694774465,0.005293749193774415,-0.4003395380571376,0.005598875595038451,0.36290469095522887,0.005120576553528886,0.2966919803110317,0.005396913522404919,0.19920055960558658,0.004909717822025858,0.14075476873491735,0.004087699447637962,-0.014201567646345281,0.004956879574605717,-0.04595636134910047,0.004407073083640483,-0.07820147383415554,0.0037461057468317566,0.9764733767644376,0.0010761041701664587,0.048704907212998284,0.002141609409218804,0.023774624324486522,0.003521369952876293,0.015153703417778185,0.004223263343059205,-0.03986224122388404,0.003523119387618008,-0.03784970247965847,0.004226003543096218,0.09968201215813668,0.005028208436567839,-0.033789823721159476,0.005971793749414656,0.04298630723122131,0.005435997928331703,-0.06421426174239872,0.004715493932991779,1.4965495627262824,0.005466549104967133,0.18229108139828,0.011179742487173017
275,True,-495349.9270297901,44264,50944,2,1,0.0008900978404546294,0.0035574906495490894,0.7703986430596926,0.0005989438522662205,0.14773304704207432,0.0013702519944186198,-0.03603029246329454,0.00446745859792725,0.09529626293029289,0.004024027423529722,0.009350441226687217,0.004192692827455358,0.01188744224578201,0.0035089839511223304,-0.2622396790883292,0.006588090040506692,0.10906777545423485,0.0055260818383682,-0.09058668580062784,0.0063657156991048505,0.00032381644099327894,0.005138111044173717,0.3490621866642581,0.005288584499969179,0.17188194849949415,0.005904803567635808,-0.04925416605474772,0.004692751604238935,-0.11737294923761453,0.005065169810742387,1.250834403432702,0.0014255038229969985,0.16903220997256146,0.0032500769108797373,0.09813434495887818,0.003944883445921591,0.01663184578974789,0.005201683189509826,0.05570964709995111,0.003863245964930656,0.04681665519682184,0.0051659636640522,-0.39501731181584904,0.00552228731723581,0.3547546424011765,0.005036029374593012,0.2894284336231608,0.005287020785379222,0.20420852852400506,0.004848514616973175,0.13691984792414616,0.003986800246706685,-0.019256982965224337,0.004722284241730441,-0.04320278201823216,0.004418733101979876,-0.08207080713411137,0.0037076862104710945,0.9753026432529879,0.0009582210477570574,0.046297435972437746,0.002121591910001372,0.02732415969979244,0.0038044867649047144,0.01433322703405908,0.0038812976375322125,-0.03846610492037111,0.003808458916032042,-0.04745387561540713,0.0038864195644978767,0.09651728636790288,0.0048853869027127746,-0.02553582176182246,0.0062596092995138896,0.04219353132931578,0.005508796293103115,-0.05631747336538005,0.004795488742219325,1.496521530410684,0.006342483184812564,0.17696809147968315,0.010244980847735008
276,True,-495532.31220733316,43951,51282,5,4,0.0017869517341971366,0.003557388562659641,0.7704659535016487,0.0006004691911749016,0.14860839227891043,0.0013723846971217812,-0.034815878333200025,0.004435180227097902,0.09397739200627303,0.004025144328728374,0.008415902310599195,0.004152787807792208,0.0107390525864834,0.0035262982869057906,-0.26702676343486725,0.006764371528749719,0.1200976384467469,0.0055969028402118575,-0.0947585658820812,0.006527365692780296,-0.006491305498191167,0.00517270948350848,0.3560833750252619,0.005268164382326295,0.16510546469832216,0.005955050397706908,-0.04875834367047455,0.004729464094297556,-0.11801503014625235,0.00509659234225067,1.2495374698311108,0.0014662721936380407,0.17530713296761022,0.0033865594402750776,0.10171041132530133,0.003805190057542923,0.00539912807127781,0.005191550735630701,0.045012383828992183,0.003728276242022516,0.04281936776878307,0.005140574009957088,-0.3963536935978758,0.005549700987898469,0.35195480836089704,0.005060158853590154,0.29482254495749477,0.005375925664605871,0.19816316487919122,0.004862391144464728,0.1436349460165117,0.004057806210816993,-0.014100400955505578,0.004947134713965826,-0.03929929530693157,0.004379016991389363,-0.082115007452759,0.003713972215385353,0.9769643343961052,0.0011078021014250816,0.050062166649216006,0.0020405215731782375,0.0264774099798018,0.004274940226305598,0.012090303515133585,0.0038294274599902883,-0.033112872210313594,0.004281713233799683,-0.0475801646434128,0.003834572949201813,0.10068533162619038,0.004732547064104623,-0.009853670771021979,0.006158054286163299,0.05074247741447401,0.005626433754973547,-0.06088822798788534,0.005209731660943493,1.5087858497581093,0.006100679191974545,0.18676485779842988,0.01125135924731635
277,True,-495070.7182325241,43853,51340,4,1,-0.002162929885141944,0.0035719717336201258,0.7711569428051359,0.0006181160131257801,0.1505104854003158,0.0013856532606842942,-0.029227089674669113,0.004473511273104262,0.1057792222600069,0.004075031235962027,0.004216893414380417,0.004200603197751444,0.016524042306074807,0.003572391355385405,-0.25668837240259473,0.0066978530582735875,0.11962596608698628,0.00548749274224606,-0.0900015245226238,0.006443975877692235,-0.0010423964336986867,0.0050388670123347025,0.3469911308254329,0.005295035024909595,0.16749250656371134,0.005932964194531605,-0.04765442790481618,0.004693852637262717,-0.11814265299639727,0.005040573690565054,1.2528398163051928,0.001471121384514107,0.1702100825097985,0.0032820365326037687,0.09659140687196349,0.0039016832115247708,0.020350581651514002,0.005048827424555336,0.05210427775218161,0.0038239584239731124,0.050829241006485094,0.005008004193933516,-0.40242362619409927,0.005635307654656169,0.366343070283041,0.00510690386458427,0.29304757128047276,0.0053892792862854635,0.2014898889161097,0.004902573922393487,0.1418066551831633,0.003989922922987444,-0.0071297157998310035,0.004955978773072219,-0.04291569840202122,0.004368760140203681,-0.080890824563528,0.0036810996095335965,0.9785728420954108,0.0010941179429757586,0.05102085192321994,0.0021781282684511516,0.024136448658561467,0.0032063332845419846,0.020519573608879505,0.0045992642021110645,-0.04645262748551556,0.0032075412620271907,-0.03457916221599915,0.004604148742934735,0.10551859569961347,0.004779437330124262,-0.019662882499251102,0.006489915847584235,0.05444132138593934,0.005360949073734522,-0.055999146722157764,0.005080028112997786,1.5083024066937694,0.00580538977470324,0.17656578399863096,0.009968424790525121
278,True,-493639.56419255363,43716,51188,5,1,-0.000382258060403981,0.003558805371320219,0.770763716035561,0.000592759233147222,0.1457104309776032,0.001346531331391343,-0.040915508714690615,0.004536769313732615,0.10354369894096907,0.004039608665082439,0.0028332201863613972,0.004265901635832086,0.014627665490448354,0.003508443443759399,-0.26031611767108825,0.006742210558090409,0.11775502686140722,0.0055268550375527385,-0.08404376716708419,0.0065013106599713785,0.0005723846389165399,0.005114816395370615,0.35758216697832373,0.005271530857908047,0.1704147988429779,0.005954231348510543,-0.05785430358534355,0.004706196919632488,-0.1237519442598768,0.005145569680813793,1.2497062507696717,0.001454312428682658,0.17738887369983175,0.0033939362507476173,0.10080642523982067,0.0038533518984520416,0.007750282362320821,0.005337483071582908,0.05077385801987985,0.003778799348679698,0.053627707469779046,0.005295147080556503,-0.3920246121327422,0.0055554549591653405,0.3512806570593941,0.004999684030245329,0.2874693062670349,0.0053110901982912065,0.2033010042508189,0.004822701969799916,0.14132301667742722,0.00399043628506274,-0.018055851826069315,0.004934898339830343,-0.04523950945770996,0.0042435662156217,-0.06872639914892842,0.003735636524422807,0.976273535365806,0.0010844918865018927,0.04851913199162161,0.002106295864476325,0.025623230790756842,0.004454393341307096,0.011829840992497,0.004197744622722633,-0.03790816081095723,0.004455701587561053,-0.045318990835329614,0.004202890794275605,0.10046723938781074,0.0047270991059038085,-0.019335681485655478,0.00595479618540772,0.05588308107755746,0.005296139149703413,-0.061341277423214303,0.004867776719224094,1.5083791094587011,0.005009826293034592,0.16472363022050138,0.009230991407867442
279,True,-496225.6842750078,43646,51665,3,5,-0.003483003309991165,0.0035764998143328897,0.7710959041077787,0.0006040237573825546,0.14844107732562695,0.001381575173200214,-0.02942120475718552,0.0044722177924305904,0.09835215755684235,0.004051949985188474,0.008016876188780914,0.00418180396964805,0.021378883210555203,0.0035494511807532296,-0.26547453264164533,0.00665960542229621,0.11628431394780667,0.00558122397948947,-0.1009901706819583,0.006450088377256997,-0.012846680792085001,0.00517678179386622,0.34938137819688353,0.005318207834588449,0.17446025081468627,0.005918593086111703,-0.05901085520534633,0.0046937979607753165,-0.10973625460928516,0.005067246542096978,1.2496357675316891,0.001422663168858418,0.16816027175745002,0.0032617207095883283,0.08863459306962222,0.003994278291628294,0.018575371884975905,0.004994116228621613,0.04666888521685024,0.0039298622851847076,0.05551494201328081,0.004958123099707756,-0.41204948535243935,0.005445506049010663,0.3615716655761823,0.0051378193753841665,0.2795806360919863,0.0051762617450576255,0.1903904684844824,0.004890082945998972,0.14372560800742393,0.0039856905232358575,-0.013539895732381126,0.004791884463676133,-0.051244895422893386,0.0043004986772093344,-0.07361193690649998,0.0037152952281349263,0.9766578239649609,0.0010221968872454745,0.049012931287468677,0.002150707283712472,0.023587377045731012,0.0035043637291460967,0.01636125495296626,0.00449688933808486,-0.0435698029119543,0.0035075244845012717,-0.03731624216555227,0.004502299154075069,0.09740019707866698,0.0046423135853409115,-0.0193308496387517,0.005986139886006971,0.04521327165964384,0.005290597239004758,-0.054705213280721775,0.004916470848608062,1.509623141768308,0.005769546404218562,0.1760059110486767,0.011178637477015405
280,True,-494970.9130151055,43797,51349,5,3,0.00028599359816949946,0.0035510915162612422,0.7704858143310663,0.0006078961840706998,0.14862478656207706,0.0013737400867759042,-0.030533488981996055,0.004422536126891329,0.09420930161869498,0.00408403564545034,0.00691588712319913,0.004149634264750601,0.014585656022556055,0.003571478683511666,-0.27215087951652445,0.006652557666195452,0.11755332134908279,0.005559022353558867,-0.08232960543311685,0.006433015124222749,-0.007319607721330012,0.005138021315819202,0.35781666908804993,0.00530462446094963,0.1707056787806052,0.0059014722971736855,-0.048700992021454205,0.004702330893482831,-0.11902697452496028,0.005081816416593646,1.2504716787048071,0.0014311560594496564,0.17416244788796517,0.0033597163831686483,0.10230147690806918,0.00386659886715137,0.008171481993051245,0.005245604271334735,0.043331542310646544,0.003785645876315631,0.04824463347611085,0.005193688314070022,-0.401707547603296,0.005482280979221782,0.3631615210235411,0.005083391286016543,0.2810419778371571,0.005209059757933884,0.19136957985275738,0.004838048711075227,0.14209989028433992,0.0039750423512804785,-0.01968813784903614,0.004801653544113417,-0.0401858680485358,0.004247497723796662,-0.06962913095755718,0.003610231826004189,0.9758538970430612,0.0009890900721723495,0.046650264508910196,0.002085293769365129,0.02510722968120038,0.003369670074588724,0.01224686139368538,0.004395566328770778,-0.04691915311268296,0.0033726462174259223,-0.03719287974742136,0.004401219292756594,0.10322730527294201,0.004793380624731561,-0.02027489778157483,0.006233326085344109,0.05422519642077619,0.005361919758949956,-0.05501539159969353,0.005093298260490393,1.5068451576556354,0.005738141889790049,0.17854403216519968,0.010335399451608288
281,True,-493635.2224557563,43846,51161,5,4,0.00676428281838378,0.00359470132255225,0.7696749019678253,0.0006070819541263983,0.14845168899352665,0.0013847926008760808,-0.025845266174775783,0.004461760562211939,0.09474504184732692,0.004083177897427479,0.004224758854822869,0.004169844816940379,0.01132009993714989,0.0035933091017504985,-0.2713689402012578,0.0067231743192908274,0.12255691663117303,0.005579345850376236,-0.092828112446885,0.006492343002175436,-0.013404479619646812,0.005140300909942557,0.3581444743521877,0.005379760047064952,0.17487367068702925,0.005982849094187661,-0.05303024649413654,0.004718287780901151,-0.11486544959824102,0.005122507460792592,1.2499610203026223,0.0014125739662635972,0.16907922926064115,0.003229099756627482,0.09565726174821998,0.004105148579751886,0.02907758539000118,0.004999796239866119,0.045852189432349366,0.00401353815291854,0.061721033589179235,0.004954199036005327,-0.4125175996908733,0.0056081954615244695,0.3582297715906288,0.005177648699523254,0.2836079446763334,0.005329361356021786,0.200401982650534,0.004946271783630174,0.14582005270335274,0.004049375111871083,-0.010519329765752742,0.005014657101633454,-0.046242836663609926,0.004288007777843915,-0.07709613646646946,0.0037215222708774456,0.9761204897370045,0.001086250684484924,0.052123000734550534,0.0023155687674886356,0.025154057931510567,0.0035654483702428907,0.018212482601643102,0.0043607311145136786,-0.03996722082047612,0.0035682386583331623,-0.03916018016399652,0.004363647421826245,0.10342355152451627,0.004637566419900293,-0.020552091691141885,0.0060823517816400805,0.05705189267608045,0.005017192911253206,-0.052477956484326155,0.0050534659776609895,1.5039571794250755,0.0056014372359389775,0.18377060490321148,0.011197292698554226
282,True,-496216.46255946043,43971,51405,4,1,-0.0019388718225972596,0.0035748698814904835,0.7701662144256542,0.0005968793125213367,0.14683245499924866,0.0013702497872934427,-0.023931180155504328,0.004396162531937495,0.08938862164511914,0.004116387466363037,0.010115030497456622,0.004100698470807728,0.012009216411549851,0.003615444552650981,-0.2813810153453514,0.006592163378755784,0.10982519927878154,0.005648387006281459,-0.09271855757820986,0.006350470290285808,-0.011523144785791811,0.005216076623141058,0.348988055472998,0.005312039165716131,0.17744765754014274,0.0058614177680251425,-0.05465933086662116,0.004672719101694125,-0.10815726812069669,0.004994705346824262,1.2523343805171647,0.001418707717204315,0.16867462761108465,0.00326257824579812,0.10050400195592867,0.004107097552866023,0.020254517851125056,0.005054275154730179,0.04844837915706318,0.004022951751737955,0.06637830303558243,0.0050059685789009,-0.40924701105527994,0.005519387949200497,0.35996842017732733,0.00513997773979359,0.28944240199596794,0.005291913764558923,0.20534581247243616,0.004921644298116923,0.14210725703670682,0.004016482876421378,-0.0059161238324625595,0.004858054364773883,-0.03640835895021232,0.004394217114360147,-0.08671900789915889,0.0036547662981896707,0.9779333574094143,0.0010155763165957676,0.04844468410906326,0.002059191617746453,0.02568332923821731,0.003682411462797296,0.01706667336040055,0.004034808470029073,-0.04326591805795024,0.003685995508644622,-0.0421919445436945,0.00404161303656045,0.10667816918956224,0.004530610325793563,-0.020580830265578682,0.00627552585090278,0.05032784806693727,0.005062532069087346,-0.058154970190885516,0.004853389620307531,1.5047742982721595,0.005517715110171406,0.18029117620819393,0.010583448864989534
283,True,-494491.5093742828,43878,51372,4,4,-8.393451394711722e-06,0.0035687649556722986,0.7711644525344852,0.000622438030548178,0.15224837201288816,0.0014052840225160929,-0.026851698944637375,0.00444123074265972,0.09412869898746955,0.0040498702158216415,0.007992499055446545,0.004159019282030605,0.008825532619834162,0.00356753865317776,-0.2715644120231957,0.006462189610523963,0.10230107088815113,0.005633052772259643,-0.09704173482584154,0.006281273780947694,-0.01329385618275141,0.0052381074441540335,0.3518528059034514,0.0052380499538219865,0.1695128908302572,0.0059047687664601405,-0.057298510017121745,0.00470498080974871,-0.11567353639837408,0.005038128860868908,1.2488476668296131,0.0014351326315525936,0.16929354649595652,0.003239665314108145,0.09991805494891635,0.003966808153136185,0.016689625858587017,0.005086413721505913,0.054567483210510186,0.0038956641364186915,0.055321091581104195,0.005049499305620951,-0.40074085152026645,0.0055149208691175015,0.35630432652498334,0.005056017239192743,0.28797207732364866,0.0052733360650155875,0.19904106304132524,0.004863967825933903,0.13743170484833078,0.004003186819574261,-0.014120939763031345,0.0048908615060254765,-0.04224457736067075,0.004288970297478832,-0.07373950025070547,0.003651570720497697,0.9758312424093077,0.0010871708504588962,0.04776513081292846,0.002075068846787674,0.015333689537919172,0.003164809930442084,0.023057034037812826,0.004463191369121206,-0.04571607954679646,0.0031687066728437836,-0.03584711649402402,0.0044694609539407135,0.09988742150223562,0.004615659741511777,-0.023604815804299885,0.005772558657295864,0.05469557484135461,0.005258195369612184,-0.061842910863658604,0.004945185108135357,1.5001772410378842,0.005019740512131388,0.16605978188704265,0.009401214671812402
284,True,-494209.12669437064,43837,51253,6,2,0.0013289285235510747,0.0035769978908919715,0.770634877357266,0.0006088413083746302,0.14934946047704556,0.0013861702498528805,-0.028285835454838915,0.0044118032005203605,0.09557309494583752,0.004106919789601408,0.00697557455759229,0.004129537416191382,0.007161646103587381,0.003602304209997427,-0.2669553113656157,0.006633428015769411,0.11764700907083196,0.005569767735266643,-0.0938945069640038,0.006423880730307629,-0.00809903836351268,0.0051422520377717275,0.36034262011498547,0.005308459385645451,0.1675008867351628,0.005952662639792957,-0.06475555948475895,0.0047245380881668604,-0.11891002822198916,0.00510816230494755,1.2476807788731548,0.0014830515732968674,0.1778348700664584,0.0033646895434142343,0.09520302161274509,0.003957476883581731,0.01837921664498605,0.00517185989626423,0.054233800871364625,0.003879293668297686,0.048955343130879646,0.005139802515585783,-0.40705071232596585,0.005511663295050584,0.35570218289082606,0.005103658511232872,0.28410525605175835,0.0052906606223718415,0.20832275654084434,0.004902810518971975,0.1402825019270352,0.00397993865730546,-0.010763414882838607,0.004820358072711706,-0.03695384797961343,0.0042576275363913245,-0.07842358212408669,0.0036505186417428383,0.9769812296017429,0.0009993405248217568,0.04688393207341131,0.002089899937937182,0.0250820893629063,0.003714960042816982,0.020793348289222743,0.004397529654556756,-0.03921227926904081,0.003713924992633533,-0.04211278973877607,0.004399236694272647,0.10059190164363864,0.004702683028282213,-0.02176241317922874,0.005987889799210387,0.05063998465169146,0.005461151050061677,-0.06077737582139599,0.00489848317822094,1.4990335908581276,0.005538223288409472,0.1786538826187889,0.01085022094228072
285,True,-493822.9578684025,43616,51232,1,4,0.0026092650233354763,0.0035822906757058707,0.7710555335522133,0.0006044988215289093,0.14891473733155502,0.0013814941093250183,-0.028847033519919914,0.004449910714861993,0.10080517438252508,0.004073694397444476,0.007161147410650478,0.004167253376895382,0.007860006883863858,0.0035730348614755676,-0.25785355505006496,0.006770896721023954,0.11635031359189738,0.005493818476416764,-0.09342452302266127,0.0065520986474297375,-0.009566013098284937,0.005067175471822204,0.351879406608145,0.00532759475647895,0.16682129473795268,0.0059577412529300345,-0.06621585067244885,0.004708707344264243,-0.11699447159871865,0.005091441023485936,1.2513706396860544,0.0014318525523047132,0.16933460559296157,0.003235374399063337,0.09654415137721449,0.004004126341660911,0.024762593331327833,0.005096083011788737,0.04840028651941093,0.00391551194306049,0.05600312875031936,0.005056450540413243,-0.40585330602641645,0.005480148924266411,0.3488158433146087,0.005059121607321835,0.28703321014660693,0.005188893867953687,0.20516036217979983,0.004868466239273676,0.13867182654327323,0.0038812434770635327,-0.007448364216377079,0.0047918261558468735,-0.04955883352610465,0.004218321612171627,-0.07562140016163112,0.003646635577389471,0.9762807754877773,0.0009976575872375215,0.04723376949784649,0.002086065412763901,0.021205207775939247,0.003308395304045322,0.01697990091357651,0.004547376113640035,-0.04210337008375662,0.0033111378347998885,-0.036897737735846384,0.004550943218792236,0.10599536145688465,0.0047756603371604135,-0.01911306424007035,0.005812719974227439,0.035644754431043826,0.005486776514485235,-0.0668163813749947,0.004502456136502288,1.4985633997982966,0.004978783224187988,0.17496282567742794,0.010746931886278274
286,True,-492066.7157526808,43700,51081,1,2,0.005679256443220641,0.003610922830821623,0.771130981732395,0.000598114799459426,0.14599909531249533,0.0013715609289857156,-0.032396517028136534,0.004500808730335044,0.09584997380809047,0.0041065469796785214,0.004070113552800394,0.00420505151280535,0.021937764552192034,0.003591711613125841,-0.2626155581312417,0.0068029561425711725,0.11848960159267317,0.005588500156019879,-0.1002855411732056,0.006550207622252548,-0.018320255509315226,0.005144121770355897,0.36625333000419585,0.005339677390325632,0.17005850614826165,0.006093834417763022,-0.06338805559474178,0.004740499357077251,-0.1110229072262974,0.005216204690566911,1.2496091120865624,0.0014269194706987287,0.1732880607853623,0.0032648178238424835,0.09900211822912687,0.004090382086624186,0.02372398338121587,0.005065214306061883,0.04392384036824005,0.003990663728986584,0.058165509206746416,0.0050060335892529685,-0.40322233955249126,0.005532851944873395,0.36779427406359005,0.005158931283583566,0.29205435236460375,0.0053605761693108385,0.19915982256964881,0.004929306143240008,0.1441852347542533,0.004003371916857541,-0.016656256494532316,0.004886136999842168,-0.04327482033438553,0.004313091552870584,-0.07902698822128526,0.00372739937307567,0.9762376212192149,0.000986540956099513,0.047192891061089384,0.0020439504630428845,0.026733109884077774,0.003823506629790573,0.015561374315722371,0.004194022237102031,-0.041825476490989624,0.0038318066789408893,-0.043197691522275525,0.00419960393592468,0.11099823355383961,0.004662460419289441,-0.01406897067529513,0.006133676830782338,0.0548523531706828,0.00529742691402192,-0.06774314190805414,0.0050674343230234205,1.5055557457926567,0.0052657835084489735,0.18035070673264872,0.009930795364110248
287,True,-497089.53643261443,43621,51801,2,7,-0.0005319104595710473,0.0035679256361241243,0.769557337489262,0.0006049696154105666,0.14863393538470768,0.0013855807750205867,-0.021128176660505774,0.00439208292736053,0.09529618110072595,0.004119280210839656,-0.0002354510150918178,0.004108511443674465,0.015076794371710264,0.0036321986895425295,-0.2608416219532899,0.006666304075296452,0.12341295682842057,0.005472413106683096,-0.08989244848293743,0.006424442036775781,-0.0061336574385938295,0.005022078004680623,0.35128078983612815,0.005280564071020132,0.16783018667410302,0.0058947097158781915,-0.055961848636118076,0.004750055254637311,-0.12152160971813836,0.005054276774391835,1.2509536679811355,0.0014490004690937974,0.17286901052091241,0.0033916514369519563,0.09564769955552964,0.003900958368495785,0.015335406793808945,0.00512594044647255,0.05023702209312792,0.003820375545834039,0.050058223622189285,0.005087082269230389,-0.4049890258273355,0.005582114065541583,0.3665351862958034,0.005133296907667002,0.2868208161097737,0.005293357269114501,0.19654260910548563,0.004883123127351874,0.14273346755852662,0.003933615497411099,-0.018166760572061055,0.004979375084989162,-0.04633641310782889,0.004112819920672827,-0.06821100374884413,0.003655262755130225,0.9756897293066299,0.0010284983357187194,0.04777340675992309,0.0020785192048215807,0.023678300643665218,0.003349489069037961,0.017012031533023882,0.004303131586571212,-0.04129775253339166,0.0033534477961702273,-0.037300974136763504,0.004306929377470299,0.1047549291201489,0.004609970986787184,-0.014114954548410451,0.006066307221824956,0.053498266578831014,0.005168527974261714,-0.05209698476680362,0.004993577907675756,1.5121673435631557,0.00557970816696618,0.1821778050994165,0.011233995488595286
288,True,-497264.23098283727,43954,51705,4,2,0.001481633272584221,0.0035812372261484968,0.7700122782542608,0.0006001523837340095,0.1480424026749783,0.001387094137891287,-0.030062169205175942,0.004454228838898033,0.09567888785797261,0.004091778833918794,0.008076675239077654,0.004169794210046508,0.016244573361161103,0.0035888286554233944,-0.2720196144272296,0.006591772672402867,0.12151471976069812,0.005621768661513189,-0.09565390614184219,0.006382548176023137,-0.014214485551263468,0.005191741189801164,0.35475358751333375,0.005202726065748977,0.16657552976721055,0.0059077295206326754,-0.06500332369485182,0.004672286867455392,-0.11233122463148247,0.005083712338269408,1.248547604668706,0.001421648498432626,0.1713929206512417,0.003347701665942421,0.0983820577343033,0.004012097723046776,0.012089239772728083,0.005225731318046665,0.054817772971549765,0.0039512397401629176,0.058129660116374174,0.005183358319397142,-0.4094181919499196,0.005471954207484148,0.35777631098536916,0.005092619612756725,0.28857730774110396,0.0051864139425228896,0.20552858976817628,0.004911349250174361,0.1371474993197131,0.003942883896582091,-0.018346916682472302,0.004808242702912776,-0.04080263760679063,0.004173849966508454,-0.07610802303433062,0.003614542955701874,0.9750508737390414,0.0009660893920930835,0.04331850299737725,0.0018515262726368047,0.032355840281603314,0.004317218169989112,0.008142680252180666,0.0043904180415752616,-0.04077573692043114,0.0043192647222633305,-0.033477259063905244,0.004395257807487886,0.10032432370267456,0.004601211668057937,-0.021129494029553712,0.006265940366001128,0.057483200865824056,0.005250290769171189,-0.055377114881542566,0.005081432737684801,1.5114239169241968,0.0057479415846388715,0.1795344723651568,0.010603105336511848
289,True,-493058.18452907586,43714,51112,5,3,-0.0028014264853803584,0.003597166913839792,0.7700110363113719,0.0006032402739260534,0.14918277183507353,0.0014072235655930576,-0.02565483637822585,0.004446185670350209,0.0916309969230909,0.004068326734200848,0.012417079805067366,0.004146024240571124,0.013101473681330683,0.0035875498429496925,-0.2708654743837852,0.006707800615906381,0.11805678455642186,0.005688423204001165,-0.09609236763804405,0.006486882720421662,-0.006031046364004702,0.005264851614064277,0.34478405528361,0.005444012468294397,0.17930921940022643,0.005867998048331112,-0.05381686460686028,0.004800540814690806,-0.11880629296568475,0.005050860533928663,1.2541536005208325,0.0014369795838418131,0.16984225308503775,0.0033295607799586346,0.0944710541347629,0.0039663921024172075,0.016904978168879505,0.005267989436443982,0.050162261763131946,0.003887974535384664,0.04534059356439032,0.005243433541766614,-0.3977190197024583,0.0056068138377833605,0.36255816182030265,0.0050745005666256076,0.28987773613501994,0.005306167444282617,0.19924967542509586,0.004876838912894401,0.15314593074563784,0.004062559303523293,-0.016322044193560842,0.0049857753947286625,-0.0535444454605238,0.0043897549390183675,-0.0774186128807891,0.003736907447131469,0.9766229048877764,0.0010950514247707321,0.05207009676600806,0.0020851021379111392,0.022675593983222945,0.00332328087642727,0.017997660869309862,0.004151986841464122,-0.04023191758791943,0.0033245526522460663,-0.0360635697143523,0.004157919890860154,0.09997797765180588,0.004984248892919156,-0.03502257887926153,0.005977311916763922,0.0458607678214194,0.005446179154290959,-0.06166544603784332,0.004681143841591011,1.4916335391509048,0.005259496480347736,0.17585405547609198,0.01081757482701129
290,True,-497252.5336107194,43719,51769,5,5,-0.004445380341840408,0.0035768217006397584,0.7702344469106336,0.000614664576517876,0.1508804922407486,0.0014071020253146327,-0.026143755991869754,0.004459884010064634,0.09882918278954904,0.004033302376850484,0.004077397055015898,0.004173009865819698,0.015788998278107685,0.003556437695926694,-0.2777710570763981,0.00658702386835676,0.11203571052282173,0.005657466049563584,-0.08545425008243035,0.0064079708830745725,-0.001759379002118784,0.005246626936978773,0.35081886010829794,0.005387377046457765,0.17910408419682392,0.0058225837252530435,-0.05818344311378545,0.004802436079530162,-0.11817458825411142,0.0050088801589505405,1.2517525210553786,0.0014316648374920193,0.17168715215085378,0.003300083070458204,0.09661456550228514,0.004005559275719915,0.019221563597652074,0.005194028157774054,0.04247640966610096,0.003925539870784638,0.05582328682872951,0.00514725968891191,-0.40164936507988425,0.0055094566898917455,0.35650228895169817,0.0051187834220250816,0.29071175103554486,0.005348714944264627,0.2031544222520282,0.004893644771227275,0.13771488416570932,0.003942804490615986,-0.01620559884544563,0.004812396525828082,-0.04249958975838214,0.0042781662306697246,-0.08418248539884811,0.003659394665273545,0.9774747565029388,0.0010256772682912807,0.04854302455706761,0.0020858352984705897,0.024952327497609342,0.003514072049223751,0.020175861069200364,0.004117927137767666,-0.03877348948531131,0.0035163966412947337,-0.04293712408976236,0.004120358716939615,0.09493148610448475,0.004849842975757842,-0.028161156666355304,0.0059026705936858735,0.047528089176213484,0.005563897236544779,-0.06412109869284474,0.005064076447626423,1.4943947242149913,0.005824842082211346,0.18166063033350893,0.01117911001045159
291,True,-495269.0954745619,44327,50982,3,4,0.007959346146579277,0.003574161293027663,0.7691678738323712,0.0006050141709722512,0.14846888552356646,0.001382964103889675,-0.030789368609223225,0.004436925970096002,0.09812712135357624,0.004074597419296313,0.0025577747329616155,0.004170416910424471,0.015361970166422288,0.0035708662020207,-0.2751638715636153,0.006670787343154301,0.1161677144899034,0.005647115715194475,-0.09048012435308059,0.006456657057376823,0.002960258438892719,0.005241291933186765,0.3623980049812865,0.00528080493455801,0.165382877685268,0.006006835001397065,-0.05697482618506772,0.004765767075108355,-0.12265669478042035,0.005172021655291293,1.2489847011635244,0.0014434810969732315,0.17452823522843056,0.003305745567044313,0.10590175897932402,0.003912853959510441,0.014949456075458589,0.005239106607661889,0.05015700647261991,0.003833843628382432,0.04490212452159479,0.0052012765431180335,-0.39952458832777676,0.005704547840772548,0.35143372405343865,0.005092409984184909,0.29489157918086745,0.005421858661915143,0.2090680206728801,0.004914093653255986,0.14763981073812088,0.004057368145958781,-0.015587459665968232,0.005064607811355462,-0.03897289733056036,0.0043127378245188044,-0.07630030001501822,0.003723107101925377,0.9753514326201776,0.0010771843008167692,0.04823385445488713,0.001974938682344416,0.026751561507859064,0.003457178742719321,0.010693848337468228,0.004584937731000257,-0.04380702025838451,0.003459207372527972,-0.037301763875629564,0.004591092451920588,0.09914541784109664,0.004679157336951417,-0.01727363784066268,0.006177240003466899,0.04785705174431513,0.00550890380634479,-0.05596251198519773,0.0049924336823383075,1.5017051426646513,0.0063131163074952035,0.186675311958777,0.011199743855149713
292,True,-493579.1641029944,43711,51378,1,3,-0.0013423114109695016,0.0035774421004578696,0.7700286116972938,0.0006163346189186902,0.15097381923154818,0.00140149871838198,-0.02324470812439491,0.004413508535907307,0.09402026245769048,0.004103971505808395,0.009290853580193261,0.004126665203885753,0.015944127620621792,0.0036281730617820844,-0.27156262891425414,0.006628203135360535,0.120388270888864,0.005603506922988371,-0.08631098302711167,0.006412633650817818,-0.0008202510653672096,0.00517596682334139,0.35776989206064314,0.0052464702602821895,0.16678210336933405,0.005924933558701493,-0.056580004032858205,0.004671865695222603,-0.12181662720066275,0.005072971263849865,1.247896508217389,0.001443151096830797,0.1734909242703716,0.0033294157903976662,0.09522960913541977,0.003989498475420154,0.023856902944126596,0.005054218045948133,0.049465571192709376,0.00390852140455365,0.056077926471417995,0.005013157803553633,-0.4094677060561133,0.005457962460884847,0.349027736303795,0.0050705690560772605,0.28804939240809807,0.005189375506863546,0.20313772202882924,0.004892115693404223,0.13811479842805005,0.003935300825575709,-0.015233600953932214,0.004910394531121948,-0.03723236754900437,0.004226982980335796,-0.07174466843623771,0.003617421525008363,0.9771020332778503,0.0010502771396552757,0.04714043950029957,0.0021168219226402815,0.02309766701656071,0.00361914923121684,0.01830876959729427,0.004273281171649247,-0.04171953637775989,0.0036213449617341223,-0.043576984449691165,0.004278147840961308,0.09355908180373071,0.00449048785253261,-0.011791675875863215,0.006111465743308171,0.055578524953736774,0.005213373634062499,-0.05868400157268482,0.005067480413395722,1.5180549102852126,0.005456844461756205,0.16026830318016394,0.009211974485299743
293,True,-493224.34096696065,43999,50929,4,3,0.0033067308329177746,0.0035433620644193544,0.7703035917230941,0.0006100972991195941,0.15013977956302663,0.0013872087364159846,-0.03132209946204865,0.004414790709243021,0.09522707154252064,0.004062392796472995,0.010405002404398142,0.004145248602132075,0.011046751649507613,0.0035595904336852774,-0.25571305816781426,0.006613917617834526,0.12352044832271553,0.005394779880683353,-0.08639708840380587,0.006362760653948635,-0.00663035017904712,0.004963889481074336,0.351660316403016,0.005195826143631327,0.16509312117404326,0.005892078048438259,-0.04341767933005015,0.004652775610078018,-0.1229002389773184,0.005026506183097953,1.2518089464571127,0.0014344144360796118,0.17096819511323716,0.0032961741211919304,0.09738617035974813,0.0038517864913504207,0.016820694964704567,0.005171106443466471,0.0575523133246738,0.0037833302066821077,0.04538127462895321,0.00513904023581651,-0.39154763539017473,0.005589850844713218,0.35891318687599594,0.005019613234253982,0.28855877069039315,0.0052876124109887965,0.1978189516184997,0.004825075180378764,0.1415637260502082,0.003917276036197142,-0.017294314482526475,0.004904639592571943,-0.03757812556642493,0.004255570732636632,-0.07661388334762415,0.003613741684525177,0.9765720784108316,0.00102672288618455,0.048089038560242305,0.002075929816676682,0.0235061100744941,0.003518977796022549,0.02204418562817036,0.004024544866736994,-0.03690772272364881,0.0035211192339161222,-0.04254649463553873,0.004029769534380399,0.09859154381107733,0.004694192582964372,-0.024916073895446676,0.006009287815580895,0.0504650451109855,0.005105068079397065,-0.05111497010348274,0.004680438746087942,1.5023864030328082,0.005442064519914136,0.17141919079332596,0.010354461865492368
294,True,-492714.8762014592,43640,51149,5,2,0.004535293821667659,0.0035775352490098095,0.7702612919024344,0.0006090226567514456,0.1501845050621899,0.0013976542379411788,-0.028618042382757586,0.0044449732421500306,0.09233776317062183,0.004043302814535911,0.003420345231638407,0.0041563683503506475,0.014841224860341987,0.003556563905557207,-0.2619746158768102,0.00651799434098314,0.1164072198659283,0.005492681421037238,-0.09470306784952302,0.0063066090440167125,-0.007829629269585555,0.005059427241095931,0.3511146367957746,0.00520752217822862,0.16561758458853446,0.005895421431971954,-0.0591240255520818,0.004660265022814534,-0.11968146029594304,0.005036450614301699,1.2494107091865125,0.0014878201681556291,0.17526315660524489,0.0033417909415447283,0.09368033698455992,0.004045600450600249,0.026105505601714946,0.005009493142501894,0.04646620894908388,0.00396578571726843,0.05565321042262914,0.004971617288247186,-0.3937246159505242,0.005544027921746834,0.36138883079116235,0.005021613117860337,0.2923040895362168,0.005280202141471364,0.19466123517413414,0.004823118983373767,0.14083887068168768,0.004021158250106066,-0.027716194545991567,0.0049314890789823665,-0.05075838954592597,0.004307811355135964,-0.07420851604875726,0.0037428599314382454,0.97391328296597,0.0010998064003774344,0.050275242968081106,0.00205898866973123,0.01895037106963372,0.0033608472486532375,0.01741034691801747,0.004308290578929739,-0.04335126954703266,0.0033658434295143645,-0.03952954768455452,0.004314303339427143,0.09928354942218785,0.004577642009720374,-0.026415897365607115,0.005718518343334001,0.05184482364741671,0.005099381184060028,-0.05757132885756758,0.004820035035792075,1.5043542470872693,0.004834406636997524,0.15991154453730316,0.009506501472894127
295,True,-492077.8233044909,43447,51316,2,5,-0.0032242598621478884,0.003556739913685358,0.7706874120171588,0.0006013097281066249,0.14815632793363864,0.0013738686705675324,-0.030154966440291177,0.004401995594838667,0.0887715915044485,0.004075772715449311,0.00660629320779381,0.004113565254247366,0.01459204113576627,0.00357139863285154,-0.2704840098942666,0.006641996625718416,0.11816561232842775,0.00558539091610929,-0.0922658267092404,0.006403528762279283,-0.007664509697230016,0.005154221218746284,0.35823890156805666,0.005341800042002812,0.17089108028777614,0.005921598796722285,-0.051810865256958764,0.004747525681613201,-0.11406365808161147,0.005094920761203031,1.250350801812523,0.0014611718427802733,0.17612434968678262,0.0034167416296305153,0.09482475509277896,0.003915233545927767,0.012497852157140412,0.00512950292168406,0.04806394759243159,0.0038321377413155135,0.04905953631505613,0.005081482393028285,-0.39704219512939326,0.005579644569895053,0.3550368481589229,0.00506655796812974,0.2921405667980036,0.005375612448787415,0.20069834072104936,0.004883362154101792,0.13790527506280809,0.004027837080303777,-0.010658174664192138,0.004842600296074574,-0.04101415865001213,0.004342601731042797,-0.07807690082743869,0.003684830944178147,0.9771790678801842,0.0010551972757774086,0.047462579871715455,0.0020776866771048536,0.026801797885919746,0.0034300345166788804,0.020763623018722727,0.004321988712984994,-0.040868845217511246,0.0034328314210531467,-0.036791612117763654,0.0043252671246368415,0.11201342583830522,0.0046899669103381905,-0.011650356672387561,0.006429271234184222,0.0580999699523084,0.0053675731478343165,-0.05486953260885972,0.005211693007152456,1.5027924857888184,0.005864659915496451,0.18670185106707846,0.010061304188133932
296,True,-494044.9925551185,43797,51220,2,6,-0.000881277691346326,0.003558245375819748,0.7698986480678389,0.0005930151535780692,0.14673912364002525,0.0013625104962301654,-0.03712369789938102,0.004406399224874318,0.0897538674912521,0.004084348214463692,0.007094899594613243,0.004139785331298942,0.013439903201883218,0.0035534036611257255,-0.2721655664733591,0.0066818944343248025,0.12119472510011983,0.005583739421714604,-0.08327806956012279,0.006444608558415196,0.004096544900388219,0.005166251737140991,0.3461470322437564,0.005380312692152397,0.1759997149897668,0.005822310079085764,-0.053558554331153814,0.0047941980274357025,-0.12360023415594687,0.005005343978349696,1.2510148698858012,0.0014519968363613245,0.17116071495812624,0.0032995515685656923,0.09949423373406131,0.003901582337528871,0.009237600431780344,0.005194040304344364,0.04920214508442449,0.0038243048289950217,0.05641506061038185,0.0051643232501204445,-0.3973955809346348,0.005474618235024688,0.34865821224081456,0.005048375198068756,0.2919191811546463,0.005275567466277414,0.20628532839660677,0.004867424379272032,0.13629371985317415,0.0039605298053512475,-0.01922913362053256,0.004864622465669302,-0.04755217983782313,0.004399118393296769,-0.08023488922652285,0.003723055775378238,0.9763020864769327,0.0010870588636891498,0.04943482518335157,0.002100266825886675,0.023321456811295643,0.0036759895179438768,0.021242064333815935,0.004062637689973783,-0.03941802464442973,0.003676977943246175,-0.045580182075537934,0.004066688430302831,0.09428218883919054,0.004799986926614688,-0.02500248057454921,0.005849353433492838,0.045506851916981145,0.005293638709717697,-0.05803361198271125,0.004924469759371196,1.5057407785912056,0.005500239791660921,0.17153164707786067,0.011092724327351935
297,True,-494841.3214630784,44094,51127,1,3,0.0034483141761167757,0.0035892483880471055,0.7702458793385496,0.0006173665245954862,0.15136731613858379,0.0014089942087848195,-0.024751113981598048,0.0044629778225031835,0.09494061922358299,0.004056587316919027,0.006802003335860213,0.004174658083521478,0.011997719697367463,0.0035807547025258233,-0.27284429137797483,0.006473184989952775,0.10758264933185017,0.0055898920454570695,-0.10005720702770896,0.006292915649938042,-0.009268001755095219,0.005183960603631346,0.35722140529159707,0.005213372304824611,0.168088934855981,0.005935020219644874,-0.06345079997429974,0.004683815019345754,-0.11761324403153485,0.005108727187629882,1.2491125522985798,0.0014090133618741563,0.16965051387656332,0.003260848820517262,0.10551591168548308,0.003980143517979325,0.018097160090939694,0.005057898883551881,0.047558087245305636,0.003906542373374424,0.05024587245466283,0.0050156168195278905,-0.39711592779151694,0.005501449595055112,0.3579107903091068,0.005055778878564685,0.29204109661141386,0.0052858921323396466,0.20810882185784252,0.0048724345356472585,0.14499643624107025,0.00395825519244068,-0.01943603221327769,0.0049062843519491455,-0.04921940407880514,0.004363229339421762,-0.08087602773179138,0.0037050678486803407,0.9754405966675088,0.0010315614241915294,0.04865460665583845,0.001957610711442029,0.029366448059115896,0.0035909858534150865,0.021801720757349076,0.004165380226805931,-0.03606828135059672,0.003594090119259642,-0.036385841050385795,0.004168354495005121,0.093654515134253,0.004549723137806842,-0.02416803738074378,0.005762786903670879,0.0497382166365212,0.005324008256327547,-0.06340186771558234,0.004807347123921881,1.5006231015329343,0.005220962957006026,0.16654381928905673,0.010052567437072737
298,True,-491019.98373045307,43645,50924,3,0,0.0037229742442765204,0.003593166024524803,0.7690792227295902,0.0006104473387326115,0.14946586567803039,0.0013831670999540774,-0.02877773053701676,0.0044363442731681565,0.08882501638067872,0.004087640633730143,0.0022885901285312205,0.004162794167710899,0.020522269014650128,0.003591952208461338,-0.2696647339456513,0.006759023730329262,0.11906044883219583,0.005606883309674714,-0.09090356438258815,0.0065298259805792805,-0.004810535126290568,0.00517414992305533,0.34997728655969806,0.0053868590917316005,0.16974003916689662,0.005971911141852814,-0.05732199243571011,0.004814531352973458,-0.1246032813079109,0.005102569674029912,1.248514918341492,0.0014505087647388448,0.17016302252666704,0.0032556223038465865,0.10507955185808511,0.003951162960361071,0.022297091583945,0.0051815202286932755,0.04809104547298238,0.0038637086641430275,0.04497365615430852,0.005144034754092276,-0.4016888403710282,0.0055322297123505376,0.34977589198543196,0.00509174602887561,0.29454878439169524,0.00530422187292437,0.21005153275479624,0.004916801463896339,0.14539478770655184,0.004021567772566783,-0.012199002875673468,0.004847775767142261,-0.05164867451021736,0.004407356580539946,-0.08376103150865609,0.003790537293622433,0.9761662431700767,0.0010588611361547762,0.0519247876516906,0.002145892524191839,0.02456631816823821,0.0035585538108778357,0.016667500351925952,0.004500374653619332,-0.03925907584025725,0.0035613635191010383,-0.03733272422857449,0.0045049840974464945,0.10033191591052307,0.004822022452939482,-0.027313890680667648,0.006035769919701276,0.04640648669266569,0.005325698131068565,-0.060550899771331476,0.004769003413729341,1.499584200824437,0.005206776275517355,0.1628757373763744,0.00920052109456225
299,True,-495985.98287864705,44285,51065,1,5,0.006303588096028132,0.0035751181291300447,0.7707670543256697,0.0006179475936230472,0.1519923647723814,0.0014199367482376352,-0.01984664310004075,0.00440797820354483,0.09644869001565433,0.004079530307491926,0.005550481436142656,0.0041100401709785,0.01895438355687246,0.003610389393299265,-0.27545663855253905,0.006522844846238221,0.11289583256408613,0.0056144475205787345,-0.09569007303749034,0.006291715677797158,-0.006425558586487732,0.005179226939123193,0.3542889318942119,0.005312804699466491,0.17331122017716902,0.005912882032704081,-0.04787925040922188,0.004688343576264139,-0.11774439192733938,0.005046154677256346,1.2506660024053724,0.0014080587234890363,0.16648127544654795,0.003149253760841353,0.09463359502504402,0.003924313101204887,0.018693192752476384,0.005042834224471213,0.049901474666999436,0.0038526299270228398,0.05308395798150441,0.005009601891555978,-0.40829098116922025,0.005442845310954557,0.3552874779618252,0.005080627146631929,0.27594679895782326,0.0051437212155411,0.19629018025391573,0.0048582181430200265,0.13731761992680105,0.003926293735720388,-0.014181263743612671,0.0047584302991027505,-0.04816919244426987,0.004235757124326778,-0.07137749573763896,0.0036879976227750353,0.975737675625864,0.0009510210132334107,0.04384311944473738,0.0019928655541444594,0.025072084589497494,0.0035997273739706128,0.012145553593457023,0.003913747666655886,-0.03456312662100515,0.003600319098760558,-0.041471053951361,0.00391808838134522,0.09922418928378846,0.0045537499336299565,-0.019086574344211897,0.006191537390027065,0.05469686538306111,0.004814441162355632,-0.042074706774570016,0.0049682680718858355,1.5113918549624097,0.005617846235666635,0.17012425864287808,0.010552442335278162
300,True,-498380.82198832463,44088,51701,4,5,0.001151193350159796,0.003549954029330401,0.7713453076778971,0.0005992699919291078,0.14863078736313665,0.0013820155281583785,-0.028878215008579677,0.004432996807938551,0.0985618762690191,0.004040733978875353,0.005010318980386958,0.004135920410133286,0.008732319026739575,0.003548790809272568,-0.2582175777523746,0.006696112203253908,0.1149123224408754,0.005484891366337542,-0.09300777202262246,0.006435491265058229,-0.002168574339337472,0.005064472561205503,0.35633837198410206,0.0052117250906387825,0.16461335844507702,0.00591314800495258,-0.05843698967400116,0.0046466032289874315,-0.12040767400784769,0.00509651189784876,1.2501159910672255,0.001438953836930601,0.173703096557916,0.0033381721000313586,0.09555531401093555,0.003968265248179879,0.015232504783927826,0.00506503380140112,0.04980603667654771,0.0038919603103947666,0.06077112103285255,0.005024947038085263,-0.3928105125892828,0.005524798898527984,0.3553439929045845,0.005005570839350438,0.2921476152804584,0.005268918369889041,0.20126887637585536,0.004818711423365907,0.136594446005407,0.003994923768362695,-0.00938475867650536,0.0049301020908635775,-0.035865935441095134,0.004506728125457377,-0.07769786490319772,0.003637149262189049,0.9783768680819487,0.0011043457174466642,0.04880052085281056,0.0021434829762577573,0.0344758233364037,0.004419728201379766,0.008683151628647398,0.0038263412842174022,-0.03190669970483093,0.00442270702807459,-0.04204959148065742,0.0038281852436220756,0.10536737400883975,0.004664663528844472,-0.017908697352769842,0.005842590074051267,0.049917517930688216,0.005173300722876612,-0.058689197246051455,0.004682298177504449,1.5051630205807278,0.004861193170153655,0.166316903320112,0.00967702454010591
301,True,-496400.8471223704,43868,51520,10,2,-0.0035236419926600085,0.0035805860817598144,0.7698786335268133,0.0006006407048484985,0.147311212883313,0.0013616332963901912,-0.03284136402644037,0.004475449026309868,0.09496296455714867,0.004057077360472351,0.013548869666591568,0.004197309144730207,0.010439911470070336,0.003545509735754437,-0.2727255471156296,0.006518382964068532,0.11311366940615003,0.005603996215222868,-0.0955939340906817,0.006270653145184658,-0.011115522697110431,0.005146915533395551,0.35057502758748255,0.005343805387042189,0.17499678836246804,0.005892241727681507,-0.05898257710236398,0.004646840202506256,-0.11100004966319978,0.005052294657314428,1.2494065700682593,0.001392282811637502,0.1665446450343918,0.003227721728870661,0.09773934624721017,0.004074868796630013,0.029698757535528416,0.005034644292439564,0.04216414888790253,0.003979513895406823,0.05596425637556728,0.0049973037469517555,-0.40388461857819513,0.0055109272761293,0.3516617509030173,0.005055193242468733,0.2855201902519631,0.005272554285140435,0.2104906054261434,0.004862124597560506,0.14562061122145312,0.0040152486095682855,-0.013774336414292857,0.004935705596667586,-0.04365765550692878,0.004411739712106729,-0.08195776523623644,0.0036837466539199177,0.9757748052928068,0.000994910804763327,0.04579428908477966,0.0018411874916214911,0.03282514358844288,0.00420021337691023,0.015454478440999847,0.0036821959158511316,-0.03287525979370879,0.004202403879729559,-0.04641754394906701,0.003684032557835857,0.10010433100049156,0.004744528326238791,-0.03238359119155468,0.005870491062832428,0.05063011540400793,0.0049566463631109,-0.05677422863217154,0.004802481427645823,1.4933594496633293,0.005141664876576413,0.17350760690870634,0.010845241879410217
302,True,-497195.55934078444,44149,51381,4,3,0.0028797036330368017,0.0035675530390030658,0.7712514587462858,0.0006049500478468306,0.1494854528056872,0.001387061015348523,-0.026492847170850816,0.004442810725400356,0.09735088837526719,0.004053240486054772,0.005747196752469716,0.004144563025993391,0.016212664059307817,0.003570696351128655,-0.2602810969057776,0.006619701158620611,0.1118092122025713,0.005544490803920773,-0.0856210427373347,0.0064231156314659785,0.003758315576387528,0.00514502930470243,0.35667367048128773,0.005199183460809884,0.16543608858669973,0.005964485644619311,-0.0593049764306047,0.0046520129856014,-0.11722104177296583,0.005107232623496295,1.2481989911767377,0.0014137040138246793,0.1707493055808154,0.003299618571037541,0.10186657266068036,0.003868848276739241,0.014215704468943265,0.005302345184468187,0.052228702130216374,0.003794832655550804,0.04615545236143684,0.005270485904636354,-0.40273518545171344,0.005493246420199594,0.3615246411737031,0.005084732658702259,0.28986607135567066,0.005248629845441073,0.19337127039111626,0.004862166014953147,0.1376697847814797,0.004022003431514789,-0.008239152766878798,0.004816470865976361,-0.0453536497469853,0.004340147869416817,-0.075187980229036,0.0036578500385505814,0.9770982606148817,0.001075195073474089,0.049617742866293044,0.002215192935471875,0.025138647391696356,0.0034298249321413365,0.016375582693914925,0.004309472696156592,-0.039195021776697224,0.0034310461386133436,-0.034729118421917844,0.004312790011222068,0.09422995408443932,0.004831521310281835,-0.02515425093738074,0.005769808569901589,0.04725189905175587,0.0055390212670139135,-0.06200194206463734,0.004766552049725885,1.499985568385227,0.00554315974058095,0.17411233576747887,0.010441043485454063
303,True,-492154.7111327242,43708,51133,1,4,0.0013851270720063214,0.00359152422812966,0.7697600767259124,0.000611960532940603,0.14914898678247135,0.0013793483933198791,-0.03481316172779613,0.004484557376861802,0.09435879013265916,0.004057729717902183,0.003759068793026662,0.004217770038993211,0.008541799499461036,0.003546930079152441,-0.2627554068455079,0.006675524323222046,0.12359281299241866,0.005581174630390131,-0.09541663482681166,0.0064681903772424425,-0.0038859474695740943,0.00515430598803233,0.35551229611030605,0.005255288339261317,0.16377757076702598,0.006000823803636143,-0.062001275923421,0.00469129319285592,-0.11224642523975667,0.005140810163016329,1.249860103963672,0.001429234975082072,0.16845528071072138,0.0032306180640357396,0.09303947373550872,0.003956788845718717,0.01841522994756455,0.0051008579519906975,0.047931191362169855,0.003886785933720528,0.05417686931497347,0.00505287737492042,-0.4062968491277255,0.0055120177825151336,0.35729678119718894,0.005083367713796785,0.28943217769757745,0.005283905253062236,0.20318873166516635,0.004896629918059992,0.1445554246579589,0.003972910439577078,-0.011054066525328256,0.004864843475647497,-0.052168855953109834,0.004229992965996597,-0.07688806778165928,0.003751592688895545,0.9764117472472704,0.0010308726612514585,0.05040984081570822,0.002219975236332994,0.03137894848836247,0.004327520880514562,0.014545456318902673,0.004257288334847628,-0.0402154666523779,0.0043288359587536915,-0.04413293012297154,0.004259556214444867,0.09711939286366657,0.004740734218146356,-0.02484761225772119,0.005900357792529495,0.0467890853133599,0.005441093064486946,-0.06350955410827881,0.004732875064439429,1.5020654310486266,0.004894658908294436,0.1526955619220677,0.008653968832032385
304,True,-494473.42908422695,43972,51160,5,1,0.0015797918098730472,0.0035789188617373915,0.7701056930132322,0.0006057058726652298,0.1498708011291246,0.0013974176743117156,-0.03373263997514551,0.004475737040962785,0.09638840400812776,0.0040129591966010835,0.010535719544212336,0.004196233046170142,0.016185036759105483,0.0035179436534670903,-0.2739092523002788,0.006530831569964036,0.1091843447431206,0.00564300947556707,-0.09665250959648918,0.006357718982080834,-0.016053218464518706,0.005216436232574743,0.35370377618863724,0.005276166964004502,0.17489310081636003,0.005915678416193779,-0.052104542831296424,0.0047474644958890345,-0.12347976585993807,0.00506763864199337,1.2509016383204674,0.0014156834770937543,0.16989841870596056,0.003205333156212728,0.09648653258490746,0.004084273481959095,0.023309582758568287,0.005134726857650399,0.049111417481362656,0.004007693774782058,0.05745285940120502,0.00509209607515274,-0.3988302899181233,0.005465092795669795,0.3544273885139436,0.0050480757106634785,0.2829046148490549,0.005226472528554294,0.20315352693561683,0.004846425405184421,0.1466249785848666,0.003993058488452052,-0.019522564950197805,0.00489708048126827,-0.044522730388014645,0.004259068393208078,-0.07760107664093895,0.0036874821654521188,0.976009348448721,0.001005399786760952,0.049817617152210614,0.002130968263481088,0.03577257138104283,0.0044532839646102464,0.01662464105437249,0.003983613613765576,-0.03682655847408992,0.004455702798104409,-0.04558256476319969,0.003987560544894407,0.09951348609321953,0.004662276289464623,-0.025610177250011124,0.00582508528485043,0.05351429044830219,0.005407200809306345,-0.059696350244901275,0.004933709041161264,1.499225597231019,0.0050568299466920985,0.16808840653537313,0.010051443638157867
305,True,-493843.5644239258,43714,51313,4,1,-0.002901366518226092,0.0035425573132066815,0.7705188947419344,0.0006167003130530535,0.1524996404378417,0.0014043128815087597,-0.029595962427188205,0.004435833232531632,0.10257411457780898,0.00402240857254198,0.008352061713497424,0.0041684803176201225,0.016828028578869392,0.0035419692949378804,-0.2748846818447855,0.006384196215508464,0.10268008586181125,0.0056172440818224615,-0.09574575419381724,0.006148621707866588,-0.013546648541612376,0.005190187904203534,0.34834293723178733,0.005251678750267309,0.17170346227285235,0.005808988777497369,-0.05223515092847375,0.004640012214913129,-0.11516151237908832,0.004956979384835248,1.2508232195207325,0.0014340232991763013,0.17143220567460282,0.0033143010741834705,0.09312643419259602,0.0041097564199779725,0.03021656900880114,0.00500403696352441,0.05600912423789412,0.004010804420121281,0.05679832870121516,0.004972018827991583,-0.40124108139171066,0.0055089174341624945,0.35097431371046134,0.005058590194283231,0.28196870864523166,0.005280143951414026,0.19255710060262543,0.004833920469044733,0.13469728159447053,0.003917085240032767,-0.008506881816226186,0.004864578231688415,-0.04370833942849414,0.00425898058795612,-0.07916119023600078,0.0036705348814081214,0.977607437173193,0.0011386216107173719,0.05174853654901642,0.0022432879818357655,0.019752728569327697,0.0032572598809518724,0.016029179696818708,0.0044134550012009215,-0.04607235698120004,0.003257132566677602,-0.036102912337897954,0.004419783158265306,0.09842843510876441,0.004520700604764629,-0.018544917805577963,0.006230324730588168,0.048743067060174464,0.005033565329697642,-0.055068073446499374,0.004948153101616681,1.4989884653719179,0.005696435093635266,0.17478949442704336,0.011066777690995427
306,True,-490650.695391622,43324,51202,1,2,0.0008237566640773438,0.003578897464811212,0.7702313117601969,0.0006162166157294702,0.1519313389855215,0.0014169950499785533,-0.028061335256039013,0.004411906922956879,0.0932277248621353,0.004061165927256034,0.006260585115807239,0.004133017598117775,0.013641775129944439,0.0035731092540598254,-0.27309044935229726,0.006438690279617169,0.10496221545827898,0.005616199687366428,-0.09309289625506886,0.006258846766834037,-0.005482400402895391,0.005212030838105006,0.34822734773025515,0.005299319178528088,0.17314641023694782,0.005869840856831315,-0.055235754118315716,0.004746652323603577,-0.12071108300747088,0.005049785727922681,1.2502769651445582,0.0014320401652351267,0.16957254509405045,0.003312038335618994,0.09361898556508462,0.004094907950466852,0.026205797469669216,0.005144941320391032,0.05089817914323522,0.004015868534087373,0.05538295891779357,0.0051172284878926565,-0.3993911793958058,0.005505577173152385,0.3520560566068096,0.005046344379308779,0.2947746695996305,0.0052581042543437895,0.19925576876687479,0.004877782782578917,0.1423200513177916,0.0040048665047762,-0.021064036942904943,0.004933940615677691,-0.04900240568959403,0.004330762972940273,-0.07834894060361908,0.0036951504047695806,0.9748218723558091,0.0010479701921875528,0.049073040090241396,0.002028419367605335,0.03155910466048096,0.0037245874345473787,0.015584974752129084,0.00410285959512838,-0.03764410665574372,0.00372575093752323,-0.038152295838863724,0.004106602063491699,0.09327834159525426,0.004543159772054384,-0.024611376233299388,0.0058635510672417415,0.05098710187997217,0.005282532852694615,-0.057905924157395164,0.004879389272533495,1.4982203172910094,0.005104086413088238,0.15437762342102831,0.009189378949527843
307,True,-495602.5501972006,43715,51501,4,1,-0.003830620495815943,0.0035496293934683255,0.7709329504917634,0.0006023174710510504,0.14976826359863493,0.001386279906340812,-0.03668973706973443,0.004491063824428862,0.09693167089112664,0.004005846822683714,0.011704826727963084,0.004209587155362864,0.013702806308788614,0.003501799283098276,-0.26286959677179134,0.006485752355541015,0.11734870913413543,0.005498274317073376,-0.09695852345010732,0.0062432341035044085,-0.007568047722265426,0.005052430517863767,0.34914292099613364,0.005186079334617211,0.16364837013816164,0.005859771920992463,-0.06607213075840196,0.0046000803676986704,-0.10730355811466488,0.004989441226463916,1.2497051530110266,0.0015013517955215772,0.17457765397651423,0.003318478078811582,0.09668701225818335,0.0039698137102268305,0.021389426591887407,0.005025742900474329,0.051974833934899566,0.0038936081885674128,0.05264938089135897,0.004988630094565091,-0.3965263439298928,0.00553282056140476,0.3633856598953209,0.005022191434221082,0.29003889942447314,0.0052938172029321886,0.19579756758758932,0.004811503174282908,0.13814460587741126,0.003979414175002251,-0.01069263934634097,0.004839851813608092,-0.04753711976561634,0.004367759732387748,-0.0795952275005356,0.0036906966769248055,0.977484185848673,0.0010729628940328584,0.049301652384476806,0.0020889615665959545,0.030822285616518064,0.004541438467390647,0.011318456112188659,0.004000126070484634,-0.03323472064212138,0.004544984247834321,-0.04257761489813722,0.004002475866958497,0.10866094535045592,0.004523704104256241,-0.016122148768831574,0.006054180249012407,0.050675926126324336,0.005086804957712622,-0.05452021425631816,0.00475152152043428,1.5060839226598042,0.005165985456548894,0.17728676243633756,0.010460733947170564
308,True,-495633.5226119235,44011,51285,4,2,-0.004663387464839062,0.0035631779794470133,0.7704037040642633,0.0006006378676296498,0.1481744822077698,0.001371943428483166,-0.03304334809475712,0.004455039928854141,0.09237676313305944,0.004027321142112357,0.013892069973869521,0.004170519612754449,0.01373584704071837,0.0035257929056318102,-0.2621103717095084,0.006726804500557234,0.12144272666658204,0.005534281933336167,-0.09682175612558917,0.006512434602476853,-0.0032388171512782614,0.005111345734741321,0.3500526463001608,0.005287699804652434,0.1642628715016781,0.005916612342561117,-0.06079724405727296,0.004736363590113915,-0.11748473692269394,0.005083777225496684,1.2510753520191655,0.0014400352908031655,0.17027936337966823,0.0033244263836290505,0.10606767578179503,0.0038913698302037334,0.018975905945373055,0.005289143075712051,0.04811529757756958,0.0038087888273483283,0.04603785408319468,0.005243637303115046,-0.39791360431030226,0.005478209802478164,0.356000335678422,0.00503880311416984,0.28566809519227565,0.005274029920368091,0.1984154468399337,0.004829915788620453,0.1404731299764718,0.003949397856971496,-0.01985087629015151,0.004811191401856647,-0.043479871057086866,0.004239705648527697,-0.07507113038511788,0.0037131038959853017,0.9765802120420338,0.001029785440018971,0.04798415003527145,0.002065249342812301,0.03229419553648117,0.0041000006609756105,0.011753345829345247,0.004117544994431955,-0.03564534182889412,0.0041046009901789535,-0.043954441870075134,0.004119581418672218,0.094934554255191,0.004828291019505818,-0.021617868636146648,0.005965264511387498,0.03589669607819799,0.00575192829581202,-0.06678834669465673,0.004654869132405353,1.4995484517303477,0.005829944389707964,0.1763286738354315,0.010741003960101594
309,True,-492138.8821332302,43677,51084,2,7,0.0008947782071878264,0.00357438465850425,0.7699209360799912,0.0005994993582122965,0.14803374094155916,0.001372695058586726,-0.032262918529382484,0.00446247216064919,0.09279165281233671,0.004032826684535371,0.0028406434442952997,0.004174964694670363,0.010213262617147157,0.003536333401967191,-0.2709225213201196,0.006491824303622,0.11210759342389166,0.00557512732978244,-0.08778758351299173,0.006266237749835702,-0.010645769238406991,0.005142658350602419,0.35403959826956793,0.005298321873152236,0.17340220369689696,0.0058864862948821185,-0.0554306493122305,0.0046825368178830765,-0.11231251435883445,0.0050657992700015655,1.25060946425123,0.0014575395270584046,0.1737986438572715,0.003331313447005921,0.09638188153287351,0.003937827655034349,0.012548695338933323,0.005244933360537527,0.05262836038336511,0.003867302934090027,0.05014277772025477,0.005208962909627269,-0.3917269703696128,0.00552569653646104,0.35696138260538274,0.005031550168619182,0.2922057159949644,0.005308870872110244,0.2064502819190889,0.004876748268851424,0.14225490806206637,0.003979194849776337,-0.017751002148361898,0.004837226824652966,-0.04590220907342711,0.004393443986768947,-0.07722399604093502,0.0036699959275480584,0.9757886211049391,0.0010384103964359293,0.04809373644188469,0.002025504112973378,0.03003045115070441,0.0037581130713656447,0.014799601470802408,0.004499697318530135,-0.04351621203082379,0.003759642945685285,-0.04176330585823977,0.004502649395618168,0.10101254519102605,0.004524837425420489,-0.02235953221698622,0.006019240030238,0.06229431389064484,0.005110886683100533,-0.05733019809215377,0.004954716609003904,1.5042285484004096,0.005105714382389159,0.17174522474437798,0.00997470365176513
310,True,-495147.9520175662,43925,51362,1,4,0.0013643044680501783,0.003559923381805206,0.771536686236753,0.0006119786311862274,0.14987720394357418,0.0013812405435836839,-0.033201746909106246,0.004489777765983511,0.10484947312455525,0.004032062193783172,0.013544330464322315,0.004215268397649311,0.003504081806391941,0.003526833519682351,-0.2744318346659659,0.006629733532076581,0.11134168743857675,0.00557926441496308,-0.0884687381395884,0.006365373602188736,-0.01043395276957374,0.005152340576293184,0.34851526143646044,0.005359788997098788,0.17588545544319972,0.005873049708097369,-0.04990964135744775,0.004771644697382822,-0.12386347521529932,0.005021557513976489,1.2519239362005588,0.0014680463970375701,0.17395456976923024,0.0033163383971185068,0.09980398472680566,0.004036398232568568,0.014068139623469117,0.005241099704336523,0.05116193158959242,0.003948588203628496,0.06031959736108605,0.005195121507222738,-0.3963395634899401,0.00554112291347318,0.3520197139939373,0.005074505053327493,0.2901602515212291,0.005285631634838894,0.2017341291958229,0.004862138953271049,0.13878568185331516,0.004030478426863139,-0.015673002818737618,0.004982052444167064,-0.04149654097212561,0.00445356172225905,-0.08103225252544292,0.003708732662616079,0.9765740524201755,0.001158208163418939,0.05096486289523501,0.0021020642670113686,0.02425956934347019,0.0035319493768775265,0.00826115528304051,0.003970869522551693,-0.04133340544383884,0.0035338415885612425,-0.0351894039783117,0.003976426207559559,0.10351360677589351,0.00462287228312432,-0.022939849573334954,0.0059871747343284,0.05138002523572609,0.0050575586659446555,-0.05477964856254305,0.004845192834138042,1.5038372859025597,0.005213049309073625,0.1714689415051179,0.010222533673197837
311,True,-495725.6524575134,43852,51362,3,7,0.001466306099405635,0.0035563172735848143,0.7700776924610533,0.0006082718002948795,0.15036207759006576,0.0013902247362057585,-0.032570111522288496,0.004437166861948693,0.09607502905399072,0.004031068040208819,0.004127071227461837,0.004162800469716731,0.015376605896617157,0.003536056161836211,-0.2521343513763741,0.006699270500341622,0.12083407223955604,0.005491159804366648,-0.09743522687558114,0.006474653235524825,-0.007209583781329584,0.005058161048218406,0.3527293200876589,0.005215451040469643,0.16082846583894994,0.006038801319496679,-0.053250334722888495,0.004655284366398499,-0.11637311659941244,0.005133726882196182,1.2508869057712413,0.001427276877677075,0.16677952549480896,0.0031687103794630217,0.09812094379189117,0.003920021123194733,0.02272213335551749,0.00509840188586335,0.04069027626480548,0.003834733528882266,0.048509970586124426,0.005048351334930176,-0.3948814943614388,0.005627002724014676,0.3602419564930523,0.005031386590965611,0.2910548934849078,0.005427526112348324,0.19802181881243341,0.004828510214200453,0.14737793727660975,0.003985312165720642,-0.011158306156444812,0.004947085871925489,-0.04254176461882888,0.004225513114122101,-0.07749731765595003,0.0036619189916689263,0.9773168463575032,0.0010503045888437534,0.05055838048961002,0.0021347390361051675,0.027784716838614602,0.0039008987073115503,0.012642369479114282,0.004067423078230816,-0.038966226418850954,0.0039014277695314315,-0.042416171089140114,0.0040695361791717455,0.09780376603097841,0.004803514583751482,-0.02465226691987892,0.0058633702158205556,0.04854743532832634,0.005484955647884151,-0.06220955781606801,0.004884130026090907,1.5000315358563117,0.005550481280280906,0.17917437492603158,0.011050575189565759
312,True,-494727.87327381875,43626,51528,2,3,-0.0029867921990800387,0.0035624972433557335,0.7711858119010985,0.000602869623023472,0.1487723369941895,0.0013825279461965184,-0.03270635990223564,0.004494963342161504,0.0988945370186873,0.0040069598658604615,0.004805247245001445,0.004202977451496649,0.016723706427626536,0.00350862002441269,-0.2702077876632844,0.0065818874139375715,0.11314053138464827,0.0055946954761531935,-0.08986211220883396,0.00631511128864357,-0.004082698619636062,0.00516588795162796,0.34671966096895507,0.0054391852801768375,0.18203249295038343,0.005797992125061839,-0.05158170344008449,0.0047832261044385505,-0.12006280814181158,0.004961996431604335,1.2526751660174706,0.001477001352049978,0.17684656119984538,0.003403294378808777,0.09347635627127245,0.00398783492094454,0.012332282645083473,0.005143778749714173,0.05181243079243016,0.003909746986208919,0.06145672315311881,0.00511177547078911,-0.39085473265388787,0.005598617260411948,0.3604301857920451,0.005032447293671857,0.2953405162702527,0.005347569583087619,0.20015675654396298,0.004831356060151287,0.1447175413858695,0.004021066087790307,-0.010485916714731643,0.004976576520241508,-0.03905702111860885,0.004413501945183687,-0.08418735497995536,0.0036583588680579398,0.9765202052928456,0.0010515610603091807,0.050181397683565325,0.0020583193789585966,0.026757541879519255,0.004071575850483615,0.013189124452528235,0.003980609526482514,-0.03614252074764548,0.004075255519949294,-0.04465447085133411,0.003983582102672067,0.10090762059855315,0.004794005721448342,-0.028818765701221258,0.006083744813292701,0.04862088807469509,0.005111306363314298,-0.05825995316388441,0.004767912706159954,1.499460616332779,0.005545204237701329,0.1824495498606359,0.010949727564316267
313,True,-496087.43200795783,43875,51442,1,2,-0.0024131057675211977,0.0035601176971053862,0.7699467628957437,0.0006047432930397223,0.14916850440750948,0.001381096331381143,-0.030331481217641933,0.00444693372957841,0.09624973942382012,0.004053288240020551,0.005572637009538003,0.004170818559911027,0.015484215185464955,0.0035573173395244653,-0.2627787799348304,0.006682121952348247,0.11458659384966698,0.005561524155421142,-0.10478983040114216,0.006456098952699959,-0.011140028696237377,0.0051506999543977664,0.36474730285558793,0.0051966730534300145,0.1656371054374931,0.006050349361214432,-0.055994815005054765,0.004602005040184956,-0.10735457811960594,0.005158409334975583,1.2506875864276583,0.001430620239831315,0.1734350803866903,0.0032928618331076742,0.09987018700678528,0.003961441937641402,0.01832752123008611,0.005178869272793135,0.045867039771900375,0.0038797403684475646,0.05048500348993194,0.005128461113401642,-0.40226678328149074,0.0055242260769966765,0.3586118493063994,0.005062409789937889,0.2884884480130308,0.005310253550133504,0.19579500622146398,0.004852633397332454,0.13470695918137837,0.003955746682584078,-0.014223336170115522,0.004949400182059585,-0.04806751993620423,0.004448308226258272,-0.08124110077971576,0.0037380151641207182,0.9760529257867471,0.0011717418153672776,0.05227416479625642,0.002226590954255106,0.022001451869217696,0.0038761694085021987,0.016236942464930654,0.004137842782007352,-0.0375939879361203,0.0038790388658477685,-0.04432681860415197,0.004142205404442059,0.09768480214434128,0.004662525052344541,-0.01854791566764436,0.005851866925492201,0.045952365712253,0.0052499555528177115,-0.061079366483417864,0.004788292706519646,1.5038292673220464,0.005386806355032969,0.17404522883211124,0.011146900940445431
314,True,-497814.20570697635,44187,51428,3,2,-0.00011555798222273786,0.0035460150894415054,0.7693640269146941,0.0006108863425196009,0.15068509100910532,0.0013899349513115805,-0.02982791740260266,0.004417761026912607,0.09206663163519052,0.00403049422279913,0.01036919787561237,0.0041482424028506356,0.014728774997645118,0.0035433473016828238,-0.2687258276120861,0.006456813858376665,0.10921317421740247,0.005529634564539671,-0.09346756477804612,0.006231576451306751,-0.007594098833967226,0.005098615613387925,0.35526793896261855,0.0053017257332037765,0.17444700671398003,0.005883743469850464,-0.051333131543317395,0.004694986358538602,-0.11586099565106237,0.005032548978330285,1.2498386236458663,0.001445896300503624,0.17222356314832796,0.0032480200762580735,0.09530666774599901,0.0039760219562861975,0.017656094870062682,0.005066644280703441,0.05068292588597734,0.0038996101944690055,0.05926353350101304,0.005019184447713289,-0.40065298572876035,0.005397280423550938,0.35282597209593286,0.00504784174278506,0.2883007082807802,0.005170485988888224,0.20219456328137325,0.004839552282501657,0.13456201458492775,0.003888350214224435,-0.010636873072697934,0.0047865683137533685,-0.043269709330699804,0.004180417410237835,-0.07982290484034141,0.003604697101976108,0.9775639654309631,0.0010051580311651875,0.045766943204438436,0.0019824227026606876,0.030391691311699824,0.004226765688433956,0.008311587733619593,0.004347866895195603,-0.04078238693705707,0.0042265718301664965,-0.04105546851984061,0.004349565414146418,0.10418028936431609,0.0045629632503586025,-0.017075610159394884,0.006112724203000055,0.04682335963409737,0.00519911695150693,-0.0571745624072082,0.004904077424659533,1.5071827909174116,0.005513447016604167,0.17320752434631145,0.01016879828286571
315,True,-494880.9208026589,43912,51286,2,4,0.004075032979895746,0.0035573024666333557,0.770148224600441,0.0006162841600798052,0.1517724072659628,0.0014041103744210776,-0.028261413927879623,0.004391776926729751,0.09558614573668098,0.004061884470520121,0.006288928605265931,0.00412382518723065,0.01451439646223758,0.0035703046940273736,-0.2791128343846661,0.006462707336472065,0.10474404176374903,0.0055624201858991956,-0.09648724599564036,0.0062211596320021914,-0.017322218957772893,0.005128036439962172,0.3474520593974609,0.005338499515555899,0.17382437819506508,0.005755570283832684,-0.060050130591943106,0.004702304774258927,-0.11160402146479152,0.004917822211493349,1.2487669782942408,0.001471323449571571,0.17517418441997562,0.0034076319991448306,0.08979424773402606,0.004081310114206997,0.019310377285474436,0.004990836785628815,0.050359259024380786,0.003999748889729247,0.05527133957194819,0.004958227802002752,-0.40734037641481624,0.005511939286538793,0.35212979622349033,0.00507882512605128,0.28229022396535713,0.005213674714399729,0.20527778598513782,0.004884511813757192,0.13573008125728203,0.003854652392394331,-0.010336705448303228,0.004808267736068381,-0.04539374873349332,0.004107702156707073,-0.0729603696903391,0.003613255103247493,0.9761386852895121,0.0010011229804588462,0.04706236180547176,0.002139956502223553,0.021884489778094696,0.0034308092989719886,0.022425782736519833,0.00412682120379265,-0.04138144888939613,0.00343163784335688,-0.040323226179640986,0.004133092692653154,0.11075845029404814,0.004518127909769248,-0.020107672397436455,0.006369331116241118,0.05070833075448449,0.004990965058934019,-0.05669122708476091,0.004783511490672608,1.503780328805613,0.005438876299776574,0.18178389134541703,0.010463638529036715
316,True,-495791.8178111403,43952,51238,0,2,0.001547591719678578,0.0035466099439433424,0.770264619167143,0.0005987268966173298,0.14772052389408627,0.0013577797407581388,-0.03129787532890688,0.004449909770408163,0.09171380256189574,0.004042512506968011,0.005369065660752979,0.004166217945838325,0.012523359993767056,0.0035470436396845195,-0.27177184657353093,0.006533765782014747,0.10828045748082932,0.005535282222713825,-0.09920802171157155,0.006293768484616508,-0.009852687746121492,0.005115158608092666,0.3580200921677489,0.005266405519671778,0.17574085345877927,0.005895578912891442,-0.05248796469383453,0.004657782765258587,-0.10917465865786977,0.005044293177563655,1.2507881069476323,0.0014389655806450463,0.17339894515946427,0.0032778589165509547,0.09292184895700617,0.003960768834571355,0.012911607744091119,0.004966120925747477,0.050398734186817826,0.003885494373712771,0.05254570534790453,0.004928746228614172,-0.40236517912483627,0.005391070997254607,0.35062622753582406,0.005041740807596808,0.27428731479268703,0.00511017650282522,0.19133242868062847,0.004794772372296992,0.14242917101128358,0.003928460391182923,-0.017364898963554247,0.004847038449442989,-0.04509882517360992,0.0041733361722849594,-0.06975654762478743,0.003671690687177683,0.975943405851788,0.001007519928134304,0.04602971346578054,0.0019705248613993004,0.024977369408188285,0.0038723354976708353,0.013349116646103248,0.004174914665027729,-0.03907861082672079,0.0038743921447422927,-0.04370674840986403,0.004179737459208746,0.10351449065255829,0.004563803728279095,-0.01433607439769329,0.006293757205206121,0.04607077101227939,0.0050376336298326415,-0.045498154381564425,0.004973379429348985,1.5062066529177611,0.005841235133921874,0.1726905181521703,0.010981247035015934
317,True,-492531.2470724172,43898,50957,6,4,0.005412532378194983,0.0035974812213445794,0.7703513354726347,0.0006020877195196395,0.14652621837117963,0.0013686576981690873,-0.03297531269604045,0.004493650316909379,0.09318125676946941,0.0040984665658215565,0.004936994755129131,0.004210472410699499,0.013718127781203874,0.0035788084688688367,-0.284342813101102,0.006616645555950002,0.11603872428109174,0.005664018695614288,-0.08976732275951135,0.0063783553946024155,-0.011135805367846459,0.005232553311443969,0.3559984841196773,0.005439771419604962,0.18102220644985303,0.005860135185839287,-0.05977542901503093,0.0047877205642445925,-0.1122630386583485,0.005029171262897436,1.248400708449632,0.0014672553623352735,0.17645603722132547,0.003370576152827126,0.09166022992551957,0.004051314202137869,0.01895000038555632,0.005078583386895689,0.05084479183550279,0.003967886698358192,0.05982872521333094,0.005045299091529558,-0.418016260424796,0.0054658229705447925,0.35823000942410127,0.005180000291632281,0.2784800621148915,0.005210809587195961,0.20324995559412098,0.004977367305539644,0.13742760779425653,0.003964313232263188,-0.016553237123850303,0.004849679248560597,-0.04838277837906821,0.004274229512426268,-0.0769167107344896,0.0037250878513644214,0.9758394989239528,0.0010400744643483395,0.04782971637180989,0.002106673163289427,0.029498002777846186,0.0037912427388527323,0.011130928224526446,0.00413850842386808,-0.03727852112994006,0.0037920707110058955,-0.040226731755364564,0.0041419055845042475,0.10306992450559044,0.004464098967490486,-0.008189140163498768,0.0063761151139876985,0.05684229953756808,0.005025135730476562,-0.04935213399112419,0.005163255917373562,1.51356062321138,0.005536043063986029,0.17336146809319436,0.010671820719200198
318,True,-491452.4866718841,43780,50842,6,4,0.002519783090058004,0.003589725158015499,0.7708971582124534,0.0006122618284674086,0.1508147764643116,0.0014117008730436809,-0.027347366901165317,0.004452049688077017,0.10057317565878549,0.004086444177295583,0.005440117782791506,0.004167730885586586,0.013870514692189336,0.0035931255540560232,-0.2579515944474931,0.006674296988475812,0.11962406842386158,0.00554246810502349,-0.092304988864113,0.006467883093900306,0.0013354102030453732,0.005112790516781839,0.35164425909406616,0.005255679154540252,0.1682940514314277,0.005956608986178955,-0.05578535994169326,0.004705837143798839,-0.11998017854298683,0.005117996699723629,1.2507304561682004,0.001393584782002688,0.16520099641355682,0.003181444721955265,0.09933956166230203,0.003965884826548646,0.019497469349065044,0.005104641016795253,0.04699568860202704,0.0038883360118089124,0.05429657386710503,0.005061756512398819,-0.3958810362223181,0.005624251310426348,0.3612566977237281,0.005059882922051745,0.2975874649559268,0.005398425827802389,0.20666667581044634,0.004870958035581952,0.14174269011844937,0.004004786218583582,-0.009527310010127011,0.0049947078747493035,-0.042807698220785464,0.004337261886864908,-0.07758991232454472,0.00366298871274995,0.9775523583687753,0.0010412544961139192,0.047914396492740194,0.0020520772229283765,0.027470175939761192,0.004526276136027352,0.008365794082275533,0.004306861253196644,-0.03504611214837678,0.004530552589812503,-0.041324203334079025,0.004311139755182884,0.09840666598336487,0.004829287219505257,-0.022893523639799566,0.005981648438968441,0.04970555012271913,0.005432581705019963,-0.06147991454888568,0.004903207435334493,1.5005466393988993,0.005415474997280789,0.1722360723924433,0.010472611589458822
319,True,-493370.57113132975,43929,51017,4,3,0.004660789603890956,0.0035920097786561913,0.7698118784595768,0.0006068893917771101,0.1494765113113405,0.0013935992124472357,-0.02973430412107082,0.004479849157142977,0.10136622825704784,0.004042080825760522,0.0009947478020546525,0.0042047286601460815,0.01515027418795144,0.0035498562025714996,-0.28151975625917375,0.006459168417512066,0.10033371857040348,0.00576621070108994,-0.10672155021944059,0.006246159137818134,-0.018332540246589136,0.0053553114061936045,0.35148888468532313,0.005434664472071097,0.1814542132023764,0.005917018433878879,-0.0507712438953285,0.004783262049186179,-0.10769617467745801,0.005065659728653423,1.2496289599837918,0.0014837279955240978,0.17400584387905466,0.0033168518440746947,0.09188341128191428,0.004161493668101367,0.02974387897242367,0.005073343231025781,0.04658785308151605,0.00407775402766038,0.05928521349524035,0.005035674470846241,-0.40364483692407505,0.005461527988327618,0.3487073948917718,0.005073506328614112,0.2883707061996865,0.005215222813583772,0.20053713287636346,0.0049007263892086525,0.14260871751971527,0.0040263927562183294,-0.012048013938451453,0.004797463470713669,-0.050150455248855856,0.004419500616250162,-0.0813242854709145,0.003744658375607225,0.9770841554713604,0.001044076852024678,0.04960910289409544,0.0021455531794395237,0.02660487972952301,0.004085239420540399,0.0137521233921497,0.004575415837215848,-0.03826874474748301,0.004085344917018462,-0.04012489658584806,0.00457881725750988,0.10123970651750375,0.004772549168559948,-0.03593697880598618,0.005829063590631026,0.04409917118893469,0.0053163058219781595,-0.06504828701374651,0.004583979672184967,1.4835733639362247,0.0048839652563602565,0.16447595733909526,0.009317719841841751
320,True,-493309.42223914526,43718,51100,3,4,-0.002582664884598225,0.003564153539229084,0.7706081558464878,0.0006027003551798971,0.14934621699306608,0.0013942578621848195,-0.026104228290854934,0.00444339238226298,0.0970228089864747,0.004048942959177706,0.005785493090477751,0.004146417348243421,0.016403631137327217,0.0035661474946688944,-0.2741375691273074,0.006463400485717709,0.11118026293829758,0.005534884410575932,-0.08749573308889722,0.00624484297331187,-0.004592931673198874,0.005097711992089899,0.34722098210998203,0.0053388461397939945,0.1747533440044533,0.005805106600691539,-0.057370548516973985,0.004701564601893686,-0.11440132150150008,0.004961342288559496,1.2524356626325996,0.001449144101801858,0.16988998807583458,0.003299163772807298,0.09263211521309767,0.003965661531126686,0.021841389666575055,0.005039850420298756,0.053510536452761916,0.003884823429494895,0.05290616330917188,0.005008798782869892,-0.4011466546579415,0.005396990196485437,0.3561608696048797,0.005042370320491865,0.27954465004202966,0.005132039279009473,0.1972285415268431,0.00482738036762628,0.1363618734960591,0.004028041005829363,-0.02025427950270296,0.004912021632900551,-0.044636713603683806,0.004287226979648082,-0.07604290166230328,0.0036604698974005262,0.9767740856163004,0.0010797670821750538,0.0476214004675436,0.0020432728016817996,0.027666668812713572,0.0038853251564893933,0.011994467944195555,0.0043591931835862754,-0.03958583236479248,0.0038874694748668548,-0.042261112068040195,0.004362143531005014,0.09476683063985918,0.004518299145044595,-0.01834053511150359,0.006005133521696643,0.05575205359701315,0.004937265588689424,-0.05012472553931712,0.004949804990825759,1.5081160541090384,0.0051946609448793035,0.1594762967885464,0.00999999907871034
321,True,-492916.6892888921,43828,51103,4,3,0.0063866777051032,0.003593989031930588,0.7706861616327271,0.000616526773901005,0.15118763858880677,0.0014086171457172308,-0.027571090613257083,0.004499119052032008,0.0959450757109447,0.004057335868459732,0.0055073574068250745,0.004205840215697733,0.013091976823675565,0.0035792351559693846,-0.2622126969390558,0.006762460492636995,0.11847700383207146,0.005563391502077909,-0.09387742276130653,0.00654056290508979,-0.01028061336603713,0.005132943664289033,0.35925468792820486,0.005264684123541695,0.16442567869162528,0.006015850190375735,-0.059002171650752014,0.004763991921504463,-0.12152076292508293,0.005146843409039662,1.2515294431450092,0.0014628249125064885,0.17381300630579324,0.0032936985134379843,0.0984878109770434,0.003978040728259366,0.013818543192847423,0.00504590057020194,0.04333775052550758,0.003897400078431725,0.05261178920169074,0.005002687379585486,-0.40596269877817365,0.005555932482114925,0.3681577296196725,0.0051359239039151655,0.2861576132410635,0.005290537328971445,0.19916280493264674,0.004911155688815391,0.14593171973875435,0.003996151575261266,-0.009000794251492483,0.004998593728890584,-0.04250712209081222,0.004395037625030398,-0.07780317591119261,0.0037035053184469244,0.9760739312729099,0.001111399069072705,0.05125437595022336,0.0021352625234065184,0.024789602387688917,0.0033281922018840613,0.015547612482761387,0.004716138931828697,-0.04310262557922444,0.0033287514548143338,-0.03162729702624733,0.00472034822039894,0.09713330901769875,0.0046796433339149944,-0.016206608977604578,0.006052109465847843,0.04762128290003335,0.005445473517391558,-0.05495379972721555,0.0049874012657756565,1.5040819484941788,0.005861629190417772,0.17238175907039804,0.010476666607753801
322,True,-492445.0519484102,43737,51082,4,7,-9.753597896023134e-05,0.0035746021595116995,0.7700773115606429,0.0006087239939164268,0.14877324295054692,0.00137499278171474,-0.035664126146310954,0.004523502249460371,0.09328975085189728,0.004010131166331735,0.0085190896858926,0.004242434496261419,0.011550846997404779,0.003504136919804992,-0.27742822836944575,0.006557144643131485,0.11271480483794737,0.005669948084108899,-0.07980348942785935,0.006338724928269538,0.0054229810899643315,0.005240089272501142,0.3469036687966133,0.0053788568143296415,0.17810050723459778,0.005831592421124571,-0.049747620366481164,0.004740369381069076,-0.12138127423791613,0.004995573620732941,1.2525159164754855,0.0014084575285755463,0.1668132133582568,0.0032157309536378076,0.09988355487524628,0.0039904746375185015,0.02055675955237865,0.005120223048480387,0.05061373687926293,0.003908578629971827,0.058902626982729675,0.005085094874933971,-0.4013236063358569,0.005465200437563023,0.3540013063637739,0.005094183923985729,0.29229808061964113,0.00529523694032289,0.20324210314612012,0.0048961730738795025,0.13526930792516628,0.004023285874401452,-0.017455033742073866,0.004822546780283277,-0.04137302846511135,0.004371833278151072,-0.08263569761587614,0.0037053693313267018,0.9752178303802521,0.001028668651306519,0.04569677738138778,0.001967463333183282,0.02887573928386353,0.0037968881907139407,0.011715209133060569,0.004211278120280561,-0.037856924860424045,0.003799924599805799,-0.03878992383264065,0.004213397450614785,0.09503951481516922,0.004599579686122011,-0.022383532764070038,0.0060124004534691175,0.05870814669189283,0.005064978770393945,-0.05317644840647091,0.005184000990736643,1.50633504831381,0.005563768350304477,0.17474780252095992,0.010980987514144808
323,True,-494255.58635444404,43873,51141,3,5,-0.00021826992061363054,0.003571174631972821,0.7714930939194067,0.0006007707049064392,0.1485076490817359,0.0013825593860888746,-0.04053264779921442,0.004481804567749007,0.10336619777624048,0.00403345515342589,0.00934081385934742,0.004210834326472119,0.014066907442486797,0.003497039600120481,-0.2600913554258265,0.0067148126378297306,0.11445866905832114,0.005527381718896188,-0.09669112629616225,0.0064759635901655115,-0.00670399358863213,0.005095538987689334,0.35664489568675933,0.005286087564703993,0.16894298312924289,0.0059357175116385025,-0.05367994636849103,0.004716625281602817,-0.11800519278523175,0.005098314651881925,1.2494340395206003,0.0014439301317402675,0.17438279855894068,0.0033499861227106326,0.09841944346665446,0.003914025043035095,0.015234063173214438,0.0052484449419816625,0.04979287882326073,0.0038341875382483155,0.047984376228061475,0.0051995868295271796,-0.40264992512970477,0.005446141192104044,0.3549091947675991,0.005025842565285963,0.28524193627744815,0.005192054844504309,0.20084395832654311,0.004835464681526997,0.14151202006410699,0.003957786215431385,-0.015672266518985754,0.004852347413116298,-0.04407377548372479,0.004210051058898526,-0.07629218356137053,0.003734891290381614,0.9767406267076987,0.0009899292008300753,0.046097172890768534,0.001964899573766398,0.02861998576000643,0.0033304893013971293,0.012556166063299392,0.0045202106840717465,-0.04154854086862249,0.0033322566315615934,-0.03352847842574736,0.0045232414595191665,0.10938853276473708,0.004779600003450878,-0.017058424510065583,0.0060281698735921005,0.04457776263735325,0.0054897031766498365,-0.0641516168248445,0.004683436052764783,1.504402724962854,0.00494598274251612,0.16710200245647996,0.009232839401526013
324,True,-492968.4187320663,43705,51119,6,6,0.0006922317773463485,0.003560645307442519,0.7716380233554252,0.0006091239475081167,0.14877719072422269,0.0013758301378563598,-0.027978840428379826,0.004408057527368954,0.09886022540778697,0.004121917835171849,0.011192477697446501,0.004130993793413584,0.01109316748527234,0.0036106183763842947,-0.2639622580425712,0.006799592412381126,0.1150849176521698,0.005604678480017995,-0.08648203897218766,0.006582790883565043,-0.002797344185067523,0.0052063662538674475,0.35333639279201856,0.005234719004045185,0.16437515021762264,0.005962250809569053,-0.06317497210493837,0.004704743453907974,-0.12176720124278717,0.005102470794242661,1.2496133707542527,0.0014538360275121454,0.17213539140727901,0.00328896239535216,0.10034896738995887,0.003899901571114925,0.012644039408652701,0.005225101756430612,0.05423886810525458,0.003825155251706052,0.04869308169513646,0.0051931793056295104,-0.39624577246719705,0.005489687938992348,0.3604988641959794,0.005056914011333942,0.2848879118922699,0.00525097644826532,0.19556285983347893,0.004834014372273779,0.144085697498892,0.003963828619165242,-0.015822741026786914,0.00480286790258187,-0.049140133360936096,0.0041339222286086545,-0.07055640345634707,0.0037395793237363947,0.9756728383265199,0.0010059183668757465,0.04688602389542099,0.0020136409915541796,0.02316120162318297,0.0035191077370492654,0.021027498906609217,0.00414065856619322,-0.039665379457333984,0.003520860164906086,-0.039146401407694896,0.004144683549276675,0.09408165686447921,0.004941925835151864,-0.0325860984257025,0.005760586272749907,0.05245262624393801,0.005407836392808473,-0.060905691620321896,0.004857948133701947,1.4952562555564064,0.005211835364875905,0.1695176695673778,0.010235490715631249
325,True,-493201.7339335708,43650,51287,5,3,-0.0020069650984491745,0.0035672166364520276,0.7695362777721859,0.0006195782588572785,0.15130450052512096,0.001399791856797561,-0.027332308487282287,0.00441139653152678,0.09250890550738329,0.00407288645580186,0.006401769377596448,0.004136191847858761,0.01234614545463724,0.003589957716374021,-0.26415031637863284,0.006651279948215871,0.11625818524053175,0.005554764173015443,-0.09656576505081586,0.00639012778672348,-0.008546431973540543,0.005122384504536051,0.3600149141607584,0.005295841780585759,0.1741445117737408,0.005964619500965125,-0.05526133741445717,0.004641149301851567,-0.11562621295487195,0.0051009887279649295,1.2501059119533113,0.0014338928373613946,0.17385110867701592,0.003314078289636202,0.09316208156972991,0.00390916443567348,0.011749147639904053,0.0051426259483130276,0.05483879099166038,0.0038296455320208644,0.043583467898231185,0.0051121195451195095,-0.4044913851307268,0.005528300010331867,0.3572372958570056,0.005082322676911789,0.2823788809177239,0.005227560300376049,0.20020458465630694,0.004850877061710549,0.143591136669567,0.003976144189611044,-0.015941816708568132,0.004789439355709093,-0.04243167645261871,0.004277904732654,-0.07828489491420035,0.0036535149044601032,0.9759223734311689,0.0009999032687457166,0.04881844719876595,0.0021290440948616464,0.028891844824332925,0.00452136331436116,0.013583288138627983,0.004225603082281097,-0.035801984045552356,0.004521021650869572,-0.045106743186063177,0.0042270064960532065,0.1092289641944682,0.004596239087697176,-0.012893438147649067,0.006073664146231595,0.04707362310101559,0.005071925550268337,-0.05002939579760127,0.004692365569192223,1.5107679180366238,0.004851882571873745,0.1629606451076632,0.009725062777333413
326,True,-492939.4831727501,43641,51144,4,3,-0.0008522101245614485,0.0035762075306190874,0.7689342032600304,0.000602476074424485,0.14762671875169892,0.0013696417896055385,-0.033254825326738124,0.004463814122487021,0.09140585434251983,0.004044473551482839,0.006109906678421687,0.004191875725976622,0.015821056430347855,0.0035426264733626773,-0.28174786030672827,0.006583010174258682,0.11602289075410116,0.00562681622520597,-0.08353312522933999,0.006298292563919334,-0.006402623425506047,0.005182923182399974,0.3458616252218219,0.005412986344962757,0.1748679971921822,0.005830163314977962,-0.05098791049000632,0.004734168890337292,-0.11887924685879395,0.004980658383431534,1.2506390246019692,0.001408454148746241,0.16381292265487046,0.0031532070830912334,0.09230125030972076,0.004135091605943987,0.028373039196516747,0.005003454628574147,0.04183117417075315,0.004047424027324112,0.06432312786574201,0.004965857922545872,-0.406805586383648,0.005600673362996404,0.35808277525954685,0.005156146582119747,0.28960424201202134,0.005338095068133727,0.20629988110551778,0.004945166715877191,0.13495168639117588,0.004032335105409205,-0.004343000532498697,0.005042882478601932,-0.044291552352462106,0.004422178053974828,-0.07960981209643934,0.0036887417827110823,0.9783662976278568,0.0012030337647730982,0.05256365072690491,0.0023186651585179567,0.022393635142997248,0.003585726391254802,0.016912206947760838,0.004242048525406469,-0.0432244675454167,0.0035874491686667394,-0.04256638940634696,0.004248362705410688,0.10804271476155361,0.004593634537397207,-0.02460119274515691,0.006124741264869576,0.052420807093049575,0.005000495662574213,-0.05696524791098503,0.004812807286041527,1.4978534682585318,0.005472927083384649,0.18789900614054408,0.011162883949038735
327,True,-493672.69626100245,43438,51664,2,1,-0.0014956667647716723,0.003605401809769485,0.7701608980035279,0.0006107016281209909,0.14949648292280418,0.0014010771428086682,-0.032288827260489567,0.004511313120516389,0.09654472611768422,0.004066440944162716,0.0045384903238630475,0.004229682081336368,0.011140170245044915,0.0035646198372795653,-0.26464718740351784,0.006677566076483163,0.12317743473631634,0.00555662917306385,-0.0942088723905633,0.00642032581472099,-0.01020444835616137,0.005096185900270067,0.36066202579139894,0.005327538529376878,0.16877661770621316,0.006019692037494501,-0.06039469382188915,0.004726738662583591,-0.11310435635380761,0.005130339831953516,1.2507287815201817,0.0014793327603929152,0.17625880467842553,0.003346526478072237,0.10140517534357958,0.003990330930837365,0.015952673845121394,0.00526057203660196,0.04730745992240239,0.0038990292293188504,0.052560595852530013,0.005213187244208253,-0.4085601424065184,0.005549870449006533,0.3589003885688011,0.005122511153783728,0.29400265978511847,0.005337327205988361,0.2030858184777118,0.004915924266884044,0.15091308626762476,0.004000367963143736,-0.005367306363994358,0.004888009057736672,-0.04529279740836532,0.0043315559365875505,-0.0863996715002332,0.0037567021307734205,0.9772455736000046,0.0009409155052540474,0.04709086227654729,0.001901895693768068,0.021526208501752866,0.0034460944998610686,0.016269468233788862,0.0043617885847354815,-0.04219165036038205,0.003449399182595364,-0.037807450316236876,0.004371416776462653,0.1071519865611705,0.004793043753047102,-0.02305450320751142,0.006066661203248813,0.04508338930593476,0.005432824936790867,-0.06411828630194187,0.004745795341898746,1.5001745578742138,0.0052908660465984525,0.17610784914474903,0.01017935869913833
328,True,-495442.8922958345,44119,51100,4,1,0.0027937172757888226,0.0035733088614868474,0.7708465140998517,0.0005991510419484092,0.14809063466397734,0.0013737020728071675,-0.03809071432003061,0.004503766844627942,0.09704520499445514,0.004007085111351009,0.011384962862405496,0.004220706816401391,0.011566761305379827,0.0034944800715805734,-0.2622014886169006,0.006547699025903891,0.11755098402874986,0.005457366866611924,-0.0862389018759847,0.006321583174563945,-0.003933255712469304,0.005033103167921319,0.35018639904233523,0.005369122913291011,0.17717003087905814,0.005854731677924253,-0.052883000586665604,0.004764314655065745,-0.11618626443424067,0.00501312473908311,1.2532255711173175,0.0014857566866439686,0.17686157096951766,0.0034239947354971906,0.10078452746180626,0.003948238560692859,0.019923619975283274,0.005058889590134751,0.046166384353844306,0.0038678965071063283,0.056054234571333496,0.005025134557633549,-0.3991535538079977,0.005523042986029375,0.3585672520185236,0.005048112511551764,0.2862018233173506,0.005242836238507001,0.204645915853819,0.004850056003471223,0.14470028689674924,0.003938528022307442,-0.013065607503227708,0.004910037804146264,-0.04584495423084061,0.004174589806281314,-0.0727959553269423,0.0036831044591875,0.9767672943367909,0.0010298215210454709,0.04901257449294312,0.0020991298457835733,0.03238324690523582,0.0042726068995831935,0.009972349571781185,0.004146728805669141,-0.036653007738318415,0.004279321082774579,-0.048634416545500506,0.004149168278080223,0.10174576535609746,0.004734924439113798,-0.02354050481300295,0.005941106423293596,0.051899715504473434,0.00533474228381226,-0.05566075720770156,0.0048152144283716385,1.4941072849551642,0.0055416797030516385,0.17564523988305616,0.010137585751747016
329,True,-493875.86349747516,43481,51560,3,7,0.004544697522281496,0.0035802568811375665,0.7705131939950309,0.0006038628903090038,0.14833396792951367,0.0013807757432478807,-0.03523726456969041,0.004506034078317367,0.09650329094213153,0.004055883694790955,-0.0027632319735850118,0.004230635850376202,0.01385830353656072,0.003547621223116018,-0.2739451809984389,0.006557683446310282,0.10969676337917611,0.005645671936775205,-0.09618893590162553,0.006311467162845234,-0.013074412597023598,0.005221022190289839,0.357466820947373,0.005302240874101529,0.16668517998685686,0.005958899612325745,-0.06062207704101207,0.004725610662468127,-0.11893995535671723,0.005112641743820228,1.2476197784658805,0.001415372810799842,0.16899115101635295,0.0032235665698371746,0.09672997429186499,0.004033798394142843,0.013239449932444474,0.005148858507473727,0.053136717861758706,0.003958389116748244,0.06228971267490773,0.005106717382146435,-0.41079558180528813,0.0055594198638141785,0.3587458164465437,0.005151250727734997,0.28754560228994325,0.005345973955144716,0.20008706770226842,0.0049582322858761204,0.14039532316105202,0.003937191483443015,-0.011861997025879293,0.004791149125041671,-0.04511322257784312,0.004283162049693626,-0.07680350924661349,0.003697425404212415,0.9764414760840906,0.0009865423870045742,0.04527078613068609,0.0019136862861913705,0.02550610504979636,0.003805954030004712,0.010591102105112982,0.004144838389173145,-0.040258186377077676,0.0038096866093129808,-0.04048684629085019,0.004149887553606487,0.09737249305622699,0.004595238862223155,-0.013872240412841323,0.006424511571966314,0.05971550000199743,0.005071309828554664,-0.05629800465362078,0.00531291482925827,1.5044694832115084,0.00655267366021528,0.1991325857528062,0.012341356439379225
330,True,-494057.6464861706,43570,51448,6,2,-7.75119966380376e-05,0.003566563303573733,0.7712665392794378,0.0006068703798334796,0.14954237257063616,0.0013892934707258192,-0.03389663824493797,0.004458978991738898,0.09723744011618068,0.004049778275235546,0.008267702272987558,0.004180854292186794,0.017560518911886456,0.0035436197910889886,-0.26955211503068643,0.006544930053647337,0.1092817404282004,0.005558266781521052,-0.09104336889148304,0.006317623635610075,-0.016170678004572937,0.005145657134721725,0.35172944379701415,0.0053756706379529525,0.17752538287385963,0.005907368726132789,-0.05601004696204233,0.004788354979997182,-0.11655029468680055,0.005055292955658957,1.2525879226790462,0.0014741166861623745,0.17581936360047898,0.0033310775261397862,0.09477328060104892,0.00417535011010096,0.030866977757696777,0.005030695847408766,0.04713965781633232,0.004092431749500246,0.06616947946300404,0.004980224653592409,-0.3967226930650303,0.005524962757646714,0.35878715610838463,0.00507089437046076,0.28879471378022853,0.005265607654819625,0.19651645942257817,0.004850878546299037,0.13629007621220052,0.004050216554064092,-0.01885647147109525,0.004912831428524679,-0.044087597496031784,0.004434598639131171,-0.07417038082753984,0.003686362135202272,0.9757958145245972,0.001122484814904845,0.04967769211800103,0.002168563732788044,0.025231399829623025,0.0038629047827281305,0.01884561019822711,0.004311479455098675,-0.04121927503314092,0.0038676962669620457,-0.04435988750288354,0.004315570218976658,0.11093735737627236,0.004571105389248588,-0.01794115058111824,0.006274942739289423,0.04895190159727183,0.005246425860908393,-0.05906864445928427,0.0048889906757600835,1.5015857574335207,0.005593794769618077,0.17954372850905348,0.009811185472744302
331,True,-497721.6789660957,44140,51378,4,4,0.0010313359418117375,0.003562153498640747,0.7710657791272033,0.0005952791607087282,0.14728036202931644,0.0013632751939065407,-0.03337661465797337,0.004445668898146984,0.09506050685345796,0.0040473745602996524,0.00993002415191804,0.004158572639024353,0.013365489039113726,0.0035375852923986793,-0.26526669291838195,0.006486356198382533,0.11390697600834956,0.005510433073469883,-0.09075826541605084,0.006266571891360102,-0.00019781856287462627,0.00509432301086229,0.3523629590779895,0.005226211262203472,0.1697095800129314,0.0058655861205819185,-0.05581633169603445,0.0046411853488555884,-0.12279849199285364,0.005036830810543446,1.2479920032118348,0.0014079445897168252,0.16781424072583942,0.0031749022324983472,0.10024318553989059,0.00391914480331764,0.013144723060777318,0.005123245841204283,0.043735971136094294,0.0038376014249756085,0.04733840920460861,0.005071911606018828,-0.4031237445081843,0.005521958327240794,0.35366159061263264,0.005021278563946505,0.2872766028850024,0.0052756814457756455,0.21029056308976596,0.004839416778383204,0.14866444722900352,0.003933707355146237,-0.011468221328222715,0.004848722560917726,-0.04639071850990342,0.004107131930458766,-0.07759110812977672,0.0036911215771696622,0.9771067465220072,0.0009829368086501367,0.049010237904370244,0.0020838002597177406,0.02201233720765722,0.003275650873680708,0.02345741047947005,0.00421604530934839,-0.04317281502410031,0.0032760265393029617,-0.0385289411086259,0.004221071757391158,0.10593573060784087,0.004449571689112551,-0.013131947351541167,0.006069088371147179,0.06244208047540857,0.004980647400720984,-0.05447293453221616,0.004955991044233671,1.5119313889396955,0.0051099529633648055,0.17253864953549075,0.009772528753128035
332,True,-497846.47634409065,44384,51210,4,3,0.006476641310768752,0.0035656594353395774,0.7702485585153303,0.0006010372290030097,0.14740095536241052,0.0013648752235931455,-0.03297919176388095,0.0044746056569412935,0.09556940439887335,0.004028761593335891,0.002691453349280927,0.004192742754581521,0.013937947602405425,0.0035282292154305396,-0.2666172418576538,0.0066896325297238456,0.11491035948013444,0.005593077316251199,-0.10298917818826855,0.0064431249719222785,-0.008580503009810182,0.00516794415567006,0.35316721376582266,0.005323521767983689,0.17078463320150003,0.005937622018433545,-0.059637627518800446,0.004716742075403188,-0.11316430236622842,0.005106294410977516,1.2501592177948295,0.0014279079323782362,0.16938310577495663,0.003257462715050563,0.09346461710398692,0.004034993789826501,0.018158205134164315,0.005098608640298677,0.042764510868674596,0.0039648578324180716,0.06190715637943451,0.0050526646505718925,-0.40751186961178704,0.005464193349650494,0.36024002428075763,0.005093604436569499,0.2786715092971624,0.0051885628127665735,0.2017531494550892,0.004891058697229053,0.14356895310287793,0.003936368663347135,-0.013051115104877825,0.004916155049039029,-0.04495716505163832,0.004232135449826727,-0.08196602011395344,0.003680288151914697,0.9763585284075064,0.0009976467298692393,0.045918728178612436,0.0018533660747094075,0.02791603761314991,0.004174310061676041,0.012075227169802014,0.003943224074920829,-0.03528496685519528,0.004179908165101687,-0.04433336175157638,0.003946826063427073,0.10616511057909929,0.004736076630290187,-0.020498456382799665,0.006085959027989135,0.05234639627242703,0.005366538587693009,-0.059725948824851195,0.004951577870860804,1.5019035376159342,0.005467683098790088,0.18252952704520578,0.010556284423451176
333,True,-496051.53012901486,43983,51450,6,2,0.0024517225242779096,0.0035652081523235134,0.7709849124772897,0.0006038095825917078,0.1480258617876228,0.0013637671526676304,-0.0330780416728432,0.004445425298573849,0.09586052745207722,0.004055873394869092,0.00468386647195151,0.004164573210852191,0.013133575637544605,0.0035431158437087447,-0.25979275685874903,0.006688642104824553,0.12235153077489568,0.005492237928405334,-0.08543985393551502,0.006441344792711651,-0.008329695548957917,0.005065266855060699,0.36153766974129514,0.005180946624092583,0.15866562293469166,0.00601606723340617,-0.06130087375846767,0.004656991260015125,-0.12097877706184568,0.005151820513491672,1.2497067782719382,0.0014455939775288584,0.17447520135840905,0.0033065074423319213,0.10222837718591664,0.0038918192270253373,0.01714081317654458,0.005126925323750754,0.047449299635777535,0.0038057494389868497,0.046571855290934744,0.005078173914585424,-0.39238035229755414,0.00557328462008954,0.36792212196264634,0.005061070574377149,0.29135918791667936,0.005343107014694309,0.19976312633265547,0.004855798704723864,0.1394525504182525,0.004002503774575405,-0.016264895977276955,0.004936648995658691,-0.04926014279946927,0.004377397709112639,-0.07566756709611071,0.0037756380430683098,0.9763104443721095,0.0010876841005912352,0.04970935791122597,0.002126246331011595,0.02655938524661082,0.0035374878066514025,0.008922362547847305,0.004645005789801501,-0.04099387621976001,0.003539147757959251,-0.03193565528432903,0.00464990136607886,0.10220347773627908,0.004785654784907011,-0.023573256239460754,0.005994098060428923,0.05164825936290665,0.0052263848467466205,-0.05852567669320655,0.0048203265014219645,1.5033847560816027,0.005427939452910646,0.17789655443090477,0.010455174714616253
334,True,-492562.4279622878,43887,50895,3,3,0.005824190013554909,0.003567097393718097,0.7699263804224052,0.0006058590180288981,0.14914149350754768,0.0013866632598735773,-0.03055798567910595,0.0044093592563175235,0.09042416648498906,0.0040720613112960324,0.004205567991871097,0.004129699846771325,0.016975144965693634,0.003572182519400519,-0.26672505436152394,0.0065930792430341275,0.10998918597286465,0.0055254945335305875,-0.08856331803505187,0.006380407214237087,-0.009981989488195888,0.00510372172342977,0.34976048446352626,0.0053103600929511035,0.1709664698436828,0.005827497891827321,-0.04896798608142727,0.004706022358392731,-0.11855493033350809,0.004992999093277026,1.248154955021006,0.001431550128626724,0.17132662276496055,0.0033825446120767516,0.09654010883716253,0.00401431712981732,0.020711988756681902,0.005054793331323827,0.05298971325870256,0.003923294924675365,0.05856810949197598,0.005021065272449485,-0.40567779183475244,0.005428961403856748,0.35485162214396804,0.005083471535750363,0.28452213413980915,0.005224141545714713,0.20099362997754813,0.004858148388946124,0.13610537803325443,0.003872162514037233,-0.013763919285408143,0.004766522603466095,-0.04372925182220054,0.004169531890918689,-0.07206103627781679,0.0036525244945445436,0.9751352758185956,0.0009671316585690981,0.04542590409162346,0.002074895841028823,0.028091455282468404,0.003748338882417,0.020278347587993524,0.004067401799653192,-0.036917479899886634,0.0037524604426127733,-0.04034034558265877,0.004068626724740972,0.09986276025957887,0.004537927151454021,-0.0120047051999758,0.006074658861278144,0.054230302795490855,0.005109227363373254,-0.05488917753019245,0.005166918837114333,1.5078250017017807,0.005598500085568725,0.17531739039597388,0.010826818203489671
335,True,-489205.8735839117,43470,50787,4,0,2.5582045954143038e-05,0.003586489594276338,0.7700617255528778,0.000603071739866512,0.1468042680058537,0.0013623469367812502,-0.03143123146764675,0.004471603563222711,0.09207007819553455,0.0040956569954564235,0.010703282822503365,0.004188012513826784,0.015243886589713413,0.0035828803799033797,-0.2633046864011694,0.006745466766838566,0.12028034046099201,0.005628344793398344,-0.08846464772728956,0.006497645428573454,-0.005448641947994709,0.005194185180307934,0.35208431613016045,0.005214012913452195,0.16545441398923827,0.005994659352857501,-0.0606868247118029,0.00469192084493342,-0.12164172458640087,0.005133136940350053,1.2513485007429646,0.0014144860086237054,0.16700189762424875,0.003188426995704624,0.10487652400392565,0.003949162793482885,0.015981296390645904,0.005315581084139164,0.05119514646587586,0.0038684544106908306,0.051016114414109116,0.005269788730287772,-0.39461759091206067,0.005565010590843159,0.3655889841529607,0.0051042538831516295,0.29040300761210414,0.005374045314584899,0.19805551245465913,0.004884393778309184,0.13933186480991636,0.004010223307917557,-0.01642836907878043,0.004840356605001475,-0.04900722051806399,0.004323041576507153,-0.08037760189395132,0.0037366305555457525,0.9756591242155858,0.0010321184053779242,0.04851144015676282,0.0021010883763626156,0.025477612693154756,0.003243673859838151,0.018851709689118038,0.004432161609562523,-0.04393357901056022,0.003247335835128279,-0.03549968538359829,0.004435805421686153,0.09757663247113287,0.004822429571297261,-0.026268986782486,0.0060520417518272855,0.05266165647510217,0.00526908497544508,-0.055421874215914185,0.004906599364583269,1.5004391354381799,0.00561707094437125,0.17339158315792658,0.010178085015716626
336,True,-493863.78911975585,43804,51261,6,3,0.0006994394451861512,0.003556540199559331,0.7695826237094083,0.0006031694166722112,0.14877874661833493,0.001381527415905276,-0.031740737035422496,0.004400982176453124,0.08924882304749353,0.004077309035658442,0.0070059470136615305,0.0041282160680901495,0.011789002649766827,0.0035698768762587405,-0.2710510755465596,0.0066356298669168114,0.11965216511895549,0.005550276505594722,-0.09361758462506656,0.006395915350076522,-0.00718012603733743,0.005113527086694517,0.3492996082406013,0.005355383577807374,0.17757075750062015,0.005870319421119827,-0.0558274335582387,0.004690440263069928,-0.11306620217560626,0.005018915347397522,1.2508801331402177,0.0014572070532716808,0.17190352690959257,0.0032957283008833854,0.09638600771811902,0.004024867089209894,0.02230298012122125,0.005130886419604068,0.05206165551555112,0.003947660308101069,0.05979704354432709,0.00509944529491421,-0.4008974551768432,0.005440485729298073,0.35098486544945906,0.005031998440767195,0.2796476503319346,0.005161710432881551,0.19601849954186726,0.004839724535979821,0.13682139439752086,0.00393751579090461,-0.01909188019877987,0.004852462084141042,-0.04941051004139582,0.004251484033464827,-0.07857292788568368,0.0037400906674886374,0.9759101004357247,0.0010379514701089887,0.04633286799724419,0.0019481622509882578,0.026725382642625174,0.0035612561390983687,0.01243774079649068,0.004496099455318948,-0.03887702516697004,0.003560949591264669,-0.03272627879794514,0.0044989559173014655,0.10079442621426421,0.004506934480267211,-0.019961042264528397,0.005879894761430102,0.04806264564185639,0.00486224097183605,-0.04544514595352063,0.004654243843102583,1.5056661976825256,0.0047284961263576175,0.15321695079259962,0.009549561468909756
337,True,-494609.6234898566,43651,51405,2,4,-0.0009303644361579954,0.003580569280330625,0.7698335951510829,0.0006071924029558695,0.14889548085266055,0.0013871446284347694,-0.03031176702689973,0.004501082706508805,0.0966748760447223,0.004038472052579916,0.007132837032364471,0.0042139462388591994,0.010995510280758462,0.003549887167448487,-0.2567563035895433,0.006879745787897596,0.12544350452710937,0.005453103631326964,-0.09234420151093169,0.006623147538734181,-0.007855206331503271,0.005037279104903685,0.355936710587837,0.005444390120773906,0.17377031901935183,0.005993621893240918,-0.05506370680843191,0.004804382380814062,-0.11615618922534852,0.0051044752652430895,1.250987123720136,0.0015044212117790723,0.17921029509758202,0.003452908418997133,0.09027649528054515,0.003947597828096649,0.015779696437202576,0.005078970364098702,0.04451371476245972,0.003868650316668305,0.05329511991160488,0.0050309476303711685,-0.4072674688347327,0.005523832364622232,0.36193117391954865,0.005115464399701688,0.2817670768163527,0.005202354037162425,0.19457068142846576,0.004881950467870422,0.14086223837446757,0.003996612802987175,-0.013256628885655628,0.004917873251730141,-0.046210354522769885,0.00421056355623022,-0.06912221101367137,0.0036946291407471206,0.9755742439673765,0.0010545684430981472,0.04774596319270318,0.002175627887453152,0.031954815374271264,0.0034336729516220633,0.010218144165710995,0.00452250608259972,-0.044056317192518554,0.0034360411660746613,-0.03284560490104248,0.004525729597356152,0.10340453756600744,0.004809098145489971,-0.01528149963210826,0.006124646399445028,0.038114619954983546,0.005458007565405021,-0.06269574236241318,0.0045650139169910635,1.5047559303896008,0.005867390090603886,0.18486318045536604,0.010830231723221992
338,True,-497454.16262243956,43844,51838,4,7,0.0021788427747194187,0.003593436360521579,0.7701572380934797,0.0005976498868180413,0.146456927639709,0.001365807801841909,-0.03657753179739122,0.004471273967521953,0.09810431657809261,0.004095244312503732,0.003482150423849176,0.004206277459461178,0.016105486249608912,0.003566513009628787,-0.2593771527203058,0.006745302513953244,0.12855505978330117,0.005599233796272178,-0.09689396755606632,0.006526971483525708,-0.007366125807939023,0.0051675973851195555,0.35492774110089237,0.005236992581198554,0.16578395739463214,0.0059990264861313845,-0.0597997123924805,0.004723122599609292,-0.12155384427377289,0.005136052710773707,1.249714571507911,0.001467810547621129,0.17248743557352827,0.0032682481162171623,0.10043317058727311,0.003897443183598884,0.011344932923379595,0.005295524303928026,0.05672273383950637,0.0038268912687478896,0.046166663810580516,0.005252894793396545,-0.406262312793271,0.0056165111679583,0.3654730403287053,0.005122685888835246,0.2976808761488591,0.005368985925121783,0.1989615326522416,0.004925560791111181,0.14818804632093088,0.004144790258866078,-0.019392351812089037,0.004950921897167282,-0.042181954280427585,0.004355870976991,-0.08077034928180399,0.0037989049112661863,0.977395474501587,0.00107052216706216,0.05232647280982338,0.002233369455925109,0.027161839024301106,0.003220200722933819,0.014097914452427543,0.004579577151447247,-0.04807218682571332,0.003223592951183213,-0.03686128187074768,0.004583555735469921,0.09808302490758247,0.004815937828971328,-0.025628740695943928,0.005961460486286244,0.04469155285384561,0.005524108619618723,-0.059853563696986994,0.004688280869669777,1.501187236920242,0.005335396966569261,0.16680843973572096,0.009919423714400966
339,True,-495831.7468015816,43866,51349,4,2,0.0059296259435070164,0.003571669694102219,0.7713370402138816,0.0005946951264815259,0.14740098909069924,0.0013633625748338124,-0.03639604232731163,0.004486899588368051,0.09069457100913286,0.003999649725937212,0.005454560476566892,0.004189343591221448,0.017699776172719776,0.0034994391452527977,-0.2667997530298495,0.006544912120728792,0.11508423812481966,0.0055336189107996125,-0.09467568209512614,0.006335505031086532,-0.012292412163958044,0.005108679137613684,0.3570703003295601,0.005180235474204079,0.1602720093390904,0.005957917258748759,-0.05531301010932524,0.004608816769419804,-0.11177323844246777,0.005084709587497646,1.2508169462927528,0.0014292458735714053,0.16893065471201804,0.0032291870388601457,0.09810240533470845,0.003954328918543584,0.02107103258036531,0.005120164560232329,0.05394824692445317,0.003875480369864209,0.051500360445625205,0.0050765645288559395,-0.3947959444543724,0.005576307334484102,0.3604869198176172,0.005080433606063277,0.2961113568746916,0.005336875424518626,0.19155592120705878,0.004836706985023284,0.14572989635358244,0.004036454728720911,-0.01751473255953382,0.005060038039501331,-0.04868348980746783,0.004321282728510172,-0.07754832015975538,0.0037117175547001172,0.9758070140664492,0.0011585334100907563,0.05438335259885189,0.0022442593610813126,0.027077809590556758,0.003749204071125852,0.011525860350499214,0.003959617344094899,-0.039259661406320305,0.0037541038708884876,-0.04796052558641132,0.003964043145044926,0.10051267978434943,0.004636286174335453,-0.029356450130547263,0.006153311885621317,0.05103342450820104,0.005103656192299084,-0.0533216146904804,0.004911290652321583,1.500165669904602,0.005972826632687611,0.18694178802525177,0.01173362535695266
340,True,-495551.8371954354,44007,51352,3,7,0.0034736044485569402,0.0035834692102595478,0.7696261415632717,0.0006063466252103078,0.14942057496530714,0.0014023608354423456,-0.0330386070887334,0.004494538314798518,0.09539540732458883,0.004021059819662346,0.0018697111032869977,0.004212836287367061,0.016885113266729066,0.0035253541273615146,-0.27105571260817846,0.0065885069175808594,0.11292112900937386,0.0055500679340480565,-0.09306392709981595,0.00634521654108306,-0.007313442921115794,0.005122939571288689,0.3554700084667334,0.005332079526273246,0.17691371942779568,0.0059073240857806355,-0.050270881457113885,0.0047782490837573995,-0.12733541888335118,0.005084190451681511,1.251948142225162,0.001422262438171118,0.17139416036007787,0.003234864136927043,0.0983564875016519,0.004050957772143406,0.01989425800982539,0.00511795891150313,0.04143266630658077,0.0039718123450041476,0.057678383621009466,0.005068376174765639,-0.40330343360611826,0.005532016019458612,0.35753145820731574,0.0051012168403285875,0.2835278609072881,0.005248272145995005,0.2059346757989735,0.0048938254323616,0.1422435521556384,0.003932616860318823,-0.009120247855003311,0.004757718729819528,-0.045430229399380226,0.00421184056246479,-0.0760741213055508,0.0036890095266836737,0.976860387868713,0.0009613953749589843,0.04655359957599478,0.0020554036093551123,0.02532540650339171,0.0035325244980696007,0.020264177330328717,0.004110276328959139,-0.04279759589546231,0.003534449380415213,-0.04442724956899165,0.004116401115552945,0.10889258263514057,0.004692445236008123,-0.02500678290864127,0.006293278778148613,0.05052466099596061,0.00521409706789388,-0.05408147195111437,0.004801921125147235,1.4994241326412234,0.005496366258720631,0.1782609270275856,0.01006096617242222
341,True,-499062.58900219307,44170,51683,4,3,-0.0011642568266720806,0.0035584869441558716,0.7700048857828655,0.0005952898209754531,0.14600393216074123,0.0013589064666815198,-0.022305793392533146,0.004407102021219478,0.09016364812226305,0.004109100218523548,0.009412030223614785,0.004110023713142264,0.01861532084384846,0.0036143488393826067,-0.2717668311398486,0.006514182364393231,0.10771613750825243,0.005637294579147393,-0.11239930707504975,0.006301776809202555,-0.021632923548817115,0.0052312051007570234,0.364093378777263,0.005233478745412375,0.1686193438250741,0.00600950280427496,-0.05779851030588137,0.004656873182410056,-0.10944793491294344,0.005148982700578271,1.2498217824849462,0.0014645629366645263,0.1769661292982212,0.0033371251032045385,0.09513502349979089,0.004121004838610205,0.021014191013429148,0.004944490825260127,0.04400500938679405,0.004041434763122371,0.06380875726907724,0.004887796504348445,-0.4069467344364005,0.005506473539886913,0.36166423879891885,0.005083939911355414,0.2754411010063009,0.00522500107590424,0.18895814184634288,0.004879453355404371,0.14000966510278584,0.004001220845829338,-0.01904088857649721,0.00485756474827712,-0.05257369475525118,0.004392690370595174,-0.07543256437910495,0.0037524343506140723,0.9745818977982087,0.0010740573430622624,0.048560130924495085,0.0020587774128853105,0.033402225730355714,0.0039643016170989925,0.011607721252125332,0.004144149188812116,-0.03657597018596576,0.003968375931387327,-0.03579299097057147,0.004145716209594685,0.10791611561261986,0.004408383096874685,-0.01073687226399676,0.0064031427986150575,0.05192909899448339,0.005010627980911422,-0.05420028699670852,0.004989553352191299,1.5062100877093456,0.005593836174102251,0.16926740717915667,0.009323721635202495
342,True,-493110.84643019293,44067,50971,8,1,0.00011437758700815699,0.003564303533710022,0.7688268524835935,0.0006071444939473314,0.14922032728788534,0.001378487021167163,-0.03583141219864782,0.004493925798816458,0.09714235097218886,0.004035096782753216,0.012072924850315723,0.004233235097338445,0.013870600554981625,0.0035335508902470114,-0.2793433763536147,0.00648249135275341,0.1160839833498437,0.00562578745719678,-0.0811495387483998,0.006279614073889263,-0.0067384932750112325,0.005205132727863095,0.3586663186354339,0.005160220829107695,0.16332233017765183,0.005886118885176816,-0.049813445679163564,0.0046269024350206545,-0.1192770464693569,0.005072185331046924,1.2488631177287113,0.0014561041617432435,0.1741533396006697,0.003337680936669085,0.09420830789348054,0.003889898397604079,0.011709084701541726,0.005098833631641923,0.049105406811655754,0.003834336364132716,0.059523437999356964,0.0050572909285524215,-0.4010547996244456,0.005490507346088914,0.3579962470772264,0.0050373694448955335,0.2838076325896292,0.005171558215655463,0.20154041927083768,0.004867417232683936,0.14652090499128478,0.003990301422636122,-0.013460690531681545,0.00499273951822582,-0.04638108565556368,0.0042488727752966575,-0.07397313806425308,0.003695823400245403,0.9772047054238541,0.0010526726427508848,0.04767573226624186,0.001927182808913245,0.039283390786378596,0.005641203687383637,0.017669181677896197,0.003684078396922721,-0.030458387341876614,0.005648161247261232,-0.051030317473459985,0.0036856822574082506,0.0936720728703539,0.004545358322752749,-0.024425090055061705,0.005894144593954266,0.04673809682290188,0.005122117750998063,-0.05291104204352587,0.004636166959529858,1.5046984006895625,0.00502422838231531,0.15022940062883033,0.009116028010801663
343,True,-496040.32797885314,43739,51666,3,3,-0.002678662477078462,0.003551128245069893,0.7715104256294115,0.0006064591292665455,0.1497506283475405,0.0013860013640636937,-0.03298889286797975,0.004414586003957493,0.09367230054896344,0.004050991189253307,0.008911480985647181,0.004137972236468085,0.011259423115751191,0.0035371967021733345,-0.2710781081611283,0.00647899354889781,0.10829704346361238,0.005484059745516598,-0.09455482830039143,0.006274757412875806,-0.003840429198296674,0.005069300434155021,0.3524152073219778,0.005289645484932778,0.1677831552890051,0.005825406611065617,-0.06269873379061629,0.004732144299623601,-0.12263190489602015,0.0050077205069090315,1.2498564642497352,0.0014539821838512879,0.1729605633978394,0.0032781681693076353,0.09794726247075355,0.0039836663865216344,0.020245021370611255,0.005034216814251454,0.05157863772265158,0.0039007768082642107,0.04919388213696677,0.00500903990962941,-0.39934294020954814,0.005513882644770831,0.352796527206238,0.005019200219547986,0.2884563869975192,0.005287322042179977,0.20858630570626296,0.004824883186581169,0.141304760281239,0.003965066495807344,-0.013112647587902246,0.004847901656783856,-0.04366088481242396,0.004332434079514178,-0.07661463909463792,0.003695910275764351,0.9760881317842506,0.0010307822231895303,0.047311621936759286,0.0019979095709108732,0.027042656608907895,0.003627153796482029,0.010848761794834074,0.004423712701352915,-0.038285912924717364,0.0036283638321212277,-0.036483698997906926,0.004427767306695535,0.10639619216805504,0.004524424430307631,-0.01745790023025211,0.006130122266917807,0.058036447724525014,0.005063336703748978,-0.0484806302794616,0.0051753236855454745,1.5099220186555857,0.005597756758748629,0.17944737534955565,0.010520190479221314
344,True,-495465.4129490064,44023,51262,3,4,0.00852873891432767,0.003581662235578482,0.7713721727827357,0.0005991572754449614,0.1469554765911985,0.0013673142247248582,-0.03161144729841988,0.00446593188923877,0.10049923887577521,0.004092863654500271,-0.0007582449697018212,0.0041857454062399334,0.014915791977938728,0.0035702068763205407,-0.266102756737084,0.006588709001636689,0.11832495939145002,0.005563484442032217,-0.0901117977540832,0.006376804045377695,-0.007110918454674803,0.005133677885245577,0.36232697354684645,0.005304964650484697,0.16797672781339906,0.00600725706758836,-0.052160673442709964,0.00474123212972773,-0.12541225922911586,0.005130576859462597,1.2498221291052962,0.0014472964400048527,0.1743551015144569,0.0032663746129045212,0.104511936357908,0.00386785928696571,0.009342352915769672,0.0052833022794878445,0.05499144794155872,0.0037857101651090947,0.04558488052379005,0.0052398135989122725,-0.398242155773263,0.005559612284309658,0.35793845582265116,0.005073383749175414,0.2954456175717457,0.005308570644375142,0.20140652343400792,0.004890980673601232,0.14849583803982186,0.004015663432867712,-0.0186224593387682,0.0049434682845344215,-0.04403043931831942,0.0044020441229395925,-0.0777258876306026,0.0037080198910007787,0.9762218158114182,0.001044574518463015,0.04899659078455757,0.0020491102538705147,0.023607590833973985,0.0036931889862761263,0.02026040737315122,0.0040405364825845305,-0.03800423073728665,0.0036956678282914586,-0.042781291384067034,0.004042869266815542,0.09817426730665393,0.004662316397469942,-0.02024286382100914,0.006008513308626359,0.05251289686601047,0.005334510545669468,-0.0603093228786349,0.004915155976460403,1.504802881930732,0.005411247370232131,0.17018867451953731,0.00998888160854694
345,True,-496758.92949368723,43983,51462,7,4,0.0013825857423287262,0.003545668277474382,0.770600610770463,0.0006032290597753898,0.14953355328848608,0.0013750479908222063,-0.03558883869703705,0.004436807594614568,0.09162347122696335,0.004008680265259732,0.008354339848847326,0.004159357175962083,0.015948025689202394,0.0035016475131568765,-0.27275260488346903,0.006563403249148064,0.11592261327351328,0.0055729948021935915,-0.08594143990867617,0.0063154552268071314,-0.0008555747224143186,0.005155550969137342,0.3464428653503156,0.005256214878384987,0.16733363585187425,0.005796849154745707,-0.05508277551665195,0.0046912569076156515,-0.12775041547579746,0.004975190695535278,1.2491572924234404,0.0014410639224698985,0.170564933189529,0.0032795636660324784,0.09557027867978392,0.0038642531018899546,0.01135211397067984,0.005110546798411393,0.04875296498356216,0.003791110376486026,0.053032477406281184,0.005079430413894278,-0.38995080617328104,0.005499719729415952,0.3496290864263085,0.004966542015840273,0.29346840903680527,0.0053071538768272725,0.20412357154293295,0.004805582129130164,0.13345568923931894,0.003973217089085189,-0.0236079202471651,0.004780212077571241,-0.04405827417240773,0.004344138363639821,-0.07821704861925696,0.0037260318850896486,0.9751979615832308,0.0010397027381593427,0.04621976388440434,0.002001827120501464,0.029382908055272192,0.003631473840088921,0.01912224683502036,0.004459569910607336,-0.04326795369590693,0.003636642060249076,-0.04265108241354367,0.004464470972490528,0.09642750092334536,0.004663895504137702,-0.023780681667849003,0.00588269542481218,0.04940904520020406,0.005022883961384281,-0.05657144816946672,0.00473898085892249,1.5037797599743439,0.004873588742973278,0.15610299851912013,0.009349231932970853
346,True,-489774.72886417864,43674,50768,4,1,0.006401939735179683,0.0035771231753166156,0.7707121324520508,0.0006113117760874198,0.1502162176900696,0.0013965768323414979,-0.035397855967799555,0.00447430530737909,0.09721009585523471,0.00405083906743966,0.0014294959142534408,0.00420183617009529,0.013988396850003361,0.0035435489729298423,-0.266421373533305,0.006600493567754535,0.11261906015005141,0.005605428021134026,-0.09817296188800016,0.00641068777674742,-0.008643701887595553,0.005210836502296498,0.3604749675329391,0.005286566959881469,0.17105174645688598,0.005971037037667107,-0.05468381765607649,0.004651303996799426,-0.11433491495874551,0.0051509578078178875,1.2506766708675592,0.0014334498429945386,0.17361350782988705,0.0033430734397827816,0.09436500295877889,0.004041534463544086,0.019009387036693217,0.005179980736842567,0.047700792811573994,0.003958853825600293,0.05434877729722511,0.005145420383669681,-0.3999513131443502,0.005517030082333556,0.35266456294539567,0.005070705375154133,0.2858540084718606,0.0052428155717099195,0.1974119328042848,0.004893387022522746,0.14738489696177598,0.0040192611464418175,-0.012973559477778349,0.004956519310326484,-0.0424239488012826,0.0043613413235317,-0.07830112726530432,0.003705118311205517,0.9781576579232601,0.001007405479755974,0.04779413202007682,0.001975130414982488,0.02641207148045655,0.0035947967229166553,0.014500504370751824,0.004042895509217007,-0.03956374918633321,0.0035979229457235003,-0.043440667022376755,0.004047429614407324,0.0938099830270641,0.004700341085362842,-0.025242726803110373,0.005860851944710829,0.04308979676628671,0.005401110381425687,-0.06023075369984817,0.004623928690023728,1.5007021809453893,0.005371802647644031,0.16518223760277723,0.010157693520795277
347,True,-493108.21478182846,43552,51279,3,1,0.004038335849376328,0.0035839182752639078,0.7707218021102165,0.0006147082629999745,0.1506792567791141,0.001394907239581758,-0.03299000974534633,0.004481265407543022,0.09725057781996173,0.004049376165012846,0.0016994769193317551,0.004206412580888731,0.01680928964326348,0.003547893879721756,-0.2767824552783518,0.0065783438832920866,0.11165558908130747,0.0056919618203416286,-0.08540327841433427,0.006369477809379833,-0.010488859091586778,0.00528387040105147,0.34743585704659113,0.005258259558928906,0.16838776937641084,0.005851318608317441,-0.052736663806633687,0.0047084561986689985,-0.12442666856938982,0.005029632592175119,1.2491532458493235,0.001405782888277085,0.16635549640802527,0.00325377851567156,0.0975466101202205,0.0038993450730543462,0.00646309786750207,0.005158375901499624,0.04785934755429875,0.0038378930921678244,0.05788743067841657,0.005113796434359303,-0.40001530406008706,0.005554559016350346,0.3599202754787796,0.0051114813340269434,0.29477949768009404,0.005324019885405942,0.2016923408600165,0.004924954457551014,0.13917885482072123,0.00393804940205251,-0.01580227351760353,0.004914566358333595,-0.048534721317996736,0.004388460323458388,-0.07870002514291785,0.003728473594504956,0.9758942346589246,0.001056941851803106,0.04889341733605886,0.0021154061571105644,0.026388611298747994,0.003401836622984954,0.02369014304764303,0.004569611328779901,-0.04542483735512582,0.003402033182827714,-0.03945205438011367,0.004574487646959415,0.09775114051760307,0.004820037208134352,-0.027752413411548903,0.0060589559119586705,0.04890159150075243,0.0053837484983366175,-0.05988981932083063,0.004822371738782902,1.5008333999001402,0.005419370937650436,0.17146005470987527,0.010148316512739022
348,True,-493649.1023494353,43909,51124,4,3,-0.0018807587761464463,0.0035772948209397454,0.7707301611919362,0.0005978796104270656,0.1468464875021109,0.0013729918855085038,-0.03350908741610348,0.004493441767743485,0.10001688129567113,0.004059426130359597,0.013806434876876467,0.0042123448072929155,0.014618253277154698,0.0035432680867591164,-0.27823883115291875,0.006519851268678517,0.11170460073660984,0.005631847310631757,-0.10086106891806469,0.006278099075572033,-0.010663473706932849,0.005199299921915037,0.3532099465064278,0.0053091269022935254,0.176078567880233,0.005856323882873707,-0.0535928013340926,0.004725812192528718,-0.12032146847721711,0.0050215585233125675,1.250988364320076,0.0014486368897529411,0.17338787650343548,0.00329328336063113,0.08814318845654183,0.004124842607347015,0.022170538481203185,0.004947573194022852,0.04349189852726496,0.004044772823082267,0.06511179532546975,0.004909422708772042,-0.4064046118560921,0.005451910607946848,0.3519542978409827,0.005042874059131482,0.27874626159004573,0.005207162133081487,0.202655508905777,0.0048684880753566825,0.13568847513226664,0.0038963182242560805,-0.012482037394248868,0.004820922837044409,-0.043967376478372594,0.0041918123884912475,-0.07677242088425586,0.003668145048178318,0.9765700879090369,0.0010013113504691584,0.045150586236605804,0.0019892932690443454,0.026120830494018123,0.003731617332621371,0.01301943395638306,0.004101570016287642,-0.03887898422094683,0.00373500596720577,-0.0408911206010824,0.004106369012900351,0.10306090537372542,0.004515251817619927,-0.015074119745419653,0.006213106219197861,0.05280853824572085,0.0049563825946464515,-0.04952845024435355,0.005009653860257497,1.5051488708747172,0.0051228774899565455,0.15944788543579502,0.009499077666425673
349,True,-494028.2403975249,44128,50902,3,0,0.0021358696131885055,0.0035710004002535043,0.7704267931418287,0.0005958014885746321,0.14595142206701792,0.0013531373619198733,-0.02987999176287864,0.004463696831276311,0.0902057374666135,0.004089143835182966,0.007046701348721988,0.004177016727018417,0.01993778267544242,0.003578452901515731,-0.2591135651704094,0.006694714511695218,0.12420775066832934,0.005516809799343141,-0.0924986013864226,0.00644250504336263,-0.006745412431770105,0.005075237310474436,0.35580987105207756,0.005264859405831148,0.16632192535218193,0.0059768566401478,-0.06473946470996565,0.0047087164718714325,-0.11531594092857346,0.005147394762860833,1.248594887748214,0.0014478989195454428,0.1739654484529476,0.00339111421884207,0.09800756077150598,0.004009404488329838,0.02484324258716333,0.005106790435228181,0.04592489525092075,0.003924179659526211,0.05252011611476787,0.0050618676569657295,-0.38914233463590214,0.005626208306001951,0.3657853100778501,0.005038069717722571,0.2913560987131489,0.005361096112068452,0.20536897007571245,0.004830436337679024,0.13757001666085805,0.004054318274336873,-0.02126202515008287,0.005002222276435464,-0.042050454410380377,0.004279202097005233,-0.07606858965213736,0.003687769538909675,0.9748857553141801,0.0011087578532690268,0.04954476000226404,0.002154481341018883,0.027247407364449885,0.003664874597973247,0.009306349189313513,0.004474342056283365,-0.04384227310588342,0.0036684553249691733,-0.04143544371496357,0.004477617592288744,0.10489327187132069,0.004810182523589132,-0.029815176717026413,0.005925651224062193,0.04730032407524851,0.005326171067934749,-0.06222703253574528,0.004583575389483275,1.4971474733362755,0.00527888372276486,0.1815757339545317,0.0107118583947316
350,True,-496477.8443810529,43808,51476,6,5,-0.0011753448617390176,0.0035760889822481906,0.769797856423312,0.0005967105465205513,0.1475737263743544,0.0013722133128198921,-0.033164542652861305,0.0044494497747122955,0.096213203451694,0.004027072684117824,0.012243708443248806,0.004169590662131667,0.007995486852340895,0.003523750920794809,-0.26763582283096604,0.006599462566376898,0.1156528922437168,0.005619875933931306,-0.09499497673503761,0.006387760150015076,-0.008186315743414621,0.005172774404931488,0.3583750482543299,0.005276763826543962,0.1700087031138812,0.005958342269033889,-0.05955207345150824,0.004662597956503353,-0.10874199796257793,0.005110076455615176,1.248060413149893,0.0014617936850925828,0.17495555276664262,0.003314266920983175,0.09188754319039211,0.004021843099460834,0.02343550298067921,0.004975773119205733,0.04328747675427861,0.003936547210832327,0.05734622234884292,0.0049309930546827556,-0.39940524012352974,0.0054275510573166584,0.3515080214002161,0.005007726628636597,0.28712416952360614,0.005205251928503326,0.19670355813117524,0.004818658026678198,0.1413899806202807,0.004063534239862285,-0.020800010792634986,0.004846595888995989,-0.047022326897238544,0.0044222109348145055,-0.08160875519884662,0.0037520571640007046,0.97509244288745,0.00102970799226626,0.046902932755527364,0.0019186296913873205,0.030329281631426726,0.003598759965274292,0.015775882777135458,0.004081339862829501,-0.03796555851199287,0.0036004149451537414,-0.0365898203216488,0.004085943031172336,0.10039000359901026,0.004577143384280833,-0.020294369286306176,0.005878864791898524,0.050156630059007175,0.005166984395741927,-0.054844080425355414,0.004808888682292938,1.5043878922204776,0.004991125111442951,0.16454362346924784,0.010115303155313712
351,True,-495070.6154759121,43463,51675,2,4,-0.008098336868132867,0.0035402735740241403,0.770378936355304,0.0006086685873122888,0.15141093017329704,0.0014081009494946173,-0.02686740771574066,0.0043697627272681,0.09021077180551858,0.004040117710339574,0.005457238135576311,0.004085589494465312,0.019388358227126635,0.0035579479716544033,-0.2680706611167096,0.006518021146902507,0.10694315922087126,0.005540256500890297,-0.09013072018662396,0.006338238458174298,-0.005204344256801702,0.005139421025806125,0.3499039674255494,0.005230495477213459,0.16807586409421352,0.005833169596815438,-0.05336902897702563,0.00464341848472842,-0.11969877123639568,0.005016643289964087,1.2498491266777627,0.0014035626441650795,0.16614864144494768,0.0031822806400468168,0.09332285797367078,0.00393387973773735,0.013972575806407646,0.005047930481701746,0.05135611364042554,0.003865152208151546,0.05681501297618027,0.005008303582785184,-0.39710168891917347,0.005424447669496484,0.35398752547950046,0.004989752613804576,0.2834476033484034,0.005144497125873461,0.1956605061106074,0.0047938713330027355,0.1440851824685619,0.00391731944113919,-0.013572587613870491,0.004753601356395237,-0.04686479502910057,0.0042302926299526535,-0.07624368282272297,0.003602313996099042,0.975877943316056,0.0009688030340377352,0.0479205366973674,0.002085911224866059,0.025677180208720226,0.0037806574733134568,0.013777312982778657,0.00416654575928909,-0.03822284895229643,0.003783270719493366,-0.039919379165426004,0.004173758518795645,0.09748341809568932,0.004670529984975839,-0.025429757745966147,0.005946990418579714,0.04901479807332983,0.005148079995251266,-0.057812569994411395,0.004768334550094953,1.5025784989075075,0.005290394868279091,0.16290156138969128,0.009285313599545056
352,True,-495430.81843731576,44167,51109,3,1,0.004387017405622565,0.003579779598423446,0.7707530046442341,0.0006053654009592901,0.1483019810065439,0.0013778418745509086,-0.02541105188297964,0.004455060849746885,0.09779492735354116,0.004085684887362568,0.010524449403041397,0.004162770354369483,0.01483169476017242,0.003594273139636168,-0.2772031854327492,0.006570695287067796,0.10939627630565968,0.005603725394934959,-0.09841197333191995,0.006321977095179487,-0.014028057270196893,0.005184187197871066,0.35170799243134104,0.005439469636071733,0.17860715247162176,0.005854572877547175,-0.06000836704159769,0.0047635882251915165,-0.1097348846141336,0.0050048647717028,1.2510001830684017,0.0014710581375297904,0.17578441662885685,0.0034078778689114186,0.09454200440675126,0.004177847619893174,0.024473975363901015,0.0049849685036985735,0.04324913870122081,0.0040913261303674115,0.06832302511926233,0.00494304892561655,-0.4028963504775932,0.005499078841264963,0.35846058495207533,0.005084799723808523,0.28320053478823476,0.005197348947051561,0.20167623407883115,0.004862610565382125,0.13858661825479535,0.003995175828077111,-0.0066854187996411765,0.004831483302250998,-0.04615923882854982,0.004307939671721279,-0.07087779359233312,0.003655065999920035,0.9769126026179388,0.0010108445635509389,0.046267905484012765,0.0021343866190663002,0.029416548311142814,0.003597510495717509,0.011960149486914004,0.004228945967224098,-0.04416650814729429,0.0035990439159245516,-0.040255285122791966,0.0042340203432811065,0.10865178845084984,0.004729911106738022,-0.030134335723371874,0.006087633360912129,0.04965678517113933,0.005175874350082318,-0.05871801538303381,0.004811772866397064,1.497140129676882,0.005300623046488373,0.18102019225485794,0.010459999314254773
353,True,-495708.46710756957,43655,51610,6,6,0.005653293623141332,0.0035548518264821656,0.7700070310996231,0.0006046390249403455,0.14879549762868707,0.0013772511705925083,-0.037671748918176345,0.0044424535573977485,0.0942680840023092,0.004041382361063392,0.004529295467744924,0.004181420253743061,0.011566317593442914,0.003518385565789242,-0.26934115751326465,0.00664526115210755,0.11734117771928082,0.005533309426464183,-0.10069103305213732,0.006386969637232958,-0.011422760194414938,0.005113239619503837,0.3500688242369954,0.0053395298684759205,0.1764731505160827,0.005904645284637787,-0.05809219849040034,0.004763924160125629,-0.12045501316134605,0.005052732563095103,1.2515918755527238,0.00142749083973992,0.17058346950463127,0.003265663390507309,0.10125161854546642,0.0039252855658368,0.01616313500539473,0.0051550983617690786,0.03950029884451265,0.003836129354310957,0.04865311444556072,0.005094338931365926,-0.40256131874780465,0.0054561107262544135,0.35161107306885236,0.005062983656173253,0.2878914781067174,0.005199324285819492,0.19547567800478594,0.004859446779208755,0.14103246641966588,0.003936750182564871,-0.008182335013379017,0.004822889877481348,-0.04854524739978688,0.004236890936887642,-0.07496857582598272,0.003658553295314462,0.9773134116608952,0.0010105209907990687,0.04739782865856721,0.0020368096674892693,0.025938793843523114,0.004190055709166127,0.014722157516796295,0.004167203727299915,-0.03671318158150939,0.004192580846692226,-0.04418347571749503,0.004172588556128427,0.10515608233135981,0.004771197711499875,-0.023383936689435083,0.006279494286089686,0.04763517508597785,0.005299112611964347,-0.05872064762622527,0.004895663087788654,1.5022996410627498,0.0057987962575362095,0.1802878823634222,0.01027515357374853
354,True,-494597.8175625695,43918,51292,5,7,-0.00018950755500104856,0.003574408009773108,0.7697782541291424,0.0006041701914513142,0.14852745396509612,0.001378251761860405,-0.030972226629320657,0.004458637072334443,0.09096004162974373,0.004077632545658387,0.008166467771623566,0.004179981208424386,0.013468145704175233,0.0035764666425163925,-0.27308823092305406,0.006531431501235922,0.11748072255006374,0.005570203612323446,-0.09025993903008865,0.006311665128950049,-0.010931565001627744,0.005138143825510941,0.3584795871962008,0.005290600098642745,0.17087034916483287,0.005936466357232308,-0.0533152025799301,0.0046909222437271254,-0.11761716754866093,0.005095712169912636,1.2491956901156285,0.0014447394904436583,0.17410039637619673,0.0033294119551126045,0.09624164239149638,0.004038441011780284,0.02315552621543738,0.005173361218876373,0.046994065679327165,0.003954161233410741,0.051302225436043396,0.005130314407461089,-0.4085922002338178,0.0054545132559813,0.35565136305712564,0.005071325157426909,0.28095082420309087,0.005188114983133857,0.2022905057568798,0.004872061379618521,0.14549451870770783,0.003941067989769707,-0.01435900617830816,0.0048979999269088805,-0.05132355912108634,0.004232805593826793,-0.07457193574434162,0.0037236964010386123,0.9763865431292109,0.0010068428519217076,0.04738305279880976,0.001956409158145874,0.0234914187042822,0.003782571287519089,0.02221412322131165,0.004198138716389994,-0.037688477279499706,0.0037833318317027327,-0.045626197729720847,0.004198830725459373,0.09469329770121498,0.004533494116107794,-0.017983412458560402,0.005932496365120141,0.048037593333084216,0.0050627755989503765,-0.052273060733082286,0.004829371132679733,1.507320444335462,0.005355669166011934,0.16226787686665153,0.0103060002755372
355,True,-492881.77175803063,43706,51197,4,4,0.002094995185650104,0.003563459129906162,0.770552795194161,0.0006087442350160566,0.1499837132191541,0.0013994988863826607,-0.027932499692830497,0.0044338428503902455,0.08663493309276972,0.00406875072190953,0.00311187140386563,0.00414108088645453,0.009748326596624298,0.0035825811469324363,-0.2725862066349818,0.006527650567110999,0.11300449109779293,0.005528955213617611,-0.08486464412318002,0.00629033659437171,-0.003561423985369682,0.0051012453081509005,0.3516770113094421,0.0052336178828263176,0.16577387303450392,0.005844232139703721,-0.0520768782335349,0.004699781660111957,-0.1265416320211652,0.005024251606180863,1.2482636469405894,0.0014052482843984748,0.16747162131698765,0.0032174047648722975,0.09621678143848078,0.003938221162542702,0.018671682955655234,0.005078136355671702,0.05497993293312448,0.003858921392619698,0.05041387465475003,0.0050543162404933315,-0.4003094056029087,0.005527834559587053,0.359016156596872,0.005077228009534169,0.2864933941542973,0.005247807952906578,0.2021139101486888,0.0048696996973250474,0.14535099580369829,0.003978338874697735,-0.012244281624784885,0.004846044299673483,-0.0400263128396259,0.004292558684906479,-0.07521506334541408,0.0036340962401497385,0.9777219406552862,0.0009677619020682093,0.04496221746047395,0.001941401809603168,0.026706955308575857,0.003846837720946525,0.021009292646948223,0.004050799512826383,-0.03948457676621606,0.003849525923151079,-0.04392350139652839,0.004055692400019417,0.10469006304592395,0.004645827404037572,-0.02138876993942947,0.006125081136187416,0.05491916294797911,0.005047680060544097,-0.05374379826491875,0.004962702937849946,1.5021091041705394,0.005588481416482383,0.17910879420162565,0.010280484831143744
356,True,-495019.95443557785,43759,51455,7,3,0.0008567755030230472,0.003564092492416417,0.770847173955538,0.000608004229452952,0.14970792464295923,0.0013929163901913594,-0.03032190469056648,0.004456712801400494,0.09625870436773809,0.004048393474774811,0.0036847103743834738,0.004171208608401566,0.01155010481711115,0.0035528614187995845,-0.26608643169000806,0.006512675486250305,0.11350244075909821,0.005472947466582336,-0.09793798553942276,0.006284419875063304,-0.005979881781928967,0.005068687942157415,0.3636337074393111,0.005134590933664457,0.15957344678198557,0.005987973864012126,-0.061825414013851596,0.00460032245974945,-0.11566584542129187,0.005148539693638634,1.2477237604214422,0.0014364000126232401,0.17365156901589715,0.003311486218441642,0.10956342340565937,0.003846907358610052,0.009074665298223919,0.005242767984827711,0.04242311261474221,0.003766892722370654,0.03940220603046378,0.005184819701251129,-0.3957417193987462,0.005592080604973581,0.36241481642023904,0.005053932308912102,0.2911018478776104,0.005344018971425468,0.19928545756549612,0.004861026039048676,0.14247960340280122,0.003983390335183247,-0.015566749773745708,0.00481903055009873,-0.04886784686764267,0.004116399691995515,-0.07780447251112554,0.003733823126179176,0.9763194650245159,0.0009810567593266373,0.04848906666033574,0.0021915704797136476,0.03569951458349206,0.004426491917380436,0.01396007782552882,0.0037478296462799586,-0.03307196353211431,0.00442997662330683,-0.04488976415972468,0.003750215893680227,0.1043126954707417,0.004600733156671602,-0.019176350603011576,0.00604843788799608,0.05292321738840958,0.005280822755290074,-0.05497510363845416,0.0046678769903944735,1.503688932413205,0.005547071626140654,0.17718754929358582,0.010000771125893024
357,True,-494272.31233837886,43913,51114,9,4,0.00895258312057446,0.0035724572311687797,0.7699441885301345,0.0005982353363637172,0.14727989858915785,0.001363914153830928,-0.03638059361652092,0.004476524640178749,0.09732843510535832,0.004043471489869379,-0.002535817882522131,0.004207783523178517,0.017135031476703123,0.0035251533836910525,-0.2643444808923262,0.0067022678613103985,0.11517674006972921,0.005503964338592335,-0.10003852868780705,0.006442877608520704,-0.015437867719300776,0.005062749392251261,0.35718773732741804,0.0052987099313659075,0.17199522445602927,0.005955463159278465,-0.05556122642932357,0.00472363017520072,-0.11998391725003613,0.005100171423973082,1.251920582088079,0.0014187951099523533,0.17108371166415412,0.0032196043676332303,0.0972262622353898,0.0040113980635060964,0.01590357034994715,0.005028626868840739,0.044749666729410345,0.003923042754226161,0.057260109418499384,0.004974007053208308,-0.4012587786230456,0.00549967298558967,0.359046770259889,0.005063130365707323,0.2850760923246778,0.005242168842350255,0.2029636888190358,0.004867591640975483,0.1475523343277816,0.004049752662103735,-0.009110582174924902,0.004946804358199043,-0.04535481341322729,0.004214727668582431,-0.07970359743760287,0.0037106658030665526,0.9778404314494152,0.0010435128083609024,0.04904203283037423,0.0020359706795376707,0.03253533815543684,0.003558837426364954,0.008854846209223345,0.0040012787069466016,-0.038374186127138964,0.0035634199705304385,-0.03717768333659148,0.004004368883896343,0.10814934813140614,0.0046486482666271405,-0.015005205400592424,0.006161385016955535,0.049785222914295976,0.005147697291838637,-0.05710855023327712,0.004907512002497638,1.5047300589649255,0.005290278072738297,0.17208011508936008,0.009784310565038104
358,True,-495307.4186682444,43834,51544,3,8,0.001058273760285703,0.003562152897072408,0.7699141459501949,0.0005976782927336055,0.1466681948471113,0.0013616360633776775,-0.0440389469987345,0.0044982311430297305,0.09766986651841862,0.004018830691007961,0.0072287065591703685,0.004242513869730547,0.011864332681897885,0.003482894418415054,-0.2776320010524614,0.006525314926794611,0.11696900352793124,0.005650824992835874,-0.08661137515420748,0.0062899176320079155,-0.005182811467893032,0.005224949372664221,0.34738891660039145,0.00524844248859472,0.1704573043210194,0.005835925516790722,-0.05219721641195157,0.004695296083442181,-0.12243135880485802,0.0050257731702551475,1.2524675102159397,0.001379573993924299,0.16542881447026928,0.0032520307248086744,0.09916019591373013,0.003929556783522163,0.01171569755677199,0.005121348602613159,0.04829585356414593,0.0038587155728728503,0.05177028669874367,0.005085050524134962,-0.4103153733706407,0.005539752572437539,0.3623070638063447,0.005112898242892414,0.28322353605281875,0.0052527042990891245,0.19526360901679332,0.004910806019405357,0.14590698398470756,0.003967172659993584,-0.009349010042490922,0.004861157846360076,-0.04894220533420289,0.004271157113449322,-0.08266161134045692,0.003703956591162805,0.9776362345338097,0.0010225285480379154,0.04968551087751629,0.0020448039720798346,0.0273409006660955,0.0037203315349236534,0.01573649787235155,0.0046098017733066906,-0.044289309766543536,0.0037228241586813363,-0.04094951879704335,0.0046153832785508974,0.10228481871655482,0.004560293295483621,-0.013057756191607768,0.0063215877676192495,0.06448846700976461,0.004977557992758594,-0.04185827273719083,0.005211827171913199,1.509299379952573,0.00531091683637297,0.16524170976009073,0.009522301664886754
359,True,-495092.95556791266,43848,51426,4,9,0.004265028110512736,0.0035681718552430467,0.7711639582974066,0.0006086170795468471,0.14912892514353687,0.0013795297580052879,-0.031425922461532405,0.004445498477069077,0.09913526042656692,0.00407837834379625,0.0053143657836034934,0.0041661876003895645,0.010890786007705856,0.003569315569713928,-0.26266212530898275,0.006553777939596569,0.11494425136570548,0.005473513537642008,-0.09593845896261247,0.006299721041235836,-0.010610236099470979,0.005060287955391244,0.3602223458882609,0.0051620289092075295,0.16410490189070617,0.0059777461098421665,-0.05536855294810503,0.004626571597248269,-0.12005727461235283,0.005117628128489129,1.2501694514843154,0.0014241830588159754,0.1727665407493577,0.0032545920379053878,0.09902904395777375,0.003987778491471713,0.01682947985949374,0.005082442768809227,0.05181527933895994,0.0039039220543245234,0.0496109505372399,0.00505400944620263,-0.3968477813605413,0.005553839879316866,0.3545859639800439,0.005028837439990316,0.29417086044613283,0.005328808295477698,0.20095777674077855,0.004865596286521417,0.13754607211238593,0.003920001431527718,-0.0145662861451471,0.004766812395997032,-0.04593694955901644,0.004305867034041504,-0.08608382307079061,0.0037042136655355685,0.9766739090821842,0.0009659987914660828,0.045736748759598087,0.0019390118842458441,0.027389491215630696,0.0037981195543915344,0.009142249129444707,0.004594476365105611,-0.04065649606251451,0.0037988315044881764,-0.034341044452666426,0.00459927205837925,0.10101561093827047,0.004426258716723912,-0.013774893417359456,0.006109291730831651,0.05278047138277226,0.00492999217711041,-0.049174476293190175,0.004809101629670899,1.5129126201290197,0.0052100028177413105,0.1608440646113372,0.009482767835282457
360,True,-493834.5330139336,43942,51094,5,1,0.00492879132430013,0.0035701968825868394,0.77166808597884,0.0006115590494000789,0.15076134460830287,0.0014041485439056783,-0.027507027287159598,0.004432380025223822,0.10035704608752571,0.004058287183713698,0.003096837585427763,0.004140610628007613,0.014395699981962416,0.003566326882563076,-0.27230510739349384,0.006459790975271586,0.10612860477443245,0.005640469678201072,-0.0920332645964149,0.006205324586199503,-0.009459196594151568,0.005202452609953641,0.35007664480961576,0.005308699456973778,0.1737391145274322,0.0058570862738998265,-0.04970470568711621,0.004701903599497962,-0.12192635938294667,0.0050368776337530955,1.2524364256025162,0.0014151656493952558,0.169332500327184,0.003282390839274091,0.09936515423946084,0.004050248408685518,0.01990891283718303,0.005046019571474556,0.050243385307753755,0.003968715995467037,0.05834337561749344,0.005008463042827954,-0.3980457104397596,0.005531628572693926,0.35863530139032773,0.005053194459679961,0.28923139991151364,0.005297950996530882,0.20212666127072082,0.004873609730168834,0.14382029478792385,0.003959288633040263,-0.015205178894646268,0.004920902924307222,-0.04147910488746608,0.004278545310771866,-0.08100920282297398,0.003684552864236928,0.9763744068294378,0.0010128320855838369,0.04660680771703995,0.001924818576881853,0.028663303891295278,0.0036641355243935718,0.015032030667105886,0.004717438090446631,-0.04118412271658687,0.0036633934583559717,-0.03412824713487009,0.004717514070213153,0.10282741284853884,0.0046498044645578275,-0.02240222785338719,0.006045974369119927,0.06168559856840082,0.005105269001280129,-0.05741448629649258,0.005061548689366717,1.5029872335588068,0.005274013256636012,0.17555050804750483,0.010020327008445074
361,True,-495830.08024073555,44126,51143,2,2,0.001752943117707363,0.0035549872699285573,0.7703465759727393,0.0005925547340052129,0.1466675732231189,0.0013675414091424282,-0.034914430953804386,0.004452280053640245,0.09339641801252976,0.004025326779180884,0.005694557066724429,0.004165474608360948,0.0127325011296924,0.0035161651036401463,-0.2736335875081239,0.006543918330306403,0.11801672813132641,0.005539088864917199,-0.09164482859029727,0.006276525925944425,-0.004239275311817587,0.005107955373070638,0.3528447218306993,0.005157836798535441,0.16355323565929664,0.005858281944702251,-0.05596172832353513,0.0046008910394949795,-0.11734297399654262,0.005010095923071613,1.2501485934563554,0.001388996257071895,0.1652355275078016,0.0031433015284141053,0.09998845720397279,0.0038787545828055264,0.012192783414623189,0.005152213674742078,0.049471936161451034,0.0038019675700354735,0.054095244136635794,0.0051052877749606426,-0.3950417310728408,0.005466749313718299,0.3607915560717403,0.00503418522240721,0.28335929249964786,0.005207695308166263,0.19655781585382887,0.004826196573317129,0.136220350760697,0.003907165075554642,-0.017725066531953264,0.004896896173603533,-0.04549616420176272,0.004141890668452092,-0.07378406873992004,0.0036695214830756986,0.9762380828258593,0.0010463711694608802,0.046863202190501996,0.0020155819028689625,0.03268243676300785,0.004698356529893893,0.006123344480342387,0.004202321086366655,-0.034104235410074,0.00470311936979415,-0.03844678615661937,0.004206256559334894,0.10266299185602977,0.0045153587646458646,-0.017007139772091475,0.00609984122740846,0.051522351191476856,0.004856796511439004,-0.05287061138973578,0.004770459267610438,1.506472979091767,0.005374381955479235,0.1733247553526079,0.010198955295582984
362,True,-494615.5941676545,44035,51196,3,5,0.0025451841580924777,0.003581459648473458,0.7708784644369918,0.0006062168131533152,0.14808649362043408,0.00137016501034469,-0.02964918439127668,0.004461731833007015,0.09316111002663338,0.004102442326989787,0.004447547485127579,0.004175910378995226,0.016027930557575055,0.003602458061515681,-0.2653264489006821,0.006743404544156199,0.12390098720726894,0.005566495380770992,-0.09335529045728487,0.006501829569629221,0.004421317501482056,0.00514900246112708,0.3537287797036022,0.005314118909299366,0.17128695229157245,0.005920614576627891,-0.060112148254054046,0.004724080882622407,-0.12098793064122791,0.005062693882971257,1.2531535053357095,0.0014943765292847466,0.17828733760947157,0.003382040946675949,0.09219003410776541,0.003962214123084528,0.02439531012875083,0.0050335200801196155,0.050697229003424375,0.0038867580173187395,0.05133529350786982,0.005003615262391626,-0.40310196835977835,0.005577458984196127,0.3634313153932576,0.005085588250869767,0.2870899828812781,0.0052670214824189696,0.20086262839361618,0.004852945621158047,0.1423247516015351,0.003955629603117081,-0.01891048388633499,0.005007265875662603,-0.044502143858961604,0.004220064034023951,-0.07045643756761141,0.0037022174152286833,0.9768644496818736,0.001063093888511779,0.04808241368102645,0.002003666795964469,0.03154075714790778,0.003962871652411785,0.012174926049220401,0.0039824704693119,-0.035898910804576446,0.003963954969422319,-0.04019808490550658,0.003986330244916378,0.0995008782550996,0.004748351617092062,-0.02444033426974477,0.005944490857842438,0.0477801723356939,0.005180696495720609,-0.05217801883503135,0.0046938333349396235,1.5026401946036918,0.0051815978575217025,0.1655130660241924,0.010101392807081166
363,True,-493316.73837887205,43766,51149,7,4,0.00817829136910125,0.0035726768857023373,0.7708088491989116,0.0006169634876712626,0.15194103854173427,0.0014056038601625437,-0.027382581357056172,0.004424753522821095,0.09676046194528598,0.004050521975155298,-0.0015475066009717885,0.004141492694843479,0.014058158716586057,0.003570499536239075,-0.2651070981927548,0.006547509189866743,0.1083777834422491,0.005505413734151311,-0.08697658911879519,0.006331851319382071,-0.008994691289663126,0.00507812684039958,0.35335356942885543,0.005352846409515045,0.17117114966886188,0.005912256034023638,-0.05645708119208984,0.004733636289515201,-0.11617516372894028,0.005056666482356746,1.25008362906419,0.001466489634657342,0.17416639967652928,0.0033585657024293586,0.09393620787945116,0.004119125913590861,0.026326284265089893,0.00506256216442522,0.04521601188913099,0.004031700671362701,0.06328666068489798,0.005013880525790225,-0.3959589814857697,0.00567680702979392,0.3597934743401296,0.005073131650922897,0.30101390987945176,0.005441069675601633,0.21143984455048712,0.004883142749500378,0.14601509108824262,0.004091868663864728,-0.010871723140082123,0.004939146621559553,-0.041876953570985344,0.004424767267712707,-0.08224716215287334,0.0037476976251178654,0.9776988403670542,0.0010846238783862594,0.051353300442950965,0.002163593188609172,0.029443111789700868,0.0037001263330694715,0.012202987825603792,0.003885963017321269,-0.038387852854813526,0.0037038565531876807,-0.043871174878985925,0.003890941608496057,0.10915401716980759,0.004659043683478224,-0.02334388844170204,0.006097729540447606,0.054562077385137804,0.005224810165657991,-0.05777531325537117,0.004984098717344253,1.5020726347237368,0.0053444812383776075,0.1806345423365489,0.010500350959551721
364,True,-493832.34934870014,43957,50981,4,1,-0.0010822749097097752,0.0035570347268580973,0.7706696112754352,0.0006087779107504243,0.14981086724753223,0.0013845707315881528,-0.0316824852230329,0.004496750249287462,0.10162000647255523,0.004024535119406711,0.00593863446022982,0.004216649736167555,0.012519612892071534,0.0035311083922276005,-0.2721312125735584,0.006510120610071215,0.10638283972937043,0.0056350351957751964,-0.08926333659980744,0.006288924797626199,0.003974694605063791,0.005225164876800702,0.34289429027271207,0.005314166008969119,0.17756872021331366,0.005814321277876621,-0.047967658111830035,0.004752126847680034,-0.11682334663922567,0.0049529322136695145,1.253301979254098,0.0014488013261140242,0.16999324544931393,0.0032960072026123888,0.09590129444858399,0.00400921796543703,0.02187799669585448,0.005122360964316858,0.04690158840735514,0.003926268151343806,0.055955692106826715,0.00507642275735058,-0.40138483963160454,0.0054939502687581555,0.35847373853952436,0.005074381589164356,0.2795281996245812,0.005209346367194551,0.197355805248985,0.004842271742252199,0.13998128899430348,0.003927072916024144,-0.013262740987262099,0.004830999705817918,-0.04445694782507003,0.004173101143208314,-0.07363253391333427,0.0036259759770980488,0.9765277022939519,0.0010265255000397877,0.04674015229965422,0.002017813248356398,0.025738679652110005,0.003958575995916669,0.017751579857725377,0.00439877757996841,-0.033838472708617146,0.003959214050669195,-0.037928624724468896,0.004400626750660662,0.09872898016040972,0.004643473024555829,-0.019962768966875932,0.006130847453420428,0.050004841040065286,0.005222466427111426,-0.052362543959078786,0.004934698230905728,1.5051845944352702,0.005812915703658161,0.17981660944453984,0.011076966070537222
365,True,-492403.4155909787,43759,50957,0,3,-0.0015732147968132405,0.0035954190746924322,0.7700411537007994,0.0006086194310136461,0.14931826501556725,0.0013984806915944559,-0.02584286512440364,0.004476338119066565,0.09515800146437822,0.004071165412102121,0.013839265636394201,0.004180012124617874,0.012350568649317542,0.0035910568410008597,-0.2769621904809854,0.006598144146887799,0.1076337499414257,0.005641718119522161,-0.09526272116335331,0.006393388557021766,-0.009799053736751218,0.005234832502608902,0.34317856288735615,0.005494432109252141,0.18273007231641056,0.005822922780014351,-0.05486533836719423,0.00487362927943966,-0.12222153733543532,0.0049909607396060734,1.2539905907768862,0.0014652401037990037,0.17352741694908227,0.003374561247895272,0.09220137287459189,0.004032572944834203,0.01900037423917181,0.005074851987692997,0.04563340485961957,0.00395035055295797,0.058263398644180765,0.005032698779312894,-0.4090396092501451,0.005409648497416429,0.3516396970031999,0.0051076923970512665,0.2848571509420825,0.005226579310354552,0.2094946531785157,0.004938803394154973,0.13109672521366925,0.003916504957759474,-0.012494330238759895,0.004751254791147924,-0.04278884512385516,0.004308304328976955,-0.08446926494205777,0.003652296917517808,0.9752319701364649,0.0009979419440537818,0.0451573555138966,0.0019855956844115445,0.028826056501665316,0.0035524692844406316,0.011790608261495325,0.004292559857255729,-0.04071976078588387,0.0035550245780974,-0.03534731502180954,0.004294888891601917,0.09555110255856156,0.004603740267611034,-0.017529523836538437,0.005936877187372177,0.044886773645735185,0.005361547697140089,-0.06811822309781118,0.00481003213648079,1.4977799990611476,0.005432266567346189,0.16972852133029306,0.009885867998822406
366,True,-496788.51031031937,44180,51461,5,5,-0.002126006744344702,0.00356190288822293,0.770551810865072,0.0005975738582100765,0.14772741341518758,0.0013824912702237457,-0.029621056624141585,0.004430785495145748,0.09711255621167882,0.0040962726901012,0.014415824108465503,0.004150555379628176,0.007226858039752724,0.003584147492898806,-0.27738893568544615,0.0064928674215697256,0.11496913773918814,0.0056009863174936066,-0.09166846874855264,0.006256246566826324,0.00018458529398989785,0.005170587059143125,0.35719139312313386,0.0052387312896787904,0.1711207625242979,0.005868618356591641,-0.05906417402594397,0.004709319778336543,-0.12310488500950074,0.005062403154529855,1.25191191135984,0.001438158085245389,0.17531569800384292,0.0033374381671494313,0.09575093720493333,0.003981755589959129,0.015449723369100036,0.005055942266428027,0.04948560497430542,0.003909030001401578,0.059039449067318624,0.005018458671031436,-0.40586501233739547,0.005477720504497159,0.3536338846585922,0.00502924172053976,0.28277188322709057,0.005206151119374453,0.2088570991160114,0.004870941560813361,0.14507072969777154,0.00400549716508179,-0.007689611455191681,0.004857791958715841,-0.04288380045388823,0.004343093924747293,-0.0818620015950652,0.0036677899758251493,0.9775514644492237,0.000960901582150675,0.04524673633390756,0.0018728130923585523,0.02706756214626283,0.003628767555365764,0.01870402704335943,0.00405848277339961,-0.04108810108433882,0.0036305006484761413,-0.044870728660164415,0.004064884813433306,0.09997666848719047,0.004520114676630456,-0.01632327125948864,0.006181170940620713,0.05945248093676262,0.005008454335885485,-0.051127756201604375,0.005081863115533061,1.5107865751408833,0.005435592220193852,0.16980293830265838,0.009939269801049033
367,True,-494281.55853724247,43954,51220,4,2,0.0014019372083897174,0.0035862438740781434,0.7692498347824913,0.0006141866615361757,0.1513113659285579,0.0014148676131899435,-0.027393626909098537,0.004503107771427714,0.09905816772490739,0.004028098773427846,0.0074416828939366615,0.004218646407067049,0.0073788373165246555,0.0035535835037048898,-0.26982276771783403,0.0066997778895922285,0.11921381985180393,0.005615730531135152,-0.08282660041721641,0.006456220995654062,0.00021446178549794432,0.005179171309558341,0.3458509907400557,0.005330971451114069,0.17427317913149887,0.005868753899186178,-0.055328441081522635,0.004726463654519486,-0.12290142802043816,0.0050359209109690165,1.2508114851055459,0.0014446198499863394,0.1708745064877112,0.0033202856998833796,0.0996631289245544,0.0039159100979076975,0.01350758647594157,0.005224352069152983,0.045423328933366404,0.003845096495752723,0.05900574739635966,0.005183285803727001,-0.4008197594525188,0.00548064024151243,0.3494702994872961,0.00504655502304327,0.28459132529881054,0.00521287973297623,0.20712359979289793,0.004861093301752994,0.1425001085960227,0.0038883234663502062,-0.012271632614636277,0.004772385299332826,-0.04583805789769617,0.00417636349578825,-0.07919089063439655,0.0036972577252183773,0.9761574587540541,0.0009326586047246899,0.044448414256243664,0.0018657072630727314,0.03141025592660001,0.0037309910687971792,0.0075127743937548185,0.00467271003157416,-0.03904193117590729,0.003733532053412934,-0.03905944079720942,0.0046763776068715675,0.09931697402005193,0.004919408895462716,-0.03085389994847439,0.006038705295388276,0.043125494015947695,0.005285533800434872,-0.06184683735296737,0.004586140783711426,1.5037019577188326,0.005075923485480471,0.16520272708925138,0.00976219631149465
368,True,-493328.38058223994,43862,51140,5,6,0.0070166001529183225,0.0035902976580763175,0.7694408786719005,0.0006027473354249246,0.14790998104573852,0.0013839880184627479,-0.02938179172278026,0.004453213105449038,0.08958180947356714,0.0040909932201403125,0.0026984733689573823,0.004167376965747768,0.012248940217394276,0.003594999838709848,-0.2788877455472476,0.0066124610823330085,0.11438891052223002,0.0056360432261451255,-0.09579041246193791,0.006351192125922399,-0.012107555162481395,0.005172922989975256,0.3528025095068412,0.005445147789092277,0.1811036578266177,0.0058868280915739995,-0.05332056146275822,0.004718303259019184,-0.11448981857393903,0.005032755945773873,1.249795745109078,0.0014110615091771361,0.16968781488313586,0.0032844297090367375,0.09426337247914449,0.004113196416465345,0.025916009316398925,0.005067505423490771,0.04657242372459644,0.004027325323295566,0.06513490967437671,0.005028675984871955,-0.41580715498636295,0.005453787946935444,0.3472431003034659,0.005144378674895976,0.28123170915559953,0.005174070670654093,0.20516031764120707,0.0049400617633182115,0.14186802188454903,0.003919449536371302,-0.010721338773995854,0.004787030692071553,-0.046538825488603205,0.004254046172999863,-0.08048905294957671,0.0036684627738738725,0.9759297247012184,0.0009763453597455563,0.04718087071950844,0.0020481384043581526,0.018024380035792358,0.003695899997866949,0.017805983041330988,0.004113876237739589,-0.03461931702101077,0.0037011317297272923,-0.041220551452769434,0.004118978877964587,0.09842527202568495,0.004552697454094194,-0.01562507070926315,0.006133338419332,0.044748818740769115,0.004979728757639827,-0.04854674543596372,0.0048133323770959986,1.5078660169524376,0.005259835195700391,0.16077117149550238,0.01048204121300561
369,True,-493100.2579975672,43988,50945,5,3,0.0030728522844204764,0.003579437503590189,0.7698883041825394,0.0006101543683241784,0.1490340276019174,0.0013836699240434708,-0.030697069075212594,0.004495698590022145,0.0933167333262471,0.0040494947158664606,0.007919338102572017,0.004213143614806566,0.013528114423030797,0.003550658437424329,-0.2718590241015031,0.006754059973062935,0.11588234182406486,0.005623334757266105,-0.08719225369767855,0.006472915287741769,-0.0066658738038391065,0.005180073551301027,0.35361110170124094,0.005433898810787561,0.17638229670919645,0.005934279149296741,-0.04804753341928857,0.0048159199324829165,-0.12485166234652625,0.00508663212573465,1.2501538026780745,0.0014539644821015552,0.1748574373735052,0.003359444972372838,0.09229390568456602,0.004071641363258765,0.02045776366004888,0.005096999474531948,0.0497000864368322,0.003993625537576599,0.06437357209209511,0.005057415399888112,-0.40254397808420794,0.005641485230400514,0.3558716611722263,0.00510347928312577,0.28966692718194875,0.005385669751342862,0.21394671654053457,0.004903748003315267,0.14886648931453855,0.004005007596525948,-0.012122475729834442,0.004959494652361203,-0.03261096665884755,0.004329083598028042,-0.08355509750108477,0.0036439059446670644,0.97724173614498,0.0010178596880603963,0.048303178753695906,0.001979572236018419,0.025971517100155345,0.0038350939648849553,0.008952936934601247,0.004534259384844289,-0.04167093965603559,0.0038382966521901727,-0.038379543296511304,0.004539364985270368,0.10264754498657218,0.004818094413877535,-0.025427691903097013,0.00633571420871272,0.051172831859096525,0.005321506092761148,-0.06012309649533376,0.005044465286937619,1.4983392884154367,0.006104951836479411,0.18854214659071927,0.010889003846586545
370,True,-491660.53504183807,43780,51019,5,6,0.0020249439480964256,0.003607040724564168,0.7691949936739448,0.0006061828121185497,0.1476583631836489,0.0013842765103122129,-0.023302965059599546,0.004455457378675471,0.09094686504327305,0.004119991870597204,0.0035340787410102392,0.004160614281009826,0.008137330338402731,0.003634071450790076,-0.27808714772149284,0.0066641544791168,0.12349276682094305,0.005674104556144076,-0.09064077421094617,0.006441851305370084,-0.00041559714149038416,0.005248752495862556,0.35762406559646914,0.005387747720484185,0.17939932765273056,0.005944053819841476,-0.054219751254939746,0.004776584554459099,-0.11876220401763826,0.0051178746412013434,1.2518575890422037,0.001408905252760495,0.16898513147041938,0.003210691991792247,0.09424179668207545,0.004004567711150039,0.01657522242080741,0.005202930148648284,0.05190031602654617,0.003940437791559115,0.058281753585551446,0.0051669100269564104,-0.40177993705918696,0.005556882718468556,0.35838089118115957,0.005122235764651496,0.28764327611855894,0.00526407036679978,0.20277046467864165,0.004945900555661634,0.1400180721862775,0.003973986707892297,-0.015719465656473655,0.004923611648219752,-0.04852718561421293,0.004218560384906964,-0.07374081230711191,0.0037480848122204173,0.976792847780686,0.0010077203209307162,0.045546826192254246,0.001959576065346493,0.025803656279455196,0.0037360446357398124,0.018289172737316485,0.003986752380449789,-0.03314487770580966,0.0037380376881681584,-0.04367613169640667,0.003990405396087327,0.09628138138610923,0.004649196174498115,-0.029352036422699117,0.006298833046444169,0.05505249174796191,0.005165858956896257,-0.05222000214283118,0.005004909342309505,1.506515361935472,0.006035407470976639,0.18261729371535454,0.01093314689790878
371,True,-493720.57822004333,43810,51122,5,2,-0.005331819862389015,0.0035653058651198164,0.7684466985454804,0.0006071453674211247,0.14889088668447772,0.0013764689315826223,-0.03725240704565908,0.004453891446641053,0.10001216254417962,0.004034327528952255,0.008693907546861697,0.00420742843926866,0.01791096477211323,0.003523946139096859,-0.2768221577830502,0.0065159383527564904,0.11040349773918123,0.005664250499239683,-0.09714057919228852,0.006286843309010728,-0.0022714894993976897,0.00524870813768016,0.35257719344538924,0.005350274009171011,0.17550013995483366,0.005885022618939613,-0.05583926768549623,0.004742107261061751,-0.1143878500902676,0.005053213294010663,1.250663191589786,0.0014434928653037638,0.17331601301096042,0.003326097434450545,0.09083554600185612,0.004062753186555219,0.029207325626750973,0.004980975852271536,0.04272198409479218,0.003980015323067331,0.05088895148930469,0.004941628257262987,-0.4030260416539718,0.005567503996804346,0.35573058558714843,0.005090078053723353,0.2791880363603638,0.005287686640846866,0.2034261538624838,0.004868629467376,0.14567575774073477,0.0039493288402813725,-0.009228986020361641,0.004888382073920812,-0.04671027352527983,0.004213617009073195,-0.0792837040990821,0.003672774466650708,0.976075335846999,0.0009664913423818033,0.0468368019084174,0.00196718420427262,0.02784827792517913,0.0037021962467245263,0.015656366399998983,0.00403455054388783,-0.036239761256134484,0.003706325841234846,-0.03916752088641795,0.0040390711951780265,0.10041676429690832,0.004725518770033651,-0.029280744613952265,0.006211653864219246,0.04986300544271185,0.005104156802453854,-0.05494256281301344,0.004848519809908803,1.4930679439779007,0.0062548175762386915,0.1970438422749663,0.011924499817592402
372,True,-492662.4552119225,43607,51196,3,2,-0.005854026644831547,0.003570334783688932,0.7703665711561157,0.0006136175718154391,0.14987458285548574,0.0013915952909586277,-0.02826254281795955,0.0044323836323122935,0.09581779190692764,0.004076626919538279,0.006087446156346715,0.004155055104876822,0.021111582674290565,0.0035803036851472588,-0.27485493101458197,0.00651021653578177,0.11232335991666843,0.005614285097297311,-0.09139855667259497,0.006306773786382185,0.00014681170975869886,0.005179669979356725,0.355901757024658,0.0052150743315408105,0.16939101120993427,0.005903771188441373,-0.05527987348041311,0.004636357086096206,-0.11493691669191715,0.005076713599529224,1.2497518968234347,0.0014112552480246565,0.16753977277825569,0.0032124792212599868,0.09279988372076056,0.003972279936140608,0.015000070572388158,0.005028209415921568,0.04796166877910199,0.003896619225121958,0.05648295752812096,0.004977370871769117,-0.40583524000870663,0.005563579988981511,0.36993852101920255,0.005113059541084887,0.28304645648560633,0.005287310383649393,0.1933568982355732,0.004838960369738931,0.1463822144101001,0.00397290787021863,-0.013907692243711706,0.004998128725823386,-0.040108233347973345,0.004191644513978566,-0.07443691215737172,0.0036332749355607124,0.9757724412149896,0.0010506930041917495,0.05011484222574354,0.0021394457275741782,0.02763052136662282,0.0034905080357101053,0.012648466507667187,0.004350651871544095,-0.04112301739524661,0.003494543985317508,-0.038742571764462594,0.00435295642542235,0.10656039139263615,0.004397331469803854,-0.006696628495341217,0.006050498985239054,0.05824968375321212,0.004911853151983945,-0.048743285440296304,0.005041243411330479,1.5133792641228367,0.004987572098834048,0.16191929063874186,0.00934133150929431
373,True,-498684.2791521475,44105,51551,2,6,0.0027743500502739288,0.0035291228803155977,0.7700912642521678,0.0005971634510937851,0.14828752417573676,0.001365198133311693,-0.03344787819051172,0.004415903452491396,0.09506973627925573,0.004036161169800695,0.011798250596501882,0.004149005555996309,0.017269778700578192,0.0035269886004594838,-0.2763828764274979,0.006428134959325965,0.10990614346371752,0.005569515104702044,-0.08004932801712834,0.006217717557482795,-0.005581780330037748,0.00516539245095956,0.3481730061388567,0.005154357159071338,0.16855132789818555,0.005805407740161106,-0.052245193433478596,0.004639498444702224,-0.12134405678232524,0.004990075255753213,1.2530878564620005,0.0013854298990505498,0.16637967266425938,0.003201699185145776,0.09818506019594585,0.003900550048724645,0.014187711231040002,0.00518148776229344,0.052161758687763495,0.0038308194816344047,0.04935388034274939,0.005146314083645692,-0.39566669036845203,0.005400503726421007,0.348973050649972,0.004999833320002704,0.2863815099184601,0.005127282495044308,0.19254190449332037,0.004805911824457781,0.13911431879199804,0.003907005386509284,-0.01640406649955379,0.004901835396939225,-0.04421708288245636,0.004220680696600732,-0.07894106810477246,0.0036372993918515843,0.9764839805674871,0.0010321179602831299,0.04603376127950582,0.001866093252722252,0.026717303023185732,0.003796895985050768,0.010422299931057578,0.004725375472788483,-0.04021076496233274,0.0037988935470900254,-0.03530992770410857,0.004728603846839571,0.09191221098696743,0.004595992593271297,-0.027130614672025568,0.005841841108222512,0.04937666786213102,0.005081939265101061,-0.05280862574457993,0.004783022697526311,1.5021158084495052,0.005651690562940015,0.17422063358242115,0.011163900459931153
374,True,-491618.2303618856,43912,50758,3,4,0.005512628800785953,0.0035631575905663835,0.770184023431993,0.0005979195636723889,0.14790465888611223,0.0013747778499079294,-0.042711608256013577,0.004453272355718284,0.09713207264420283,0.004055670105164593,-0.0010744903269593793,0.004197605055258867,0.014038432285267636,0.0035199923935962897,-0.26806188051048263,0.006597166413812252,0.11356478403030952,0.005576636709571518,-0.0917365950331834,0.00636107335074048,0.0010224300015445721,0.0051402090525918985,0.3489445338228995,0.005284944155828503,0.17095377910329385,0.0058587811497877096,-0.059139535399668985,0.004646424108644237,-0.1140058862089793,0.005028713533191294,1.250353019049916,0.0013904176048475936,0.16551085037273777,0.0032378915302889305,0.09846440003606614,0.003979853250646017,0.015099418547988526,0.005068287932579022,0.04743323650175457,0.003901544495114123,0.054916689674421516,0.005031077847005281,-0.40312430419539336,0.00548024624706298,0.353600529843457,0.005044359541794538,0.28595386489368363,0.0052357392042448,0.20647250236121337,0.004879136179969024,0.13450508461602945,0.003947175221239551,-0.005230092756763997,0.004824576164450324,-0.045431062914849815,0.004355556963887837,-0.077790148994083,0.003634894905709349,0.9779806815582048,0.001082920770428819,0.047168842245743275,0.0020027862287981986,0.030363917042983884,0.0040175710571912614,0.010187462111122944,0.0043207481192623865,-0.04009640463561022,0.004021860489270976,-0.04253494586187732,0.004324989007088239,0.10576519813938415,0.0047145967486915,-0.01703532169551109,0.006221833403370202,0.05662014052551525,0.00520134193251021,-0.05491711508149161,0.004975227803533738,1.5062782400840442,0.005106463978666209,0.16551851586214616,0.009241426320905188
375,True,-494160.04061649274,43640,51418,4,0,-0.004263413973504839,0.0035936627158336303,0.7700417509866294,0.0005997128004807117,0.14740305565738707,0.0013785511919807147,-0.028498235541861712,0.0044898676046913775,0.09187454043317787,0.00406900345597652,0.008068652418290315,0.0041913275849034615,0.01585996725855238,0.003576880548792763,-0.26900408842622353,0.00676480020119367,0.12127776055397642,0.0056248749502059055,-0.09438067909784474,0.006492162509616032,-0.00441735742538137,0.005190074671191946,0.35238706412647086,0.005416804377931016,0.17871725073631162,0.005953942353855936,-0.05225486236780698,0.004826645797545948,-0.12602381559395115,0.005144306183481705,1.251548663958556,0.0014281333255520279,0.1722454654511225,0.0033149615866752413,0.09753336750619429,0.0039724672698182514,0.0179911728863536,0.0052612194425855,0.048838945696936656,0.0038847712263543406,0.04347860643866745,0.005222429274661458,-0.3960005831772646,0.005633717318025431,0.3583743833670625,0.005066788788947709,0.29451883223508285,0.005382303350506641,0.20619884116682471,0.00487954888411684,0.14284987029401613,0.004042806153698246,-0.014929682287425838,0.004964426516366303,-0.049049002614885026,0.004413947500552682,-0.07976469522452077,0.003760189987001202,0.9769538414564488,0.0010470150387001387,0.05077070342071048,0.0022202801714237066,0.026692179955443304,0.0038641533504304776,0.017415022672118814,0.004030112792116045,-0.038430366280909296,0.0038671861753315447,-0.044228002075139744,0.004033998459760921,0.10671747047696166,0.004766509623262607,-0.02167605226595466,0.006284885335515731,0.04644389710556008,0.005292382284422689,-0.054422787098344895,0.004804686509251337,1.5056392894039135,0.005416195840265314,0.1725907783207721,0.010022197854968065
376,True,-496751.8414093957,44048,51483,4,1,-0.0014339439967566484,0.003584022577827486,0.7691379469921669,0.0006113490063400784,0.14991333679104776,0.0013971632784023497,-0.024705826593716017,0.004464632186786315,0.09483660832507246,0.00403340133315382,0.002015109449230601,0.004175652092176039,0.020904611401067377,0.0035606144844096987,-0.276402282182439,0.006479799207086923,0.1095627149459201,0.005615883560643426,-0.09799683997705061,0.006238580380743879,-0.012287339564716894,0.0051793354730113456,0.35419415217605743,0.005313748877347513,0.18051720159823478,0.005894139178253745,-0.051659981514667185,0.004634833332900062,-0.11142327092988234,0.005050261799163814,1.2507553000673257,0.0014423834273442626,0.17202289628379808,0.0032555361762521273,0.09410906054303186,0.004181116602592055,0.031387452809081375,0.004971591023076168,0.049703458955084656,0.004088642439310288,0.06536051663795317,0.004931809017457436,-0.40486131170762146,0.0054953574610065135,0.35889938069446575,0.005094692353104498,0.2818151854143558,0.005270518281937342,0.20218926766060355,0.004891581660045255,0.14529775901875766,0.0039892545155327565,-0.01650349692528453,0.004849442943704517,-0.04670595690987904,0.004300663083685046,-0.0780856604631459,0.0036918639975993895,0.9762959397121179,0.0010137657662150357,0.049613530590882735,0.0021477906622750717,0.03700232536869943,0.0046941759956003505,0.004350879409646839,0.004175050454171446,-0.03213815525650913,0.004697124458430908,-0.040486851982241764,0.004174361946714433,0.10290529590866854,0.004431115230035327,-0.01783994158878204,0.006027616869591389,0.06119511150038348,0.004805366313122958,-0.0516314437939314,0.005101160742982075,1.5106742214142905,0.004858605899294988,0.1585240552802192,0.008993670891462538
377,True,-492856.4183682655,43779,51166,2,2,0.0019931920954733844,0.00358162936246605,0.768933183411417,0.0006032068536201418,0.14838978265423028,0.0013831086066440068,-0.03229353215970445,0.004480005899567538,0.08938445015676151,0.004058943278300668,0.005786595967138789,0.004204990109641886,0.017399170815754664,0.003557532960271456,-0.2816385367780022,0.006615996569418844,0.11944057657040029,0.00570144800291885,-0.079223695047381,0.00641675097925009,-0.0025857657389115156,0.005289781774821891,0.35331091805345405,0.005344779670785014,0.17974109606550734,0.005872648240384982,-0.059834288364301005,0.004703638994965017,-0.11773330219529163,0.005052845579076419,1.2508421386755306,0.001405789001141411,0.17066204499978072,0.003278434458300325,0.09652348459428668,0.003978320770258839,0.022441821134220483,0.005116955946963685,0.04934517085689034,0.00390367959062194,0.05554642256497019,0.005084993344019949,-0.40790298633146954,0.0055396742892234166,0.3549199619145381,0.005081738318796791,0.285287539737691,0.005255963339781181,0.20292990369483954,0.0048862355076625865,0.13988321249658217,0.003988491692623639,-0.01732311756336111,0.004966120805752968,-0.048159370807036396,0.004280588200386538,-0.07646168371036252,0.0037622238966432257,0.9761554331908507,0.001132902093942345,0.051259579452897906,0.0021455887023407727,0.03666192587400142,0.004915437947084545,0.01726495777918603,0.00353556914528377,-0.024236465616371678,0.004920787617219944,-0.04891970766733759,0.0035358359913974353,0.0927892759319159,0.004631530567799462,-0.024737526565448906,0.005978622172330957,0.049009017953370225,0.005067826789551041,-0.049518046490081596,0.004826367349061852,1.5106645966111356,0.005099897711075663,0.15472728579658895,0.009813992789040896
378,True,-495801.92215222854,43844,51554,5,7,0.002370371529089972,0.00357953761164595,0.7709097293807872,0.0006038553401748747,0.14842773128602826,0.0013898861484957226,-0.03201338329926582,0.004427479930186892,0.0936070923405822,0.004086082131481741,0.003722734468985768,0.0041432935590227015,0.009816040896455151,0.0035761770349122977,-0.2733170286331527,0.006666931639988198,0.1165111638038952,0.005606940312144927,-0.0911189384039887,0.006435159328084699,-0.008514311707540965,0.005182040182733364,0.3549928272958153,0.005312864619228944,0.17148316273552522,0.005906067060510315,-0.05874873584863463,0.004719668969859459,-0.11659775073500833,0.005087431311614274,1.250547391748591,0.0014346852745196204,0.1728262303061853,0.0033602250243441323,0.09856054569329775,0.004031028490637884,0.01345118630066901,0.005209594089877571,0.04934079326631315,0.003952900638033884,0.05998274665127097,0.005163843151845618,-0.40335362189624424,0.005599469299566305,0.3644371511519413,0.0051055607332619905,0.2926559573560557,0.005333764817936494,0.20180708751699317,0.004891145122582564,0.14382527092764638,0.004070303845193078,-0.016861421576252693,0.0049826179640037535,-0.038349795510370314,0.0044197644890455485,-0.07804973053949235,0.0036849107873425696,0.9778030938946377,0.0010892047407225491,0.050187549400826155,0.002122410289262206,0.032802518662933294,0.004999106068031682,0.0051371647400238795,0.00437981340542011,-0.03741630728989507,0.005002045951949563,-0.041377579953605824,0.004383798541225588,0.10542215317995052,0.004677126471978292,-0.021500312121490065,0.006190720980065566,0.052104197092827306,0.005372680914695135,-0.05833273838085214,0.004851244366433486,1.5005252869734966,0.005319714692407107,0.1708994215071102,0.009855549238141373
379,True,-495700.84011052875,43714,51603,5,6,-0.0005763569230123402,0.003576282812638182,0.7704749250996855,0.000606315037241012,0.14828696617513643,0.001380983336957839,-0.02113889563842713,0.00440717539445437,0.09102446821756122,0.004127286099834897,0.0013431071501967136,0.0041078168284856345,0.014683770411736099,0.003640549531583681,-0.25934307246995525,0.006606496554136812,0.12030799153685849,0.005498754828645263,-0.0924324111712929,0.0063798511997997225,-0.0035358970227262216,0.0050747019522353175,0.3606400206824118,0.005203995599273105,0.16532554826509926,0.006018034760209641,-0.053837334266187635,0.004701062580210429,-0.12839802060240946,0.005161486397622425,1.2498890842697672,0.0014016795188233067,0.16900720137519595,0.003170169514458532,0.09763649965494352,0.0038820263745344575,0.008118351452656674,0.0051250452538068765,0.052685240227406886,0.003811380078082246,0.048409757673679034,0.005081616925311558,-0.40263193236737294,0.0056896638339012295,0.36781296407347003,0.005133181148389493,0.28615147970531046,0.005445308751917472,0.20035199257058173,0.0049066901869872556,0.14582066413059558,0.004060283271617919,-0.016215578321688157,0.0049177234709332565,-0.04549363705690787,0.00432569783985423,-0.07438262662217447,0.0036907428336719543,0.9763896343743805,0.0010259694248831441,0.048031456734501134,0.001998832869754146,0.023726689939060776,0.0034633723093587887,0.015148089449311803,0.004577040598667528,-0.04112270162640265,0.003465543805969873,-0.03553215917238035,0.0045797379294322945,0.10087762954085486,0.004544238688394974,-0.011958898636268641,0.006314292902507285,0.061783984908419326,0.005054751390552457,-0.05104494726763549,0.005255013403384063,1.515478473883855,0.006364973944900987,0.19460990591686284,0.011707228610652542
380,True,-493926.48543017346,43616,51322,4,2,-0.0024322456952977924,0.003564132081796923,0.7692315794467849,0.0006098955886729707,0.1495632664134039,0.001393752479081578,-0.022507811074181726,0.004428805335101611,0.09042847482481965,0.004082595815135846,0.009328316757142787,0.0041381896988038815,0.014602312454553274,0.0036047380911314944,-0.2639613784857578,0.006691610828772236,0.11631635841587622,0.005529264541244837,-0.08723564840506193,0.006430665157216876,-0.0013324346666213612,0.005113364737791151,0.3509165976135333,0.005298527024036506,0.17050042670389903,0.005932801612570946,-0.05806670031041405,0.004718814063255837,-0.11714998087134725,0.005060278103061932,1.2536980823776778,0.0013972337349985597,0.16625687056369284,0.0031801523107490987,0.09848099256448022,0.003935229834920074,0.020438014854253433,0.005154230579800271,0.048699408632769586,0.0038522935338735327,0.050208764762734524,0.005107257360555711,-0.4076131518843205,0.005571017486029566,0.3614970320157585,0.0051150757529311594,0.2851764250735197,0.005278434243643461,0.19718726102036765,0.004899489192045985,0.13914916443876535,0.0039536247378371995,-0.006874063717023901,0.004796537545903225,-0.044335016655871105,0.004277838944929126,-0.07673459862823667,0.003700544369772115,0.9769440600162933,0.0010147322603443198,0.047136905371649704,0.0020783047085890065,0.030710236451006814,0.003738045986902351,0.016337239971346205,0.004351092479438897,-0.041328699905383376,0.0037396997138212855,-0.039196883253274244,0.004355210838286099,0.10361787311820407,0.00465712390171894,-0.01483370780392054,0.006691039600009046,0.05198223379161379,0.005236571774449524,-0.055592410067461975,0.005077358771113369,1.510040692632214,0.006952699859917089,0.19669228091267746,0.010851045400482748
381,True,-495638.2659899257,44225,51127,3,0,0.005609861108184162,0.003577738969405869,0.7702910805120831,0.0006129827439624314,0.15107290694605255,0.0014044012825996377,-0.030262493610500027,0.004437283610254655,0.0939851189373775,0.004042564268606379,0.007207960616216627,0.004158499546747177,0.015863551080537067,0.0035493652065374756,-0.2707245756963955,0.006451824388028233,0.11153752736236008,0.0056077022584547255,-0.09429371979314544,0.006237165354934629,-0.015064016404506882,0.0051646163855074674,0.3519481112289814,0.005219643175910881,0.16899406448156143,0.005881066091683814,-0.05509558799158457,0.004675313076180123,-0.11606310771778437,0.005045545048488867,1.2498935407243041,0.0014282334466820812,0.1692208638069184,0.0032444294174228255,0.1045667310926469,0.003913295911250432,0.012624986750850336,0.005212255500729177,0.0577080692428141,0.003839918751897768,0.046789047416609664,0.005171849521882488,-0.39895435495805376,0.0055235367705955265,0.35940764549622817,0.005074424944515242,0.2918472443166414,0.005272285098643566,0.2038635535798469,0.004894322083687898,0.14576049180879683,0.004059682213303484,-0.016593187436766504,0.004910110539990066,-0.04180514615710099,0.004416800373237998,-0.07994744114924632,0.0037161277397839343,0.9763928079896345,0.0010620666566676928,0.05117131777095913,0.00221772677260465,0.02968730231490536,0.0036082271050503606,0.012986298776941931,0.003966862431891041,-0.03941415599704656,0.003610642608434083,-0.04028537546452436,0.0039716990616335685,0.1046871525897679,0.004802444215179749,-0.02989550544108517,0.005962354525591916,0.049409499934417046,0.005350877844078339,-0.06021052889845731,0.004688391534686439,1.497001236320776,0.004979856713454245,0.1670383888734091,0.009395340384072803
382,True,-495076.2959024331,43771,51351,3,5,-0.005341308805832526,0.003574726726480634,0.7701688934698369,0.0006066533248805239,0.1489240994910013,0.00137988339465904,-0.027791147022967883,0.004456274135526878,0.09645647755126419,0.004062172591953067,0.012326886243368047,0.004168654813394924,0.015369924904373642,0.0035703398617361894,-0.26770562982383117,0.006604678609675653,0.1167645654158789,0.005520196858540279,-0.07768527479474065,0.006390689945553866,-0.0019020510450004126,0.005090150372476009,0.34767723884511414,0.005361416315715518,0.17206231296743246,0.005858898748661965,-0.05490763194751444,0.004759396096215625,-0.12011109210951697,0.00503580024429256,1.2516727277228563,0.0014652334594335015,0.17331064881571445,0.0034245803352294935,0.10066919074992103,0.003936036496517712,0.01686894858692711,0.005170677811246579,0.057425557113089484,0.003861561760213243,0.05528567228709032,0.005132187979513669,-0.3917941579218839,0.00561176116390865,0.36206643823847645,0.0050448324932434434,0.29630089922806047,0.005358803528040501,0.20701647266381487,0.0048443147816387535,0.1487144060908445,0.003983528173378498,-0.02064758815417681,0.005037308931626852,-0.043060548677620686,0.004183869549619826,-0.07899120038858791,0.0037281697812018132,0.9763046013542404,0.0010073135446287407,0.04725172525580248,0.001881377910365068,0.02677825432228917,0.003934351628043777,0.01656471842879126,0.004398917982767057,-0.039507220691104995,0.0039358596695904255,-0.04051521688943745,0.004401678641448231,0.10110374986750847,0.004852352051161308,-0.03195249792576522,0.00595073558785355,0.05224793699250035,0.005332133811137851,-0.05626579270507836,0.004868024684534875,1.4963897437315168,0.005226548577151657,0.1682726760732975,0.00988476408412757
383,True,-493380.71015989827,43484,51381,2,6,-0.005814917760850192,0.0035775297350515807,0.7700896378470059,0.0005996708255798233,0.14772826226277883,0.0013738667787934061,-0.03164384692416833,0.004465573793564544,0.09061495889552941,0.004043953033789273,0.00829401467307442,0.004177114660765003,0.011463345234828852,0.0035423550371754793,-0.2767173424259827,0.00656363858649629,0.11100075572357807,0.005663159171687658,-0.0923050954445683,0.006319594923405924,0.000426587227319642,0.005230466301693243,0.34437268485575606,0.005338372269247739,0.17169615684869136,0.0058181427683970935,-0.05857136141963261,0.004714847578136711,-0.11799303130362801,0.004995730966446893,1.2501726478893511,0.0014371986830284955,0.16930263158896797,0.003328798674215344,0.08655442340504661,0.0039569547744373965,0.014165790123352093,0.005071106368067371,0.046211768771493,0.0038798140167057137,0.04991537660429985,0.005033685168464237,-0.4079817456421127,0.0054311178082260885,0.3548378782133393,0.00510182110655508,0.28492081943365977,0.005180254097026286,0.20637288750185373,0.0048860422883630844,0.14133261684421547,0.003985085476427292,-0.01757832006129073,0.004803986477377857,-0.03832197000280138,0.004252201475709242,-0.07686673769818439,0.003608647526418583,0.9758297940932805,0.0009551902725556394,0.04451425422192505,0.0018980245188736054,0.02445206576532969,0.0035239172869314245,0.014248115659026173,0.004354955314248258,-0.04096402905998997,0.0035255107568887114,-0.039006028042343446,0.0043606644448193075,0.10074061221638714,0.004582459810395871,-0.021037075445890167,0.00607253966546456,0.05039819920598942,0.004969981792990258,-0.054211037988088316,0.004754330249048122,1.5047477867041665,0.005271063745123761,0.1670798981454496,0.009796829621207662
384,True,-494897.20231211325,43789,51329,1,1,-0.0018251040514071742,0.0035661628362971443,0.7714547556659102,0.0006160829991964656,0.15177997828413606,0.0014074993567414484,-0.027467687074214108,0.004468075762362791,0.10488989704286382,0.004034940315870021,0.009009799930845757,0.004179935412108269,0.014721408730929668,0.003555728098749186,-0.26259222073490435,0.00658112233702729,0.11178883914076669,0.005466555487615325,-0.09259864051635601,0.006368159218326506,-0.0025015983607193266,0.005047249664948921,0.3443564061839053,0.005418878877052189,0.18413093636500288,0.005797576837305673,-0.050944226678757094,0.004759425963074318,-0.12045108495951459,0.0049530360600910815,1.2533846165994624,0.0014774354806939005,0.17367818675819113,0.0033039313556016,0.09008422150040273,0.004051716427485274,0.0267220758442251,0.004899294418886513,0.040930647465813194,0.003966426265943026,0.059017039669515,0.004852810552638479,-0.3954868973502995,0.00554123608348532,0.35951538950956513,0.005018058624216051,0.28634119359111554,0.005264856467261891,0.2010605770044795,0.004829743556143796,0.14031274906754593,0.0039334927672908734,-0.01245720713040226,0.004907881108202404,-0.04890526808152702,0.004291671383707573,-0.07830649746261849,0.0036632721715216705,0.9768738352147864,0.0010944459475508705,0.04959240082931128,0.0020486846062210545,0.02672042865421505,0.003207346290111712,0.01812701818055438,0.004118037081210841,-0.04035496457200001,0.003208520369546902,-0.03351743259875266,0.004121664319446439,0.10155920525384554,0.004527080893326967,-0.02105941838780477,0.006136034049900812,0.050385096758889934,0.005065828554050901,-0.055520748673440895,0.004794436421721568,1.5015071462365983,0.005290164802096875,0.16603126144027333,0.01000976288512706
385,True,-493761.48030138295,43585,51378,5,3,-0.0038219887985368765,0.003551957076393796,0.7702159247143863,0.0006019404412965224,0.1482740892056076,0.0013717071037046974,-0.033941986533862635,0.004429062996343848,0.09076146459214705,0.00404316723153659,0.006594404805106611,0.004154195651292353,0.0175948937096261,0.0035336894071354313,-0.27741683593759586,0.0065471118907188515,0.10753259068640296,0.005603141504633028,-0.08392443296949552,0.006286870680875855,-0.00697471012184461,0.005176806757571878,0.3513067553492257,0.005359993951105376,0.17915634322310767,0.0058297299710206646,-0.048812577233390116,0.004689261395225471,-0.11157079657764045,0.005007292585598394,1.2517322958549613,0.001419149476512005,0.16954225688358276,0.003264930640893976,0.09948298242737276,0.00396736675858086,0.014601587985932045,0.005110179158708919,0.051292592989762846,0.0038915586753679294,0.058769333873254746,0.005071896300898519,-0.4005024799171705,0.005444801130886333,0.34939116572629325,0.0050302187814715935,0.28181357564136716,0.0051442556503741455,0.19806128892971894,0.00483928103635479,0.14172756074362192,0.003964822660862065,-0.020111560535652946,0.004822120904621888,-0.048139256427945795,0.004265707210609183,-0.07235848494698302,0.003640248464869709,0.9752579858880016,0.0009839435369684013,0.04610125933682918,0.0019804903986483033,0.025882836442132795,0.0041261327938447705,0.01441276372750438,0.00441718287510045,-0.03711384244564339,0.004129469262376906,-0.04352047804440874,0.004422762443611294,0.10382099747934127,0.004614485810321445,-0.02063135495689783,0.006113907672763315,0.054479440859786836,0.004989925831000709,-0.04920392055904501,0.004814271427436637,1.5020286558092433,0.005237777898958629,0.16757874763138172,0.009644225139228843
386,True,-495215.0663979191,43601,51661,4,4,-0.004165511335976828,0.0035635145576980273,0.7703660490516836,0.000618867830591785,0.15234152422737515,0.0014130292717804416,-0.02362524402175568,0.004405771771538328,0.09477464912068775,0.0040506473628116515,0.009576187462695326,0.004117063085919701,0.014300294950306906,0.00357970127086876,-0.2732051928587585,0.0066793833622502225,0.1190354245156866,0.005590988676015493,-0.08859873558748509,0.006434187088463884,-0.008070113477351246,0.0051618243504824544,0.35078436679949054,0.00537767507906266,0.1757101063723527,0.005872489686966863,-0.054354986475072024,0.004766475666216358,-0.11413801435452156,0.00499812304189983,1.250453815258999,0.001507203254367151,0.1775435722687654,0.003381872915261,0.09093617343663041,0.003979787969052275,0.01535912041820097,0.005106416671450585,0.04745203797041311,0.003911673599444325,0.05806968570687573,0.005063552451334339,-0.4013715623012584,0.0055501124609875704,0.3547308604061882,0.005080346238356575,0.28722290895225555,0.005241521103169653,0.19940791796186663,0.004863897851768687,0.1412787297635022,0.003960108926767295,-0.009552450376508287,0.0050248767384806926,-0.04228469933436354,0.004272663839908393,-0.07466575751327105,0.003643813290020708,0.9766826483114938,0.0010750527048413172,0.04722640886509572,0.0019416516856454319,0.029996593195504906,0.0043195009004501125,0.013258539630930415,0.0038377307710410528,-0.03242280764761526,0.004324255688143712,-0.04222393849847323,0.0038407726426990187,0.10417506487427888,0.004742018950721359,-0.021391843153511083,0.006007025381395103,0.05216005181020476,0.005345478639621471,-0.05557154683982619,0.004942514100965097,1.501115195742451,0.005620238822443779,0.1838291048663863,0.010954260319279235
387,True,-492623.11219934025,43762,51128,3,6,0.0003499304375879054,0.0035574583313422344,0.7704812381932818,0.0006077924537502555,0.14919056418008722,0.001388847142284863,-0.03026139016867799,0.004437119775910373,0.09709130057324358,0.004088559423473607,0.00892937472525385,0.004159673461077158,0.01526706294811321,0.0035837334249972787,-0.2641867051327211,0.006635291080098221,0.11617442672810978,0.0054377517029202335,-0.0922646138675328,0.006361881468948886,-0.0089762569739647,0.005016568211485582,0.3566389212183679,0.0054161105541113445,0.17473246753570945,0.005927345218931907,-0.05490952728742124,0.0047746779372440104,-0.11545746242283125,0.005077963029630457,1.2529933477664497,0.0015236083341418905,0.1829154698513714,0.0035452848085879146,0.1052064396116734,0.0039184902764233245,0.008773086864062047,0.0051706330755159945,0.046603037932932086,0.003835254265134755,0.05392549325267311,0.005132310054789027,-0.39874599833407515,0.005629614632697346,0.36147213429922026,0.005060652872813074,0.28512194753088943,0.00537859029553287,0.20118930149523287,0.004861701935836463,0.14008469905829585,0.003988644862669233,-0.01571078801936879,0.004921514163463196,-0.051331948526398344,0.00421273610549683,-0.07030212005785855,0.003752610902576167,0.9761092835104627,0.0010810646748227737,0.04880733945325026,0.0020978031242618184,0.025986892048651816,0.0034257151861024696,0.015364039379972487,0.004249818318819179,-0.03981788511261919,0.003429820958762478,-0.036860289362131635,0.00425427952267992,0.10675396198358932,0.0045622858652528036,-0.009728729933355848,0.006278549106344252,0.05818000039622268,0.005033815781312257,-0.051599916939294534,0.005154758269558565,1.5168444610995133,0.00613822251489049,0.19171321330010402,0.010948354294124135
388,True,-494471.3067996799,43524,51429,4,4,-0.006094774645826267,0.003571968769706842,0.7696839911288701,0.0006000496347958184,0.147521058013517,0.0013631608367349335,-0.030275048590355763,0.004420870305822812,0.08973403969806393,0.004054800467564702,0.010405987069162513,0.004136434333638385,0.015207208106192043,0.00355524537914307,-0.2766428651027779,0.006585662131463823,0.11066714196651714,0.005779468750436962,-0.09389526765033179,0.006361551905237938,-0.0039581890238362125,0.005362407699487021,0.34962463472437194,0.0053447373584132865,0.1741511423618234,0.005900600969275887,-0.05487733601943222,0.004696744684815036,-0.11424396382980109,0.0050717920162873555,1.2510483418227032,0.0014271442268649626,0.16939503655486826,0.0032943345661221035,0.09196617701809848,0.00405319195085711,0.020477688583768753,0.005191177840137032,0.043168167325198036,0.003971233230853041,0.05303283970532887,0.005155695819629767,-0.4027326673607269,0.005527332151687236,0.35505966152366303,0.005064728300964874,0.2902105079330204,0.005240461060002596,0.19558527675572257,0.004874877698995305,0.1439730889780433,0.004097015576900998,-0.012265477539936481,0.005045984559404032,-0.03772985750872274,0.004440710274163395,-0.07961856228148877,0.003659176859736829,0.9774313910215435,0.0011200649126552609,0.050615581107080906,0.002155014770130966,0.029351037645503553,0.0039078930546270815,0.010842964722105138,0.003977129252480192,-0.03940225214286485,0.003911253684893162,-0.04443114482157233,0.003981771331028346,0.09915707389722929,0.0049143600311548005,-0.03647910238548233,0.005852144158493741,0.04549992204385016,0.0055202615776495205,-0.06739669628077943,0.004600428101512602,1.4906914879432234,0.005001753374995643,0.1669109144360973,0.009345186361005939
389,True,-496684.71543068835,43736,51797,4,4,0.0021464762521341196,0.0035762234313284984,0.7706421657201423,0.0006013860606876587,0.14805515733137348,0.001375712672761431,-0.02987580228650235,0.004415376641534824,0.09580679134489323,0.00408514372385391,-0.00022571942754218241,0.004131913302925873,0.014771246306152858,0.0035809787264605717,-0.2697905704002832,0.006646324792165867,0.12458583715048965,0.005601643067310997,-0.08760979421918931,0.006438197506575114,-0.008219509208825698,0.00517091064616091,0.3486553944234473,0.005297138928907877,0.1750247533501268,0.005874537836149002,-0.056032358882777,0.004733462574175623,-0.1217264302061,0.00504480264453096,1.2519547849836006,0.0014093743204570686,0.16860119071984012,0.003238684888662177,0.09365691041942335,0.0038887849977379593,0.010836986211368145,0.0051645843940856025,0.04850567785654606,0.0038162672900299444,0.04903127362669767,0.0051217590128997985,-0.40219651252902133,0.005502043894938024,0.35756339541122545,0.005104639462881652,0.29324403393138004,0.005311000655262883,0.20235232022430746,0.0049148943263617045,0.14707389056662917,0.0040011689487123555,-0.014976299236360888,0.004945197451837141,-0.04271024261966553,0.0042887901978181,-0.07852407216548817,0.003725291442497838,0.9755198871682914,0.001053119939735614,0.049637413017620605,0.002055232501788788,0.024329131622461753,0.003781777548963234,0.014514320536795388,0.004760039077535666,-0.04213940998605654,0.0037849416299706,-0.04075614155261311,0.004762825872115103,0.09239239699960501,0.004582571006640788,-0.018719253829695658,0.005665603188484387,0.055316304635956715,0.005231117074697143,-0.06369175911082431,0.004892652511735465,1.5060606483371697,0.005003460883124866,0.17139459793357992,0.011284662650664107
390,True,-495320.09708145424,43879,51395,3,4,-0.003132392863666271,0.0035731588581840354,0.7696097640659414,0.0006107769829267751,0.14997593585989685,0.0013938638771458234,-0.030752939764181208,0.0044837476535383065,0.0987148140358671,0.004021795400171576,0.007642340917201511,0.004205513658797451,0.013695076056864944,0.00353540821504614,-0.27705851379770197,0.006489355832373198,0.10975749017077072,0.005555007246029822,-0.09539302224379832,0.006222483330542201,-0.007334489239181758,0.005130018709015007,0.3569557439908183,0.005232411653454579,0.17175890422115647,0.005890292849971981,-0.05543972842571029,0.004610308146003841,-0.1099938486397149,0.005036980288439579,1.2504117426550854,0.0014066278563230616,0.16935928559283758,0.003235065360751868,0.09388336963047168,0.004084653118098809,0.018721202558623716,0.004978678130588464,0.041513989189447126,0.00400817777927024,0.0664714652653798,0.004922726810479079,-0.3963916825263103,0.005581751439463804,0.36388879431023824,0.0050729759346719,0.2827242853470723,0.005276086214275494,0.19915066170718096,0.004860235207226474,0.13791340823883372,0.004007109832726143,-0.01959410002664517,0.0048600442585494605,-0.056626598481931,0.004194436817370019,-0.06910326172603054,0.0037435811288250836,0.9739827306154994,0.001060685236112635,0.04758244461208814,0.002048434094187805,0.034095775914143284,0.003957069352664178,0.010865599641099361,0.003947941053389404,-0.03890243939568436,0.003960450181785107,-0.04201885734252438,0.0039559146314388375,0.10970337596292262,0.004482489627309935,-0.01969721962949199,0.006462291344814891,0.05130441447684656,0.004841118319746114,-0.04473402477859176,0.004868844823527833,1.5072812991032236,0.005601422579803339,0.17058823171933796,0.009377086544902338
391,True,-494010.8271742064,44081,50889,1,5,0.0006984337936006789,0.0035436742044752494,0.7703006871536171,0.0005939039392474088,0.1469516639237125,0.0013578775116262626,-0.036728730711196464,0.0044658622478806215,0.09520405514596035,0.004011328421844392,0.008103764658076062,0.00418847601739736,0.00968442645787186,0.003496587091783693,-0.282957684450802,0.006499823578990418,0.11150461337690935,0.005614832563611345,-0.08000175963702041,0.006272115341697248,-0.0053625098157809225,0.005189816664636256,0.35010823121888074,0.00526486104661394,0.17066042849834034,0.005857673328739271,-0.049913406032694604,0.004706440555573362,-0.11502533469533323,0.00500393781753005,1.2515508119305483,0.0014580821594369908,0.17218023218836692,0.0032800068222193224,0.0927989504453177,0.003938118687024589,0.016809673099445175,0.005040447533236384,0.048228535459140305,0.0038593544902048586,0.04931823368489624,0.005009203133284984,-0.39645684294559763,0.005458679982561929,0.3512373679894215,0.00503265145444867,0.28350727971458267,0.005236682643202331,0.20427142614191365,0.00482424286694904,0.1395888483479967,0.003995292787906569,-0.010875818377553692,0.004829718903615196,-0.03670943657385807,0.004316346286490243,-0.07881016666144396,0.0036532849946722067,0.977733536617258,0.000989736838565236,0.046133693029452326,0.002037600584749749,0.021480066753037628,0.0032886807555326204,0.016323911257665403,0.004437950657170349,-0.0478300672612269,0.0032917063982039036,-0.03768644401803986,0.004444375673373126,0.10402606161608832,0.004618680573415327,-0.023545029902065313,0.005952212910801663,0.050537065996728615,0.005164132513471255,-0.05510165237298447,0.004847324711594431,1.4972328962999946,0.005040906744990692,0.16511042592388075,0.009631124254052686
392,True,-495752.1500325878,43984,51295,7,6,0.0027153612044291783,0.003554088146354023,0.7702809352072559,0.0006010224737216796,0.1480350099201425,0.0013706235135999695,-0.032078840205620775,0.0043942559179463245,0.09237591582262512,0.0040748175906840526,0.009980227024735479,0.004119278532207512,0.014648735258584827,0.0035622185127535282,-0.2683029813565375,0.006502276822240317,0.11770599440613712,0.005467805471153058,-0.09363264804507716,0.006264772407836383,-0.008384621173087936,0.005037892317555985,0.3544531756587623,0.0052247310689736435,0.16891181519676596,0.005887375087655336,-0.05835456945907784,0.004645282583407236,-0.11568201793166519,0.005023954875805968,1.2492671408035367,0.0014277069714532242,0.16968270721856724,0.0032035331975409503,0.0992947209124533,0.0039071643465689735,0.012946567883263888,0.00514846425764333,0.05046842291049126,0.0038316028404433503,0.05195617445152327,0.005096122447521171,-0.4026460895285367,0.005475432003437876,0.3595847482718525,0.005080480274829896,0.2857306825398151,0.005244182649811974,0.1967747759972923,0.004848983244423492,0.13653773912701764,0.004020485697532079,-0.01477203931575456,0.004840447321117461,-0.04382207110551072,0.004426621526550456,-0.07531201655757329,0.003658093851389324,0.9770702843496933,0.0010974223600681565,0.05076394890006969,0.0023250739735330983,0.022791114088348694,0.003420688632528714,0.02066983292201728,0.004197706848716929,-0.04128759603054706,0.0034234449465796995,-0.039143794120621286,0.00420240814497147,0.10411167222320478,0.004459633924876796,-0.01491302801376617,0.0060560910940317255,0.05316130367617476,0.00497904440603596,-0.05298326056693376,0.004881559787211238,1.5152939250075481,0.005196168705751569,0.17189772818325497,0.010588433201774036
393,True,-494698.6119184352,43768,51324,3,4,0.001800413704157965,0.003554475438417708,0.7696257915977852,0.0006123002225509322,0.15117532050824958,0.0013915662831609082,-0.028040549319207943,0.004389613087265644,0.09290784755070336,0.004038878884821542,0.0070217386788699295,0.0041200719686975635,0.008296522435854287,0.0035525194551276605,-0.2740071579261486,0.0065332244670397634,0.1023562744511901,0.0055675059077567035,-0.09376864573631069,0.0062806645415709045,-0.0101488838070399,0.005131931663480127,0.3501769365667062,0.005370970726514831,0.1695280166905258,0.005878190159503403,-0.056316016800860826,0.004731619114643389,-0.11683221464976211,0.005022698222795248,1.2500942294133632,0.001501201477746461,0.17743634625501192,0.0034252605283150023,0.08919944032549897,0.004081481898963406,0.022941487659605,0.005032404373463979,0.05561699512827038,0.00397184148503123,0.047247012189341284,0.005006123524432554,-0.40544350561404424,0.005504224893245505,0.34931107611182066,0.005038062266007,0.2930736244843273,0.005262890955824267,0.20680339287331823,0.004855322380237478,0.14024818448050547,0.004019004396012117,-0.005458072193271877,0.004965178385890711,-0.042056409055424834,0.00436930499270299,-0.07686698945552853,0.003635222211662554,0.977658822943034,0.001114184561553433,0.05007644148778042,0.0021671536899990733,0.025789519179564242,0.003965306312791538,0.009050091851822858,0.004219986890480987,-0.03710070433603893,0.003966780161057242,-0.04243833112813513,0.004224093372164097,0.11181010849018314,0.004547369485650573,-0.010196456658363332,0.006047656047714073,0.05927839231425707,0.005096257617622141,-0.059654841270005414,0.004999520706152542,1.5053555394854319,0.0047976781614054165,0.16785956066814503,0.009206384057551725
394,True,-493809.9226551554,43721,51332,4,5,0.0014396676266433778,0.003557920761784742,0.7712930024207401,0.0005968334386157736,0.1474868583575153,0.0013745107577404492,-0.03517568442696662,0.00444755211971246,0.08945688248074697,0.0040283621009144415,0.0014789884499164807,0.004159595566220245,0.01754218127833751,0.00351730872508995,-0.2688184362146272,0.0064336716629474575,0.10804472479417637,0.0055472101390871605,-0.10103323039576467,0.006208216294360079,-0.02112706096705126,0.0051336601737591294,0.3530899554764003,0.005259281693032672,0.1695512284613415,0.005916332650930512,-0.05427852887623178,0.004663279511601114,-0.10658304232463096,0.005051651388826134,1.249599741302689,0.0014590983209471498,0.170654030678871,0.003242472005951194,0.09813650207753666,0.004056689879440648,0.020807510364979295,0.005032506858004286,0.049742679138363194,0.003975567606132032,0.0578234386402626,0.004985724557010198,-0.3974096521098357,0.005491552313007702,0.359889152777471,0.005018202745458507,0.2835976816720483,0.005266253082159253,0.1920605142418034,0.004818486798519285,0.1329073474450894,0.003937963756471246,-0.0174048899639473,0.004772285169430455,-0.04949662744302238,0.004181942330374134,-0.07059019628076943,0.00369555353207452,0.9755909800308606,0.001048065317311997,0.04655395281764745,0.0021247125279249025,0.024683778321591063,0.0034792509164356697,0.01710935347258428,0.004444789059073684,-0.044657411279192594,0.003485094528879953,-0.03785005014775906,0.004448003328329981,0.10239439036777248,0.0044154306336007185,-0.012932485780343252,0.006035403735185026,0.057529790817218,0.004953821285542959,-0.05118007315755647,0.005033694549755729,1.508329069352529,0.005510049681573315,0.17599779896945078,0.010409810521488608
395,True,-492875.26767431234,43640,51216,3,2,-0.002780816461354477,0.003569311319458395,0.7712230325115634,0.0006159400634996315,0.15086081059604928,0.0013961328662294575,-0.02400697870602352,0.004451122133150658,0.10256212428201185,0.004091275004276155,0.00855108800532175,0.004166561670379431,0.01845733355372797,0.0036024145691867745,-0.2672549652149669,0.006582463549786779,0.11222917331916246,0.005552896694047734,-0.08878993951836583,0.00637921027530565,-0.008669463968048647,0.00514859468315851,0.35152494771920373,0.005300074869107163,0.1772322853318292,0.005912289523572382,-0.05480113337090735,0.004678731408092849,-0.11204997783269487,0.0050533207098767815,1.2526305618937719,0.0014086189558447648,0.167954870438269,0.0032199203220400485,0.09881359494797051,0.003996587556942852,0.021648045764806483,0.005170562061812488,0.046970741649556384,0.003919450689109143,0.056688834817308846,0.005128101769471752,-0.3986139525309488,0.00555621613553183,0.3580117453365243,0.005069814002858377,0.2879628053959745,0.005326061998096863,0.19833947029692345,0.0048555041884208415,0.1357074171204644,0.004003627187584773,-0.008063725518428974,0.004935710481977999,-0.04015921018759127,0.00425374647061141,-0.07284071403674207,0.0036179692114382354,0.9773467895383499,0.001090706652329021,0.0487763023599192,0.0021984521375893254,0.019801521529002112,0.0035971992938681353,0.020028405518782943,0.004196656307399572,-0.03834482010539322,0.003601318776026575,-0.04154890511253547,0.004199227790245181,0.09837503893661292,0.004784458987918523,-0.029865314726801574,0.006152020719215183,0.049030133740855006,0.0055250076034356185,-0.06263364684102386,0.0049122257100680175,1.4988038220037976,0.005690046152148742,0.17240862550149919,0.010290350910393112
396,True,-497349.38593461143,43729,51710,6,4,-0.0012750476291026218,0.003561718900362613,0.7712492833810468,0.0006078572956910167,0.14920415685386793,0.0013731679704499927,-0.02756096045169564,0.004452039163501923,0.10040678433516946,0.004066155147518003,0.002526341484535506,0.004164510882866638,0.020279084229100207,0.0035750988236695905,-0.2622853370958,0.006670138870967451,0.1159351169666767,0.005534179729869478,-0.08455568363358455,0.006454279111986039,-0.003928085515207967,0.005131860973186952,0.35161989410271294,0.005308591722189059,0.16961028698008085,0.005944606354094291,-0.06480888423548914,0.004762280255246521,-0.12208381501919703,0.005081786370587199,1.2513247096542168,0.0014712326701540324,0.17392682953678693,0.003286543438276182,0.0918326653187208,0.003926753631973949,0.01862494645815249,0.005157636594105277,0.04907238939600445,0.003846923974452893,0.05023361224225483,0.005118867503084353,-0.3916760532292663,0.0055044742414317544,0.35956562691352884,0.004993499530949536,0.2959023022799851,0.00529975457014737,0.19993332164875513,0.004807622274633732,0.13615470096990434,0.003929695869511543,-0.01935951806167484,0.004725732732928831,-0.047408816342227676,0.004238005865273871,-0.07810927416719228,0.003719392901806884,0.975148329844313,0.0010061468628083658,0.046285337453342304,0.001976347172587878,0.029336141519005522,0.0040802221591242065,0.0139684337761262,0.004203115610395203,-0.037301543776737126,0.004082168490839793,-0.042298824738532324,0.004207527317949279,0.09838804138227393,0.00481671826775107,-0.027680998612878788,0.005977230494013613,0.04513037582564389,0.005497425059119629,-0.06557509524883608,0.00475606027212037,1.5021311323394646,0.005210067737442481,0.16499272525787784,0.009356005670270798
397,True,-496073.2165597733,44114,51375,6,6,-0.0027286006873667515,0.0035587346773996486,0.7704552177381154,0.0006006668385658553,0.1478846589083258,0.001369134537098013,-0.02797990207992744,0.004394774863165824,0.0873562218940668,0.004077621447466885,0.00850917822497121,0.004102231410635865,0.015179523009058858,0.0035840773363081365,-0.272645020775141,0.006637811335402077,0.11837435443376072,0.005603850137357536,-0.09480348364116786,0.006394198332144019,-0.00881480146867926,0.0051801861376224645,0.3521537726992857,0.00537555450194669,0.17484399989392843,0.0059182192556874935,-0.04832001574654034,0.004763313321342547,-0.11582554732667617,0.005046710828408807,1.2510825980050535,0.0014834977413316075,0.1764623278482137,0.003386529640653377,0.09130752818382551,0.003967435209310466,0.017431119752919062,0.005134042088645865,0.05550333844743095,0.0038900848201762193,0.04906375915580326,0.005095643464543219,-0.3998278498393083,0.005541478093339556,0.3543985474990592,0.005049636470751734,0.2860942949154141,0.005282836401430436,0.20505704534761332,0.004868651790658943,0.13764033751008264,0.003989069228134998,-0.01129936663683468,0.004983497866765976,-0.03902845787982538,0.004261863499862594,-0.07274765752045906,0.00361899406361769,0.9774307516472072,0.0010788677407178038,0.04764834649586372,0.002117118389251743,0.025207378770112178,0.0035877521468388003,0.0187594934177879,0.004275798933985204,-0.04145016024228353,0.0035885834834285097,-0.03895644776147211,0.004279063317190658,0.09602444790483328,0.004665627268678029,-0.02241252791026437,0.006128879673837211,0.057224463047842955,0.005170970894778422,-0.057855312521257675,0.005037775087884074,1.5015676564428908,0.006063243954604558,0.18477971798240161,0.010617872447607077
398,True,-494391.28635829303,44048,50968,4,8,0.00616470725697735,0.003604603621820094,0.7695475803808395,0.0005980490415454232,0.1459505389132851,0.0013639086172614195,-0.026208341332275866,0.004475480477606813,0.09322378407418855,0.004091792326312133,-0.0009741780563266246,0.004176916681813272,0.018930479895479378,0.0035973350949133837,-0.28115410333112895,0.006626509824652899,0.11817138500771868,0.005684657649270469,-0.09301721414984657,0.006392519944773865,-0.006624342662914667,0.005252469543075808,0.3476474764942297,0.0054788236196785115,0.1775444341824606,0.005875948641759292,-0.04739134809771294,0.004828527431400644,-0.11982163747205757,0.005016337587427522,1.2507720580562451,0.00144029279022162,0.16858525003983413,0.003263646273412954,0.09413149832909075,0.003985811542169699,0.014761760916415513,0.00509903185015347,0.05409293318337839,0.0039091217694075635,0.05674832823836577,0.0050702930623343955,-0.41263709106600477,0.005478684548203268,0.35739720503998335,0.005187738523641147,0.283848226190585,0.005263219744774828,0.20206817149189418,0.004946581552694181,0.14304506441205678,0.003990805697853707,-0.011420779589250028,0.004875360390344934,-0.041369699635735085,0.004344575979320646,-0.07802336115556546,0.00365909562870698,0.9777196993802828,0.0010150818920429683,0.04784164356584061,0.002061955688491126,0.030112054816494052,0.0040569172132195385,0.010848891701956992,0.003932730738165515,-0.033032733752431265,0.004061783653249249,-0.041453525236675656,0.003936088179170757,0.09337509952119259,0.004646279158202617,-0.021203350583305056,0.0060802625512667305,0.05138715134071533,0.005054712070668099,-0.04897530579601389,0.005116862153373222,1.501508020519439,0.005972315311275289,0.173975530956506,0.011408253910121402
399,True,-493953.00124419003,43702,51274,1,6,-0.002719762429922428,0.0035670493636764922,0.7698620124168308,0.0005952813070377871,0.1460230588052902,0.001357964153237523,-0.035252985272605626,0.004471878890415912,0.08752578128919064,0.0040771157149379995,0.004363765941884129,0.004191317457679277,0.014963437000885987,0.003554653579005112,-0.2560787106373542,0.006782495728705493,0.13121619664742037,0.005449554590359726,-0.09422075584830279,0.006529675798991938,-0.004893672066897939,0.00500348478457341,0.35459781201045887,0.005255779242896052,0.16074387966804438,0.005975835509146287,-0.06267845612685916,0.0046650043887468216,-0.11003240009654765,0.005095894023767705,1.2507189565212833,0.001483718515749688,0.17432764153466387,0.0033670204548537364,0.09694358131315989,0.0039602560375499715,0.025475708786274563,0.005071565744851387,0.049618597788082704,0.003872240212397,0.04949856881301239,0.005031828751118652,-0.40388562433543634,0.0055788485718432255,0.36878011600530985,0.005090826114999699,0.28308553766562106,0.005289476862808791,0.19862763810938333,0.00485665469222513,0.14110883757013482,0.0040347325616869505,-0.017274961108616916,0.004938110482642852,-0.042237565105045984,0.004200195801719622,-0.06677373145597383,0.0036704803430068988,0.9767668181013652,0.0010946042109818421,0.05013824230021728,0.0022599481981630254,0.03256595610317467,0.0036563808470495337,0.013372866825717486,0.004285980334755656,-0.03904337353628647,0.0036579600193948165,-0.040194461754854076,0.004290361484264613,0.10729800977334071,0.0047493515564861356,-0.019589504759374408,0.006032779729078792,0.04988758964889585,0.0051941659409412795,-0.05541989602294421,0.004662357345547126,1.5009056771376426,0.0049721248974555765,0.16732561467346593,0.009685452714511697
400,True,-494789.7654017252,44024,51131,5,4,-0.0010080229125378345,0.003568825492547319,0.7702091881814979,0.0006048102659335086,0.1484087799889241,0.001384117858185832,-0.025871807550794976,0.004437412963010692,0.09310428974885977,0.004080221538202756,0.007148996044624019,0.004145049209507141,0.01761034787890004,0.0035888419086488833,-0.2598808463958634,0.006644914612027752,0.12003028393734512,0.00551545510276897,-0.09129968184120783,0.0063878805181853465,0.0002536052136820413,0.005087817360605787,0.36068200762680686,0.005161165180788188,0.1600682955113177,0.005999735942833138,-0.06098739560960435,0.004618668184833722,-0.11482481754212376,0.0051421626943545795,1.2485163732762286,0.0014261924920552227,0.17035679116829222,0.003253395432478462,0.09743876884772334,0.0039000837139097793,0.009931815158966684,0.005176397822514483,0.054641638694870945,0.0038334798521009873,0.04987177522916644,0.005135404375760478,-0.3933860574860352,0.005647887411668972,0.37029244113121806,0.005087279110042435,0.28986335316636097,0.005344977278664876,0.1991100940137601,0.004860891376419638,0.14743104110591318,0.0040080738539429485,-0.013251550864878094,0.004991312653712606,-0.036963710411504376,0.004273407299293755,-0.07726553806111704,0.003664166346158465,0.977143011457073,0.0010192745290795169,0.047907097259230945,0.00202803794352965,0.023776088322254644,0.003254592922772095,0.02178972952027873,0.004502823629379166,-0.04754041016354902,0.003256806309988442,-0.039628141650217205,0.004508058422675969,0.10152994372567985,0.00480677503706957,-0.02994428909580962,0.006184606927853513,0.04832654246957494,0.00522256124505104,-0.056273235564536464,0.004715497184963724,1.504165620386599,0.005927376378043081,0.18766333350038483,0.011071550524626536
401,True,-493928.52552367374,43719,51316,3,5,0.005489975347243612,0.003608568683522756,0.7702161102396257,0.0006099900323515151,0.14959947485812541,0.0014026632260893679,-0.021608225935340654,0.004491198669186869,0.10086232250423598,0.004080401366834721,0.003296549409143055,0.004188698596886446,0.012884456203053249,0.003607032980863135,-0.27500349225412574,0.006664497776651186,0.1226240078691924,0.005633790165780784,-0.08446247139714114,0.006424965321060085,-0.011037529453988613,0.005179581884159116,0.35218955681874514,0.005370040620824727,0.16786277551521983,0.005936162380995036,-0.06015252166175769,0.004737079927589319,-0.11572260317347334,0.00507819532863093,1.2485681442074974,0.0014342331049604917,0.16978882413872126,0.003320251317483494,0.09688885281154819,0.003979907885977555,0.02143499465120276,0.005167376514000282,0.04427342072905562,0.003890859250084915,0.05341927286205927,0.005120222333468316,-0.40391751192691533,0.005596385374283751,0.36005116785946756,0.005105285522184133,0.29740400213925994,0.005364341177116875,0.2052107949570951,0.004919364183711166,0.14587146473391238,0.0039477424394274915,-0.010733897885532319,0.004913700331350302,-0.04291397910188481,0.004218562056892344,-0.0772248383163277,0.0037183739322996534,0.9780634507118862,0.001008286519460222,0.04754487958720177,0.0019957380548460864,0.034292954624817816,0.004276142182557973,0.015069762064735294,0.004271605150917853,-0.034986282642023685,0.004282178966418654,-0.0361332352921464,0.004271484224657228,0.09988677701190243,0.004804946722534519,-0.02894658905762862,0.006136174703375923,0.04972345516189654,0.005302436281857004,-0.06489220858745105,0.004843624246870001,1.496861145305909,0.005674661221277799,0.17792936382289645,0.010018877726995501
402,True,-497794.0801726243,44183,51353,8,7,-0.002406930032899446,0.0035654990568378987,0.7704958299341735,0.000601934133390658,0.14903761074947872,0.0013822852746017827,-0.030119832592460236,0.004449098397278162,0.09144275046900535,0.004017255665147666,0.011599841647698833,0.004152740533912241,0.008417380067499931,0.003528302239920771,-0.2669738493159646,0.00646362892043182,0.10545671618185286,0.005478526892957503,-0.09723921537334199,0.006296311626077694,-0.004515123805722318,0.005064470756345129,0.35367676914468477,0.0053240275219136445,0.1787130826238316,0.005856896905286643,-0.0567945625194236,0.004730394262184384,-0.11899480913751874,0.005013012834512833,1.2519134380601054,0.0014600102187822817,0.1741406813995028,0.0032366537813675045,0.10405361048030685,0.00398777945880324,0.024828801063003687,0.004984197446711368,0.042208711045001145,0.0038980258207974867,0.04905666093353018,0.0049289997670226154,-0.39787881670196473,0.005430305841177806,0.35534696345195593,0.005001727630961019,0.28353109046107194,0.005186879353510894,0.20804654694509872,0.0048071886280623265,0.14355797464121414,0.003983253218621598,-0.017894524657346006,0.004822869793770075,-0.0453676319248334,0.0043137612102542066,-0.0776720739073634,0.0036830776445635235,0.977101501986787,0.0010469730998338145,0.050529672897687096,0.002172964098788567,0.029161151804618094,0.0037561885568852017,0.016019332306875973,0.0040044464623111235,-0.036990013301318805,0.0037580620697251323,-0.039581865777186885,0.004007295105936987,0.10275761359720771,0.0045979390435740095,-0.02108082951434551,0.005866645868931019,0.04944532665528943,0.0053704283597693185,-0.060716575160799285,0.004826608215475228,1.499206009380025,0.00498801078288913,0.16441968139118637,0.009641410644504897
403,True,-495369.7079392994,43797,51323,5,2,0.0002852600772911466,0.0035660818417487627,0.7703154891286855,0.0006000346749064911,0.14887311380791934,0.001390753706248929,-0.029017348944172114,0.004454132474310441,0.09538101254168008,0.004032947234269811,0.007680065692445732,0.004163103763530844,0.010859466249613653,0.003538703192151087,-0.27333758866022656,0.006348955864340896,0.10496691480112715,0.005649658140461653,-0.09771007957044528,0.006149353700862596,-0.008288273141498215,0.005220861241894665,0.3447700369113539,0.005201769605228196,0.16877553762761635,0.0058441497080370325,-0.06220376223404347,0.004682054263850522,-0.11880129115554806,0.005001336502970759,1.249615589005875,0.0014292739111317898,0.1675419049355033,0.00322920770368601,0.09736459340447864,0.004060295049905691,0.025778135058487542,0.004993499883834713,0.045042160130736635,0.003976879954588788,0.053062273800141335,0.004949123918974958,-0.3990400824392201,0.005397281787435501,0.36066976068035606,0.00504565423518704,0.28423994085600235,0.005181602363331123,0.19629294272577533,0.004823370679094863,0.14097708343553975,0.00399585846436821,-0.01614121706651904,0.004767067071867541,-0.04051513515886941,0.00434959538058245,-0.07918593303428885,0.003653382171843661,0.9767623140793754,0.0009639969165017859,0.045873662985048434,0.0020000360260202937,0.03444076466181146,0.003958196436668299,0.005426509661320232,0.004329870201787919,-0.03874561710161976,0.003961572594935345,-0.04032118063066734,0.004330537468743238,0.09855253757949074,0.004590307046656453,-0.027209770499522754,0.005903630282044211,0.04595295831861939,0.0050820385591230505,-0.05611041702357825,0.004620526592016711,1.4989618065854493,0.004835641993562012,0.1561377385298251,0.009527439924360948
404,True,-493331.8225674676,43696,51209,4,5,0.003827480381525654,0.003564444262453234,0.7704378805222906,0.0006113346918851792,0.15042730174609473,0.0013910101743900144,-0.030677634849840592,0.00441211843523244,0.09736259951896417,0.0040772799437578874,0.00300806559982236,0.004145303206589184,0.012895238942561867,0.003574569233282679,-0.26232363870364156,0.0065138341443765875,0.11106673848956318,0.005504656292821517,-0.09263587720569164,0.0063222813873393124,-0.008973207794482687,0.005092448206660633,0.3586577181319332,0.0052702954856395775,0.1715376921667619,0.005940808126632073,-0.055816293059665144,0.004655530011642156,-0.11417789083685134,0.005076154765027105,1.2506185444807338,0.001431319763246841,0.17242001425576917,0.0032911689178425074,0.09793775778908809,0.004030716034417231,0.02745701471658193,0.004942317935399991,0.04385446621112459,0.003946251806559674,0.05481739171989583,0.004913708249990478,-0.40451016303175574,0.0054958707708299154,0.35861683362016233,0.005064145145616182,0.286689147485115,0.0052442404996833345,0.19621141662317915,0.004856902612958424,0.13757192900501505,0.003932663658205679,-0.0071908790550905145,0.004863713224917536,-0.04566554063248282,0.004285640611692325,-0.07962262905279525,0.0036757715646974455,0.9771338979249163,0.0010635317556134116,0.04830015817246331,0.002068800032325062,0.028456094904264286,0.0038298014107789997,0.01643709328734989,0.004158044809537792,-0.04027976956783111,0.003833109378215594,-0.044637510502756925,0.004162103935599176,0.10064714357198368,0.004574922534240524,-0.01735407411881272,0.00591234162297906,0.04804615769782114,0.005310607477799566,-0.057235561861756365,0.004887282098221037,1.5036375883030395,0.005577346692923757,0.17933463601707722,0.011265466671371793
405,True,-497942.4249563125,43879,51760,2,3,-0.004731417111273982,0.003553664912491052,0.7696911848531407,0.0005975645934755969,0.14707791288369895,0.0013590081622668754,-0.03582307975660042,0.004461170837624144,0.09371664694699129,0.004033760449866786,0.012615357526881841,0.004188732723887413,0.01206047025168259,0.003519379486043075,-0.2650849041027531,0.00657850801337926,0.12256665897047976,0.005541373171020175,-0.092345574980117,0.006352713555936829,-0.007744298478952792,0.005118894476070453,0.36366996290781295,0.005172043507063474,0.16490244635456083,0.00599619187717135,-0.0585485642662974,0.004585304767773601,-0.11313684110840005,0.005135186810679687,1.2504306453513299,0.0014020357244409754,0.17013190769417144,0.0031822686883072188,0.09894216824376613,0.003945587014294068,0.022680965750667154,0.0050971338152198745,0.051019592458787316,0.003868253717956193,0.050691034621089925,0.0050533538141708445,-0.4066224760810008,0.005465127487126838,0.3562719904534291,0.005041499442989137,0.2857074600734997,0.005208676789595621,0.19693595609801012,0.004843107045430424,0.1369066877325367,0.00392169809828011,-0.016429279398896095,0.004709626839232044,-0.0495294929303006,0.004260406860757736,-0.07928913872565742,0.0037453286451805184,0.9759447339654108,0.0009771570204330504,0.04615601120632812,0.002059569039055742,0.03206936274696769,0.004070404145974245,0.015130214411182449,0.003815951721970079,-0.034096557685221435,0.004074668450313522,-0.043484292743809834,0.0038180641010132237,0.10223142407637982,0.0044929444031223086,-0.014488856692132485,0.006170204389879406,0.04581580512953015,0.005147693796611555,-0.053623458132522,0.004819920123226278,1.5118899372768573,0.005628471582497796,0.1683222095852628,0.009688628472708197
406,True,-495110.7695818327,43808,51425,2,8,0.004732930213085054,0.0035788111126073764,0.7701940656434619,0.0006036284450917084,0.1479454770700006,0.0013728422558776932,-0.03161686267537159,0.00443107589780457,0.09543928827568315,0.004085168993338496,0.001865134127579734,0.0041529596012291736,0.010101465121631233,0.003578385842771347,-0.2718408400067373,0.006626068102277606,0.12340555115862548,0.0055909509204580665,-0.09164946862105866,0.006377077809442444,-0.01471492705201807,0.005144025017248971,0.3490943406255606,0.005281322298653087,0.17021830556469522,0.005937244672897343,-0.05282287968329646,0.004736538373388731,-0.12067399322301758,0.0050550845078185845,1.2518057992203226,0.0014402824604436981,0.16752301801536373,0.0031831057450573547,0.10119748584386296,0.003999709079755492,0.015735198650239708,0.005226120409170938,0.04739265451702884,0.003923040813421208,0.05171106317365391,0.005178049691128349,-0.40091874553146944,0.0055994573684697,0.35998043716209316,0.005064080199234538,0.2924179268634578,0.005309099363447006,0.20615352161009964,0.0048837833361226836,0.146884868242333,0.00390135615015991,-0.003847661161107122,0.0048866445172255505,-0.04610768476179724,0.004236241499594017,-0.07980528484185424,0.00365836956443955,0.9780171406228179,0.0009935204854590318,0.04681468553677192,0.0018814994089543652,0.019017965829646585,0.00348575187507053,0.022783992356247056,0.004119812557950049,-0.037426610830682376,0.003488071275555255,-0.041630610302488685,0.004126519525417789,0.10790772882489952,0.004641767693486632,-0.025963795489094083,0.006115769335395954,0.055544033916334105,0.005081106651581517,-0.051274079391805234,0.004887603145102583,1.5062356023899612,0.005247325019807403,0.17621503724061668,0.010117574507362809
407,True,-493195.4479227122,43737,51213,2,5,-0.0011205814981353097,0.0035730122662669147,0.7709265112722832,0.0006168431691138121,0.15153379143153914,0.0014102674934692583,-0.02600553957842503,0.004441722504888,0.09748083953897393,0.004046591001257993,0.008357800267625226,0.0041548465500694624,0.00938871307346329,0.0035654624257519672,-0.2676087236917941,0.006556420461723135,0.10678929524167037,0.005582854673616863,-0.08861512275386838,0.006354577938054155,-0.004584694017676751,0.005170345378410582,0.34830969166153447,0.005311761744826581,0.17187189297823455,0.005906373991305343,-0.048439738170931924,0.004744483464011479,-0.12621955277401992,0.005044253244644291,1.251178766991349,0.0014408001858969843,0.1693773449709254,0.0032200804792809623,0.1003053366881537,0.003993080225046653,0.018042580642026174,0.0052003427500476014,0.05616146087081029,0.0039134439211482176,0.05229556372794938,0.00515252954354387,-0.39411209517437384,0.0055465320499337644,0.3547826988419406,0.005043715052022212,0.2887461026101715,0.005305036162328037,0.1991412904273436,0.004845151609878316,0.14202894842367544,0.003944902527178755,-0.015169207344225435,0.004874224661511849,-0.0421421418068713,0.004258235801765722,-0.07078342487535548,0.0036537080994217676,0.9771054612783637,0.001022918286862129,0.04675377887089216,0.002081282762878365,0.02319361160313229,0.003786249726451402,0.016222019580091476,0.004406339184439939,-0.03839254315552915,0.0037874435386333867,-0.03960358979648664,0.004407848224386059,0.09858374917374359,0.0047397598835159736,-0.02825196154165071,0.0060111376028741965,0.04967816392296819,0.005380608633022682,-0.0623733618604502,0.004920329705434794,1.5012848510112466,0.0054723959673416145,0.1735694744961957,0.01033602897870789
408,True,-496572.28885517386,43643,51674,4,4,-0.0009526481899477599,0.003589040894627166,0.7701659700642595,0.0006030913631264179,0.1480975026238171,0.0013790736583164653,-0.021650331861261897,0.004450012148160981,0.09782841541799234,0.0040967650426616715,0.007216000137776841,0.004151824560529347,0.00946409330825902,0.0036092217695249877,-0.28387050117375223,0.00645690499861604,0.11311548166155996,0.005678982950495171,-0.09186881793490347,0.006243601297579927,-0.010926989006538088,0.0052454298167703625,0.35301568797658184,0.005350914831077976,0.16870757249524584,0.005865208655723733,-0.0561034535396729,0.004727449984978784,-0.11758753531642721,0.005043572335533595,1.2485919267793566,0.0014390527459855473,0.17091409537954952,0.003334400218725761,0.09072900744503641,0.004077050988391451,0.01929789819627646,0.005008035832946207,0.050672611008679154,0.004001018786221873,0.05962483914766546,0.004963454546681938,-0.4126276942012699,0.00547420895391107,0.35668670094903576,0.005121690507301089,0.2890633310003945,0.005208976865903243,0.20236177146284595,0.004912276740850891,0.14991590215408138,0.004002355396474577,-0.016507981975022172,0.004874085884433443,-0.04545076790356916,0.004392490091727778,-0.08553238298844892,0.0037623542171985416,0.9769959020198712,0.000936526726687481,0.04616171469732654,0.0018460543554911849,0.021484021285985696,0.003577296857146399,0.026521493675340135,0.004023243891745929,-0.03634856124429796,0.003579479805840965,-0.04498248853090489,0.0040277775336312665,0.09918779657527539,0.004532840000374934,-0.01971070035873486,0.006185023553450454,0.050122158260052764,0.005131010471617957,-0.05053467350371469,0.004968540511013063,1.4996215114831712,0.005834715355811038,0.174275158994499,0.010619059131641823
409,True,-495302.62345263886,43955,51251,4,6,0.006143475622417926,0.003591896509445015,0.7706650533475935,0.0006020710263677787,0.14698243791026003,0.0013764831627271906,-0.021116626542817464,0.004455196994674154,0.08838952954748637,0.00413368764895805,0.0049560726717055885,0.0041428389356210705,0.015212880539101475,0.0036483218858841004,-0.26713380966998973,0.006729947095946342,0.1251987281962499,0.00554027689287968,-0.0760602597153652,0.006497601065687757,-0.011097541292919521,0.005099321867225832,0.3527016672217521,0.005289015972569206,0.1644179825843982,0.0059595133442456455,-0.05506126663409999,0.004762235267308073,-0.1314438556976204,0.005122696111065965,1.2509349654119803,0.0014348863140886126,0.17124775676250814,0.003332764601335178,0.0971807489052793,0.003958197142286376,0.016799133225801507,0.00519277253330919,0.04849066958387667,0.003879144533051613,0.05143655162403683,0.005152940119674905,-0.396153179919241,0.005573444167840323,0.37159288952436137,0.005089838779155685,0.2919684696502663,0.005298908602335668,0.19962561952081015,0.004868791719328891,0.14154639793301377,0.004029711096827765,-0.027714384086439267,0.0049524298908439615,-0.04285517664574999,0.0043037178347200625,-0.07741646560642529,0.0037150814290905364,0.975504648196219,0.0009792337312460875,0.04534382628482088,0.0019111752773687297,0.026409938951505018,0.004021701343931819,0.015553023616152956,0.004069429048631499,-0.03734627945726751,0.004023869498881639,-0.04941167299636791,0.004074646266328264,0.09947583244100966,0.0048100333488160256,-0.028623171861082954,0.005896079456232824,0.048125327047056445,0.005314713100856662,-0.057403384021701545,0.0047404535129587965,1.5056532418064488,0.005135390373331439,0.1647357316334434,0.009797450556325943
410,True,-491043.9024991244,43904,50594,2,4,0.0022151356439920646,0.0035647042979824748,0.7691636351480693,0.000602581568851901,0.14863142219227066,0.0013813673336819515,-0.027671453343162424,0.004423971446278457,0.09387436801733903,0.004071257062325734,0.008445393247534107,0.004143811905735829,0.009046204429875719,0.0035781999764480992,-0.27505097059247907,0.006571222575824919,0.10523251776182097,0.00557388687304655,-0.08776792107861865,0.006284288167021394,-0.0058807811530956254,0.005149815939867228,0.3494082333378678,0.005417763661357745,0.17836222146606628,0.005843728413497761,-0.05120598188601983,0.004761759270564522,-0.11708702412848007,0.005013953784996646,1.2520509648106928,0.0014975858527095376,0.17851532109368898,0.0034776437953264183,0.10239011463234354,0.00389747450476057,0.007440659522725525,0.005277173831248538,0.05600256030586203,0.0038216401151678924,0.053240066852622996,0.005232920906275361,-0.39708083812672396,0.005495649954583146,0.3511533924460628,0.005055161423699338,0.2825997278322859,0.005166947425112029,0.20452218215273094,0.004861666650023171,0.1445536145375715,0.004025780052505042,-0.016369650536621105,0.004959288849948121,-0.03647241000845358,0.004276503620499685,-0.07745373663936754,0.003605980747461463,0.9760676523456573,0.0010155374624215008,0.04752639034705313,0.0020101790446159923,0.019938034887033915,0.0031481315845013334,0.01412199221404595,0.004514512725495358,-0.0456381233871036,0.0031501043487942486,-0.03206946022388493,0.004521371937274708,0.10430638746120802,0.004734739249485338,-0.02417119460228222,0.006344622538565443,0.04302945581051155,0.005034409127105459,-0.05522573948450198,0.004489154870516176,1.5004376266683284,0.005489816013447557,0.16891479665006487,0.009524087180791521
411,True,-495416.4324261695,43936,51248,4,4,0.004266910658270861,0.003570282374142788,0.7701925808796499,0.0005950244743157529,0.14674399925006731,0.0013590789110710655,-0.03778722973187467,0.004499977053105994,0.09781819793761946,0.00403830139707748,0.00413612021653869,0.004224826276693513,0.016417452250830116,0.0035179756718192756,-0.2656506500396963,0.006665893897803336,0.11802007863472487,0.005556149118818561,-0.0845339493997499,0.006442035885535948,-0.0037864751543521236,0.0051358913282825115,0.3500784542118906,0.005269835425216058,0.16677031900247014,0.005940714501272768,-0.04614353250222117,0.004747987262845683,-0.12572997057082225,0.005092418626072533,1.2484608462075077,0.00145628715247903,0.17107426359594824,0.0032675786620245673,0.09825459668739027,0.0038548499769023026,0.010734312027625,0.005285321055281178,0.056226045513255093,0.003783720119408194,0.04683527975107199,0.005254090708390032,-0.3966998684210391,0.005552765244214366,0.35800363036809585,0.005083056346552574,0.29792160791636535,0.005312133140863487,0.199374565585664,0.004883373647633854,0.1465154133458067,0.004039765432158711,-0.010874616343911748,0.004953910834818555,-0.041708413332500166,0.004317408342612907,-0.07882244536138888,0.003699918167653662,0.9777881646696692,0.0010680856068255307,0.05013476382733673,0.002112207968060293,0.025557316067638256,0.0034916798370157615,0.011719607299082568,0.004549086343357921,-0.04266567694202081,0.003493653768798942,-0.03678043615479335,0.004553547263198724,0.10033973074450456,0.004840903915468977,-0.029089299933454046,0.005982921412613033,0.050092736894888634,0.005418713650083843,-0.060263931439469114,0.004862826301393407,1.5034763662928974,0.005504383742928165,0.1766273614774636,0.010136658232569623
412,True,-494528.1884672083,43776,51281,2,3,0.0021277803464442827,0.003555892877822877,0.7705129798799897,0.0006030167014156596,0.14858374410138375,0.0013814724698657521,-0.030522614139603166,0.004479385178631074,0.09673533900609789,0.004048562020972397,0.010198967852677644,0.004195421914600138,0.01934428043556632,0.003552355135854248,-0.2809544439588737,0.006380892260716293,0.1042989588578528,0.005661470204224073,-0.10220678276679929,0.006130833855306128,-0.01577579368768678,0.005223142421551305,0.34702099440713396,0.005301195247216637,0.17828551973887147,0.005789701341200153,-0.05365722201359205,0.004673655039327344,-0.11186810146894281,0.004933160812350322,1.2486957027595182,0.0014413469705993887,0.16974210864434922,0.003237614846431369,0.09063313925511764,0.003998415633467355,0.017545668337005844,0.005072764918971994,0.05040584754845584,0.003920806395158404,0.052999389704518104,0.0050407885914703085,-0.4035070075318264,0.005366516646589647,0.35416325728568254,0.00502879807812116,0.27660740803171396,0.005082039689992361,0.18605189318879972,0.004800834020069529,0.14340670711807146,0.0039384351982988345,-0.013188196461631885,0.004715585575791794,-0.042031137833441465,0.004182528589996788,-0.07950516705450947,0.003561958128149206,0.9771663922429308,0.0009170020183293381,0.0451169499772992,0.0019248995404239182,0.028252286466864226,0.003767676625661188,0.008025839717451282,0.004475379236632562,-0.0443000374229527,0.003771656417567941,-0.03944015401929425,0.004480072575704615,0.09645102546048759,0.00459462275117733,-0.024684629220877243,0.00588509973322262,0.052899640126015855,0.004798752823077563,-0.04804207281605877,0.004773930930534654,1.494876412562432,0.004945848763307725,0.1537948808504384,0.009393555809086074
413,True,-493360.31608234183,43564,51382,4,1,0.005786576799083557,0.003595331620663343,0.7703116069940341,0.0006138339286644867,0.15139647780505244,0.0014166608966608846,-0.030447872034151325,0.004453565704217375,0.1025418048159728,0.004063214144936374,0.0007470931469238494,0.004178080381093214,0.012897967811162207,0.003570859032181288,-0.27752873354523194,0.006573881950463461,0.10903521417968833,0.005632573086301909,-0.08476870438476161,0.006366411023545062,-0.009436289028196806,0.005207785598973634,0.3486745329827711,0.005355170334648689,0.16761640990084187,0.005862072063338053,-0.05439569038788206,0.004771817093466033,-0.11728873403083087,0.005010612314503373,1.2507977867413262,0.0014663804083967502,0.17146680279304755,0.0033548231345211232,0.09194371331216304,0.0040637361016957006,0.0201671954069162,0.005115653963135028,0.05578715183794087,0.003980714881933587,0.05833881648711971,0.005088260201656404,-0.4092949414025482,0.005546371996200573,0.35447138621566204,0.005138692566415101,0.2994629652974316,0.005317740394725535,0.20466235654409654,0.004925184117881311,0.14065495058894012,0.003983863283834146,-0.009532027425709567,0.004932622112030931,-0.0449126095204263,0.004304146228270199,-0.07807396542552379,0.0037491927173594784,0.9753947501611752,0.0011244479797146156,0.0505710363001704,0.0021676259765158294,0.02557256590133708,0.0032837194129347784,0.01636161182821221,0.003995454529727877,-0.04560807710464147,0.0032888092609807676,-0.03876229116010123,0.004000871600095129,0.10007523422974138,0.004643661781370379,-0.02677969688912189,0.005996714639238768,0.05048353219107477,0.005266442063471363,-0.05791557662849524,0.004986537370177463,1.499589877836482,0.005519610514743478,0.17390852474135188,0.010446968141533092
414,True,-495560.8332880975,43747,51478,5,4,-0.0030548195588666668,0.0035807895426638926,0.7706659272753487,0.0006054581622539357,0.14832457027395152,0.001376122297691712,-0.02370603665085968,0.0044325595156018294,0.09177674231487298,0.004082113029110816,0.013972254397426161,0.004132286413968311,0.011422820535051578,0.0035993712779651076,-0.28056748945576454,0.006468237486495769,0.10496736895800958,0.005682246683154857,-0.09007487882984966,0.006249441456164143,-0.015180873779405503,0.0052607677276008185,0.35219329037920566,0.005272388548373049,0.17277214222380216,0.00585669511977168,-0.05730741005224634,0.004665208479083272,-0.11456546541123724,0.005042074599570895,1.2499525234850521,0.0014226787962535736,0.1697371839884115,0.003256268695493683,0.08829415405921265,0.004086835722589895,0.025922768222088614,0.004981064681732438,0.045459865319747605,0.004007199704916071,0.05853785032983444,0.004945989219119454,-0.4102658989529737,0.005469820263266378,0.3618665867532799,0.005127655472704006,0.28230887692130024,0.005189401865605409,0.19935165608750605,0.0048762781252266576,0.14334661051822684,0.0039944720452347905,-0.014294697233471765,0.004851788954939486,-0.04550202901402581,0.004294719086083754,-0.0759333701628631,0.003675736086666812,0.9755448218949969,0.0010363570212340023,0.04871053775459644,0.0020669575811785613,0.0388789246825238,0.004371107311452738,0.011209436123188136,0.003771844991301444,-0.03470658718723989,0.0043756854697524815,-0.04514091175050027,0.0037747140038981034,0.11045922985692708,0.004672730264245501,-0.023943708331413172,0.00606800473186173,0.04700585835152638,0.005247980197245826,-0.055779777301161446,0.004791636551475421,1.4966395920720317,0.005067627731168867,0.16781643529779988,0.009477420441827422
415,True,-495461.00043989974,44160,51119,5,6,0.0008389825074322616,0.00355404669190549,0.7711748680198665,0.0006026763061233176,0.14867311738571562,0.0013709007273303153,-0.036438516239722704,0.004482291426079161,0.10012461445679866,0.004017196239618861,0.004894107373941344,0.0042037512642972485,0.008614170793827374,0.003507580934580523,-0.27274028272313383,0.0065111036822915105,0.11071713748319856,0.00556029286255532,-0.08964996510573131,0.00628842617221193,-0.00013771885067107663,0.005167437441933716,0.346218412957042,0.005232083646008852,0.17080639906177272,0.005843411671531187,-0.04910595620719033,0.004659334182695524,-0.11794357032207797,0.0049906230205878635,1.251467986527246,0.001467051161084143,0.17232030109127142,0.0032984995956071295,0.09866714143261747,0.003928503914176983,0.01860502853592365,0.00512236804689199,0.053989462019037066,0.0038557470475347193,0.04984536701007082,0.005083515696222742,-0.39773813588849694,0.005494152149863661,0.3571756639730842,0.005054608692858942,0.2860891382773117,0.005263514055661924,0.20133768501076127,0.004848528297001286,0.13932632212740687,0.003939006540228098,-0.013002075239120128,0.0048706054091055915,-0.04220424402873506,0.004272102597584076,-0.0798066329880983,0.0036373790133516033,0.9768588738278227,0.0010407837915550888,0.04903037847476293,0.0021262861619957725,0.032973385793422974,0.004111661520043415,0.010047958450167484,0.004014902109526005,-0.039390552452610764,0.004115740727146136,-0.04795928924544712,0.004018725335596955,0.09693184004741666,0.004604135635068102,-0.022746838250345396,0.0062153177972702565,0.053294157472714335,0.0052149593552247644,-0.05442820219812804,0.00499384641995302,1.506191340472835,0.0061091676364339875,0.18330769082523538,0.010831371017576669
416,True,-497780.61689837906,43893,51653,4,4,-0.0029354664029188366,0.003567916147869022,0.7698971124895163,0.0005966387814283491,0.14658052231201485,0.001356246924989396,-0.03575819777157983,0.004480826825595355,0.09476452167914215,0.004055606501405118,0.009101692138811474,0.004208684262833484,0.013284690300142668,0.0035394122097173594,-0.27276335838149274,0.006605382251855651,0.12094205568546937,0.005625284829174328,-0.09353681766544661,0.00639937778950734,-0.007864282143494244,0.005226269535531204,0.34125233255938714,0.00540431653591929,0.17657208139543518,0.005803348736361312,-0.06270914823678737,0.004760954581844862,-0.11609669650120816,0.004996946759053482,1.2520758080423176,0.0014324808161625402,0.16964843799181595,0.003386457689829314,0.09258721390012942,0.00405175839235592,0.03158681044048581,0.005039035934550818,0.044876747257134905,0.003967977512641194,0.055023090575667385,0.005002026884544477,-0.4066180918768917,0.00552640706382358,0.3637863725009811,0.005106376126326564,0.2868848384274595,0.0052229210370576705,0.2007459841057227,0.004887579036259081,0.14130047092511888,0.004033387274927753,-0.012305199030344695,0.004981584414361336,-0.03566545338926714,0.004396094384366353,-0.08143468970616614,0.0036444783228590325,0.9769816137741447,0.0010763452472317692,0.047698791029127684,0.001990440766437493,0.03158939771379017,0.003849048406009336,0.009578390031336493,0.004078457357305816,-0.037889076667094616,0.0038508672862622184,-0.0410111875737611,0.004082445545671327,0.10244016063633751,0.004761368469445262,-0.030420154970987823,0.005882695966393188,0.04141267209659848,0.005499619012162733,-0.06496526753961568,0.004591045465848372,1.4877245141927065,0.005230394601720145,0.17404343423690458,0.010151261273920617
417,True,-494202.4191931789,43780,51228,4,7,-0.005364985493130122,0.003582086381072446,0.7707782864302449,0.0006017613152768386,0.1475672090445066,0.0013752379943818838,-0.02584940263947087,0.004486245418552206,0.1004031020045626,0.004064693746912284,0.007900897991864438,0.00418612375278478,0.017163690443068126,0.003576011567122903,-0.28316243896177096,0.006415358226103833,0.10754905784940237,0.005702250275039643,-0.09006382363256571,0.006201007696789232,-0.008350862469759347,0.005278043378750238,0.34714910667127125,0.005248079193953706,0.1667332035814395,0.005840612736740273,-0.05302806433901513,0.004673389701865146,-0.12248641590751677,0.005009008935678147,1.2487092307181022,0.0014245129891858888,0.16692638127105267,0.003221333225583503,0.09141874397641038,0.004114154918996214,0.03034388152962663,0.005000397672691309,0.050128762220938025,0.004028705902206537,0.05635442390681558,0.004970114862334825,-0.4018789687073659,0.0054665440702429515,0.3580181106195388,0.005068191325008636,0.28513522300389554,0.005251776985286544,0.20212676236406593,0.004872277145249801,0.1397640241528587,0.003929261022624318,-0.01432161017716943,0.004861359380256335,-0.04848753439602922,0.004211829705499662,-0.08244175007250039,0.003701888122469308,0.9757708702117353,0.0009751834296662376,0.04688223083699277,0.0020165821318913514,0.026742155907948113,0.0036586429711473146,0.02000785796493091,0.004059973308691503,-0.03523201162286506,0.0036584157705588593,-0.03966513330447701,0.004062543659332122,0.09669799438822752,0.004506398642047532,-0.024827712523617082,0.005937336203461663,0.05038774097472881,0.0049619573666363345,-0.05165866089675932,0.004755104557252188,1.504012977465456,0.0047178444958685395,0.15071991808215265,0.009566442684449436
418,True,-495004.62211932754,44077,51105,2,3,0.003553005509517724,0.003577258393264395,0.7694298734416839,0.0005959565903836395,0.14707798732995322,0.001370117410583016,-0.03403497063852731,0.004463408920213908,0.08872018110448786,0.004042070082815076,-0.0006139331508856717,0.004177959789559352,0.021886753435278142,0.003534381693877178,-0.25973251959809157,0.0066598350165100635,0.1235018426978875,0.005491406701124452,-0.08844294522737475,0.0064387429510896245,-0.0012866433984015714,0.005058452012973507,0.35696679475033993,0.005278068044414479,0.17118617575797357,0.005979704195100202,-0.05751019277540435,0.004691141054341028,-0.11825307349706451,0.00510174714673967,1.2505763403437575,0.0014322278991529824,0.1706184502002269,0.0031897862163741825,0.09686696944011515,0.0039818595892859516,0.02365660941881553,0.00504359673800372,0.047858822847255844,0.003907106621170018,0.05209049067563995,0.005009676392264431,-0.3933592363942416,0.005547878031446753,0.36520624466782486,0.005036323822402826,0.289605706658174,0.005322071611296582,0.20386183471042132,0.0048492015286159965,0.13768632099172515,0.004033812375368526,-0.018959235644435135,0.004799439119529653,-0.05310822711525794,0.0042701879858743855,-0.07599228759754967,0.0037270578499517854,0.9762184212194159,0.0010500279325755812,0.04759023679241331,0.002084046148221764,0.02641715678087679,0.003744112529826389,0.018083105058189924,0.0038539831052951503,-0.03805356540674909,0.003745729765610833,-0.047753091206450105,0.0038590125152562216,0.09760126136613542,0.004625187538128733,-0.023702348413166402,0.006218492977028055,0.05792563870783514,0.005050203933628218,-0.047869101582894244,0.005135020825076017,1.5110545599062501,0.006098410007854049,0.17829493612544106,0.01019799409811295
419,True,-493813.52108202945,43639,51368,4,1,-0.0014784840299818893,0.0035810702484650016,0.7698737681050489,0.0006097617248153053,0.15006042632298847,0.0013993367453582345,-0.032574567333453805,0.004447780675470337,0.09600305686411083,0.004056799183952784,0.010952277684801812,0.004180584810503046,0.012936569299889981,0.003552008133923675,-0.27035017166906206,0.006599911136108005,0.11203083274875066,0.005657769362137377,-0.10640570658351958,0.006391018084378711,-0.018481344072447857,0.005233684257846136,0.3559033109311155,0.005305438853093441,0.17210607148388418,0.006001987096232835,-0.05392463105606057,0.004714759785328792,-0.11020292502034582,0.005120344319007039,1.2493601699937407,0.0014452345947096878,0.17117984672465192,0.0032529032698086907,0.09921407490098846,0.004016881331677512,0.0282339164922518,0.005074307904775143,0.05440164807591755,0.003927182100227403,0.04366420456513686,0.005034665437638489,-0.4037472080182495,0.00547946026716019,0.3491693731461257,0.00508365083696936,0.29033182365078614,0.005303882722149359,0.20093896377024692,0.004913626326862726,0.1396715038231043,0.003958657694102376,-0.019737283632312697,0.00488008645246488,-0.04740249910882999,0.004288340748306928,-0.07978664440960646,0.0037413965931092957,0.9747246654571982,0.00101847872597155,0.04788314843030575,0.0020636909302850677,0.03197316314275323,0.0035571149241532176,0.01486361980496865,0.004547824413319826,-0.04153278332063249,0.0035574967017573673,-0.03280743424347991,0.00454741461549051,0.10149672702256662,0.0045977810547421175,-0.021676370401066066,0.006015366746618705,0.05254697026458164,0.0052820751155282595,-0.0630188755016287,0.004985499751698439,1.5007034745667724,0.005392144316251679,0.1737962451428361,0.009924038381471129
420,True,-494636.001669558,44108,51142,4,0,0.00597384887657341,0.0035716904537768726,0.7692261259101539,0.0005990058287332345,0.14711019653093993,0.0013633841670999264,-0.03628711835478424,0.004445993283983571,0.0943213884774297,0.004093340880092018,0.006288063863208562,0.00418432290719917,0.013034906606604101,0.0035718061409470733,-0.2679117862356227,0.006730614892188524,0.12093304678554251,0.005500448396935213,-0.08913895538461568,0.006489324584810923,-0.00815862534200787,0.005085586318061115,0.35081169480534724,0.005386089989565404,0.17164787406369994,0.005912997665103728,-0.060973220160329133,0.004806764499770282,-0.12261238675376712,0.005077720600586024,1.2515402756192833,0.0014084678147469054,0.1687057092871586,0.0032727514927324702,0.09844269064049901,0.003999424115278065,0.023571926417111127,0.005224728695031893,0.056499583832370255,0.003916643220582768,0.05207261970946691,0.005187223526367098,-0.40740902383366073,0.005556687097772632,0.35363213921611997,0.005080971971701905,0.28829618805849816,0.005254383127077539,0.21050911562778923,0.004904899988290749,0.13919221851737196,0.003956945944796096,-0.006673173608102545,0.0048181943384685245,-0.04143799519394084,0.0043326099842008435,-0.08075691345100534,0.0036175299492984293,0.9768093541292303,0.0009680043527955373,0.045236858411931764,0.0019533640590544306,0.023061331321194607,0.0036384043341891707,0.02114780125786135,0.004162918681039767,-0.04377251218492065,0.003640946110907429,-0.04646374759096754,0.004172383795930348,0.10525851860062023,0.004762394081487794,-0.024407511434040716,0.006261481735893747,0.04441384757796281,0.00543043361695587,-0.05995559497582859,0.004675975812702044,1.4946500926917081,0.005919640552453864,0.18170526401035125,0.009891517787604151
421,True,-497619.7747322712,43747,51785,3,5,0.0007339205128665649,0.0035734112865083625,0.7698111725794349,0.0006037729606476194,0.14823672332430096,0.0013708686013135934,-0.037523434699448514,0.00447626729254039,0.09789141818525321,0.004031583171044952,0.006298253922670943,0.004216814817788378,0.01592133777975307,0.0035159728905719122,-0.26142225385593576,0.006575863914036487,0.11377923300199823,0.005551220570506824,-0.1050751480083649,0.006355328930390304,-0.017847664170215417,0.005135034389548769,0.36522852501472236,0.0051675791608982785,0.16347427941505221,0.00603141529502821,-0.06866262882648234,0.004586787141709087,-0.10889694772278927,0.005184319904524692,1.2500156032440466,0.0013923689410889617,0.1691006339199373,0.0031455544263042923,0.10036833293928453,0.004034829308712612,0.023476151328267098,0.005006139085428185,0.04444862900883255,0.003946500135774727,0.052955781088195035,0.004955075913849013,-0.40133810636763384,0.005514314293422285,0.35498812657008155,0.005034519485584403,0.287972996040966,0.0052442351764918635,0.20000028572861675,0.004849548076643037,0.1390653112795603,0.003988842816003825,-0.023659691746479028,0.00482689285434088,-0.05734420388582352,0.004244076989073003,-0.07267132798387747,0.0037594143667306276,0.9748817480713842,0.001058181706850958,0.049125325246875656,0.0021046144580132813,0.02545858608201155,0.0035976960236672483,0.01394950862016728,0.0044444331571329215,-0.04479545857606406,0.0035994941916328072,-0.03780260113313,0.004448503015473421,0.10697522118143492,0.004617388751556077,-0.01699368385428798,0.0061403697264918265,0.049766183632246275,0.0052449709721704395,-0.056641208473610954,0.004768180280066856,1.4951039634910244,0.005432309360816401,0.17519086541314116,0.010003838844618584
422,True,-496137.7634050662,43953,51396,6,3,0.0014681636474640392,0.0035608744148965046,0.7710388062971121,0.0006014684818832494,0.14819336508276582,0.0013658553745904828,-0.03939597149572194,0.004455776874913738,0.09420136623585414,0.004038379742314346,0.006891968840338271,0.004186445701396205,0.010269123147185274,0.0035143643763480576,-0.2647502398098696,0.006628434260706496,0.11457504743301206,0.0055450972976058294,-0.10048388630297886,0.006406753863041274,-0.008351868617970238,0.005127828052038488,0.3520419259437429,0.005306500754286986,0.1748624673277166,0.005908334427990876,-0.05639212746195257,0.004738874271698874,-0.1129153811060399,0.005042262640923636,1.251532676271798,0.0014877794867109717,0.17652370843944715,0.0033394971801226636,0.09875978151068024,0.00394122274541083,0.018021880981617045,0.005085104165435504,0.046205482060238764,0.003862311916257704,0.04892272267509635,0.005048045116163035,-0.39785779888143735,0.005557071061347815,0.3609007661874384,0.005056330400991445,0.29016017949950107,0.005334123129723701,0.19996660135593003,0.004838113483026955,0.14384324082112446,0.003970470883137483,-0.012904102817404377,0.004902802583977398,-0.04395712783190966,0.004303173134878467,-0.07590946382160425,0.0036877235401297096,0.9763710506826483,0.0010373032334091148,0.05050235364027255,0.0021883160246187264,0.026463607095357132,0.003687080787924067,0.009069092206365125,0.004306268081118503,-0.04239317703833851,0.0036897764501289732,-0.03593893468984787,0.004310016566435675,0.10357647217331008,0.004624788006810478,-0.025898004634084416,0.005978399458323741,0.051464619121093166,0.005217401939015473,-0.06150443353680556,0.004742375346788463,1.5023527823256906,0.0053099644429828174,0.1848570723188862,0.01113963358876291
423,True,-494831.64697097545,44087,51072,6,2,0.0043689824295728395,0.0035532541245342003,0.7699434675893979,0.000605113751102726,0.14976594161230364,0.0013930462027495483,-0.02888853524804639,0.004422445234279319,0.0903861454602725,0.004038552679261181,0.006250588114668939,0.004135109226676061,0.016490494757968262,0.0035542744708425417,-0.27046117983642526,0.006622437194745442,0.11941129299115207,0.005487100916809359,-0.08816895958900044,0.006349290016907726,-0.009825298724604895,0.005027566733305669,0.3556167749254918,0.005287745002810376,0.1725864732209729,0.005910333724768815,-0.05482604415404773,0.0046666910172148334,-0.11876787857842488,0.005054404866002545,1.252252441823891,0.0014334185772586494,0.17032312211087383,0.0031718705928003993,0.09086137479360608,0.003933960990917431,0.014543198762408416,0.0051350533399689285,0.05273758759911943,0.0038530253428389984,0.05532541890505928,0.005085029813958908,-0.39459752462334663,0.005520408240295845,0.35650399043910286,0.0050230943133990485,0.28420544268627507,0.005262042320707813,0.20350988031919356,0.004804807776270944,0.14431797080234027,0.003994320750274115,-0.019184987219987272,0.004893798220382441,-0.041278641859147105,0.004273227051512766,-0.07775936410601002,0.0036854845538541866,0.9772379963473418,0.0010376950052333744,0.04767894973193248,0.0019670931778483017,0.025159988784218646,0.0036908727620750684,0.020042460049666713,0.003700545264853502,-0.030195229989840488,0.0036956820548613174,-0.0428555127141799,0.0037026481184052676,0.10811976621916103,0.004619119150006547,-0.01987460804138842,0.00615096844234166,0.05553163485333446,0.0048673814591304555,-0.05113080365025787,0.004901557867255426,1.5102434466138404,0.005016001414502869,0.16484824805756654,0.00937879049286483
424,True,-493526.8644317426,43933,51163,5,2,0.0035543284840488954,0.0035722430194839597,0.7693031238928355,0.0006068790072399355,0.1491764719362768,0.001387087669045578,-0.03465022257063833,0.0044562753146385305,0.09069046129974938,0.004022460036325206,0.0036372829399579005,0.004184237893784464,0.014375257793696002,0.0035181650183791,-0.2718613267192635,0.006557048407223459,0.11604258618953457,0.005544552207394252,-0.09435275283866405,0.006297441910059039,-0.006057439491437348,0.00510201876243184,0.35373021658736836,0.005406007990752747,0.17406719833955245,0.005902367003137246,-0.054249900533395325,0.004752843946975675,-0.11701945430083997,0.005060434657689062,1.2505575931427497,0.0015034903036282854,0.17967517561442944,0.0034693657317130533,0.09570749779671534,0.0040434613580118345,0.021556238224629768,0.0050587373847160505,0.048444234252089435,0.003956659204563452,0.05672710889911672,0.005022164058520755,-0.4066579393233037,0.005475268262781999,0.3505368151650541,0.005070534403343563,0.28112322478581236,0.005222898091376243,0.20385176815368244,0.004875283110133448,0.13954332714942883,0.0038630896178007937,-0.011039022027801913,0.004801192861296366,-0.05042758474830092,0.004214366121899454,-0.07603102142348683,0.0036783464484806652,0.9769026046514243,0.000944291391623886,0.044307121465400764,0.0019158899635387215,0.027595992390922062,0.003577522815568301,0.01498228350636795,0.004211605632722178,-0.04147818639473929,0.0035794808367120854,-0.0384505820902811,0.004217198771649699,0.10428371345412342,0.004634738329029317,-0.01686678150134899,0.006167365763494984,0.05741723668709428,0.005054330997625169,-0.0507047770538713,0.00509378974305893,1.5098509102485997,0.0054569844297729375,0.17673522470841715,0.010578112687607041
425,True,-493084.5752796995,43926,51012,8,4,3.943263912499349e-05,0.0035851564493757327,0.7710798393744513,0.000610712998511509,0.1486554186875614,0.0013869288070065405,-0.03300364399420471,0.00447803482280068,0.09592798914365953,0.004097353056450612,0.00998077857748974,0.004199252192594067,0.011644847192847802,0.003578640012715959,-0.2745325702911183,0.006755336945956762,0.11882896414101257,0.005621131642686935,-0.08855468951246148,0.006522997727649551,-0.003971175271721162,0.005199748799970855,0.3502521214658117,0.0054040136823052505,0.17757380752233215,0.0058986771708164935,-0.051869417405607174,0.004782377370134959,-0.11406934257831959,0.005054155733148074,1.252456690446602,0.001419189823022693,0.16772904670395702,0.0032432254807392286,0.10012327985910771,0.003906405488853018,0.0073429627094072445,0.0052834317370976085,0.05754998306115273,0.003834708235139682,0.053312131960017425,0.005240588050966442,-0.4132852803516861,0.005536409231915375,0.360168889418085,0.005173200851829936,0.28517675960414907,0.005309295976191302,0.2062683261837005,0.004935369454980938,0.1427901533227179,0.0039845176572793645,-0.007308154600504124,0.004876942097729352,-0.04340239316077992,0.00425979265719152,-0.08251901896344031,0.0036894851663800423,0.9783366155370017,0.0009441495924121801,0.04484103409757102,0.00191764344661648,0.027881716910011033,0.0036231851130273983,0.012588411586699511,0.0044443206387781336,-0.043671556906806436,0.003627290407321664,-0.040108475336570144,0.004449228942979789,0.10130382971857149,0.004708800141533408,-0.013742281005368815,0.00632839546760255,0.04982746447360947,0.005326323625927118,-0.051986386290487616,0.005195208910380419,1.5074677707174946,0.006331778646576636,0.1892565374548731,0.012110411774437974
426,True,-492507.7389739286,43633,51237,2,5,0.004425613067639104,0.003565773171894162,0.7696993212608099,0.0006017033133814964,0.14793199065176715,0.0013732677832389018,-0.03478623358323171,0.0044101967721062035,0.08829576103933291,0.004108572762165024,0.00289197149664893,0.004141798526336321,0.013742663792654075,0.0035923786796806623,-0.2641663484444447,0.00665645987393988,0.12343827405371405,0.005536792613991873,-0.08563984584828084,0.006447530794626158,-0.0029835559606799216,0.005129101657740769,0.3539553749237293,0.00527496052979161,0.16981650097761453,0.005918830371817175,-0.05217318915802073,0.0047430446279564135,-0.12344373937536211,0.005093989708440946,1.2509226948431502,0.0014704918565849878,0.1769794512276917,0.0034162042874545384,0.10373632093456303,0.0039019180200067236,0.01905814916881216,0.005148027888483343,0.05220305989362739,0.0038290510477676314,0.043825604076043245,0.005112490876287191,-0.4031272854217127,0.00556996598800762,0.3521219591943385,0.005084347233271665,0.29303371684860596,0.005317367158244954,0.20071762285507924,0.0048953179391094245,0.14356943580110848,0.004021959054146646,-0.012123356266232514,0.004900304668507198,-0.04682011539730969,0.004379491428718429,-0.08358569073144573,0.0037307758027624208,0.9764967380476977,0.0010214710538591354,0.04854953597742951,0.0020108176542671247,0.026426592737435306,0.0035356933323739594,0.017613343392256224,0.0041249509283542525,-0.041860100051332345,0.00353686630192065,-0.041364389517195156,0.004128629255459783,0.0915905088074537,0.0047349144475700876,-0.025906198356830397,0.006011047416709113,0.0450234686638695,0.005414103100558434,-0.0554386369509084,0.004757783480724671,1.4994965886059382,0.006289600651340765,0.18272065022334028,0.011555163757186196
427,True,-494217.55850294675,43722,51250,1,3,0.004248125911935085,0.003584243469246202,0.7693347258078002,0.00060265645972013,0.1476894826992906,0.0013681203273002845,-0.02831652263854273,0.00448408953915916,0.0919894396933198,0.004043185905466098,0.00628420393566617,0.0041950190362336996,0.005124961665354523,0.003552978515762591,-0.2748889878046486,0.006671941887517608,0.11401356963432341,0.005617500224782955,-0.09052966250292194,0.006413644864267161,-0.013232573525172363,0.005186459016371504,0.35096327563609825,0.005365670535433075,0.17644472270274178,0.005875194086527481,-0.05236945990191086,0.004772287711953301,-0.12166247278433945,0.005040981870787364,1.2511454727404265,0.0014364320133769537,0.17148441388445504,0.0032736915032275243,0.09449985556288114,0.003991761262729414,0.016170994687173645,0.005199897279515461,0.04846047823198365,0.003915944709639693,0.060801835532351946,0.005153075482880104,-0.3952085329164846,0.005554420532610051,0.3548700592252121,0.00509232323428137,0.2917833986014982,0.005318955681200903,0.2034312126342328,0.004880918852034654,0.1428249364304961,0.00397114760703044,-0.022820815083509745,0.004799212023308609,-0.05273047618585858,0.004154607026324866,-0.07312405787441575,0.0037918151947165966,0.9740116042963999,0.001013834998533858,0.048267138209571986,0.002093983776229061,0.026244712418179182,0.0041523250941936105,0.02209605315649625,0.00413998125000751,-0.035621698906933535,0.004152717184356226,-0.047702857527556486,0.004142595712213905,0.10278354311986704,0.004819881944073469,-0.029205433919568022,0.006030704968831811,0.044006460104211324,0.005327542115634878,-0.06115928510663276,0.00460582445207249,1.4887875614338035,0.0055289608210727925,0.1780110683496959,0.010275229946728914
428,True,-491904.7842427242,43675,50954,3,4,0.0009072609112348835,0.0035759281350104455,0.7691970519035062,0.0006022895078868218,0.14865109361920667,0.0013972366979889822,-0.027816191381236508,0.004424270505628973,0.09146341727888406,0.00407399223386055,0.008479441122251033,0.00414058534115082,0.010660925814625917,0.003577256898667918,-0.26676251612406593,0.006681178173541342,0.12047651260795818,0.005515334394585221,-0.08648664720137884,0.006430247811461404,-0.00435532352381664,0.005081012177517749,0.35895052868179167,0.005324003052304857,0.17160782270634797,0.005958536233972452,-0.05218891552355125,0.004713675157884863,-0.11454148609674317,0.005098067243662047,1.251464460839444,0.001422122020107719,0.17120273240317455,0.003282110976124547,0.09629758396520804,0.003933452603121016,0.011359021789192483,0.005131122670995182,0.05209807434844595,0.00385491930102093,0.05309040107499112,0.005095177579342138,-0.40792701740912235,0.0055687951264768,0.35814346119157536,0.0051296429523686035,0.28560182895544445,0.005270115000961499,0.19996081820718017,0.004928485841772204,0.14662841362813853,0.004003746585002966,-0.011815767181101573,0.005005755567477084,-0.039370568165274816,0.004324267913222858,-0.08006201702236408,0.003682321946855697,0.9777861647437245,0.0009934791526789444,0.04723736803239406,0.0020015637607703647,0.025140874742573618,0.00381090437107562,0.01893100735331858,0.004298335266904315,-0.03897779422017368,0.0038135928186866543,-0.0422587413420597,0.004305202841526526,0.10529493830218593,0.004660484056769236,-0.01177302367797906,0.006268608233667839,0.050913921423292624,0.00523545450210947,-0.055500506968702935,0.004949041611544228,1.5078928126900302,0.006018059103312656,0.19188562727340439,0.011478822733973382
429,True,-495692.3483971575,43918,51389,4,4,-0.0033329608327706756,0.0035561046815187057,0.7711187930580793,0.0005984997720353546,0.14713638602363135,0.001363742067428203,-0.032337623701349974,0.004465899047576015,0.09905356716294161,0.004094013394960598,0.012325313873113888,0.004184370041411404,0.018948110193841784,0.003579212802762029,-0.2589898601006999,0.00665236964849584,0.12613303525320824,0.005459764927550005,-0.08590382896650452,0.006402447098759785,-0.0046654084425750255,0.0050224752535717255,0.3564665187256851,0.005116573838931691,0.16034112963424837,0.0059493337410954665,-0.05231368639091154,0.004598822210421016,-0.12197928500664358,0.0050857797387651405,1.2495240700520789,0.001402599877702304,0.16751046588452556,0.0032096307016846876,0.09410637259185996,0.003929701382955332,0.014083554258430166,0.005033852219437699,0.046668383671016354,0.0038597133464495187,0.054274778315823814,0.004987956000747364,-0.402786928429067,0.005483439314282405,0.35784711596479274,0.005015191064852289,0.28457657362962213,0.005235708772432214,0.20279403308921692,0.004830416426843228,0.13280732396578726,0.003959423482908182,-0.015142195641029168,0.00475088172472834,-0.04195921285784653,0.004313644769323781,-0.08060754082903361,0.0037111919320897565,0.9768483510809478,0.001065253562334334,0.0468802964290249,0.0020166837594866177,0.027385181030705082,0.0035312047075141185,0.01751903852336476,0.004231216412360778,-0.04088169685275984,0.003534210657345943,-0.03773380884206429,0.0042365650721434165,0.10498910031512447,0.004543813126454445,-0.013951516034590352,0.006061715859631917,0.05988088507145784,0.005058965189276148,-0.04952101234742389,0.004988205000394261,1.5147502182732027,0.004918779104870374,0.15656931643305866,0.008641958358260898
430,True,-496970.5448282743,44004,51467,2,3,0.004101519619198624,0.003573196109971792,0.7699512445570119,0.0005943720512996409,0.14664346067184975,0.0013673058535945276,-0.03507534327370874,0.004474673185651854,0.0953573850849943,0.004044550742902792,0.006385749535190632,0.004193770837502314,0.011089980171783491,0.0035314775367862403,-0.28121962888067703,0.006503096996022144,0.11296449794540006,0.00566654293242287,-0.08329892863212443,0.006305201807390648,-0.008176257069646043,0.0052593610618543694,0.3461767989742378,0.005435870334511209,0.18241113907477827,0.00580578623896122,-0.05380004614355852,0.004862847648406734,-0.1268986010571027,0.005015615106143572,1.2511875961800525,0.00144745779190103,0.17178089635546853,0.0032745280283684453,0.1015166564662808,0.003992703820677621,0.015821975745517268,0.005189205865779268,0.04789056564188918,0.003919566479147657,0.059225581975413964,0.005138533136695354,-0.408675733423547,0.005382502475341582,0.3551025522144133,0.005115807560559981,0.28185090910218813,0.005163472546350063,0.20124440254176792,0.004918121468784662,0.1405019025589872,0.0040550339193477095,-0.018410587976006827,0.004780076021761001,-0.05061763228030017,0.004332860794240889,-0.07566800898406514,0.0037509927318282927,0.9761956278371208,0.0010070382421815682,0.0455530576259927,0.0019468486540713328,0.02755345389886566,0.003736806003400189,0.017774085244725193,0.004090102788225493,-0.038180274712689526,0.0037386862847714917,-0.042856072107788516,0.004091740865380349,0.09728725969678563,0.004602319039480943,-0.018511820003433196,0.006140079574361494,0.05159468780447308,0.0052451091170501035,-0.056281300965360236,0.005161195100303225,1.5089967531494075,0.005935834770817938,0.17742676041750854,0.010613674595025158
431,True,-493395.96152043436,43812,51113,5,2,0.0020826220927580245,0.003581508902028299,0.7704023997723735,0.0006102128459470335,0.14875338226902693,0.0013726129175911372,-0.026377630581602165,0.0044401154846294205,0.09443804521936398,0.004098092338976027,0.008673268582340686,0.004155018227549712,0.005740053307976503,0.0036022598767222486,-0.2633633295308903,0.006728613583925027,0.12193682960356489,0.00557108470371045,-0.0974262676086617,0.006488144128466741,-0.01316979336291733,0.00514529956451646,0.3646090752316374,0.005239473133390801,0.16624809985507844,0.006102459921530801,-0.056893230474043106,0.00465463093192746,-0.11221437523290229,0.005229326976008252,1.2488273841268989,0.001461808709830148,0.17277803789621896,0.0031996249964380136,0.0997358388850567,0.003982490462332219,0.016243399225579953,0.005261085935761619,0.046817537756409164,0.0039006589064941332,0.050073853639669395,0.005201954224580674,-0.3973258095809048,0.005520995114714029,0.3580617629056515,0.005034403753131683,0.2884173775570481,0.00528748294140405,0.20142695992210638,0.004851404793953221,0.14289308961287403,0.003927922174761008,-0.020266930544753002,0.004825062916813437,-0.05214241165013724,0.004182898234070376,-0.07352923681562575,0.0037479365128860248,0.97560900612236,0.000991085527321356,0.04770518382299836,0.0020455582599661244,0.022901085848688937,0.0033041522982931336,0.01657313795112453,0.004457535867402649,-0.04337674813690744,0.003308444625718405,-0.03794302616789312,0.0044632260567404654,0.10264482195506197,0.00474305347776343,-0.021558342884649688,0.006154284799409169,0.05337103727521827,0.005401340193979114,-0.06224582884067734,0.004897246972710882,1.5067211522427912,0.005514412098110211,0.1768374929039591,0.009965224721703983
432,True,-495097.54933048505,43936,51333,3,3,-0.0016474044011691525,0.003583731018212948,0.7705117431270453,0.0006173147086194763,0.1515978891313349,0.0014132522681288978,-0.03120782537595978,0.004439564857531596,0.09530411799380273,0.004052324511387054,0.013885102862611024,0.004164288124037402,0.008875085659290597,0.003558273883937345,-0.26132593172816726,0.006815666627787768,0.11729706399922757,0.005537898816963729,-0.0899537348222729,0.006591514256605583,-0.0007206315874126085,0.005119070063083468,0.35433843047414854,0.0053153079068017535,0.16263810039641755,0.0059499878195504565,-0.060009589548356425,0.004729426557459829,-0.11718455402481016,0.005107177387993213,1.2514198203521971,0.0014787547325555428,0.1754148958017337,0.003418946579393914,0.09630768031297354,0.003959758996431499,0.016385912624404114,0.005240879004667737,0.05550093609512051,0.0038811245881324365,0.05452385192026787,0.005206148050553831,-0.40367327684905835,0.005516474405440411,0.36166799449881304,0.0050819127282094,0.28761547189416914,0.005223872928582092,0.19997005498289008,0.0048953512955102465,0.1469903219548099,0.003997533874291568,-0.019548132607246683,0.004929512225141109,-0.050728271097661724,0.00432986033443899,-0.07888454232328196,0.003710116523165824,0.9766949849357293,0.0010227327432599798,0.048488016620230716,0.0020050431915977322,0.02599560224222127,0.0034433184526292925,0.017899299753845715,0.00406833295988404,-0.04298589274890527,0.0034453710716310024,-0.03919044645967384,0.004072317149681223,0.09969678338997995,0.004943331211463975,-0.029903472370577475,0.005910570674968005,0.04631735176193698,0.005530051155801325,-0.06200331718765449,0.004727500178903576,1.4982115254855761,0.005392703353940154,0.17551075803511945,0.010357898764955284
433,True,-492708.48917957535,43694,51135,4,5,0.004234551310805301,0.003597946380741894,0.770965383258863,0.0006051783308057002,0.1472402445394257,0.0013674738932015484,-0.03647062563585155,0.004535838051683763,0.09824089216935722,0.004085047648052366,0.010433094058282775,0.004258132007119273,0.012171224004110075,0.003559869055118894,-0.26800551777884934,0.006701562571435308,0.12114148666883078,0.005574948352906932,-0.08904282994360824,0.006440462861954951,-0.010915475804003911,0.005133955890191815,0.35866986028826847,0.005306488878559851,0.17035190865601973,0.005994838541009266,-0.05917019141933772,0.004743189656771326,-0.11968609935547822,0.005126828092983028,1.2496827243700528,0.001404049943573793,0.16847472170139724,0.0031933591720131466,0.09541238688808765,0.003960770549357795,0.014683273775521385,0.005160116402686284,0.045209049660050855,0.003887425433492974,0.057614298170021706,0.005104204556322879,-0.4131826518572944,0.0056001867504397364,0.3646039306860027,0.005209704628092676,0.2880539453188157,0.0053162264090793375,0.20724742612731104,0.004962496151766676,0.14268943088207126,0.004013508309310722,-0.0008132524402196048,0.005122661687833368,-0.03751148222750001,0.004260142427652274,-0.0761260357861944,0.0036555687517773215,0.979483545610011,0.0011298744732674004,0.049815121512987795,0.0021133278986307513,0.03147422138108303,0.0038453307753502143,0.012705734099620844,0.004270526456954889,-0.04019200795571713,0.00384865218065885,-0.04303350736724009,0.0042747267557202,0.10595528926508228,0.004733441988990042,-0.021835944342898615,0.006330175334126255,0.049789607898378364,0.0053191987620949685,-0.061336055495677944,0.0049013247226445235,1.5029404193293663,0.006067217399786662,0.1943293751942742,0.0115583189653692
434,True,-491368.01867067,43770,50847,5,4,0.0007644964150093174,0.003579490240967054,0.7705459897990997,0.0006090932629781998,0.14940014659297732,0.00138844921261283,-0.029267340860960767,0.004468856324139593,0.0981298682799768,0.004084515433538102,0.009297320377259385,0.004187299560771825,0.010585100098241394,0.0035828936185022153,-0.2527421707644734,0.006745168184273427,0.12095496141584951,0.005459477349655766,-0.09815696182166808,0.006503312981168257,-0.005847253484915189,0.005029931659566281,0.3587855005930193,0.005201229761112941,0.1635492236331109,0.006056249135139189,-0.05897455350029054,0.004649772337460859,-0.11300590227963006,0.005185930069472374,1.2507314280366062,0.001415296871143945,0.16873850929947,0.0032200122709402645,0.09919467284664517,0.003953357861083818,0.021897514544032565,0.0050255843431184785,0.051376008140291404,0.003878660372684447,0.04871795219723733,0.004989203242613514,-0.402073325902572,0.005496732250364329,0.3611946253563629,0.005066940530690068,0.2882216583812111,0.0052611394428860835,0.19919134971684582,0.0048637263177514455,0.14164780096005813,0.00397360716469245,-0.011963577826395344,0.0047514093878188845,-0.04401562343390812,0.004251275340573779,-0.07989481047156423,0.0036747825667682063,0.9761685295483932,0.0009696617280758324,0.045242680163867656,0.001911245424809943,0.021492183905779755,0.0038138792211735864,0.021100857510909725,0.004018977373730929,-0.03874319295024803,0.0038180978560743324,-0.04912198460516898,0.004021191389792709,0.09969952906916957,0.004687031865813569,-0.017411968571020342,0.005934659258760695,0.04410745761851029,0.005388468235338647,-0.05959757321661911,0.004706221392110858,1.5032203865119105,0.005429131774864038,0.17101585915260994,0.010473162326181382
435,True,-493977.82991237927,43779,51199,6,3,0.0012541313729153988,0.0035738266941360034,0.7697448965928815,0.0006103547302251378,0.14989770311459255,0.0013874845139360964,-0.02381050752915272,0.004478660743526807,0.09929681315520605,0.004066190474022911,0.005446795244648852,0.004193833214191252,0.014906283303959494,0.0035853096330524994,-0.2753884891892638,0.006505827380305464,0.11618151464351115,0.005598378349047137,-0.08177842980760276,0.00627077101575032,-0.004633982082497613,0.005167062741575271,0.35025982411406165,0.005277854046237292,0.1685514220042691,0.005846076276402861,-0.04856366817117629,0.004719606882631457,-0.12728725450503492,0.005026183836179555,1.2502303245413893,0.0014347307016271404,0.17079234740221902,0.0033227573217379236,0.10253797125568688,0.003953966417520829,0.01739418575088795,0.005118548025402361,0.053547591600593976,0.003873868509068319,0.052627100435966835,0.005075380415468024,-0.4061111089123212,0.005556914237005643,0.3563134116250742,0.005112459159100252,0.28290511814247477,0.005261747449685869,0.19864546176270317,0.004912931193446777,0.14086703342878468,0.004015695777557402,-0.009488353205797577,0.005049378153757706,-0.04523869871596394,0.004364110670922463,-0.07831909087034222,0.0036989081444826133,0.9763176228803327,0.0011016934636252085,0.049154398593409906,0.0020919702788529428,0.017628181086518733,0.003221512348994101,0.025305314091457753,0.004762342801284998,-0.04416439001519183,0.0032233826655468294,-0.036064987946573916,0.00476774522448008,0.10286166114458976,0.00463167519034096,-0.02197551360752771,0.006184209453736229,0.05450957057470217,0.005003137963856267,-0.053512480902022506,0.00488615426035786,1.503908581587002,0.005438630314377302,0.17597827313141812,0.010603212275671015
436,True,-494623.09487384534,43967,51251,4,1,0.002742680176435307,0.003590908833579454,0.7702936016135872,0.0006089333022325505,0.1491387126483264,0.0013861471902555655,-0.027897330509219345,0.004462116449783963,0.09626705932116247,0.004063962850191877,0.003986064777530071,0.004172748699358217,0.01606131784308069,0.003576621028061971,-0.27123111543034856,0.006626878106151558,0.11554907271093767,0.005683536582834672,-0.09757953901646264,0.006391468943511212,-0.004927500806722686,0.005262850445291351,0.35429901597539826,0.005382667993465043,0.16978634332644557,0.00596204585015328,-0.056368544651772004,0.004770748166098149,-0.12379866839146081,0.005124997059737955,1.2503876237797054,0.0014513507578107765,0.17433707664202447,0.0033799691181246733,0.09323444988050968,0.004036239568248189,0.021221222839517988,0.005141798084259351,0.04842843942456736,0.00394727100407986,0.04977325228319703,0.005109320821374843,-0.4062424177207314,0.005495927731978744,0.3512271421133901,0.005097585626728412,0.2872606733640368,0.005235234931609329,0.2061883167842811,0.004896865025408368,0.14936609364405684,0.003992326210573569,-0.008966064632719428,0.004787958892561376,-0.04701610200439753,0.004296546760618515,-0.07899916963475193,0.0037248746453203817,0.9769582722029927,0.0009550983391800605,0.04732790272546547,0.0019764855817499816,0.025201461706626647,0.003744695641066101,0.012495926616162566,0.004219622542702898,-0.041515725657085376,0.003748907531379889,-0.04080386133855115,0.004223749759846171,0.10357812846153638,0.004834341255665537,-0.030730064745264414,0.005797682966155091,0.045188847308233776,0.005244795318030841,-0.05876152796002758,0.004651930454714375,1.4966204464455966,0.004883584536590102,0.16671354272648087,0.010035080563438548
437,True,-494209.87450743036,43836,51247,4,2,0.002987051525182237,0.0035402117617600887,0.7702514396311088,0.0006102595925646659,0.15062724763266486,0.0013886928859606212,-0.03327093051403658,0.004408269205986752,0.09766797886401879,0.004031410471636665,0.010886327413421326,0.0041454504129222955,0.013459188446186576,0.0035276219510867028,-0.2717343698410199,0.006518551305793648,0.10921133988214063,0.00552581085563445,-0.09553932598253137,0.0062842649888770925,-0.015078766086299248,0.005105002181105655,0.3482140466984912,0.005270093692510045,0.17035796502989,0.005838416557308666,-0.056167458075402237,0.0047086502830563735,-0.11816033284377303,0.004976974921500713,1.2504025996447947,0.0014643338440373244,0.1735022503439391,0.0032982184275617416,0.09441544136246406,0.004032108709757996,0.024142985655139462,0.004909482407563391,0.044771608395706416,0.003940895791737022,0.05443259665530022,0.004872932460327926,-0.4004104693245082,0.005421554301362014,0.3489154156287267,0.005037304493180863,0.28004926456451523,0.005160729003101671,0.19665377732237127,0.004829856536639719,0.14186235341663278,0.003945643356064225,-0.006451349149821878,0.004804215714378126,-0.04694513257173707,0.00418847456155436,-0.07584365174892631,0.0036409978237516654,0.9768127142615907,0.0009893387670943943,0.04695926705587378,0.0020003464526204724,0.022927661907219878,0.004196010176058352,0.015579049258812415,0.004356878773679373,-0.039087840233943946,0.00420028721567404,-0.04472025841955037,0.0043617289874681294,0.10408331838565088,0.004453017726620947,-0.012560088420816714,0.00606693438959857,0.049799097800800496,0.00498343279955682,-0.05487478601212479,0.004808242416217104,1.5099977280743175,0.0052517012753123815,0.1752212268021911,0.01091497081943775
438,True,-496032.4179745986,43915,51380,3,7,0.0008191471389487114,0.003561917343408767,0.7697329712774701,0.0006071550633843792,0.14989203965184736,0.001380182968951732,-0.028044003121775383,0.004417736461498591,0.0961605221695882,0.004050776287996661,0.008412215927222178,0.004144746975404204,0.00777201306463074,0.0035555454392227886,-0.2724239573397223,0.006567935851273405,0.11749927574529324,0.005596406607241007,-0.08980536353616879,0.006334246342832255,-0.00884811000772456,0.005158819258495202,0.3475757303902147,0.005197468881722756,0.1711239350984242,0.0058780649585270465,-0.05534533135927779,0.0046185948823301605,-0.11150819869414322,0.0050202289321683805,1.250094303858999,0.001400322811841881,0.16426035842426998,0.0031230727242984174,0.09740437782509594,0.003919327520181701,0.023016617585091347,0.005116717952984293,0.04425962280243947,0.0038388800317587825,0.046586306599186056,0.005071416693385372,-0.3946696131970152,0.005447959493388338,0.35327371072101904,0.004976918614540327,0.2951749963788225,0.005205881130657024,0.20251276216111233,0.004827756966303718,0.14081672440010307,0.003939700984701941,-0.010017170552053232,0.004851339643103663,-0.048111700804575996,0.004419293781913428,-0.08347284319323749,0.003710723633868926,0.9768005218084725,0.001054156705783127,0.04901375301576459,0.001997720219062891,0.028879747593198075,0.003781157940274135,0.01269172172063982,0.004259655325901726,-0.03547978797847551,0.0037835478976215842,-0.03737105862196944,0.004263226434236976,0.1001620429830845,0.004696099751559951,-0.02249737633662219,0.005919053744585236,0.051957616843087605,0.005230253092245041,-0.06065049927696749,0.00467229954690374,1.5035973167944898,0.004602871758265348,0.1571823871986056,0.009391718127949492
439,True,-491615.1677436053,43605,51013,6,1,0.004574482130928936,0.003573995634685162,0.7703395815152633,0.0006114877254976836,0.14948157751620542,0.0013797126496308404,-0.028961862571570702,0.00445500708275484,0.09796400935351873,0.004100129031514661,0.004600602082923701,0.004185329143573373,0.017722545910900295,0.0035947045077601124,-0.2595283740868661,0.006691566692755129,0.11639252472583797,0.005486753695144392,-0.09229255902664345,0.006478368637907855,-0.007817857581878451,0.005061164262584495,0.3510438870712542,0.005210828329490672,0.1662122931220374,0.005952420798207374,-0.060992160751375736,0.004703093184711282,-0.11921442704211503,0.005105402843171892,1.250697258334837,0.0014094497933779815,0.16656099074547262,0.0031956256577831965,0.09258349543142746,0.003999573709094959,0.019997722303331734,0.005056315262319322,0.04777237475634147,0.0039245790656715985,0.05464424889049518,0.005026130542915846,-0.40634918931559816,0.005472528649909124,0.3538005502481552,0.005079032588069947,0.2875770869768404,0.0052376092856595965,0.2036666874953366,0.004882668410951054,0.14258561025860608,0.003988327353118663,-0.0069142398445031445,0.004780512890521227,-0.04406300309691211,0.004301519683636,-0.07958090209133384,0.003670221813990625,0.9784754989768099,0.0009973181460954939,0.04697682128044209,0.001992251633579252,0.03125267817893027,0.004160964079268599,0.01054643114452374,0.004349177373103781,-0.03818982344113295,0.004163338571192737,-0.03775395249457701,0.004352655654176624,0.09893614193173086,0.004673948983682757,-0.021724287594826013,0.005901567532983741,0.05229949952465224,0.005325169678826383,-0.06288320065944789,0.004822813057225179,1.505724747203005,0.00492269510324439,0.1609206795415384,0.009324713161758105
440,True,-493385.4511731062,43860,50931,7,5,0.0029220318184581084,0.0035664509748695016,0.7698779708614962,0.0006028627763429162,0.1489431994020042,0.0013870984973737427,-0.02881322643861934,0.004454697180799029,0.09432100191123002,0.004043055270090832,0.0119455430798012,0.004167541348547908,0.007702026052269527,0.003553362812243967,-0.2665066853505203,0.006676837054120533,0.11097769563198663,0.005533094429132413,-0.09645420135853042,0.0064280530287893255,-0.0094094099438311,0.00509604024825345,0.3599242364656156,0.005284785074868227,0.16425069017213567,0.005981994018376747,-0.06276674275769858,0.004686050919169214,-0.11494831048825643,0.0051163025386756975,1.2486991845591842,0.0014601420561083378,0.17451490269927122,0.003298478440135713,0.08887496106217424,0.0041027391065575234,0.02705509851924871,0.005004772019029391,0.0430969311254701,0.004010526790793483,0.061282392494633874,0.004978157596731411,-0.399718275064554,0.005469765394642772,0.35292169254109423,0.005053205309948886,0.28461390169679796,0.005209850712100212,0.20119355129953032,0.0048070463116633684,0.14312230094389486,0.004011560103862835,-0.019850844007659567,0.0049229181314429426,-0.042764824093572525,0.0041723592523180975,-0.07633496601100877,0.003738584528597419,0.9770702824571106,0.0010655155905104907,0.05117937448614763,0.0022440780530998614,0.020949186968114725,0.0031396815394649836,0.013802941790382502,0.004655706287842621,-0.0495822647561517,0.0031442964181417447,-0.03527592781080347,0.004663883097231532,0.10220686118348207,0.004701259372939612,-0.024850177366416894,0.005862794590186776,0.044046499938000465,0.005269987205783907,-0.061429797465250256,0.004678464912481026,1.4965603846243873,0.0051033563034462714,0.16819117000957748,0.010161458628454162
441,True,-496222.79928732803,43897,51479,5,3,0.0035472993175730324,0.00355937588455497,0.7706115080091605,0.0006058851381308128,0.14855014422718196,0.0013686096806261178,-0.030409561952104053,0.0044124873829809,0.09380911502079492,0.004099924753895065,0.004171702261660731,0.004139898556646712,0.013563566812304924,0.003585544635933901,-0.27035230505344426,0.006614442821087128,0.1104193447084461,0.0055813941786167385,-0.09204305877012636,0.006345316645439882,-0.007483748814755945,0.005130373193243681,0.35633262088356327,0.005322113982265739,0.17558636573306818,0.005916685989567545,-0.05706889256543636,0.004694598524423876,-0.12497979251535794,0.0050563807487840895,1.2491926060534975,0.0014012062634226607,0.16932889335907436,0.003174136230254837,0.09706900728016889,0.004022748125784686,0.02092859186763555,0.005141400313600254,0.04746167328579045,0.003932885794474444,0.05603598275858342,0.005106715692790481,-0.4032338080232044,0.005507395304622596,0.3523659065630319,0.00506725622988786,0.2867302496527506,0.0052703070963311454,0.20952117511647736,0.00487045618983721,0.13860351857781172,0.003934684292070024,-0.016685108166131096,0.004822845411285891,-0.04087594025732662,0.004194964593017357,-0.07729657253452443,0.0036560785475785854,0.9761422371473142,0.0010380559796011601,0.046609114751107246,0.0019633556689027977,0.021314742580773892,0.0031504785859890806,0.01856042963162728,0.0043487382093539756,-0.04197186350631636,0.0031521817297478576,-0.031927217055173214,0.00435367793308102,0.10500167557399585,0.004467283044284478,-0.013443201601662015,0.0061748087674233,0.05810378155558128,0.0049000064078892555,-0.05208778164236382,0.005045613027253061,1.5149102704554915,0.00544246129544268,0.18065142237032877,0.010924118123304905
442,True,-494799.8431053334,43864,51237,1,2,0.0076671975550685785,0.0035704730287081793,0.770036078486814,0.0006290550187108557,0.15412626192588696,0.0014259657843721518,-0.027221574349123537,0.00443868225768916,0.10453773551179792,0.004047837493753415,0.00047142699672060535,0.004178450463329967,0.014216958138738554,0.00356539774120447,-0.27249350451294185,0.006645767433689563,0.10682794540898108,0.005605861940042793,-0.08334227509971927,0.006411045174660252,-0.005846148662433241,0.005173915493195565,0.3581687393270853,0.005289562447312547,0.16245688812858006,0.005940917323930939,-0.05900520046043631,0.004733909751262214,-0.12484165870588648,0.005077458307673857,1.248500676655822,0.0014343853175465826,0.17047058878342047,0.003199556481962171,0.10054406029582111,0.003979182965487906,0.017773091293747125,0.00516962965785088,0.052853161287299895,0.0038909753295436485,0.05388869768113536,0.005129894086264466,-0.3983218163261018,0.005555241908177579,0.3543503731981135,0.005078632877552611,0.28964606280555694,0.005291410707709359,0.20089459789179717,0.004872749171020564,0.1475289134747077,0.003983165271347521,-0.020503587822523622,0.004860019203873213,-0.04813636819486249,0.004241267849126827,-0.0755640839076218,0.003682286333637771,0.9750285032673474,0.0009561859251215332,0.04638686314882356,0.0019365950956021678,0.026360172963660368,0.003759138916003776,0.017213310875660217,0.004788248531715119,-0.041057168573137306,0.0037603970872102177,-0.03868809171316332,0.004790762387757457,0.10355682758230453,0.004821710319125369,-0.02675260072332991,0.0060276049168864285,0.04750236705074293,0.005306839599357023,-0.06057616209090587,0.004840573989931454,1.498341111906964,0.005517352563573996,0.18205945668198037,0.010791746807553543
443,True,-492558.0982496678,43800,51118,0,1,0.0023471287942320347,0.003604796378320791,0.7706792528529592,0.0006200719300711866,0.1514813835760629,0.0014172344606268455,-0.023900143851217154,0.004516452174390863,0.09984321375396558,0.0040738022931536035,0.01097833430538105,0.004220443544646416,0.011938880086458681,0.0035990051161735844,-0.27694704847918283,0.006508615853660258,0.10979292641393028,0.005666325428879883,-0.09823301593722732,0.006334362748464541,-0.006297405837313059,0.0052446969456154706,0.35525824982046683,0.00534361398405155,0.17831413796810483,0.005918065046732203,-0.050085088050768514,0.004772981231640458,-0.11807586382630744,0.005072358643557206,1.2512721760305892,0.0014797803904297302,0.1756928388580226,0.0033272966046750535,0.10515374072825516,0.003980618818275997,0.017211659727315545,0.005135453526401348,0.0512239663040625,0.0039041240843961343,0.048788135874048566,0.005092449621444115,-0.40967182967164073,0.005472813736111633,0.3514412783017859,0.00512422661203975,0.28804742225237284,0.005239197818583764,0.19666899489567177,0.004940179823229508,0.1415456487754453,0.003949898947064989,-0.010910308901302162,0.004825669954533363,-0.045328697478770115,0.004236450946442897,-0.07596920781571327,0.003689091563732621,0.9777239350144392,0.000983962281311035,0.04587059871896909,0.001982694727905701,0.027800854143532287,0.003605597132930348,0.013360077767929171,0.004320783211062588,-0.042151652887434825,0.00360877509901753,-0.04003973158308781,0.004323909177923568,0.09943876274341391,0.004530684622375229,-0.016478500390922246,0.005906659751757847,0.0555564788153822,0.005314848489338041,-0.05976541033794384,0.004910995496447888,1.501902007912028,0.005254297231017335,0.16921953599780962,0.009797769662711786
444,True,-493618.8596352602,43927,51099,2,2,0.004163683922675828,0.003585786222099006,0.7703869304782606,0.0005959267606355789,0.14626075277083664,0.0013642836644809364,-0.0323109409808303,0.004478688425472616,0.09815744865678762,0.004071323921464076,-0.0021431393366423902,0.004195314709660937,0.015633980385741826,0.003555680421107148,-0.2596843786443973,0.0066973802309222355,0.12000515419041433,0.005495952739093417,-0.07933144135653711,0.006463848452629931,0.00046337113852547074,0.005081370714463971,0.3645450823224131,0.005189498922547825,0.16512202339102777,0.006035248915577571,-0.04731616979144632,0.004612663838358962,-0.12240243313754351,0.005210801340057956,1.251581775986849,0.001390566136213467,0.17057737296157885,0.0032681390115402026,0.09922656180475815,0.003910935582799962,0.016171206088628095,0.0052191816403183156,0.050620917876482645,0.0038326754345151073,0.053812054814936,0.005188157752632683,-0.39770932082105925,0.005529154513868744,0.35343861763004275,0.005049996979305592,0.28968908453397496,0.005268978259279577,0.20642447136468378,0.0048840076888202275,0.14454014979887317,0.003974043186325289,-0.015955642489623337,0.004909798719242055,-0.04505622797945451,0.004357845691787946,-0.08143078152112636,0.003707980594089225,0.9756481833599607,0.0009874471504733862,0.0469765630028315,0.0019456975093746047,0.029999537958562784,0.0035858454805144644,0.01481100848391589,0.004407496672003319,-0.04244695844271578,0.0035881931502139744,-0.04063823428610322,0.004412081544953263,0.09631925934969868,0.00473417299110909,-0.025688490548698602,0.005963134856938048,0.048544848688651186,0.005109821190936044,-0.05039173392282637,0.00469780208262474,1.5062878242808346,0.00511137892898228,0.1579478291424411,0.009666405783840065
445,True,-491986.82863434276,43683,51046,5,1,0.004932933402612629,0.0035675615332706467,0.770186464422389,0.0006085168777781869,0.14891422448529085,0.001379220589473526,-0.02917396687066295,0.004418651860517284,0.09202802995582293,0.004087769484405142,0.003299586340808171,0.004143303076679788,0.011575426200836047,0.0035797347305676405,-0.2762233151103109,0.006476188169796297,0.10524447687213034,0.005731542672922507,-0.10273550483870823,0.006264137151957679,-0.01738402102215657,0.005317839378291423,0.35164495829601516,0.005318909285986471,0.17323345612886745,0.005954905478268745,-0.05780565309989735,0.004744322109719287,-0.1149135702598116,0.0050995771154794985,1.2526771924398608,0.0014439450864791592,0.16978101984767452,0.0032181634851275315,0.09828283542375069,0.0040084827175539154,0.018322600432515365,0.0051960328278775735,0.055237526403348836,0.003933569841086935,0.04922439210551518,0.005147034562226854,-0.4032088830874675,0.005550934401361937,0.35870816742064854,0.005139028595045136,0.28637316155442544,0.005329862959189356,0.192431383983568,0.004926239682851977,0.1419430540395486,0.004081066878541142,-0.009528054665904227,0.004923843527334706,-0.04460436813464199,0.004441445577788008,-0.07738416342870329,0.003742692580584594,0.9780636888037773,0.0011273579785995302,0.05134410948639595,0.0022543842508138227,0.03057235545228046,0.004264840004016719,0.01509689728002445,0.0037523853499682558,-0.032292421488784924,0.004266798705404011,-0.04098757956435277,0.0037543073038574814,0.09917895541916646,0.00471162915230802,-0.02501720829046861,0.006074127875225991,0.04559425304364729,0.005421200608455945,-0.06216897827200035,0.004851483246820206,1.4915325048568315,0.005935202024235919,0.18507047949324243,0.011023776077062952
446,True,-491049.30771652143,43511,51066,4,1,0.003910869102644747,0.003614473789517563,0.7703609016246302,0.0006229916207947661,0.1515480849470273,0.0014129538512569206,-0.02365120352172679,0.004493619564226866,0.10075374508162341,0.004081117875727796,0.00734605269913902,0.00420302202750094,0.014587572422874517,0.003606661990905086,-0.26556603368461207,0.0067929471375014925,0.12136199096827202,0.005639218096339823,-0.08583455186142275,0.006557825373119251,-2.434681542197885e-05,0.005176924525117194,0.35083025256866013,0.005397227429804746,0.17087929314309958,0.0059830697210647805,-0.05592397149143963,0.004830105124478834,-0.12613595199613614,0.0051335159560683625,1.2512840736014734,0.0014422038780746993,0.16863581567817862,0.00322960064005727,0.09527239002949361,0.003978091505051667,0.019277341107257883,0.005082526259464115,0.052103571920799646,0.003899758843501147,0.05092620857101535,0.005054344587000002,-0.4100042017093165,0.005597797233338372,0.35727951260302354,0.005153015730331677,0.29652891920204194,0.005328642656482346,0.20589258823148696,0.00495008560026228,0.15142953553878358,0.004052480609484397,-0.007612099894981176,0.004968133620881714,-0.043190631440282144,0.004432605564144716,-0.08050987634776596,0.003736097350893656,0.9779744464354748,0.0010588790575399853,0.05141454167458071,0.002090781546429051,0.021386397047052422,0.003660331155656478,0.016315825503331067,0.004022839648527411,-0.03725321421633396,0.0036645004224814,-0.04536322608024916,0.004029078844661461,0.1063225100244476,0.004807655779101934,-0.01731074821567354,0.00604857645199988,0.06091856663081291,0.005306741515987313,-0.05259052908654041,0.005120152403234228,1.506034820619883,0.004621536799283565,0.15295581171721734,0.008590503865790966
447,True,-494053.2850195428,44233,50870,8,4,0.00348243378862216,0.0035504218856551974,0.7708307908084125,0.0006066910568435779,0.1492605595979398,0.0013783532875839416,-0.032816059521118005,0.0044154501180771796,0.09401068479095102,0.004073303353445406,0.006310399914630325,0.004144355459492716,0.011658098951802892,0.0035635014634865505,-0.27109362338218346,0.006531669341963439,0.11354608318631428,0.00555163390589653,-0.08780517626433544,0.006334053599105218,-0.007352759257543569,0.005153055111061953,0.3504564492684823,0.0052552680647249325,0.16916903764108504,0.005842531057677943,-0.048396674374002226,0.004736292551026147,-0.12528659181410975,0.005024327128782375,1.2506744808813044,0.0014386174749078107,0.17156395065074168,0.003336916246641744,0.09791225735671702,0.0039943301577440036,0.022786312765065136,0.00506321227850981,0.05028123538303958,0.0039224536409128005,0.05978380084915971,0.00502297917168448,-0.3911976110020178,0.005582222906311984,0.3610050402011465,0.005017137754094514,0.28174071885913476,0.005285856504200435,0.2002190049995359,0.004845990787211236,0.14419392174227644,0.004011576488397969,-0.019799286663046034,0.0049820631281736255,-0.04657514568552089,0.00426218280582114,-0.07206571744475268,0.0037830314902558377,0.9764330583782753,0.001124762496832632,0.05105535961234826,0.0021640022459077264,0.02946510043425058,0.0034489392310945925,0.008533484417777449,0.00429569595828591,-0.04313867830840578,0.0034517005692798895,-0.0359793651094587,0.0043007497000547195,0.10044940419960306,0.004758148075002394,-0.031365248633977334,0.006091786659050382,0.05062283157701656,0.00545380265453559,-0.05963642644710144,0.0048635758922484125,1.4959348476195877,0.00553048635526987,0.1743426704417499,0.00987331080935519
448,True,-495128.3778647374,43857,51378,6,5,-0.0020823606323732537,0.003551372914182515,0.7706249920366851,0.0006045062075616947,0.14952714286801205,0.0013916324221165538,-0.036935871834054404,0.004432103125639108,0.10048858473201805,0.004043340973084945,0.007581436042608171,0.004173256172359518,0.015244569256414379,0.0035277729935105978,-0.27915282658938095,0.0064452678163663115,0.10402482123026185,0.00569629411012729,-0.09373116027762993,0.006206625089496915,-0.007288666276651606,0.005282742464529856,0.35794429156656954,0.005188941195557138,0.16840525346648308,0.005901544486603789,-0.05481536287528462,0.004592535046752482,-0.11369003834329672,0.005074908176050944,1.2493189323422322,0.0014202374437737308,0.171737069783264,0.003270482790886861,0.09866471673554597,0.003940352546214882,0.01461324934275106,0.005093820757231995,0.05094041704222299,0.0038640520548501025,0.051089572142772786,0.005059585534346792,-0.3937271220990601,0.005533599079237156,0.3539138478375161,0.005034951739215221,0.28749079847485803,0.0053042613320292255,0.19470521592779563,0.0048503468896267336,0.14154080034817804,0.0039962837131857784,-0.02184050489425835,0.004788196771172091,-0.05838965873854418,0.004234529333605333,-0.07681270685126255,0.00379356131076774,0.9744161339987518,0.001050546508390593,0.050228079162530984,0.0021294436766813793,0.02538683681995185,0.003808386216810488,0.018267988273839002,0.004265546325286234,-0.03696180368921766,0.0038104561422403625,-0.040147206412633696,0.004269408452438917,0.09806446064476819,0.004629580089359999,-0.02811603354660251,0.005929313891832191,0.04703524274070949,0.004977474579309455,-0.05225873104101404,0.004632501495495572,1.499109564903284,0.005269900873986044,0.1692166805458002,0.010404819061130097
449,True,-496706.8813961067,43951,51402,2,2,-0.00307350974696745,0.0035664890088591213,0.7700035606645058,0.0005998587828320856,0.14730405229263577,0.0013676228093488646,-0.025295263337852206,0.004420394719945127,0.09701517198316667,0.004116362324460466,0.009279262220371785,0.004134826916147742,0.01612705671060406,0.0036200170777600533,-0.26888484572705246,0.006582626541512222,0.11533695745339981,0.0055553107463975175,-0.09392551845441977,0.0063452354063393765,-0.008308774728151707,0.0051281541277987995,0.36023490204150294,0.005256986421190212,0.16765398054514366,0.005935432809473674,-0.06053864397998548,0.004685462444735238,-0.12019679118312797,0.005100736964485943,1.2495778546466227,0.0014134206474210043,0.17200578152015128,0.0032702634758952215,0.09637293078678155,0.004022342414531515,0.02127225035683012,0.005047843636340418,0.04902169107332122,0.003941698522032638,0.05736205225247686,0.005013585065947575,-0.39805811053181533,0.005501400890303503,0.36349066306356287,0.005060820009202905,0.2828680120714038,0.0052670181274006595,0.19963187232232327,0.004851975794783715,0.13528850672733161,0.00401885814716021,-0.022372764198702738,0.004837222885983232,-0.04626229450924549,0.004433615033854431,-0.07882388422166692,0.003683758215244997,0.9743931910053528,0.00103014973797122,0.04514471817513524,0.0019189215280554402,0.027786074134013374,0.00332273700108007,0.01728021215394878,0.004218892407182434,-0.040880340021262514,0.0033235083676537987,-0.033618449735083294,0.004222086464644063,0.10118969548536869,0.004588748304483463,-0.021245905588582633,0.006181380311514288,0.05054889911741945,0.005095207407223141,-0.0550688769111825,0.004864449251005642,1.5025944571815453,0.005798003661461104,0.18617230777935762,0.011544014594918078
450,True,-491888.2924821571,43421,51291,5,4,-0.0038181740397991134,0.0035634907626794286,0.7700280815099592,0.0006090448551939742,0.14939834070391864,0.0013903429138630713,-0.033313946897328625,0.004444393477257144,0.0938915410906989,0.004071716775726767,0.007982302991152,0.004175830065121841,0.014523480149662505,0.0035628881782011836,-0.27029439305733366,0.006737861288316869,0.12625654956288968,0.005598009341635879,-0.09009988862348235,0.006485110306748443,-0.009256703664183475,0.00513878088678236,0.3441144646906191,0.005459078367946766,0.17839689921688467,0.005864170768030672,-0.05316659804707301,0.00477788166885254,-0.11266550389823425,0.004992307648865162,1.2510711497302422,0.001474844266851183,0.1705173676680418,0.003320413109720685,0.08868419496049054,0.003945311213311972,0.01509422751178499,0.005034533423195463,0.04876473591287115,0.003871373207221605,0.0549052658574417,0.004995752942512238,-0.401930232483305,0.005525976606597093,0.35988337270774123,0.005101322608110867,0.28389592492432353,0.005275779197908655,0.1976909086834169,0.004875556897970348,0.14179179023866634,0.003963822851788776,-0.014815897757093759,0.00481428280106414,-0.04377331602904435,0.004385003316388875,-0.07588283557065263,0.0036408906754866873,0.9756735381177439,0.0009807598155861519,0.04643500073222616,0.0020694289294873047,0.02266444407137039,0.0033409911000722033,0.010906101730183033,0.004668373000739485,-0.03934520105385972,0.0033426700598202484,-0.030213112421904612,0.004671968784408251,0.10713451040945897,0.004704011169849166,-0.017136516310119032,0.006089519768338405,0.05619120023689613,0.005219434576059599,-0.05662580922478612,0.005063136464734302,1.5062413695605683,0.005145556866319567,0.17696075792917804,0.010550564680339894
451,True,-490087.7840960347,43698,50777,4,2,0.0010614681951837527,0.003589665158543698,0.7701781601695514,0.0006145796525703906,0.1498593126119117,0.001399260568639732,-0.025586822767100816,0.004462790943246415,0.1003821338629387,0.004118814275188826,0.008892497339696628,0.0041838521751219335,0.00988721978027426,0.003621849961450999,-0.26750061671063574,0.006598102307132724,0.11739847971505055,0.005562421842324853,-0.09130324581524259,0.006353515936136504,-0.009265325267601656,0.005138731867183445,0.36554220074879895,0.005272859583816153,0.16915478483707871,0.006006559626124769,-0.052922517515805845,0.004651990554650671,-0.11287628375482721,0.005134345767480974,1.2515290173478766,0.0014339437353866336,0.17263173167731824,0.0032306490528192094,0.10456374640793227,0.003928788606522298,0.02179618284916194,0.005117247621554989,0.05203157070915719,0.0038476232184155882,0.05071713161845884,0.00508044199308434,-0.40253508664811477,0.005524340107126227,0.35163249501227567,0.005068422769663946,0.2813600030754457,0.00523270370688772,0.1998362611282373,0.004882986451698001,0.14196080263072763,0.0039391132944246645,-0.01905263893876803,0.004799934609642376,-0.04916158441779635,0.004263908482211728,-0.08058556357522263,0.003737384742091476,0.9752159584097027,0.0009761297401762459,0.04856090228629214,0.0021268536169762042,0.021395984744531363,0.0035401001847484345,0.01748395643853213,0.004082702955392409,-0.040447610018288234,0.0035435289546635797,-0.041730828336145734,0.004089989002442398,0.0937686346094062,0.0047135907575505025,-0.027961952893792365,0.006054099598142775,0.0462196418059703,0.005046777913957447,-0.049201201967768275,0.0046714028058146145,1.4956929671428065,0.005889902873510433,0.1724294580030729,0.010618725812261365
452,True,-493370.51349140424,43657,51301,4,5,-0.000608926230588675,0.0035823785304980194,0.7702435377338501,0.0006073660360396693,0.1490336955066245,0.0013911221465330859,-0.02744562989267341,0.004471847529295754,0.10105564564429795,0.00406016638681363,0.009699014855634115,0.004184864259573318,0.013343882478305558,0.0035741773216594573,-0.2731530873174709,0.006673978956923376,0.11295335998517457,0.005681906709741902,-0.09727278196821844,0.006426546269199502,-0.015349177185107551,0.005258279626565873,0.3539806521465214,0.005307991473838744,0.1707737420872077,0.00593695136919133,-0.057124661508668254,0.004727871698966197,-0.1136360991231672,0.005055264363958412,1.249639423100102,0.0014565743478063276,0.171971947701196,0.003278754718571253,0.09873791684607754,0.004002475708942503,0.017827342017264963,0.0051248515750232275,0.055366510651344854,0.003922299423519977,0.05520877055737139,0.0050877114633105965,-0.4030122787274675,0.00548279057624963,0.3509187249668086,0.005086418615896885,0.28924231696520475,0.005225255137366647,0.19868514303124754,0.0048971892379212284,0.13235332661608165,0.004009936524095311,-0.01851720691988798,0.004956811977861065,-0.03733723530106243,0.004371274359674198,-0.07413659217912388,0.0036618399633578757,0.97699626515514,0.0011006275960835366,0.04583820982987419,0.0020144692344681685,0.02309090130101913,0.0038485315034781,0.022262234446037463,0.004078041522050551,-0.038043744979704364,0.0038511734119831553,-0.04563319954432443,0.004083719446181558,0.10105536052721241,0.0045976972900211455,-0.020380676659878316,0.005902901422194043,0.052835831622165465,0.005123943100225449,-0.06389896835040573,0.004785437263316741,1.5017369225772934,0.005158086767944159,0.17708458927275494,0.010548858094625552
453,True,-493826.29759633774,43754,51179,7,2,-0.001042448319183485,0.003557964557185874,0.7698320869511743,0.000601210584870504,0.14919153293775442,0.001393529453543832,-0.025938797881070556,0.004388247800847182,0.0912858703073146,0.004055433144869222,0.0024073899857800585,0.004099261238845719,0.008939082626062586,0.0035675999911215918,-0.2679048174516205,0.006468398972284623,0.109566351904557,0.005530482852737412,-0.09961096410459995,0.006242009726049471,-0.008127452905364135,0.005096420038921383,0.34628451013205624,0.005312206160329727,0.175549375044699,0.005814410387002152,-0.05597950706327095,0.004727016776890592,-0.11871364101302109,0.004992317292485627,1.25202631212439,0.0014348904404068996,0.16985079465705819,0.00329184654025072,0.09673288357958344,0.004046382897887856,0.025011165733430273,0.004987472467397032,0.047360806299142105,0.00395812859882527,0.0560390433121459,0.004942514798565064,-0.395979023788457,0.005508101050082132,0.3586893258203304,0.0050475887198797266,0.279757367618865,0.0052703671836523535,0.19999709134556198,0.004829907385425829,0.13445340696539274,0.003959680861140466,-0.01479082118481003,0.004862286837028288,-0.04486608303600224,0.004386673840892194,-0.07469811751136185,0.0037202637542419004,0.9757930954314548,0.00111381054616988,0.04942402385021822,0.002203529605558821,0.027316757457333248,0.003621313124391122,0.013001143341554909,0.003932884964428288,-0.03664887038820055,0.0036232481389722048,-0.03955826984855602,0.003935435902472047,0.11048668595369436,0.0045857276959984416,-0.020634031243156978,0.006110728017191271,0.05362840799957872,0.004983309826715766,-0.05366888876676605,0.005004694687847335,1.504543278548943,0.005066336454070619,0.17380531550246206,0.01016341218585104
454,True,-497026.3134958615,44031,51458,3,2,0.008221613287789092,0.003591143369448312,0.769266569601724,0.0006055383567277195,0.14729818348807427,0.0013638845634202507,-0.02649289060881345,0.004453920762634513,0.09301515639816237,0.004115932508836359,-0.00042161546515462773,0.00417370754262487,0.012448503463418603,0.003614774506809416,-0.27477405378822256,0.006716429383338832,0.12191341435649461,0.005668820542298109,-0.0966570131532846,0.006513903676964848,-0.011281019738805355,0.005265551388489311,0.34601059427480274,0.005459133093774066,0.18358747178949064,0.005898909693620006,-0.055359843318884105,0.004823623836209087,-0.11869239335070383,0.0050528356065405,1.2524615330663094,0.0014138087188659831,0.16648214626725164,0.003189283116527719,0.09427782441460109,0.004008025383131273,0.0186927500967095,0.005090857041315766,0.050895850644023084,0.003933014916992996,0.055007301578392724,0.005047175189306208,-0.41306368224382967,0.005496372735332488,0.3575122811083882,0.005177586086702596,0.2877875233479261,0.005261566664555489,0.2035265679294815,0.004965590536170726,0.14113530813598338,0.00408876535521382,-0.009832502431100459,0.004771910094901423,-0.04162790714346495,0.0043892707130038485,-0.08046353950041457,0.003638304451931774,0.9772052369168971,0.001001525356060795,0.047548480681586416,0.0021244716397395592,0.03255702778793152,0.003687514385010565,0.01321139988169311,0.0043564775250032085,-0.03968898889561245,0.0036879821730162036,-0.035207135015802034,0.0043569552161439725,0.09798724129340734,0.004658126263324054,-0.02038807903676763,0.00605831465782084,0.05096122057450611,0.005265424241471364,-0.05435681865313884,0.005086599683597168,1.5057269814171956,0.005779141931887999,0.17362828563207994,0.010438367117077477
455,True,-492194.85069986025,43293,51379,6,5,-0.0035749911880292424,0.003562712490585606,0.769739856183739,0.0005952856015445929,0.14591747852103018,0.0013569080187236099,-0.03209334713980484,0.004429468057332603,0.09095903072303863,0.004116997378366824,0.004630924685115131,0.004156318894256873,0.016524685153330575,0.0035945191329810767,-0.2662688581670338,0.006632609714960445,0.11621584880432767,0.00556387016544108,-0.08268073525891881,0.006392498902533513,-0.004498531423253707,0.005133512882799689,0.3555909007023354,0.0053409647758946455,0.17194350529246227,0.00592967188753282,-0.04546166036421297,0.004750827154774367,-0.12733027741118116,0.0051006645157245616,1.2521020172345405,0.0014264461764287306,0.1713378749166479,0.003282303964893457,0.09307565474430789,0.0040139160829012095,0.015490933715111177,0.005074904169501427,0.05090444094283928,0.0039373067966072504,0.06189993062190174,0.005029697842392192,-0.3942246710614097,0.005508831509313208,0.3584293992127425,0.005064834071180521,0.2886237311959554,0.005244489472565787,0.19433228170893888,0.004848460308522565,0.14199829810711356,0.00399059280038628,-0.02379975309965092,0.0048694928963131014,-0.04478576769727951,0.004386136240465453,-0.07511193664274946,0.003753367254254385,0.9753168991079104,0.0009874846131653348,0.04502035568579066,0.0018844207975747367,0.029308891298018953,0.003928354671339534,0.019421363669702613,0.004202619376682287,-0.04165676295537546,0.003932636965812167,-0.050646683422865955,0.004207627077405439,0.10198176044241414,0.004737939902567528,-0.02600655010120418,0.0060301615924551275,0.0457494684497349,0.00520947629043428,-0.05546953449658569,0.004781830880171923,1.5007776152377699,0.0055764932286276325,0.1799494747567479,0.011006469490551174
456,True,-493411.91669677943,43691,51382,3,7,-0.0033709065547433688,0.003554921102482857,0.7700849043602541,0.0006087709633065819,0.15017748822428031,0.0013858797170410858,-0.030832495649287833,0.004419860358035785,0.08930825110472304,0.004059480031518126,0.005351146561295606,0.0041401326109977935,0.015863470718040836,0.0035652150454318406,-0.27066733238285556,0.006577451207088942,0.11761969512792991,0.0055781114422841956,-0.08126476021963457,0.006362616642886716,0.003512235708727907,0.005148542192547956,0.34968486582258257,0.005306438753776321,0.17363207736403716,0.005861659935689354,-0.053268280266002596,0.004667046046279209,-0.11434769208523987,0.00502696276298741,1.2492655763163245,0.001463336800321069,0.17321314829722204,0.003356696757707847,0.09840759282474912,0.003982661049232566,0.024470586516190565,0.005098014787364046,0.0438731769031378,0.0039021165218170897,0.0519150480614627,0.005061801914088296,-0.40075689787689217,0.005501718861077595,0.34829518206133114,0.005022466367790857,0.2851524772422841,0.0052545352088847214,0.20275847716409717,0.004847036099374131,0.1386173171071276,0.003976062441268633,-0.012980266297798323,0.004884618755018853,-0.04065265950007112,0.0043924334984292174,-0.07920049827751872,0.0036709788256704566,0.977746077723759,0.0010574326224273567,0.04753316738785622,0.0020115912546591584,0.029985370578240647,0.003828496034288211,0.006550929493696098,0.004600044324815999,-0.042469393633488346,0.0038307510877612877,-0.036613409691841466,0.004602574144741283,0.1002303629606326,0.004657283153140904,-0.021506751359865756,0.006054798416700836,0.060509986633506714,0.005064800645902276,-0.05174365538034733,0.004890641972745216,1.5044676979063933,0.0048055063436137635,0.1591117930567133,0.009594909494525947
457,True,-495210.02100660675,43862,51369,5,1,0.003993489460602651,0.003577594107993187,0.7705563125724052,0.0006077483933872307,0.14940222985275367,0.0013910808182082124,-0.031621790355522456,0.004493043380337106,0.09614421470160397,0.004034481999056137,0.00886613709773224,0.004209045383003216,0.009589738706908872,0.0035382776938779887,-0.2754892410168021,0.00648873074476339,0.11101898882582595,0.0055931146105410575,-0.09136109817099974,0.006252279619285587,-0.013334264342032564,0.005141387908567993,0.3513796886085171,0.005339813494167647,0.181682152118865,0.005877266629068875,-0.04208339981358306,0.004690466061368222,-0.11657716393986045,0.005037878647591423,1.2501808378597492,0.0013855539632758873,0.16530802423151705,0.0031616917603416866,0.0949361818989619,0.004088926976693889,0.02559564644915821,0.004958995281412463,0.0440644099904909,0.004006098980577652,0.06420383697618187,0.00492492952012313,-0.4023130216570612,0.005431039740589506,0.34636083600523077,0.005019950655839855,0.2880482454822234,0.005181130392911067,0.20021001355650012,0.00484574977078559,0.13821263444070872,0.0039049567687347735,-0.014220838335973943,0.004803052702157683,-0.048237005618294845,0.004375830762353399,-0.07921597681664311,0.0036912486749501863,0.9761659147246472,0.000967604499636121,0.04520548758744811,0.0019287375558953088,0.02397005273884937,0.003419275822421515,0.02085177451027313,0.004702401475063341,-0.04484236324694305,0.003419788683414595,-0.04084266216667893,0.004708959951521806,0.11245957837631958,0.004425598266857771,-0.0130317657932985,0.006091841932574588,0.063284280386843,0.004754625238308513,-0.04407439146336597,0.00499799905462808,1.5034904335015953,0.004224056495375272,0.14247748854890976,0.007450116750247121
458,True,-493251.226577278,44194,50730,9,6,0.0012847213933041615,0.0035572204960541056,0.7713899894582527,0.0006072877286368294,0.15045117016829168,0.0013958780156362455,-0.03312777889865525,0.00445044897866306,0.10248226417327906,0.004057645512746377,0.007432614486885932,0.004173807740360783,0.010858684925403183,0.0035544406558705526,-0.2601588685466617,0.006464140882938748,0.11232132929637749,0.005454561462536091,-0.09160172034222408,0.006242186249900395,-0.0012271200652314578,0.005012812989382658,0.3508650466894633,0.005278578375601817,0.17306446696027503,0.0059192930612027225,-0.04605262314632103,0.0047057945307631575,-0.11973842003413612,0.005022060150306353,1.2506853725799607,0.0014755713513964208,0.1718240155880072,0.0031930353793793026,0.09558971018002309,0.003980381249119904,0.029975996175315826,0.004971288326607019,0.04798215354739022,0.003900777433454869,0.048791955992527856,0.004939381097271,-0.39568735854445597,0.005444830380626828,0.3550617156732052,0.004986508481483063,0.28484844496005873,0.00519268165434699,0.2076470025476169,0.004800242732594977,0.1342400764149723,0.003915073676823777,-0.009362806051021647,0.00478023909463327,-0.03793439461053465,0.004259816160148027,-0.07692463672797074,0.0035975205264803674,0.9770472821901158,0.0010313757256646405,0.045397083144702914,0.0019762417391945043,0.02819526481453829,0.0038323635629331867,0.012918342515292943,0.004156514226634257,-0.03804693694894101,0.0038345637217514507,-0.04084834069609601,0.004161738648366799,0.10701195450560183,0.004545523595074646,-0.01982891353544528,0.006026295920420505,0.05408897040024956,0.005174626243021777,-0.05842315851095611,0.004852953225918191,1.5101157983041147,0.005098885533653341,0.17119366873520334,0.009613136459901528
459,True,-492169.15785711096,43495,51217,5,3,-0.001083551082987306,0.003602408269006716,0.7705108102195556,0.0006038593565415029,0.14793789870671725,0.0013862709219079478,-0.03299952022475304,0.004514704447751029,0.09768372885523764,0.004056958826144538,0.01016852541282203,0.004225979347084253,0.01749848214560103,0.0035572754287400573,-0.26936282755225904,0.006642010890273295,0.1148126671244196,0.0056172537825713055,-0.10112374632559219,0.006379565782538404,-0.012718062601109208,0.0051857734752695,0.35096476568321106,0.00538081215197266,0.17470908395483337,0.005938457313902044,-0.06247573431451988,0.004759374457426395,-0.11345560092939581,0.0050561927158499775,1.2522183374689433,0.0014765774077244442,0.17465090918987194,0.0033341203756945825,0.10180899036556944,0.004041670164156532,0.02112894081282017,0.005087341909946165,0.04561581548561893,0.0039524089032978455,0.05411401416201256,0.005037115596978583,-0.40294160968689147,0.005648028656857599,0.36032143943519124,0.005124993978096612,0.29153681684225785,0.005393659768388606,0.20241862060557655,0.0049124874069506495,0.14237433289505186,0.0040475888390031035,-0.012145309303219096,0.005023849472581435,-0.045252563285423326,0.004339377241050435,-0.07777850968686162,0.003781895309643184,0.9770952456382792,0.0011341893755683619,0.051710805632604946,0.0022211360345030066,0.02646305900250516,0.0035567308965213065,0.0169678653493631,0.0041310104414853865,-0.04162271774211571,0.003561083358058927,-0.04462134849742518,0.00413622565955921,0.10353767518413516,0.004792239960796792,-0.0298441398053635,0.006199516828621679,0.046355012692324955,0.0053430512332143035,-0.061770083975300594,0.004750696994711995,1.4926793365442215,0.005676727790173697,0.1821609014560911,0.010499904463387583
460,True,-493531.7481188375,43686,51264,3,1,-0.0018914607438070192,0.00356430852154349,0.7686260903328064,0.0006052847203091849,0.14943717559871103,0.0013889910928023136,-0.03032229035819697,0.004399997223372494,0.08707750190065691,0.004058346531091511,0.014547378934472418,0.004127640418103745,0.012505698171397902,0.0035608716769923387,-0.27280474868279586,0.00657843514989339,0.11336586812333437,0.005612003675518725,-0.08756361832915052,0.006376052023994627,-0.00820623050847383,0.005192501415453941,0.33929332683825686,0.005399812546791175,0.17964507860378567,0.005805876207621325,-0.050772714360034304,0.004814422574995399,-0.12394197800271098,0.004966248731843336,1.2527607483164154,0.001436528546059912,0.1685365486886621,0.003289924055572435,0.09417041043674958,0.003989223604881745,0.022513941026933004,0.005098580540710059,0.050926629281485745,0.003915464830559866,0.05595801690657479,0.005060193324295865,-0.4041929454637501,0.005469618346017984,0.3535000021019345,0.0050815875673117395,0.28721173239890446,0.0052124293108189975,0.20237879365662076,0.004890795570256114,0.14314279277943506,0.00399286918814898,-0.008880567489573742,0.004906482291072778,-0.041512190073391894,0.004268162857708291,-0.08054345230337094,0.003656438247605019,0.9770554237034949,0.0009870084640938859,0.046368228155653196,0.0019802756379729038,0.031100970661856603,0.004202967079996582,0.013862125052659095,0.0041074717617334035,-0.0393257373867204,0.004209114769956196,-0.0452730602336544,0.004110932249154744,0.0987031489998318,0.0047136264857409165,-0.027811269251757666,0.005650703498532004,0.04619169100177454,0.005335117564514402,-0.06427460107848616,0.004618756569591483,1.4925210213299438,0.0050567833080474855,0.17285328788504964,0.010523378447424125
461,True,-492628.7163794361,43541,51325,7,5,-0.003423466285595192,0.0035940450781972505,0.7699032505656332,0.0005950649180835321,0.14572136334654892,0.0013646999673863625,-0.028991405955453835,0.004478246223218944,0.08947773957213936,0.00408904309544759,0.01037814874776729,0.004182499160504958,0.012502151300501368,0.003582840278413732,-0.26664984673538483,0.00662320027447062,0.12190740355044374,0.005676133432435066,-0.10561791658264745,0.006382460972263095,-0.009497995199751561,0.005233939541304548,0.3530585331847728,0.005345469581540701,0.1696887642848842,0.00599723949849668,-0.06539023996838582,0.004701099735328434,-0.10600845054868627,0.005141147258562885,1.2505232427912367,0.0014669018980485449,0.17205484988044148,0.0033483218455227365,0.09466855760517492,0.004108462592285818,0.02707594763623229,0.005208145838524054,0.04705588070745419,0.004025965419736493,0.05792620755140525,0.005169978592784166,-0.4075929512447539,0.005649636117806193,0.36507802200139583,0.005140973783449295,0.28613605341877746,0.0053691390031947355,0.19627845073360237,0.004915138660650788,0.1449224821612429,0.004084351651354814,-0.012310463795080133,0.0049987625652395335,-0.04206534109633366,0.0043982598584996245,-0.08104981593452515,0.0037612847033657204,0.9766880059332756,0.0011181814894443143,0.05272573861447273,0.002286237457937511,0.03124193512351104,0.003222586993415483,0.009992553759474084,0.004392937235834825,-0.046509045972428734,0.0032241800612787573,-0.030012641130558213,0.004395299499428531,0.10188222890334833,0.004873272304219073,-0.03251557198522774,0.006131619010074452,0.04667542065579447,0.005399071495570469,-0.059291279307083736,0.004846513981133848,1.494560818103058,0.00574711006947215,0.18384298706691224,0.010833490595892337
462,True,-493529.1974284409,43852,51112,3,3,-0.0010040547606141148,0.0035903627805854346,0.770008588665238,0.0006101470149007526,0.14985593623761143,0.0013966234853136084,-0.036150521856851636,0.004493302162997857,0.09878914078297327,0.0040339124014196065,0.0075375836884794805,0.004224584814232989,0.016817836761626015,0.003527387292236584,-0.26677106872985495,0.006723404432217889,0.11775774967545118,0.005597096880196966,-0.0879044684871627,0.006498617366396843,3.664470958912228e-05,0.00516050427484738,0.3461883374368054,0.005355782811803162,0.1758381960399435,0.0059050281619812415,-0.055839128490431426,0.004782647374446127,-0.12365056481613028,0.0050577172478668215,1.25243825537004,0.0014401945077667788,0.1696150492043724,0.0032520175952682195,0.09718741065936312,0.00396031073009,0.020120828714086037,0.005137002733034176,0.04484852491780351,0.0038850292027826465,0.0481352852431482,0.005110889327274459,-0.39833525858799335,0.005527368767697542,0.36121802124107527,0.005074948749584614,0.2887385018673962,0.005268361328971437,0.20961532497605465,0.004885103298139703,0.1448195814169383,0.0039792224012007976,-0.012856345665430096,0.004904084704357466,-0.045909285902616226,0.0042662357603218135,-0.07730806087745824,0.0037234481084237802,0.9779533253586019,0.0009828214062330143,0.046731200367564396,0.001982739262577575,0.021690074578619177,0.003101439059804234,0.022802292838037874,0.004621536830659588,-0.04727913384554865,0.0031016980881040453,-0.03392456577270596,0.004626342465899215,0.0969795863266993,0.00484495340662006,-0.03283982703822442,0.005911636657380989,0.04825301694527514,0.005352966295074759,-0.05729488721962562,0.004766807303001866,1.5003454164185577,0.00546861251601638,0.1782405537708431,0.010960697704036279
463,True,-493365.8702293802,43567,51271,3,5,-0.0018240175297256631,0.003579905724998379,0.7706170712099393,0.0005978784107800172,0.14696331440882043,0.0013729470460363408,-0.03409867869692495,0.004511802157705547,0.09844686889229463,0.0040572282486112535,0.010421475468086059,0.00422432790646716,0.012729192819262424,0.0035481474260116827,-0.26159427919719325,0.006698593988632022,0.11488447943280837,0.0054890694729191804,-0.09493642496911966,0.006411686200457075,-0.01193258365879613,0.005061241762756584,0.3559212683416332,0.0052533981065710465,0.167070029501739,0.005972807899632552,-0.056605121507753875,0.0046216403040132996,-0.11427878485962716,0.005101317552821556,1.2499787597696634,0.0014187636718208108,0.1699159321252806,0.0032743777351468967,0.10316938202723977,0.00402662125813056,0.02161676423767825,0.005108751381439199,0.04617729603658754,0.003934789950172144,0.05151638459904801,0.0050703374691283614,-0.3959196405641058,0.0055251122148111,0.3624399818869422,0.005047946298818087,0.28860246873169615,0.005194809415763583,0.19577337957541738,0.004845849366203933,0.14110069106956902,0.003952433737422541,-0.02393560747376638,0.004874350093357435,-0.053114528829337516,0.004231435979893159,-0.07820954061113909,0.0037118398610935764,0.9744594873349935,0.0010423791613474176,0.04900382070314119,0.002032076559888553,0.028932447060021207,0.004809455956717663,0.015467313956122084,0.003972301422444936,-0.03546326799376628,0.004813764260715295,-0.04714628646699739,0.003979572004711559,0.10530357759853444,0.0047023895685542536,-0.0266062776949923,0.0059419147602539375,0.04438801578900341,0.004924037090379394,-0.05243181609748832,0.004378623285252967,1.4940996268966296,0.004658405011072064,0.15587717074085097,0.00903315083119291
464,True,-490532.51437386835,43796,50729,2,4,4.038932671663774e-05,0.003552488574528954,0.7701933958137012,0.0006089311162648103,0.15071462990346135,0.0013995850733865695,-0.037620290881369166,0.004481241856859729,0.09432722430576677,0.003961964974646805,0.012449376507416211,0.004206504259949296,0.011177860097495173,0.0034648482601553764,-0.2711691523742846,0.006455398012158635,0.10457839751364624,0.005581607638142377,-0.09908541108578232,0.006260465992664688,-0.007626957969334315,0.0052104965592431746,0.35413430908626736,0.005130354056099587,0.1639853649558513,0.005860460602140653,-0.05673765528229625,0.004576309918445629,-0.10286339118278351,0.005036965108167546,1.2498792572542605,0.0013956223701283577,0.16673442651172174,0.0032361707795751787,0.09037428977551978,0.003998433655250539,0.021029568188605813,0.005030855055543953,0.051873603789897416,0.003928589230006544,0.05393615654721573,0.00498898121768679,-0.39288802136764783,0.0055820767316434984,0.36058658590224973,0.005040460459926538,0.2914620102850161,0.005349252982333381,0.19402220097046174,0.004878296378067103,0.13765187826539338,0.004037755638956376,-0.00739526683513368,0.004943164614968685,-0.04034349847172874,0.004510811173188521,-0.07814549703278474,0.0036222701800043863,0.977784886933427,0.0011062535757023761,0.05076152301127152,0.002245790407676293,0.022385763680759493,0.0033013258349761394,0.01786578650965079,0.004228290342273846,-0.04583099188302275,0.003306772481857184,-0.039461287849117004,0.004234928494488788,0.09597816488244112,0.004588054955961733,-0.024476092381186434,0.006103384379444666,0.05440519191014747,0.0052957135120712115,-0.06430475531063033,0.0049261507658973965,1.4948067039898176,0.006106414138333904,0.1878074198277801,0.01062582968098845
465,True,-492230.19836243987,43761,51043,0,1,-0.0011325633938397725,0.0035808749825862597,0.7707953890923677,0.0006114374481708817,0.15048410523148903,0.0014114394075094017,-0.029447328022934212,0.004477261192818658,0.10491117704568795,0.004058791584484386,0.007344835023437944,0.004196872078160167,0.013474836027858426,0.0035638325097428138,-0.2794308130556654,0.006504865372402612,0.11134601088112782,0.005648581959063528,-0.09369222171977744,0.006270631293634073,-0.009632565469915696,0.005217501271124196,0.3457067604106585,0.005362245901570379,0.17796300053008585,0.005808032354425062,-0.056089072125638864,0.004690288486037766,-0.11812456697211231,0.00498187050093331,1.250848220659929,0.001445133467865456,0.1707693508496741,0.0032833357871395463,0.09292956925196541,0.003982388238314613,0.02429051274068778,0.005079902561782891,0.04950052220471345,0.0039004603823123095,0.04776922042878162,0.005049232342915647,-0.3980014985356492,0.005525856304979884,0.35643246434468734,0.005039829472625695,0.28188732889522683,0.005244507165957956,0.20223847018015856,0.004847983351378539,0.1362801665724795,0.0040347814170900945,-0.012718664410273922,0.004931652595159441,-0.03575868197412455,0.004408353431472476,-0.07516113960221246,0.0035774514252210703,0.9772449067057722,0.0010423353540179314,0.04493843398851998,0.0019766602039230294,0.03134626581283742,0.0036659063420995557,0.009656763532392303,0.004528390038500946,-0.042926837056281815,0.0036684277198987666,-0.035367725237491134,0.0045349644287842085,0.10489710568136731,0.004650582685251082,-0.023717945514786332,0.006156062249295593,0.054474613231048276,0.005005210204648418,-0.054121139468109654,0.004832303656214718,1.5034190113410164,0.0050143710682690745,0.1662914784456618,0.009581520517030012
466,True,-496149.62611795985,44007,51450,6,3,-0.001616853824800684,0.0036010595669180856,0.7702486574155588,0.0006012364066863007,0.14739171631997414,0.0013783316738272267,-0.03307919110491222,0.004537599705445986,0.10065890858717995,0.004042337056686391,0.011746445706989588,0.004247529559064542,0.01482922181739501,0.003540068727729867,-0.268780877628495,0.006555659110660983,0.11695043943478298,0.005585612707149193,-0.09659764607891116,0.006344734395139265,-0.005600802848191584,0.005153401512043322,0.3481867036238164,0.005338493906722465,0.17343918311225576,0.0059212648406208315,-0.059630049991190245,0.004787101495101849,-0.11811907124335704,0.005057678272872354,1.252511406352594,0.0014882877534941885,0.1727401723512163,0.0032790580957249293,0.09666406611743562,0.004016638938821817,0.017124107822082072,0.005106326467783467,0.052579343722907436,0.003944161612043931,0.05289126922068322,0.005070195750091902,-0.4026599889288457,0.005502377687276688,0.36562054672761685,0.005067909679826491,0.29655380136063164,0.0052774840879579905,0.20500349461466338,0.004896428095189808,0.14053843300952149,0.003937785774020766,-0.010860882095294707,0.004730681414472225,-0.051002387004874576,0.004320244988767339,-0.08382006762826782,0.003684142271312877,0.9768093175696371,0.0009663584423130755,0.044832881990741605,0.0018405473077646832,0.02550221446996027,0.0034644788310977765,0.01736205388731316,0.004694531897560499,-0.04490330023895429,0.003465508586618772,-0.036278321446881735,0.004698056975284875,0.10046740936506786,0.0046415455455419505,-0.025389827354089463,0.005909456975784229,0.05938681585702388,0.0051557075364721885,-0.057287762888394496,0.004911802475275171,1.4986343012227743,0.00494374275204279,0.1624080295975207,0.0089842062099951
467,True,-491322.59577903687,43531,51090,3,1,-0.004360953583564299,0.0035578728848192783,0.7703374470499025,0.0006140319388557303,0.15066112945952992,0.0013941438808799528,-0.03240463811341927,0.0044558822661946934,0.09522726251628966,0.004060552301570319,0.012106488085941712,0.004184961503098032,0.0067354517771618366,0.003558078151620624,-0.27017375603291666,0.006526375689803668,0.11753152480067465,0.005540801008282317,-0.08602607348586823,0.006305914771895531,-0.003996931029688742,0.0051102172763287145,0.35409511560042245,0.005240857158949411,0.16421025487658977,0.005890778489025028,-0.05768214536464774,0.004679584586166577,-0.11835818698332491,0.005081174872263555,1.249843221181919,0.0014099532881652888,0.167848708357904,0.003254754302537924,0.09738849238480886,0.003846469275642845,0.00677404192631988,0.005220835871531191,0.05269868089672548,0.0037824273126774366,0.04952815053975106,0.005185502011547642,-0.3895434587149892,0.005624402190577893,0.36018578691905967,0.005044841540536346,0.2922132327832133,0.005441543917672316,0.20137912235564856,0.0048414744231997184,0.1400633651521705,0.003942093274359256,-0.01197012185058006,0.004943385164513501,-0.042975417899767145,0.004335596178289082,-0.08202034210612615,0.0037233023075165,0.9771315034951052,0.0010705002893429683,0.04995978400235353,0.002114350982588456,0.024424305179715437,0.003283576941177263,0.015476501017455558,0.00444408160033794,-0.045650446695399034,0.0032875600294816,-0.03714004994791379,0.004449017078937347,0.09640952217880104,0.0048666404314868,-0.027774983628026908,0.006237863315336305,0.05101660068111999,0.005438621226481819,-0.0542846786955781,0.005152046957452289,1.5044243489891103,0.006121189472206745,0.17520992896663523,0.010206355431543801
468,True,-490456.74870781496,43309,51147,2,2,-0.0030545390341882393,0.0035849239767636576,0.770910775871227,0.0006052295709639832,0.14816854673612034,0.0013731614041553042,-0.03126292543975428,0.00445339204809349,0.09583658247648928,0.004079573535633264,0.005619097171453403,0.004170602191433846,0.012863572928184453,0.0035708607291092156,-0.28127960553545306,0.006610661597631139,0.11450389580853253,0.0057763053967359495,-0.09270081022471599,0.006419813097017924,-0.009433371805817738,0.00537801722308923,0.3465856094137339,0.005382249055156653,0.17719996449557113,0.005857534357701811,-0.05977982366489372,0.004762265271839173,-0.11187457560851874,0.005020992238824627,1.248634674060874,0.001448278943425807,0.17075454870259307,0.003302020869248773,0.09496399244609253,0.004097773293549926,0.032069573785963264,0.005059493052409162,0.04196344450187487,0.004016230530536243,0.05847980394198392,0.00501261840108017,-0.40243158332880896,0.005497307864665351,0.3511519651749826,0.0050984869045209305,0.28688722667321803,0.005299251346849272,0.20048265698129142,0.004905310757385118,0.13042190169692683,0.003951574382729176,-0.01795715704098062,0.00471860037551222,-0.05368137355303426,0.00426906604431582,-0.0716858639969266,0.003773988207840308,0.9756834355861341,0.0010845467662409236,0.04923321174421517,0.002294370635815283,0.024217746029255482,0.0036739560902533733,0.015363826055735254,0.004054834204873801,-0.03933817197691865,0.003676809467497507,-0.04156365069746124,0.00406006767824164,0.09731182011713378,0.004664422319986923,-0.027949851540930697,0.006029073233120302,0.048478849918589,0.005356904449845466,-0.060108631320860854,0.00492223632774474,1.4945656765246453,0.0056625250702802,0.1785695372650063,0.010776638698068525
469,True,-493351.2281704594,43489,51529,3,4,0.0033225693968168867,0.0035633635593110254,0.7704885961075737,0.0006055019213202506,0.1488119724929727,0.0013794627278865962,-0.0368877085161407,0.004478181927907738,0.09334209974708521,0.00401712254104999,-0.001231723563056622,0.004201255519908573,0.012378146182983446,0.003508211327300425,-0.2677090566545848,0.006483775308305275,0.11561234143376477,0.005486251015634563,-0.08922196011273607,0.006240037245452065,-0.013368499427792281,0.005043637349604064,0.3489125468220233,0.005244662254323599,0.17351851182735273,0.0058253273854254346,-0.05435848099064133,0.004620729978582751,-0.11059037113182145,0.005023045038873389,1.2502143180476,0.0014322666007227092,0.17055514226996019,0.0033212500820578306,0.09340205451894074,0.003985434221168577,0.01853939217470388,0.0050777924154963,0.055120145018219734,0.003910642027344087,0.05376386493927015,0.005049505078355576,-0.3937482269063971,0.005490748579320219,0.3658876000075206,0.005029833287960555,0.29065672086364397,0.0052276976691428495,0.18568119280076237,0.004810310281077819,0.14345859557705629,0.003907427855273899,-0.021822546031456808,0.004769827344515506,-0.05403625392441981,0.004171794163589448,-0.07478555820466591,0.003708095818902215,0.975551799135639,0.0009492595232050149,0.0461898273484157,0.0019475583148797597,0.02740066235410848,0.0036110194133518506,0.015487678656043231,0.004443298349891195,-0.043979719811943624,0.003613197206907605,-0.037713461349043374,0.004446855165322013,0.10998263717043143,0.004582555480884215,-0.017851006396257273,0.0060690552768605955,0.05625165346822613,0.004983639661735225,-0.04832304838741584,0.004840954104725804,1.5079245693981704,0.004494886104515761,0.15539504337268195,0.00899228510757731
470,True,-491898.1565665323,43687,51008,2,0,-0.00114678610105197,0.0035780537480971674,0.768715753863607,0.0006042641685811145,0.14882210377058716,0.001382852142901042,-0.030813990809424895,0.00447411054597257,0.09388643835285491,0.00401452560050546,0.010029431359448695,0.004194436838666463,0.014374931339361009,0.0035302286423588235,-0.27307904671832134,0.006607219894003636,0.11447079177597161,0.005576015016137091,-0.09022045312694033,0.00637503389717985,-0.004089585103771901,0.005141808831520591,0.3532849939947566,0.0053658834835239875,0.1738763784226142,0.005876172888492424,-0.060018118252106054,0.004725287797147172,-0.10900283704616134,0.005056173518082769,1.2498435642501386,0.001440728919951173,0.17248660273588542,0.0033790650619777846,0.09415085463910479,0.004072543003853747,0.02324489063900386,0.0050241177631156365,0.04596419778046029,0.003986062065205712,0.0619318241449865,0.004983957140549695,-0.40883832643171597,0.0054924466833472735,0.3471795142172081,0.005095526820807939,0.28076787715776563,0.005205370952969213,0.2086279739155071,0.004904229028714419,0.14026965496737648,0.003939372341300198,-0.007275945146204672,0.004871614586606528,-0.046629626978669104,0.004195106991013229,-0.0706359682281312,0.003692216609609343,0.9765697162875643,0.0010369727305105103,0.04745602183144712,0.0020897943385860193,0.02834457525956794,0.0033508374355607127,0.02697039354032466,0.004360082190558046,-0.037377482902048155,0.0033503174323045435,-0.03525721072924563,0.0043637262660488054,0.10584750543171083,0.004618231334020153,-0.014447265866764345,0.006333719186477031,0.05756762195572022,0.005154934199270186,-0.05084247416368829,0.0051094633155144165,1.5025469352268495,0.0055753249974346275,0.17242098597733554,0.00966279954158776
471,True,-495522.36637243675,43696,51638,5,2,-0.0023636324021502316,0.003552878093827872,0.7701139777629353,0.0006112081637204558,0.15078195518882928,0.001400802820534855,-0.026763335061545365,0.004390528062784814,0.09131223763763639,0.004057757682798662,0.007896448672131658,0.004108487030348494,0.017652512108736747,0.003572892398210302,-0.27331046040260637,0.006484113231801384,0.10919456651008923,0.005515401742791778,-0.09305962534904667,0.006241785087944222,-0.009242092597466183,0.0050910925101982805,0.3532823540276773,0.005262350846848044,0.1752626900785518,0.005860940864847635,-0.05830453319480313,0.004674889676305353,-0.11462471275903789,0.00500946855822225,1.252213134898554,0.0014860743649435237,0.17761792265334955,0.0033674396573360327,0.09806056378885301,0.003928592697356672,0.01367308334592598,0.0050920553220420335,0.0478369443174561,0.003846771637776441,0.043100676956288435,0.005048583967736509,-0.4048609232522147,0.005466906486534017,0.36069256361922075,0.00506683295488195,0.28132142569679003,0.005127474346073177,0.19248667710165165,0.004842614497970677,0.14224543046344584,0.003983145911333677,-0.012018282831872482,0.004974512461917214,-0.04710426652653664,0.004306006196593895,-0.07505275398429921,0.0036527390076330933,0.9767698752940562,0.0010997565864865333,0.04858841642482326,0.001999422308600878,0.028713630539384374,0.0036528019513826894,0.01633763435731768,0.004042364650291726,-0.04173748541118032,0.0036555878796847153,-0.04204925109111954,0.004047007224883502,0.10507574429370416,0.004569795369317048,-0.017259604328918276,0.0061101040951182925,0.05285384983987004,0.004956222595987117,-0.05097092105971389,0.004729697240851018,1.5042844149944492,0.005209991868987185,0.16576750714896413,0.009312246487029316
472,True,-495413.6181571699,44325,51026,3,3,0.013668259183809534,0.003590078330404577,0.7703031577972544,0.0006167016684658355,0.1509124391926086,0.0014014046312638417,-0.024533901734889188,0.0044798063885701815,0.09814543610265843,0.00405056131348048,-0.0008200112835737366,0.0041896006083316836,0.019747994321536597,0.00357716141947414,-0.26940502047352144,0.006713098462922049,0.11558256807176281,0.005648580306296287,-0.0954031758936823,0.006536547934440508,-0.008530225669906695,0.0052483516825004295,0.36261243854125835,0.005343602311967508,0.1711135997782578,0.005981589676256864,-0.0578212673490326,0.0047922377730817405,-0.11875548336472072,0.005158180846558955,1.2490127472437347,0.0014498925532514528,0.17612550544459468,0.0033435860787975474,0.10079058941652823,0.003978293071945477,0.0169092861408235,0.00513857195413413,0.04260747624494952,0.003908192389102746,0.05918456345796807,0.005086935652382129,-0.40680608382529265,0.005426060258713683,0.35035781522561477,0.005116398465655479,0.2833283196581781,0.005184191255503166,0.198968176992985,0.004918484314407419,0.1372950685442962,0.003990399449834793,-0.019566761447271576,0.0048796351922117,-0.04426106860951546,0.004336898566110403,-0.07844180459617599,0.0037356055290561027,0.9753583398292747,0.001023989070148501,0.045444076648594935,0.0019396949768701287,0.025853663238764632,0.0035605421296431993,0.012425479316258804,0.004655964890112627,-0.045338032410557456,0.003562515572066152,-0.03639818799014709,0.004658281864247969,0.09270309339087952,0.004781104606772874,-0.02057846790060812,0.005952929723596217,0.04587528466089829,0.0056715920740975445,-0.060380232571823456,0.005041208056863575,1.5002860971192873,0.006354382400322933,0.18603172564409337,0.011825399776527343
473,True,-496487.97517842916,43993,51442,3,7,0.002924498393971833,0.00355335689554044,0.769734492257499,0.0006073785504882578,0.14993029714581937,0.0013879287421330877,-0.03152995826671117,0.004437473563283845,0.09772285937177248,0.0040200984269721735,0.010831242884525425,0.0041677001910361946,0.01542779942362487,0.003523431985646554,-0.2658989746704106,0.006486758042728578,0.11031299705691373,0.005543973474760228,-0.10284178690110601,0.006260025713894274,-0.019929822124454145,0.005135574677375696,0.3596619047889929,0.005293387322415086,0.17489279478901934,0.005932045874760926,-0.05392195615419524,0.004676516315552168,-0.1121181366822958,0.005086928039644541,1.2512337331087535,0.0014242259171206584,0.1739904806552351,0.0033079511408322104,0.09932104526345353,0.0040541437152061405,0.025368950118105072,0.005044043118691514,0.04616984859545799,0.003970584646072758,0.05485068787302948,0.004994470721772104,-0.4017915404599339,0.005503642785135055,0.3534494333548654,0.005025413414702224,0.27934977470096406,0.005164059609245745,0.18972573915423227,0.004833926724845264,0.1365667915692512,0.003921701403362654,-0.016389194062979198,0.004885104885677743,-0.04654845966070961,0.004205437654047756,-0.07239457753429292,0.0036191665142202615,0.9749599519483574,0.0010533334194038346,0.04736076484195136,0.0020384243392743973,0.02301037318201428,0.003826287613592547,0.016866929108156254,0.00410123215279853,-0.0382239047901825,0.0038280770728801447,-0.040900949889863356,0.004106705906336543,0.10446154139422949,0.004572216883758565,-0.018847676085077994,0.006132575001170807,0.04749948205255564,0.005179935733011775,-0.05874191518577751,0.0046838329395655015,1.5000637590068933,0.005838127978529117,0.1898146467373076,0.011043053939405509
474,True,-494449.2578516572,43932,51234,5,3,0.002632239418389615,0.0035602505245224767,0.7699859660931505,0.0006085644216376473,0.1502340833205767,0.0013956898147347713,-0.03199277177115435,0.0044539955352435375,0.09664578426212975,0.004040848370704445,0.01093536649876272,0.004179924288677981,0.011413663846709322,0.003544370397297014,-0.27356485860220653,0.006488251722353023,0.11154386292467298,0.0055659026360988404,-0.09260250471783177,0.006272585458493046,-0.009990573358293122,0.0051503264927043975,0.34418803588794955,0.005318050192577584,0.17676785533354583,0.005798343851657957,-0.04628776585645968,0.004756860757014827,-0.12372166299476,0.004945887949459197,1.2530670171706932,0.0015065653477999152,0.17626156646672214,0.003365668282453285,0.09327980923924058,0.003974112192737642,0.017402092157167225,0.004945390380384957,0.044465257252926535,0.003903105255924025,0.05551814535708233,0.004906380886168173,-0.39867944730028876,0.005436667377942022,0.35575001049538624,0.005052182225446076,0.2914992116858915,0.005176452321062646,0.20286916528303303,0.004865027713458306,0.1393813445701519,0.003917365441882853,-0.010365749628551442,0.004812936630104673,-0.04366060445937884,0.004321748785864527,-0.08144483240411021,0.0036295308678112414,0.9772080993719533,0.001022468117142905,0.04808764998692446,0.002045493983554341,0.02982273566164251,0.004292326413011072,0.010073916355845314,0.004039796122391522,-0.03699060895091553,0.0042966254832013835,-0.04434056541949398,0.004044219514876521,0.09859719279547662,0.004525774534875552,-0.02586020038967486,0.005783251753054193,0.044052390916206115,0.005023523186027975,-0.054428890146977,0.004544159368405748,1.5025490096947285,0.0046673185583586685,0.15080482599192663,0.009308964717413035
475,True,-496664.2957031545,44148,51259,5,6,0.0035177822480740055,0.0035666626678950773,0.7697133580999523,0.0006146984271608313,0.15165623812667936,0.001399088251236122,-0.02611560071394313,0.004450511146192185,0.09839880558273395,0.004016176129146443,0.006450485882730489,0.004169556247698053,0.013456846882573785,0.0035435712631909904,-0.2768875289236421,0.0065653244459502585,0.10897133886364313,0.005617144969605445,-0.08116569926200506,0.006349723881406602,-0.0032280761900250468,0.005195971043047685,0.3415593734102459,0.005371527145576723,0.17966467975802486,0.005789412683455891,-0.056863074144933995,0.004754337074829103,-0.1174812054209393,0.004966514730195936,1.251679097847537,0.001428074725321471,0.1671294880573826,0.0032156529130144135,0.08977141870878155,0.003999100691888552,0.018984313233747444,0.005079594197635366,0.05333694580372565,0.003922950705596712,0.054031970436313824,0.005051097733292132,-0.40848448919011743,0.005443788419549587,0.3486105011861302,0.005075656533073878,0.28889674620055583,0.005189247106739684,0.21206772371765417,0.004887143294614027,0.13916336967292925,0.003950622001433996,-0.00715277562337098,0.0049124294066769285,-0.04490477629042811,0.0042348044045045895,-0.07860387767648322,0.0036588959496223574,0.9785445834528115,0.0010632566531609267,0.049672411241303595,0.002165080866787669,0.022061235985790847,0.0038842208417035617,0.01633526328326557,0.004080483457858788,-0.03911593704877647,0.003890442536124737,-0.04786261304083392,0.004086653707481634,0.09829736518985191,0.004712463126676592,-0.022989791141971166,0.005963346279431533,0.053885576322932664,0.005216634723621495,-0.0588745905105839,0.004791066797927509,1.498165531951427,0.00497995783402283,0.16019071247889197,0.009160834145320429
476,True,-494900.09903678694,44306,50778,4,4,0.004809079310968277,0.0035519379090308066,0.7708406531869326,0.0005968547239427191,0.147308670392692,0.0013636322324059036,-0.039533816552742046,0.004462707260314371,0.0979340807059058,0.004048290176400298,0.003926832579571108,0.0041952619399849575,0.018834183302469748,0.0035213729363065744,-0.2705642058115531,0.006546161273588397,0.11265470439399206,0.005533830695549269,-0.08751594935486152,0.006350960969027247,-0.0033994196955819764,0.005112174967600346,0.35041343748549747,0.005282217378855703,0.16845561772514922,0.005862197861338936,-0.05083972068267706,0.004691722656308606,-0.11274656818539983,0.005010482240423675,1.24969500149782,0.001436849277393959,0.16923287889146288,0.0032923182379108185,0.09801418826409246,0.003966060912017317,0.015639786185214243,0.004975398131665206,0.04294661450515424,0.0039007679687865357,0.06321672925880589,0.004932928206154274,-0.411285575877188,0.005475883151398472,0.36237989067955184,0.005125683065678313,0.2702428372357897,0.005148147909580718,0.20296916313464017,0.004875067658009284,0.1412828721801353,0.004037269971684599,-0.0048356053332154255,0.004931208135232582,-0.03936656311854174,0.004262602043243659,-0.07357346785214086,0.003641593332671832,0.9773632007200118,0.001087554377705524,0.04848979277277379,0.002103527345257098,0.025443521170768608,0.003775720163746162,0.01211401376852724,0.004619516258198244,-0.04118798107741288,0.003778077664174235,-0.042233038119589776,0.004622811088535821,0.11284856861479657,0.00457289771723059,-0.018010252670944832,0.006257482373575014,0.059448981619536996,0.00504615106414505,-0.046845569306936806,0.0050598039525095026,1.5083553006687151,0.005517356206928503,0.18398316866045994,0.01033738971213416
477,True,-494039.39650111005,43668,51349,3,1,0.0019539438583370556,0.0035561110024577916,0.7701963626876442,0.0006000672218619552,0.14807978363623825,0.0013724274647006762,-0.03513625538400008,0.004425365095818211,0.09367837551624628,0.004059581416726761,0.006113029552034214,0.004154812292018308,0.009190409828821598,0.003543459481883772,-0.27717887154028836,0.006445940618611987,0.11032849259527686,0.005691145482110632,-0.09914900774479428,0.006244230957579915,-0.01544229566774499,0.005272810159170434,0.3386361194190994,0.00541675435935955,0.18325283152894128,0.005758156760935918,-0.05429853966335975,0.004766877418986407,-0.11026233166948861,0.004937445527369609,1.253498611259053,0.0014925228753320807,0.17150066339655234,0.0033341501097154946,0.09771419253331697,0.004004491640247472,0.016065635634470242,0.005178414156505578,0.0450911501904385,0.003926728224359345,0.05593434764832173,0.005132766828507638,-0.4003370062978507,0.005456378390529432,0.35325707257302746,0.005056679986135974,0.2836196786572257,0.005232866292923236,0.19546961699563267,0.004858610906171543,0.14449357861638193,0.003972902169507843,-0.013372764424395273,0.004883141914240423,-0.04608972514283499,0.004314801802858556,-0.08103611892577968,0.0036598459161523624,0.9755471800995169,0.0010120285431745035,0.049270903856401226,0.0020838181253297443,0.029483678818767015,0.003747898930970427,0.011741071198178991,0.004359420880679684,-0.041685617952927224,0.0037505846884070626,-0.035971625646968146,0.004363908156584765,0.09200827885087648,0.004665975664988468,-0.028761101238377842,0.005842132528787869,0.05058863127875378,0.0052063138639469935,-0.0545573644917336,0.004930797851468946,1.4947423959656425,0.005639363703726641,0.1708642607238326,0.010517790658485723
478,True,-495642.26313187415,43750,51468,4,6,-0.00363716232132501,0.0035421678868807083,0.7706606667174066,0.0006063489622332718,0.1490168023987698,0.0013706684114904027,-0.035551082980074915,0.004459048557410061,0.09941369150475561,0.0040387539058516705,0.011506825122830189,0.004197808560449894,0.010519247523250811,0.0035177001458935337,-0.2686028954720372,0.006618347168214723,0.1120187033689477,0.0055234866382280305,-0.07934331335297293,0.006392314927301554,-0.004365991203947671,0.005126973555580694,0.3551515266717843,0.005212863529783493,0.16520716620976567,0.005910728645511205,-0.05058096633915879,0.004693206628294708,-0.12355202406246542,0.005068400336796551,1.2497393756215731,0.001441471927882465,0.1716250183726694,0.0032562309958586305,0.09989322096187576,0.003959042294326141,0.011576829063334782,0.005133030410875129,0.050644139353916005,0.003887737177747851,0.06232573730329245,0.005084171095803677,-0.3988920514479687,0.005608528847468747,0.35489907881952104,0.005082076435306543,0.2863689220007302,0.005353342915889347,0.20265823409973358,0.004867241747149354,0.1377035330893287,0.004032357455644162,-0.016391211422095125,0.004942765599368274,-0.040209090599269554,0.004374542938718384,-0.07471229877928585,0.003682142107007803,0.977039148750424,0.0010852720707861252,0.049832880849453295,0.0022394128537418373,0.027499210226238892,0.0033915147121482392,0.011998710699793828,0.004184326899070506,-0.04180925739800068,0.0033952850600991596,-0.03913976206151221,0.004187945556936795,0.09891560955311593,0.004582537956221589,-0.017825442903410278,0.006110045822851158,0.0496057083553819,0.005141862494523682,-0.05551875508741794,0.004884554259348037,1.509846814309066,0.006022056393392039,0.1900103746799394,0.01195796487871556
479,True,-494953.050723732,43836,51285,6,3,-0.00012055369800625071,0.003565737706033282,0.7698319495178377,0.0006010774141486652,0.14804282160294402,0.0013745288479866669,-0.03137193597418469,0.0044188926656883384,0.08714883941046933,0.004054055309982845,0.014174241559828705,0.004137757932011887,0.013359940842690517,0.003554109605825369,-0.26706404216252483,0.006572996528450961,0.11437941356771136,0.00556672101192007,-0.08835684751701554,0.006368342306096578,-0.0032502166522667634,0.005141248577894365,0.34581311620272753,0.00539903409466744,0.172286895512926,0.005860330331776363,-0.05708978380768054,0.004807043313601315,-0.1160889651995558,0.0050331390578894995,1.2510892143482952,0.0014904115035824228,0.17332759484693094,0.0033582297711150094,0.08928222620532604,0.004012792901191255,0.022261965080187057,0.005164683568485837,0.04827896618907102,0.003931640361608444,0.05671514378815649,0.0051273628630088665,-0.40562165032982783,0.00557087582466866,0.35896166450811096,0.0050895383359315614,0.293268321182978,0.005345386935387368,0.20203881045782307,0.004894498303668627,0.13884439399108717,0.0039761540138984345,-0.01061638994725788,0.005022450365938324,-0.04481695517725035,0.0042488401170722515,-0.07207811748179262,0.003666674330419492,0.9777415247744818,0.0011032966102881292,0.04839201059343118,0.0020684092795023694,0.02904066228553116,0.003633509506333429,0.011404792626457681,0.004393723491192711,-0.04368811060966294,0.003639145289346272,-0.04103254700951942,0.004396040466636299,0.09812169464040363,0.004809346332838607,-0.024543453816518325,0.005918691328205483,0.05346641539606754,0.005576719029815284,-0.06934374112276852,0.005076280533821079,1.4943634870677467,0.005661162474159709,0.18620620782455835,0.01097689209337327
480,True,-493768.57243394246,43470,51468,4,3,-0.0006106126410751479,0.0035746978112995574,0.7696359727193202,0.0006043242249023084,0.14863810544764816,0.0013742395518856476,-0.038795159694091044,0.004507572105220726,0.09451588991473277,0.0040003509118471895,0.0017768344875428214,0.0042359757886988895,0.012524803500569524,0.003493220377400954,-0.2625064226650396,0.006641681991458062,0.12040287482187896,0.005518978645273854,-0.08817758596685511,0.0064037803070596784,0.0008609866838713328,0.005088945022292001,0.35195055293356664,0.005262287774185544,0.16849690011526264,0.0059303132380377314,-0.055440847631199726,0.004674946220129287,-0.12042660984073277,0.005067718718926507,1.2486840225200073,0.0014564646966741535,0.17344638277223579,0.0033250698970968134,0.09512774693555413,0.003938012504388955,0.021391186265582774,0.005116727311440999,0.04770321161364069,0.003857735912969059,0.046552468008848456,0.005090026108242492,-0.3993349324178704,0.005527822302792384,0.358774815931635,0.005024820930404314,0.29086144656827156,0.005290196127904206,0.20114518828346192,0.004831242572391818,0.1490013471107128,0.0039743094769233885,-0.012610892946052903,0.004830037824695994,-0.03801242379009382,0.004275529223036105,-0.08051557849936963,0.003627374851513221,0.9760640484701352,0.0009272474097410943,0.044588980894903096,0.0018463897864523654,0.03192780406881404,0.0043966598333109565,0.005993566428435463,0.004422749981398109,-0.03740342271615631,0.004396738902066912,-0.03426834636744992,0.004425581660472164,0.09751779759083233,0.004797875369851992,-0.024256341531886102,0.006068327256398718,0.04883191850649376,0.005293498049315672,-0.05201911041190817,0.004914877424641014,1.5047913037089495,0.005629288672263977,0.16505828186110974,0.009844346176003563
481,True,-494869.9324350355,43827,51440,7,0,0.003172231071714521,0.0035908768084709666,0.769869703709672,0.000614890989370509,0.1509434445259384,0.0014179395397660721,-0.019978608238079697,0.004430338107858479,0.09283318069935859,0.00410009502466631,0.0019247644402248386,0.0041321320555228426,0.009783601781960362,0.0036356347689797965,-0.2729167973489665,0.006598217017570004,0.11578199806471094,0.005569092094883272,-0.09052880449933207,0.0063938900198172565,-0.012032454216174894,0.00515509247070235,0.36121657372753657,0.005295195547292828,0.1698820043150494,0.005966314269327236,-0.060647277940557055,0.00474976852752317,-0.1195922486827808,0.0051224504448583565,1.249331253883148,0.0014360003757112327,0.17373830624869532,0.003296504141635584,0.09995423720787572,0.003989553426941629,0.01507185672163187,0.005135310221892529,0.04884941783246386,0.003913548775620266,0.052583060317409724,0.005081856343224377,-0.40564557465959167,0.005518331487782868,0.35954145401461285,0.005108131298920611,0.2832856248049786,0.005236396365535118,0.20189800775243785,0.0049004803496517845,0.14220043401339907,0.003963535871727268,-0.015558361753373004,0.004789625357049659,-0.04988528752273422,0.004093816402405994,-0.06927168444023782,0.0036878301149521208,0.9760951506277559,0.0009219401766143998,0.04485945252717697,0.0020480942389149125,0.027037808696630704,0.003591004561566997,0.010429039627315869,0.004086617616332183,-0.042184650921418404,0.003595817253080465,-0.042962949071498294,0.004091889960699774,0.10147724834697526,0.004616204982304575,-0.020049111578509828,0.006292141736219075,0.04894766232327469,0.005370127725469999,-0.06010817446572536,0.004910268980504225,1.5060809742774235,0.0061882849634044,0.18648234058733648,0.010708070126955738
482,True,-494927.7720631149,43898,51317,2,6,0.0052576435372718305,0.0035506467685622106,0.7701444900453567,0.0006120844058004615,0.15015767800387378,0.001381940626005121,-0.03361530713905218,0.004435252328277397,0.09889586986436112,0.004028451679045549,0.0042729689419525405,0.004174903402168142,0.01014279271516411,0.0035194028717657868,-0.2792947047488235,0.006461027454297164,0.09919165899571888,0.00562446561798754,-0.09064651030237127,0.006223413775297608,-0.013217160148198617,0.005200546920280928,0.34475602825735036,0.005345975864335789,0.179046639556522,0.005795829959697412,-0.05769322900285476,0.004708380686692348,-0.11321746573465612,0.004945421583388815,1.2514825756967736,0.0014071627114687901,0.1679293313518813,0.003240723778245469,0.09640443345716007,0.004095081919519006,0.024738880560952622,0.005029686320526305,0.044505191701578496,0.004008831384452022,0.06051929986950651,0.004989922803012747,-0.4072848730694678,0.005418010497264929,0.34962705555661366,0.005073301063864326,0.2793325973558434,0.0051633803085151505,0.2043075228950605,0.004879708953093313,0.1402543508615438,0.004036468699471762,-0.008066837189490143,0.004847103702273969,-0.037510600582825675,0.0044196485450390365,-0.07531713888562647,0.0036495740115485616,0.9775635157430448,0.0010923647721696184,0.047525536891157315,0.0020265283956484755,0.028961432877093164,0.003806103597702948,0.018299663548302796,0.0038388746214496994,-0.03554822010759566,0.0038089787277546918,-0.041471141444759316,0.0038423486798031185,0.09892249580059065,0.004558931937990518,-0.02264823648365498,0.006313852772333301,0.058434165294309046,0.005000443708970921,-0.05562317794893725,0.0051786756865435666,1.5075261622512552,0.005816773337361303,0.17813354420357028,0.01019754556735783
483,True,-494012.20728284866,43923,51183,5,4,0.002675144002652311,0.003567305768455067,0.769757828431952,0.0006084662294038035,0.1499582452862041,0.0013895955087423473,-0.03031490004327348,0.004408081876559543,0.09446659704008391,0.004065702648011529,0.0019089605863514937,0.004138368676824246,0.01139006638845564,0.0035665013421246864,-0.2673779709334096,0.006590554186884783,0.11597870649499673,0.005515858536898766,-0.09382389392829862,0.00636446032407023,-0.006818303169084464,0.005076194904865727,0.35426039524867126,0.005308264596437453,0.17210940276300046,0.005903367929860596,-0.05698693966349629,0.004726399635040005,-0.12148036065846668,0.005039994456076728,1.2498112794486809,0.0014967982586532314,0.17746551418780135,0.0033341439216613283,0.09063408865090489,0.00401750582164958,0.021846914776941607,0.005004428907899201,0.05236336302370971,0.003939250456661131,0.05446926825853722,0.0049698542848301665,-0.39660476629406327,0.005535158008858974,0.35760448201476974,0.005003819663153828,0.29064360843904924,0.005257397788963539,0.20862617296011632,0.004829248133833249,0.14849788898048497,0.003919242176441237,-0.00931583981424828,0.005008442330137333,-0.04371005010291995,0.004244884760024573,-0.07847361609892993,0.0036546723212511492,0.977335514756709,0.001019728658329,0.047279564544931346,0.0018996094232683405,0.024463094502448293,0.0037046577043071773,0.017276551225240553,0.004128341923548002,-0.03993875950277439,0.0037086868418797245,-0.0445920675790285,0.004132209628726158,0.10048995053962682,0.004622334906203916,-0.02516900418340993,0.00589883943501696,0.04973664451107676,0.005160313282018193,-0.06064681399665686,0.004693782799515572,1.4990635049891299,0.0048822727174119285,0.1592870452311646,0.00913402988176816
484,True,-493177.9313891388,44184,50722,3,6,0.011097403137854185,0.0035846782408080354,0.7706065479133432,0.0005964408391411768,0.14677241510696573,0.0013615240381580906,-0.032146992358421014,0.004510034588029301,0.09697531283211429,0.004064787483894564,0.008974657727764348,0.004218080190939226,0.012146054330573575,0.0035606569789364655,-0.2746494949856431,0.0064641191610408585,0.11530464098032354,0.005581648610619358,-0.08242671915953809,0.006240363475039577,-0.00501617269754504,0.0051512124757128125,0.3520958296935038,0.0052124805556888545,0.16578929479293789,0.005865460648774988,-0.05678154056194825,0.004657825987204089,-0.11727993102520282,0.005041321854619731,1.2485155032285729,0.0014167202480523944,0.1697427178741025,0.0033181043515530945,0.1029297946228381,0.004021561466059294,0.02291679222678046,0.005060388358773575,0.041176351634015514,0.003938779049494034,0.05948544184257206,0.005017477818861425,-0.40503811559953984,0.005394772138198741,0.35272098018376574,0.0050891849189713045,0.28587421286540093,0.005130261799499663,0.20502686854367386,0.004895835546976042,0.1349166677295057,0.003917592965098061,-0.014814603642597299,0.004772920878964877,-0.04786720549131685,0.0041547975659740385,-0.07339801823724339,0.003647276925902886,0.9769697708877368,0.0010075240149399756,0.04722003820359806,0.002136861114747958,0.027952575208502552,0.0036125363950902114,0.012378441228889881,0.004120108409256793,-0.03870057388456685,0.0036156714193553265,-0.040714212763892636,0.004122499226244555,0.09816673748779732,0.004602952183061518,-0.021257195062636364,0.005983896153960044,0.0566298457047478,0.005027414323531289,-0.05031801054967215,0.004935284486259306,1.5080002473528722,0.005140566793735424,0.16241881539149533,0.009773215784269818
485,True,-494893.9071760562,43802,51399,7,2,-0.003282805731944536,0.003546721459324539,0.770375949862687,0.0006099406187339285,0.15000239814470934,0.0013842702628131393,-0.031223822264357656,0.0043993061811137615,0.08814281147860539,0.00404078372788809,0.006432470114103061,0.004117003636431878,0.018274288210930245,0.003550579273214801,-0.26560807043199697,0.0065497712114611535,0.11116659335337672,0.005567623129385353,-0.09360386167509765,0.006320166993409195,-0.002692653336482497,0.005147421400564102,0.35587133665728216,0.005197427142496466,0.16437023462700665,0.005908162447844669,-0.047407467536952824,0.004633880399146117,-0.11876576425658637,0.005047589529620013,1.2501099198044738,0.0014525506446240177,0.1730595955525605,0.0032857474647055435,0.10100021402794922,0.003943937319573724,0.013750202223490398,0.005121338214124308,0.051845961539946445,0.0038656217326843104,0.059119700746850835,0.005078892126678797,-0.4026172449139819,0.005483800071512872,0.36445601153700263,0.005061466054956094,0.281359969139848,0.0052460787696110974,0.18538879500547392,0.004834600715678372,0.14012516262191432,0.00404209255366528,-0.01728410552391603,0.00480161219000348,-0.05010962923739856,0.004406456805359809,-0.07432313196434566,0.0037117513053502383,0.9752859349140368,0.0011120946547170107,0.05187496436447052,0.0022310149797224524,0.03269635689717352,0.00351290320885574,0.0142353547892176,0.0040310256814753516,-0.03855383180337575,0.003515312616634281,-0.03611998888977675,0.0040337941296279675,0.0939586045623978,0.004482540620778384,-0.010413376855945664,0.005930728607401273,0.05367501883947352,0.005100568146882107,-0.05320392300360926,0.004953099354822914,1.5076252767295137,0.005452559495337739,0.16764953695550772,0.010439753231498636
486,True,-494697.35735520464,44330,50760,1,5,0.009715509676080872,0.0035957683953197934,0.7701940826264353,0.0006083597480624481,0.14868482254139398,0.0013825428269098328,-0.02347485309057345,0.004453517647373956,0.10069309305179927,0.00412851072259518,0.0006197439326567286,0.004170475616332125,0.014184391214641021,0.0036332720901402437,-0.2871365046770878,0.006608009187763111,0.11783039472550083,0.005746121692052354,-0.08984235967611333,0.0063857525734323265,-0.01009024087262083,0.005320979125173918,0.34342964007391613,0.005509726913169733,0.183188294684911,0.005839975631078753,-0.05110312088867298,0.004920271632525057,-0.12168780851776545,0.004977410263974923,1.2495348881785548,0.001468280358575047,0.17023351661351246,0.003268508049824634,0.09251302933703791,0.004000763733276263,0.017265844153838594,0.005222378951328549,0.05071414669667032,0.003929258138672648,0.0534372549996088,0.0051873132305263435,-0.4061897465174099,0.005491297868800847,0.35761968434293584,0.005133013941345137,0.2873065717473723,0.005273621447994164,0.2111868143744156,0.00495139376512459,0.14032208131233512,0.003886648951862382,-0.011957691941124187,0.004731269858212209,-0.046368732130905754,0.004116349228668117,-0.07577236623478711,0.0036920134711844544,0.9776034940640773,0.0009436243698974223,0.04544000869712895,0.002001283090545508,0.029015835990546295,0.0036915926035321674,0.012294586361452605,0.004088601587398252,-0.040747857894880536,0.0036942342401619166,-0.03900835413377603,0.004092267487991373,0.09537785415066019,0.004673743777942368,-0.025409745655746566,0.005992988125508395,0.05237057328566798,0.005282909241922973,-0.06343146900492161,0.00492235136108877,1.5022103944265413,0.005791726986669743,0.1877587923130129,0.01126976619228709
487,True,-492771.24875024194,43944,50914,3,3,0.000952307784575394,0.003590331142499229,0.7710769009365475,0.0006032300015129111,0.14730913826556466,0.0013740039326346348,-0.03163680845848284,0.004472210794989136,0.09446558437429557,0.004090008130700518,0.00794009494833668,0.004176562647427232,0.010463212955246071,0.0035814728632267137,-0.2684683638329148,0.0066121397038938655,0.1219463755642294,0.005550266931599252,-0.09376091201108937,0.006347424867778416,-0.006337396092882735,0.005098277962507689,0.3496035265906091,0.0053720295930881875,0.18112902657255778,0.005935083217297443,-0.04890351501966524,0.004752857510016594,-0.11286700228278015,0.005067286231304668,1.2529823150968258,0.0014443000347654777,0.16962870754605044,0.003216691803847316,0.09144528796771081,0.004027214256139853,0.023755292450700086,0.005054657613520709,0.04494901547130365,0.003942042314619967,0.054815976889665184,0.005012913599190316,-0.3974868244944278,0.005534021127663493,0.3611384847580357,0.005066306002338541,0.2895777136274346,0.005345623293456845,0.20517433625825116,0.004881418334732096,0.14116588330102534,0.0039541176293387765,-0.017296628514146244,0.004853048444548641,-0.04984504055359681,0.004182649598473161,-0.08251952923227501,0.0037641090307051826,0.976084270665353,0.0009855986230525304,0.04668015907314044,0.001990160260504841,0.022474823784122095,0.003398285863566605,0.016707865027157345,0.004338146449644102,-0.04150499134996049,0.0033997018725114314,-0.03882027434184229,0.00434297251968562,0.10808759575419981,0.004595878446442129,-0.017500206829808535,0.006198019735337568,0.06249730373221321,0.005025289732127291,-0.05244643608598849,0.005103549359535673,1.5095735620040098,0.004910510201619145,0.1622699349837279,0.008818335007814093
488,True,-495247.90941606765,43984,51323,6,6,0.0007271160651040894,0.003585259065235605,0.7701149679816116,0.0006014830529131876,0.14835189809453714,0.0013947840515002308,-0.02860438992478975,0.004493210165169327,0.10035312647112356,0.004054142287189234,0.008807431341654508,0.004198793938117247,0.012628375917401461,0.0035578748980454565,-0.27176829723605045,0.006504733468828553,0.11643906319342634,0.005562060450633405,-0.08297644991698412,0.0062703664507917,-0.006005053064772074,0.005117882348633505,0.345067724775592,0.005299250159013107,0.1753931801399131,0.00584332475848242,-0.051521211219369374,0.004703759320921221,-0.12444078524615054,0.00501482040034491,1.2510249087548595,0.001392625914502732,0.16511171320948453,0.0031975742134101315,0.09516040033793081,0.00403512024467845,0.019088248806755952,0.005230144734742614,0.05382716259126053,0.003962921308651052,0.05953515936039089,0.0052017098555835325,-0.4042835575475103,0.0055638276712837815,0.3646134877091876,0.005092001056760973,0.28745782663854413,0.005251977823626141,0.2014699277827608,0.004887228651095618,0.1469794373715856,0.003986929127398908,-0.0041508522631374944,0.004968009249909522,-0.043013724934420794,0.004245186214181853,-0.07630564542232193,0.0036848541134670795,0.9770385987824282,0.0010487993703743315,0.04846058096215424,0.002030522625250799,0.02527191143466868,0.003470122085647671,0.009151729255929627,0.004548529920071697,-0.03803346792493629,0.003470462423513402,-0.03338468508792513,0.004550590554814577,0.10741356140195474,0.004810125224689431,-0.030411451873327888,0.005973777819158082,0.0571324997897937,0.005200637116473377,-0.05390529684072057,0.004791558613202493,1.5025750952221872,0.00453092018831891,0.15749755890714798,0.008838895029904939
489,True,-493460.1457077955,43963,50988,0,4,-0.0027859062949454456,0.0035722994893114864,0.770725258222487,0.0006122630825607378,0.15016365383311014,0.0014001058172905395,-0.020597332026530767,0.004394285439678118,0.09567649648747985,0.0041027842154130936,0.01421816758747326,0.004099926810758464,0.014145115787828883,0.0036195529342589313,-0.2634014173435466,0.0066045364557392496,0.11093259711231629,0.005557267752247608,-0.1070943861864431,0.006346833645390396,-0.006862899514687606,0.005127588485678364,0.3497099664950572,0.005313672633653176,0.17017103817963516,0.005937541090386847,-0.05682222948435842,0.004706896528937485,-0.11056672660857388,0.0050675799857942214,1.2494541169518338,0.001507854088105831,0.17532116686697563,0.0033430272094602115,0.08835469894384645,0.004120734880511777,0.027623635335848017,0.004998479851200495,0.04543335257677226,0.0040271569648144545,0.056705529735352034,0.0049551034553043365,-0.39883100167952956,0.005535770201174809,0.36237149286087916,0.005045438325578641,0.2820288274061542,0.005280154783396864,0.19692195944075472,0.004835419247054602,0.14804083409838575,0.0040050420259860895,-0.018081856986883867,0.004853343620251843,-0.047210144885681316,0.004180504511150117,-0.07550624879255385,0.0037273050135921016,0.9764441160018708,0.0009587729732695727,0.047166343076757176,0.0020445522878269756,0.02410273972705979,0.0034333453142988057,0.020439547693164844,0.004222028961524088,-0.04385735380128309,0.003434958543368239,-0.043224588009202924,0.004226785175667673,0.0994794599366418,0.004617252506030702,-0.023844251062739696,0.0062400159625837425,0.04899244085959855,0.005095655861082775,-0.057273594282803895,0.0048381877412006676,1.502802009637886,0.005630020140502068,0.16821824806616129,0.00948964234214518
490,True,-495460.87854730943,43890,51400,7,5,0.0008448510954526575,0.0035534073402035547,0.7699927650419717,0.0006142903510105158,0.15174829434415912,0.0014082096175434822,-0.03362813567229366,0.004458104961460511,0.09704362409837117,0.004020446909340345,0.003599804802281959,0.004197611491433689,0.008166840867710677,0.0035211836197806333,-0.2620644799090978,0.006640370648564032,0.11706601027584479,0.005520850012072179,-0.098568043213391,0.00642494605526748,-0.00922952536910442,0.005102239010458537,0.35862763366355577,0.005172439816376341,0.16002695920857646,0.005954765661551116,-0.06310105587393068,0.0047014171994766785,-0.11615498707088741,0.0050829350061812155,1.2510220231694928,0.0014610696633570175,0.1739004281458266,0.0032955650435035344,0.09705776501544655,0.003907088060123676,0.009568314044721391,0.0050984279315864425,0.055822094974617396,0.0038376150975110153,0.04875432550755524,0.005051109968546442,-0.3983239271009067,0.005518398094170281,0.3612907353033473,0.005034196078731453,0.28480032829264096,0.005241199526656178,0.1973650374458898,0.004822766335446832,0.14329320462780443,0.003953148733074878,-0.016929188036503545,0.004925767330413854,-0.04679801753686929,0.004159729337857337,-0.07372987174720441,0.0036983748607281566,0.9759928055181425,0.001056382319592819,0.04988191459250983,0.0021269850397418397,0.02512067047900922,0.004178864898947602,0.013297438100708539,0.004337252621147626,-0.03722204182138701,0.004181799094632172,-0.041646660635443734,0.004340027658560527,0.09809917439758567,0.004697024694559852,-0.020839512771369948,0.006027441940911386,0.04309704550122426,0.005423086983676006,-0.061565996744839986,0.004699262602529976,1.5071574247019306,0.005472783284970806,0.166928435253189,0.009731321046315536
491,True,-497460.4768005215,44201,51383,5,4,0.00015966514080324322,0.003540840791721679,0.7708508641666211,0.0006057965348537642,0.15032898869214364,0.0013818689115625699,-0.03020300307828778,0.004424366246820315,0.09900507623072559,0.0040370628082797505,0.004819506664878412,0.0041459151936841035,0.012106485225887186,0.003549817063535351,-0.2659790757193858,0.006524134529717978,0.11347654208804397,0.005499744837726333,-0.08722194711163707,0.006282157806645339,-0.0021987484158959604,0.0050672119845739235,0.34663936326372763,0.005250433749366545,0.17185948487290287,0.005820400608409409,-0.0457960164375674,0.0046448849558022145,-0.1195612596719632,0.004968921671878994,1.2515846947740508,0.0014503988324060524,0.1714264113888037,0.003281048729688943,0.10005947027346018,0.00387512884072391,0.01287022040363311,0.005250138350885736,0.05129636834063303,0.003797178672635263,0.046122615536393734,0.0052048558981914,-0.3921805535643402,0.005466352692185469,0.34881392492544083,0.004953977036450421,0.2908538643470812,0.005269629675755146,0.20562411087276758,0.004792716355390467,0.1364162613587721,0.003792248128643524,-0.01302678179010866,0.004674162428391569,-0.04703560597633354,0.00415338319373507,-0.0802564689487493,0.0036475248533606396,0.9761727547264507,0.0009302538909259916,0.04384048655829998,0.0018553226772104019,0.02533654678573421,0.003340457225375982,0.021854211394140347,0.004109052831044969,-0.040775168018660365,0.0033431452475215398,-0.03668131623199605,0.004112276360439867,0.10421177919550796,0.00465683810451625,-0.0167176151138457,0.006116934997631095,0.056692816376848996,0.005201230985779117,-0.057639852622894616,0.004955375882908171,1.5056727649428663,0.0053189442221361904,0.17419732954841913,0.009938690146192863
492,True,-493432.17431723466,43919,51090,3,3,0.00030258815978076697,0.0035793370442786447,0.7700944422924647,0.0006172502613315811,0.15082450402696781,0.0014059169183562453,-0.02091732290556842,0.004427931963161517,0.09819971794992872,0.004081637482631456,0.011545319640135807,0.0041359942234259,0.013946546405312916,0.0036082222647073996,-0.2744642042026334,0.006588979736595523,0.11204723661735415,0.005545235514868117,-0.09120982573624882,0.006321833555516359,-0.00974740172319447,0.005129522866220645,0.36447494927705015,0.005313038520228699,0.1757461148625154,0.005944775087512114,-0.050127118645896536,0.0046724904022453825,-0.11854152312251785,0.005094711984411794,1.2516257415651462,0.0014203835514496888,0.1742346517731091,0.00330614487690134,0.10442862742870362,0.003983754693890238,0.01160917768579357,0.005132059207506685,0.04464809270613487,0.003908058760886725,0.055282704642988865,0.005083341840994588,-0.3989380289265004,0.0055321657708013615,0.35729913870062313,0.005060434650622986,0.28141802398287086,0.005207311378663504,0.19819323980620396,0.004868341093534736,0.1329715936305,0.003928059555930781,-0.017639190480436984,0.004861331697945295,-0.04740864053523614,0.004263564726901482,-0.07067637400067046,0.0036721696085654557,0.976441565720097,0.001025553829714143,0.043478734010201164,0.0019117364873321198,0.023780071588748352,0.0033646068711896356,0.017921141674811514,0.004187892585976109,-0.041701553241749026,0.003365531846848703,-0.03960260373607129,0.004195144214078879,0.10795655363925424,0.0044492442421513335,-0.006966918864497134,0.00637324263708795,0.053878323888719035,0.004932531177581031,-0.04401235201722653,0.004843522687211663,1.5109451757667427,0.005516622046030206,0.1729673469664934,0.010099797451689874
493,True,-493259.6699954909,43625,51317,2,4,-0.00418513359060803,0.0035909793212524355,0.7717566895696376,0.0006048822276356614,0.14846934232634323,0.0013856643188325107,-0.02687846059164408,0.004492216558538081,0.09435628637630408,0.004049009278884386,0.007919021520027844,0.004178308260061375,0.011725612996985383,0.003562483291334038,-0.26386166965812435,0.00667481016608461,0.11940596869545358,0.0054936463264960295,-0.08685950038769229,0.0064527853018123945,0.0013361108389891116,0.005072386516272739,0.3597072703804253,0.005241205356176489,0.16772180512441304,0.005995333243800911,-0.055343972069834615,0.004715354626823233,-0.12311764463659164,0.005139385874766792,1.2490334475798408,0.0014585590210762778,0.1743704580622557,0.0032568905131004217,0.09383789440717784,0.003999840846723097,0.02121602425928097,0.005128176774423113,0.0519470012144339,0.00392505676939392,0.0506041589624311,0.005094794565480625,-0.3958655155931129,0.0055143321259590585,0.3573412541290287,0.0050364817037867144,0.29227720794478645,0.0052750325362322945,0.20055425876860494,0.004857731045631018,0.14357091698856278,0.003986759965927313,-0.018569912024578583,0.0048587409537850885,-0.04660262039688287,0.004200738047043518,-0.08094446352300297,0.003759109833717205,0.9768033173025038,0.0009779235688671117,0.04670296249880893,0.0019728898608495984,0.024618217102422037,0.0034373379210792827,0.014210511728463947,0.00468058105558384,-0.046033097986574865,0.003439769037798221,-0.03651730474471809,0.004683954447531663,0.1028386496140013,0.004614482259400745,-0.018209788517039315,0.0060251087743260065,0.0515855024440314,0.00539835522859801,-0.05779747600422983,0.00473600310106113,1.5038499408608466,0.005067987702821131,0.15916609326878456,0.008871899745719544
494,True,-495915.7730846051,43846,51465,8,2,0.0022030735233300736,0.0035910561980972582,0.769344256388154,0.0006014937953591759,0.14787573370645085,0.0013696410759303779,-0.03533491231308428,0.00450000744530138,0.09718456663231359,0.004053169766757405,-0.0004442166650375786,0.004231587226041484,0.015461289302698366,0.0035443814093080077,-0.2679071745715556,0.006733129200916029,0.11921788204747895,0.005652513016251907,-0.09622528547816638,0.006513020037356703,-0.006142921651160239,0.005223474574025312,0.35535490418508214,0.005344027893334832,0.17402569576727409,0.005934036122162214,-0.0557031911923254,0.00476047483550774,-0.1221469419275254,0.005112986810171208,1.248293048279232,0.0014432349114276155,0.17415516247167173,0.003347748150234295,0.097829940614767,0.003998517236004069,0.019474960581140094,0.005212618321281747,0.05035315061604345,0.003923870201082769,0.05339908702092683,0.005176957115632286,-0.3968145833711212,0.005486463488021414,0.350543204112128,0.005047784788861449,0.29665910741686335,0.005254314808999679,0.20903986997528687,0.0048776123461305035,0.14504643819963287,0.00404921298627903,-0.02700305922586715,0.004917018675012733,-0.04448254769589984,0.0044243247430885355,-0.08144629219921669,0.0037628455836831052,0.9745957550225037,0.001047668645694888,0.049166832346554674,0.0019908273665410828,0.02563839286642679,0.00357797537425491,0.017236244051222954,0.0039554956370847615,-0.03571782798966675,0.0035804255482434957,-0.04118683324760349,0.003959808355108842,0.09471868366509603,0.004885882495748623,-0.030353996818140026,0.005807258587621529,0.043781017887858514,0.005615758225674289,-0.06240517794069764,0.004663797170404132,1.490646789658257,0.005062308498382073,0.15553771838284672,0.008978602835096508
495,True,-497548.07854233216,44259,51312,2,3,0.0032549079584017044,0.003568194469666517,0.7703509597160891,0.0006062848937499199,0.14919120260040733,0.0013842747794276244,-0.026498937987492494,0.004447672373454617,0.0990562234108706,0.00407991840200759,0.003436044863736849,0.004165417439759028,0.016290204959265146,0.003587154659480726,-0.2663644373072279,0.006609151241701237,0.11440928351046556,0.00558483855325357,-0.08608644916196516,0.006371274812886468,-0.0021722699311041574,0.005156048068718788,0.3501896457847609,0.005355564874203824,0.1760010350467358,0.005895473383726555,-0.05132983985404839,0.004753263766105527,-0.12252401631308563,0.005060138849878913,1.2522652369844736,0.0014254803677136163,0.1700554760243174,0.003269085731797197,0.09844180304464507,0.003942944930143949,0.017949217886480188,0.005171840079700992,0.04831965223731362,0.0038609254276040813,0.05055340713106559,0.00513099719199551,-0.4118332110058852,0.005527930812670997,0.35433957169895897,0.005108785605147924,0.2842284639019079,0.005260429741806857,0.20795685698968472,0.004905931858693123,0.13905261804143443,0.004002766329878921,-0.0019101396467834444,0.004843593367419607,-0.0444873776458305,0.004342387922859399,-0.08354651841508134,0.003662469761260775,0.978647903968516,0.0010722320739243174,0.04890138929209582,0.002040590843939455,0.019812583541404458,0.003324360709738943,0.025715388906929097,0.004289306978377394,-0.04290990358703003,0.003326404033088828,-0.03961137359823876,0.004298565590068011,0.10449673779723917,0.004647791370758805,-0.014807962926338977,0.006176358030654759,0.04749774610371293,0.005225705217010858,-0.056841071938085234,0.00476260401291679,1.5054332370948438,0.005377582374578305,0.17600703838562776,0.0108976220607441
496,True,-495264.1720135184,43502,51761,5,2,-0.003143291135439352,0.0035741794869351244,0.770666752580091,0.000615831878009232,0.15040385374775964,0.0013870633571832075,-0.030343723953315173,0.004472850827626447,0.10317247796992687,0.004059244507563258,0.00977786176231392,0.004199060468488213,0.009532758404395783,0.0035615532205426088,-0.2668272908505526,0.006695676045253648,0.11238885925842133,0.005565679454890858,-0.09525603976362389,0.00640692915816032,-0.012615004635102588,0.005139844499659074,0.3492815952490871,0.005329947686593633,0.1723867121818702,0.0058727700466084335,-0.06029910475146058,0.004728639027252145,-0.12200412343763073,0.005048070281992784,1.2496221920810122,0.0014464173595594154,0.17326578862795305,0.003379764139219407,0.10064310266977179,0.004013758970006645,0.009525262013031636,0.005249621963066036,0.045389684384173526,0.0039375654548735265,0.0641910789314147,0.005194633096792855,-0.40084448351382707,0.005564638233197474,0.3541856766699231,0.005058380452972753,0.2871348618956684,0.005270067083477358,0.20391919778653922,0.00487804295643396,0.14490625087373463,0.003982373659678762,-0.007297786548148704,0.004920253580992885,-0.05024707891928442,0.004293419913597295,-0.08033175459432872,0.0037395304427825724,0.976723248634615,0.0010087984300544695,0.047108371798092186,0.0018794556609810394,0.026823777634588906,0.003816194568256953,0.01612911579755281,0.00410933758558131,-0.03544588007852848,0.003817611535233118,-0.038914547008474853,0.004115610478328286,0.11262704445157766,0.004771884656774789,-0.018057080812425953,0.006261997057261759,0.04603920167826402,0.0052505479386005865,-0.056175901288704796,0.00465173406263155,1.502700744048706,0.005136306801703405,0.1681469555960731,0.009104985938434187
497,True,-496411.61612468364,43955,51413,4,5,0.0030496728281744225,0.0035622029603954385,0.7712350921570115,0.000606391905055681,0.1493601452919783,0.0013846184600546096,-0.029256303829411967,0.004411408090974834,0.09055566478818919,0.00408065996868325,0.008952430024054358,0.004123279650783697,0.01296272412237339,0.00357629992395842,-0.26120300190846757,0.006594952150787113,0.11876126424641031,0.005400271035983822,-0.09452967692073772,0.006357449968080914,-0.012132824577450078,0.004952554388546351,0.353023999125667,0.005219167470604638,0.16476331021120325,0.005895979202420949,-0.05872304155624723,0.004660315188788545,-0.12044962070205685,0.005023201296705128,1.2512352918767764,0.0014458656124053393,0.1711707868681136,0.003225334784832251,0.09260240164088902,0.004006457996351178,0.026885027989440098,0.004987919354001417,0.04485171718617428,0.0039178792633960775,0.05813232200215979,0.0049341002947740215,-0.39937526248699756,0.005456374362639152,0.36234901184040413,0.005048467070579563,0.2858843393077423,0.005195387369848033,0.20184619973425227,0.00482705155303256,0.1429560112425424,0.003928500641504811,-0.012868702288225436,0.004845135357352524,-0.051044480301338235,0.004258724802144256,-0.07484325487999374,0.003697340595454399,0.9771435176155787,0.0010244812690902716,0.048004707442005225,0.002041326786683239,0.019600222500885178,0.0033325142734917986,0.02260474300653389,0.004114810778996199,-0.03755668828105025,0.0033341137457656533,-0.04070419333364637,0.004119231535780993,0.10943174532234562,0.004496894772801505,-0.020634216338763448,0.006015059109204038,0.05346986462670658,0.004912581443845594,-0.05726908907494903,0.0048112268418917525,1.507054611029134,0.005043834666089375,0.17147095310272276,0.009669266416598862
498,True,-496525.64321900904,44243,51146,6,4,0.006987565579811881,0.003564141205851491,0.7710615499993039,0.0006014254816809061,0.1487230916504894,0.0013890895193620356,-0.03278025583145392,0.004409941348614677,0.09801505170846021,0.004088647085113525,0.008188307404793982,0.004132425312114932,0.0034494978101293934,0.003574945351212015,-0.2639322250232887,0.006460247719380486,0.11433825305014668,0.005481911629596263,-0.1039152666648983,0.006253543845285415,-0.015752723897413765,0.005044176344214805,0.3562762924511009,0.005171568055878849,0.1619425343042932,0.005894794263715211,-0.060972308608945584,0.00463485059983033,-0.11528239574914582,0.005064381619861766,1.2493373252749866,0.0014178155271924453,0.1687799221528303,0.0032491665730610686,0.09731899461168073,0.003926071846440229,0.011507284873159255,0.005118850556199721,0.0552693537953387,0.003848137918455876,0.04828021060740506,0.005075084726056805,-0.39989426827599944,0.00555837884155607,0.3644048428417541,0.0050557723488350035,0.2870234583063269,0.005327732815469632,0.20301095982913706,0.004841692237406355,0.15129798478599707,0.003988363965123457,-0.017481920908668715,0.004981228135907831,-0.040697488538844764,0.004201370406987649,-0.07763196656569829,0.0037080119905217772,0.9754077314096304,0.0010190280687643605,0.04965916393134066,0.002016577058078159,0.025965858336839634,0.003982760224275688,0.01464291438816484,0.004082008343577578,-0.03911138783533684,0.0039861706226289205,-0.04334791757541548,0.004084007492710446,0.11012609140144239,0.004546138402086143,-0.012347958375145334,0.006120290712888959,0.05879958946536698,0.005287042876808487,-0.0581673683258577,0.005082168114900422,1.5074270632971984,0.005073940632460472,0.16891457586087236,0.00936583562313549
499,True,-492235.48685775616,43606,51191,4,4,-0.0008187408141143289,0.0035868971100255706,0.7712274848341857,0.0006145144586055529,0.14997194047276619,0.0013985303443937308,-0.029080651277490353,0.004468269256713715,0.09735797442653107,0.0041039021670847735,0.008908592173138295,0.00418211165785433,0.005071570391656419,0.0036024887351009272,-0.2715186802341181,0.00668889636766101,0.11643822023352397,0.005561076412108749,-0.08450398387973479,0.0063907538385091466,-0.0016273852682618026,0.0051192306391497034,0.35357042302547464,0.005405489659463206,0.17916371208083834,0.005866642689416578,-0.05019873829328754,0.004769930399602084,-0.12973812568426163,0.005025309765970937,1.2496644266041221,0.001427954267208209,0.17333917268595433,0.003312928807579066,0.0982384374568896,0.0038988336054526346,0.008419313166348832,0.005237399032496065,0.05809824879603725,0.003822333184783561,0.04910171372064674,0.005207086546456679,-0.39356060303274476,0.0056407747439009845,0.3633956784867935,0.005058429920864921,0.2915353201068304,0.005337787800564086,0.20358328044355145,0.004864023160854905,0.14389072323847393,0.003966354599319666,-0.014177579062356798,0.005006719207141589,-0.04351113347510461,0.004246583725747358,-0.073288346806422,0.0037028742013161184,0.9767959736277118,0.0010415854161137106,0.04655172278272762,0.0019266620976307047,0.028294686208752858,0.0036356220490518934,0.008860971676498419,0.00404826012701583,-0.03972903177884959,0.0036388037973401253,-0.03793499827490461,0.004054180367056078,0.11130496752264699,0.004815178068380788,-0.02613560270116474,0.0062355696125377,0.05344845749002941,0.005150895814404943,-0.054487480904990684,0.004813783579070632,1.5023554474992127,0.005438728268213677,0.182307270637075,0.01001396191577418
