iExpt,valid,nll,n_plus,n_minus,n_dropped_zero_eff_plus,n_dropped_zero_eff_minus,fit_time_s,rho0_770.dx,rho0_770.dx_error,omega_782.x,omega_782.x_error,omega_782.y,omega_782.y_error,omega_782.dx,omega_782.dx_error,omega_782.dy,omega_782.dy_error,rho0_1450.x,rho0_1450.x_error,rho0_1450.y,rho0_1450.y_error,rho0_1450.dx,rho0_1450.dx_error,rho0_1450.dy,rho0_1450.dy_error,f2_1270.x,f2_1270.x_error,f2_1270.y,f2_1270.y_error,f2_1270.dx,f2_1270.dx_error,f2_1270.dy,f2_1270.dy_error,rho0_3_1690.x,rho0_3_1690.x_error,rho0_3_1690.y,rho0_3_1690.y_error,rho0_3_1690.dx,rho0_3_1690.dx_error,rho0_3_1690.dy,rho0_3_1690.dy_error,sigma0.x,sigma0.x_error,sigma0.y,sigma0.y_error,sigma0.dx,sigma0.dx_error,sigma0.dy,sigma0.dy_error,f0_980.x,f0_980.x_error,f0_980.y,f0_980.y_error,f0_980.dx,f0_980.dx_error,f0_980.dy,f0_980.dy_error,chi_c0.x,chi_c0.x_error,chi_c0.y,chi_c0.y_error,chi_c0.dx,chi_c0.dx_error,chi_c0.dy,chi_c0.dy_error,f0_1370.x,f0_1370.x_error,f0_1370.y,f0_1370.y_error,f0_1370.dx,f0_1370.dx_error,f0_1370.dy,f0_1370.dy_error
0,True,-494066.5497352907,43695,51379,2,3,,0.00019609744035182486,0.0035687338684283055,-0.03181071094441968,0.004117784439401064,0.09642700826758137,0.003583358262715986,0.0045140628019216845,0.004175571752718473,0.012018627747019553,0.003545133015911225,-0.261041983195476,0.006329749666758508,0.11645678150131297,0.005134608661966192,-0.094914121555866,0.006377487426858248,-0.0060692339476129025,0.004985554742778656,0.3602284550666099,0.0045597928310304545,0.16686743220452985,0.005009285869334576,-0.05440499669209229,0.004384815271265492,-0.11811591473906773,0.005039002570034876,0.10087420432684116,0.003936104288260563,0.026920594623460303,0.0049715047376908674,0.04612110746435682,0.0038981067853044544,0.049798638097294755,0.0049676391006896956,-0.39751195457642435,0.005082063853845596,0.3556352570731948,0.004746717657651735,0.2925651040738597,0.005000757414497124,0.2013926627896455,0.004670219127473444,0.13895413269321008,0.003863659922072758,-0.013239318955550645,0.0034938361835791117,-0.04877228470301603,0.0038185391627048645,-0.08328416954438002,0.003525816176655561,0.029945108952876116,0.0037841003194072345,0.012392789896909165,0.0038902416501567934,-0.036334433722019804,0.0037842507956572613,-0.045089567459507,0.003892680860576034,0.10635971516610712,0.004455945591796763,-0.02514246019656362,0.004006515163941362,0.04465686356853772,0.004442855265597791,-0.05473776073375721,0.004031328323478036
1,True,-495401.6979672108,43855,51387,3,4,,0.009357672287607007,0.0035620103823110747,-0.03632281701868967,0.004172214668697656,0.10108640827266915,0.0035540881838811616,0.007015624515653131,0.00423697318717211,0.010911142593851073,0.0035123741378976607,-0.27343426524845277,0.006185517229826239,0.10925872097565553,0.005287788603006282,-0.08608825942782977,0.006235748634808942,-0.017924592259475233,0.005147632626395096,0.34634114082982437,0.00466257438573701,0.18542225796064846,0.004896416367209335,-0.05120103245232742,0.004495176846037653,-0.12565930801985517,0.004928944946352309,0.09776717745803626,0.004024300968550717,0.025086782779953357,0.005005128639571417,0.05087037890929231,0.003987856045917093,0.05992780962217601,0.004997542033291676,-0.4011166242285752,0.005065269179559316,0.35270386271089593,0.004755971757543172,0.28803635533288163,0.0049744283192267235,0.2028008692726352,0.004674545276452122,0.14194390411632568,0.003751063408312896,-0.0165070006617187,0.00349718506318246,-0.049151531470914986,0.003702217977783745,-0.07697534070355799,0.0035239348322672194,0.025052693104718277,0.0035050624968154275,0.017608184834540467,0.004173505992033832,-0.04396017477142767,0.003505720621517149,-0.04329336910476564,0.004176586964175828,0.09837930255773861,0.004362110050027401,-0.027395005556428258,0.004067922716573226,0.05118928799262923,0.004351166987222125,-0.051718749784956976,0.004090323965193659
2,True,-495780.50106261624,44124,51130,2,3,,-0.004243995801451429,0.0035647928257122987,-0.025808951383553044,0.0041131426841920695,0.09417029532959209,0.003615206428918857,0.01701508825666562,0.004158638677473,0.01834054765213621,0.0035796283905590353,-0.2757641235874345,0.006162270821359049,0.11462037975176168,0.005249068484433065,-0.08646261847210215,0.006210136184465079,-0.0005982298379041564,0.00510460406335723,0.34607796469988805,0.004597147184730425,0.17034644164783316,0.004883282749472529,-0.05276769055954242,0.004437890650668657,-0.11630151764376563,0.0049093293395616995,0.09817662776211995,0.003938042610474069,0.021597409334325128,0.004966413951157462,0.045764074225286826,0.0039018627585552,0.05446574585580618,0.0049604674984640605,-0.40054873115748096,0.0051180155573035905,0.3569224802391797,0.004761416922153382,0.2924186726714936,0.005025319318696014,0.21173876348583653,0.004678264575722902,0.14069516362237436,0.00372702963897472,-0.016327329336746108,0.0035579040243166296,-0.049921471610472126,0.0036784759516597255,-0.08109882064269897,0.0035868079108860858,0.029391875871689836,0.0035676697777742034,0.011397758228348865,0.004300000655860266,-0.04238340996343715,0.003567270768022519,-0.035781658033737604,0.0043022988224048885,0.09871542754412033,0.004414687350429969,-0.024838607283708573,0.004122134086704548,0.05280876266325051,0.004403859773505949,-0.052482063739999106,0.004145454827693776
3,True,-492069.4642582771,43513,51184,1,3,,-0.0003136876431270021,0.0035675470379907125,-0.03113135262526933,0.0041265913112891245,0.08659714743158436,0.0035924105879606345,0.007719543639936166,0.004182869241295158,0.01346372646041871,0.003562311760248966,-0.27344364071701777,0.00628494978313594,0.1160493511928355,0.005252202390291271,-0.09571087139603536,0.006332775202312236,-0.012101535818083813,0.005103291914974672,0.35713201030417135,0.00459358125799853,0.16686291557160676,0.004980775857985677,-0.06151506187983468,0.004419642878657408,-0.10794534273570666,0.005006298286456635,0.09671800016158102,0.003997366546907393,0.020454640996623582,0.005011640954522402,0.04475721931262366,0.0039603229550627325,0.060294705806025604,0.0050045341353427576,-0.40757097398991937,0.005098335866665419,0.3654970740563568,0.004788063118143053,0.2846896313139629,0.004989016424872514,0.19458290283835186,0.004682632676082314,0.14920783489956835,0.003721700066190489,-0.017169834238974013,0.003559513359198169,-0.04895890514204405,0.003664757682877406,-0.07711130438157363,0.0035845307562506015,0.024351988432778502,0.0035900020876789003,0.01757472735241393,0.004246786350967908,-0.04166440916868418,0.0035902374663649675,-0.04044719250498218,0.004249737315287023,0.10706732823703355,0.004489282754047431,-0.02036978197671499,0.004144635077273793,0.049553806950312175,0.004475863948218484,-0.05627621168274988,0.004169468757398657
4,True,-492421.21234519384,43586,51119,2,1,,-0.0015896348565313078,0.0035621249241118472,-0.02888366966596403,0.004135656542329456,0.09839507491216043,0.00361464236056692,0.012473222916457154,0.004186520993583783,0.009106398712015306,0.0035768013322457857,-0.2803352989550057,0.006086551698827912,0.10270095124353439,0.005320796703775529,-0.08513527423651042,0.006132459789829792,-0.016758610464503755,0.0051901047759667016,0.3438036114354996,0.004650969455852708,0.17751306678378462,0.0048867032214413375,-0.049621086199504706,0.0044932645185358075,-0.11926225177892433,0.004916217448651054,0.09836146459743583,0.003977256626032243,0.019234487136438702,0.005006507632133343,0.04880394430934098,0.003940306981293416,0.05786615183738501,0.004998222069232881,-0.402579994586792,0.0050607034235649676,0.35005790945801063,0.004795719941661134,0.29020459968579204,0.004972528656866459,0.210527330662401,0.004734231801746389,0.13532097040335767,0.0038249461888643635,-0.013398753878790045,0.003517925276698866,-0.042294032018632195,0.003776423544118954,-0.08190792568140058,0.003549113903013817,0.022558248404893146,0.003303588597379528,0.02251238068590248,0.004225192942189404,-0.04019053811607986,0.003304228085233736,-0.03813472121597965,0.00422780311395274,0.10181144714911368,0.004397615784325439,-0.023872185745175998,0.004097962253514766,0.05186238928682604,0.004385439291635218,-0.06149093812963774,0.0041255266774460906
5,True,-488634.64843965624,43312,51024,3,6,,-0.00010294594075361827,0.0035969339579842484,-0.03310550278853576,0.004138747470422596,0.097834540584671,0.00363762935572368,0.006810558850220374,0.004198296892021519,0.015150223684384487,0.003598766637631442,-0.26598483681531343,0.0063085136961157405,0.11877124109983281,0.005329481707157759,-0.09793394186982979,0.006358710322714139,-0.0066496459093813845,0.005176969803454517,0.35461661124679783,0.00463673135976943,0.17907077537622065,0.005035350319054327,-0.05679295870605081,0.004468454689168343,-0.1243251934025988,0.005065137405855617,0.09915551378244744,0.003979440821890752,0.024939424118334965,0.004984281348582146,0.0470988616053854,0.003940931132833056,0.053044126375860555,0.004978316620923389,-0.4050150074951507,0.005157598667568618,0.35523460713533017,0.004804258415502926,0.2901542596043114,0.005044428794441238,0.2081116672682171,0.004739245402078226,0.1432801611638026,0.003927769133556797,-0.014025407263870592,0.0035294541274436607,-0.041669474399520165,0.003873262970913048,-0.07627893135650253,0.003556264241279998,0.02780554276135611,0.0033278224473713876,0.02402273391498916,0.004475456661417355,-0.043948652121757845,0.0033282412850218963,-0.03712933289269829,0.00447794526736516,0.09934315233038746,0.004500335029713472,-0.021820126991765058,0.004146610868916787,0.05913202357564333,0.004487612944248899,-0.0597619593165109,0.004174334151664664
6,True,-496460.9623656173,44025,51281,4,2,,0.0015172062458553336,0.0035480042177773075,-0.028751881752852402,0.004096378117013883,0.09446779668173075,0.00358159062551912,0.007306875905269558,0.004147705495286008,0.007290675624141134,0.0035449372439523815,-0.27682491371207074,0.006209472664382929,0.11453560783712334,0.005306137728052202,-0.08932621204768279,0.006261897271583885,-0.007704056800691729,0.005160319094213788,0.3389982417452473,0.004649083827594488,0.17841845229127584,0.004834036039577424,-0.050626878789271385,0.00449796992313737,-0.12233281489635073,0.004864061105244294,0.09554492089018249,0.0039131024615148505,0.017493141606863775,0.005004400170237779,0.0459240460665238,0.0038772087478932665,0.05171246387617257,0.004997958527124225,-0.403261968459261,0.005059881968041801,0.356593004939249,0.004744483753379221,0.2812692442586136,0.004956650554539884,0.20354176502465768,0.004658493635734712,0.1419565409574017,0.0038327844535024666,-0.011588776100621466,0.003476375687190417,-0.0421775299711073,0.0037804279888172037,-0.07601907968540866,0.0035019363749893514,0.02322395257705716,0.0035243426190542737,0.017805341038481092,0.004202288484716408,-0.04111885848674754,0.0035246040358836435,-0.04048983592496535,0.0042051448530272114,0.1031832237438064,0.00443040988712473,-0.022298203409688612,0.004128007912340641,0.05086717108784655,0.004417062210764517,-0.05347821721808418,0.004152397665049842
7,True,-495245.0639610515,43930,51339,1,4,,0.0023582136701178957,0.0035809693369574787,-0.03513567792288581,0.004160174691420037,0.10155631225707248,0.0035895193610970947,0.0034478565017042936,0.00422328936459924,0.015325602369304676,0.00354745417974805,-0.2730711360106038,0.00644064668956475,0.12525866985636822,0.0053691339869700655,-0.0890216611219202,0.006495842807066591,-0.00970486810243741,0.0052063601538221765,0.3513235495413901,0.004651990290205044,0.17266390452905192,0.004998776204554438,-0.04259051573734629,0.0044831600408183885,-0.1258718964799533,0.005038445550302566,0.08772855875806741,0.003918813332662881,0.02326767535372168,0.005127410474449224,0.057559786019904434,0.00388739506247199,0.05218027560944396,0.005121961461639342,-0.40863395606752717,0.005076842609725292,0.3554395822641825,0.004819290272512694,0.29030457859040526,0.004972276570784032,0.20397618067553558,0.0047388908870773,0.14667653633456315,0.0037526164022468056,-0.01472784812844775,0.0035307552158847007,-0.0457067952626961,0.003696361977685114,-0.08410004458673355,0.003562070322545313,0.02770835417872419,0.003591913340897585,0.01572981100273023,0.004271051450313669,-0.04007174214239013,0.0035925671862503225,-0.037500898755167766,0.004272727514915346,0.09600996318345309,0.004517715494307531,-0.026455942552198793,0.00404518145795125,0.04797912064534395,0.004507799139753397,-0.05793480150621563,0.004071212193478589
8,True,-493617.56682965485,43854,51144,5,5,,-0.0019527606365370258,0.0035770876415692067,-0.025069047917948752,0.004095613811322126,0.09334311298123067,0.003636066336095573,0.005579295059688415,0.004141148409544023,0.011039855225646015,0.0035971418898944085,-0.2663635089268958,0.006445749050767027,0.12517907712264092,0.0052718600737475954,-0.08535143811243927,0.006502411181841402,0.001312625703288521,0.00511007480773109,0.34331150656039344,0.004667515388662522,0.17507027057179017,0.004908105265967176,-0.04969135705773466,0.0045152006139849285,-0.12425268626688776,0.004938049037794076,0.09852904937961515,0.00385505633643596,0.01574823316610367,0.005110268358250147,0.04981464257423656,0.0038170612357621594,0.05206953575311771,0.005102571241847138,-0.40301417802365713,0.005083261985140276,0.36087182230918785,0.0047953419530091185,0.2871969907700995,0.0049780024084425676,0.20757942879813202,0.004705569199168061,0.1399124445554331,0.003844157598766721,-0.014621518674760994,0.0035471333067517677,-0.04012174140912267,0.003790499637346252,-0.07769255678565246,0.003573085205978294,0.02985422063834041,0.003753461772219157,0.017645104081111886,0.0038012293806874093,-0.036790887338368834,0.0037546267794564387,-0.044105446738683975,0.0038041670810184244,0.09995083588150179,0.004583894263660787,-0.024542117389032905,0.004179647415062622,0.05870046542348152,0.004571621862915955,-0.058898017130277515,0.0042074861056742175
9,True,-494929.21168624447,43966,51236,2,4,,0.005727804420196958,0.003559408080232967,-0.028560753569054912,0.004104090704267419,0.09459627399471598,0.003599153375882588,0.0008556232376746984,0.004155874616871287,0.01333406235410508,0.003562541154349308,-0.2785583979004184,0.006156884692505246,0.10955563487765879,0.005234883138891991,-0.0893616834604221,0.006198809839266494,-0.013147928121543771,0.005097315887305597,0.357051600952702,0.004628736862005288,0.1786202867623976,0.004944230756558619,-0.05494320544495787,0.004451716369706392,-0.11974491192326342,0.0049699885085786695,0.08625765959959052,0.003972249754892605,0.019753941015461123,0.004891683136848373,0.04912742376750274,0.003941508187005745,0.05409789010115573,0.00488590341399185,-0.40629255104726547,0.005114348202927824,0.35417255079543464,0.004779797018242233,0.27859881945655146,0.004992571875822699,0.20456932023330332,0.004695560433092455,0.14003366458850233,0.003817223387784199,-0.016149897527876763,0.0035307758982301004,-0.04482761384815628,0.003766644974322432,-0.07284923407338849,0.003554091620708935,0.025240602045180218,0.003634177308897174,0.01763980966590778,0.004171543853433813,-0.039612953369862335,0.0036335844710008516,-0.04268849841469068,0.004174907536833584,0.109910538866891,0.004397870857247495,-0.019060848320762633,0.004129777965248758,0.0573375256514257,0.00438420215986269,-0.05107300781529443,0.004152737285828713
10,True,-492565.27278621914,43733,50981,2,6,,0.002527021960035702,0.003547305043402484,-0.029484945722864506,0.004088447641285027,0.0964605390301248,0.0036272629370863625,0.010908524360832691,0.004140307248807562,0.01217155162596462,0.003591180146710581,-0.27697091625609754,0.006199430089320882,0.11068571238875285,0.0053178463864393954,-0.09516276692235251,0.0062498137456328436,-0.016774170660220432,0.005177382570134321,0.35389279841883914,0.004615124868909549,0.17680382232880984,0.004932372103411962,-0.062230997791319194,0.004449049578398412,-0.11030250044337238,0.004954637754635994,0.10018914063691191,0.003965637923641993,0.02357487119832618,0.00490343967382751,0.045460044353692115,0.003928197850248004,0.05894885093777204,0.00489739497503504,-0.40145278733499357,0.005066614797402026,0.35395391644100843,0.004742517622315806,0.28373260234111103,0.004958972427414778,0.19963108186510153,0.004656601315532571,0.13667864372527444,0.0037271085870624067,-0.012511841037673534,0.00346238539017292,-0.045174307615510105,0.0036798900115573973,-0.0752444590400524,0.003487382794774726,0.02049832217583787,0.0036400074916321176,0.007837988842753732,0.0041436726112830885,-0.03982026714528694,0.003641416550058743,-0.04321253981238605,0.004145809679243402,0.10324034559560004,0.0044265453226202305,-0.022302024937060367,0.00410500083786858,0.05072758408241541,0.0044129707290337435,-0.0605506415430448,0.004131710478400809
11,True,-499860.76783611975,43993,51880,5,4,,-0.001954286043429457,0.003545937975101356,-0.024042009835397143,0.004079851009409086,0.09589364991632908,0.003613365086898192,0.004136493067285906,0.004123324424604982,0.02107943582525165,0.003575056477976127,-0.2820504064165002,0.006191653570444971,0.10590284817300549,0.005339619143058713,-0.09955526978670161,0.006235646195372716,-0.011214114880883572,0.005206587430088073,0.3533420884988716,0.00458973670187426,0.17363322188046515,0.0049007644732806084,-0.057903045300341634,0.0044231532294185276,-0.11227491723082786,0.004930661832341074,0.09234477680283587,0.004008427990561383,0.020016418138879142,0.0049894052865424076,0.039110789209471176,0.003973264607893526,0.061403095752956466,0.004981295931439788,-0.402775560417446,0.0050417331230068405,0.35756080529639933,0.004773315625172892,0.2840951612993355,0.004960604174563759,0.19762752597634242,0.004676880673507532,0.1449597592726801,0.0038014222422125413,-0.013244280275435364,0.003503043996312551,-0.04195036874640357,0.0037452246436087485,-0.07695077767636986,0.003529486008470594,0.03659800905163106,0.004118638336372718,0.012044444908335533,0.0042393593391935065,-0.03583243486344875,0.004119339534906053,-0.04165759702064422,0.004241304703836699,0.10623811919796139,0.004390480093764715,-0.0213448226751096,0.004117890406399582,0.05088352077724775,0.004377134866175493,-0.05561483285175916,0.004142070956979019
12,True,-494236.46509731817,43635,51355,5,2,,-0.0033936622643292377,0.003562295656398794,-0.028293804197168353,0.004132610744514429,0.09408297143709234,0.003596036984389057,0.007536891891789877,0.00418351198382564,0.013237849662186149,0.0035603911926661925,-0.2666319941623354,0.006197836744049836,0.11422517570073593,0.005234574968035204,-0.09367446752649451,0.0062463996184020844,-0.009513764328041373,0.005089783280458545,0.3551912014669565,0.004518597602802477,0.16127241512291385,0.005012733592546862,-0.05531595866794473,0.004346925573626931,-0.11272602103631293,0.005042573716691672,0.09939805725863737,0.0038642672202719767,0.016945378794823912,0.005167078760270432,0.05847043240717066,0.003829168334626799,0.05107433170425141,0.005160408253450511,-0.4065879671546519,0.005087594443482363,0.36221932246075955,0.004774755215643821,0.28549737268182607,0.004975099348937179,0.19448490497974447,0.004668805286698666,0.14112974786865595,0.00371671947207816,-0.015502784391921516,0.0035312924115386696,-0.04916776549273316,0.003668427096285182,-0.07489202715145601,0.00355636025440031,0.030999901678824368,0.003948602655862642,0.011779235649377138,0.004331319917559258,-0.03574929349920933,0.003948746784917823,-0.036053005829098025,0.004333017869508733,0.10719225084175525,0.004468367122222025,-0.019897511678376677,0.004064112728689246,0.050049562270171224,0.004457150238804803,-0.055309219308310745,0.004087938242048368
13,True,-499172.79518474883,44021,51694,3,5,,-0.004835809096889726,0.0035258467514154316,-0.027491042046900133,0.004047901890432151,0.09780972030019106,0.0036051414931837517,0.01137435893533211,0.004096065662869404,0.010518212919501937,0.0035655765980940205,-0.27350724309756,0.006082016456341887,0.10530639770680911,0.00527740897422897,-0.09095241378146503,0.006129436469885458,0.00047180624037973957,0.0051481664448619555,0.34960023937156115,0.004591492969826259,0.17289237642366367,0.004904064779274634,-0.05531748400104836,0.004431562755084106,-0.1265375540200154,0.0049390832066082534,0.09735260841426747,0.0039065597709061015,0.016801275607757293,0.005016627970690832,0.0537642214847668,0.0038707165165746816,0.05352273879688411,0.0050083864713062,-0.3933474727277839,0.0050797924692067755,0.3531318067333471,0.004684978894819683,0.28586067928315434,0.005000417728050931,0.19973625610210002,0.004594404597792977,0.14428131220914558,0.003763617858863089,-0.012361028693744001,0.0034709875158652546,-0.045737323109277354,0.003710719116164245,-0.07418220320438164,0.0034958143448734647,0.03409520616066547,0.0043098503766357005,0.011189067931718774,0.0038762315958779767,-0.033560191206489426,0.004309977513514171,-0.04330933897626385,0.0038785765812997222,0.09844740517234155,0.0044184560306674845,-0.030179902561172152,0.00404322973539648,0.054368459414643834,0.004408794023786181,-0.05762929535493741,0.004067858056549853
14,True,-497406.94841186726,44229,51497,3,6,,0.0046017145271703,0.003565590423526145,-0.031158920041095904,0.004126634563300262,0.09790123793122772,0.003609414380607976,0.01418864288457362,0.004181076465848507,0.011402596066867936,0.0035716132366353337,-0.2762879605008448,0.0061869809665625105,0.11499227881366547,0.005263258112484396,-0.10324551368578232,0.006227072044367024,-0.012329355706834402,0.0051170746158704155,0.35358479228495654,0.004593911566268315,0.17293833358698202,0.004935639797663168,-0.06708006297627928,0.004433489297794796,-0.11002408287894559,0.004956991895288406,0.09228501818594775,0.003967730203296473,0.023170385353776978,0.004906923201493399,0.04389757298957423,0.003933871301079403,0.055785379601679105,0.00490156191856426,-0.40920392504103775,0.005112902766691356,0.35843915479017746,0.004799755931469844,0.28918339482431304,0.0050006387727942496,0.20500858150788412,0.00472279640606776,0.13913619099451818,0.003771212422845245,-0.01512731219404599,0.0035474051609516192,-0.0470197392613605,0.003723606093660352,-0.07761320664156653,0.0035743297283242106,0.032021378993600996,0.0045433080776621235,0.015757785647135238,0.004114536075534789,-0.03839810422734301,0.004544290219866734,-0.0451648565846161,0.004116735409753413,0.10395555027446919,0.004352976933232318,-0.016724729808032482,0.004118032278236931,0.053449957845935786,0.0043405465126214755,-0.056131215334966914,0.00414336915042248
15,True,-492336.7347543007,43571,51250,3,4,,0.002581619455012109,0.003590284183756332,-0.02647531825335405,0.00414438378772678,0.09581037360494839,0.0036360090803799192,0.013389054776681997,0.004191105608203909,0.004685865727648123,0.0035988712604226466,-0.2672386532558206,0.0063768168225258335,0.11505357531984163,0.005263999784556561,-0.09352378631836497,0.006431187664053091,-0.010101814756204997,0.005116156152226809,0.3542965313097418,0.0046809645196380706,0.1709592082532142,0.005012579312627513,-0.05748428093504916,0.0045118603484179814,-0.12755350322099424,0.00504494127204613,0.09789718826166059,0.0039919004088931065,0.02027296867694343,0.005035813196336244,0.046266627125156584,0.003954815554978325,0.057693450023583316,0.00502871750866708,-0.40382180098213005,0.005131416421233934,0.3543758109428186,0.004803659621125703,0.2942264096414272,0.005034994047301358,0.20892071359144992,0.004737529791638694,0.14784083932855427,0.003878844962461886,-0.012404752790257226,0.003599121204533864,-0.042394253153985234,0.003821653042450755,-0.08283547160972538,0.003629875803804357,0.022716486966653685,0.00351050228206236,0.01761633568974889,0.004058340035954234,-0.038222699193808406,0.003511258585306861,-0.04035843163597538,0.0040607824294335605,0.09825071529353366,0.004460913621117534,-0.028813204241460215,0.0040874751074559046,0.052157943369931216,0.004447343690383202,-0.06181280881137277,0.0041165188770376435
16,True,-492747.3754737086,43876,51015,1,5,,-0.0013253635344208556,0.0035523687970349517,-0.03828745625912293,0.004152765115224198,0.10036578959057665,0.003544080296855713,0.008181021305380886,0.0042207313439568085,0.01076916225963441,0.0035022891883582474,-0.2691874908655205,0.006261903632863875,0.11773569445810159,0.005191832534113769,-0.0950308828994162,0.006312636869778698,-0.008930954417919036,0.005041179439762421,0.34364588722374595,0.0046137622464961425,0.17211577647640494,0.0048960780549143984,-0.05503666558717614,0.004460152872955022,-0.11777964329351556,0.0049224283201282654,0.09752375320571541,0.003960279531210793,0.02143537079616055,0.005026083889089413,0.04841366922745501,0.003923649747148326,0.06133357250711468,0.005018256993535025,-0.39735530112094924,0.005145262209753499,0.36307587404879094,0.004750093057458002,0.2838923048321759,0.005053032987139963,0.20587574910594952,0.00466718670141577,0.1375443195066933,0.0038087398717958115,-0.013812593113668602,0.003523150754113338,-0.04711755180717833,0.0037629849732859983,-0.07290921368613969,0.0035479899530552143,0.03248637285399811,0.0044707858386717194,0.011575003338216048,0.0037189279350471308,-0.03483851797462766,0.004472087568833592,-0.048495255201703155,0.0037220207930148646,0.10979295275483332,0.004463884826432904,-0.021637751187650222,0.004115074321540231,0.05623210575755912,0.004449400089968777,-0.05062672840037774,0.004137407677408098
17,True,-495885.3123244846,43983,51182,4,5,,-0.001389287010732789,0.0035453568287110177,-0.03603903878382143,0.004162368034102575,0.10235986090671596,0.00353872197464918,0.008663775795031057,0.004226312012563584,0.019535903161053858,0.003498434086770219,-0.27526028708464756,0.006177675964456067,0.10357298302043925,0.0052813826900465904,-0.09368789917049067,0.006225989014864816,-0.007990190299548084,0.005153848356543685,0.3510620265305084,0.004625914063364786,0.18135796273476076,0.004918175052341676,-0.04813415762807297,0.004457023941490637,-0.12196975309413038,0.004943893787439771,0.09833701489200819,0.00392898144184407,0.014257811395339685,0.00508146593253219,0.046528389505938385,0.0038909582520617347,0.05149824306892848,0.0050735702243130025,-0.400280711271113,0.005021457691886605,0.35211444349805443,0.004725340866850328,0.27784619001064564,0.004898994740811469,0.19886657491339574,0.004644312957332962,0.13943141544276177,0.0038517858555855416,-0.014631488714922602,0.0034912198822122406,-0.03877355182564987,0.0037974855111580935,-0.07775674420658706,0.0035179238977277255,0.022961112441533694,0.003640829789984784,0.01553139670450925,0.004201879361692495,-0.03950843593666198,0.003639830994382191,-0.040267322336695374,0.004205343606888471,0.09992015811816451,0.004432416278670149,-0.020739931608093492,0.0040857715573288465,0.05036217263592034,0.0044192435494922674,-0.05545042402105217,0.00411025238247882
18,True,-491813.2988061544,43549,51200,4,4,,0.004808224465534956,0.0035466231671117203,-0.03852722021395102,0.004133785630829724,0.09361976338371641,0.0035406100614420464,0.004519675454139093,0.004202936518809512,0.011982130222124415,0.0035037706742514813,-0.2751662941348508,0.0061507782483047994,0.11123086740847099,0.005233602551215597,-0.09606145951353579,0.006193078640032114,-0.025574809757751126,0.0050914372324384494,0.35079134990653427,0.004627426039927074,0.18028190034685793,0.004921927164128185,-0.04967454383509254,0.004460827824460661,-0.11051579999938206,0.004943476815213782,0.09431007549045367,0.003979209436328086,0.015954694823839967,0.005091212919392105,0.05388525251638032,0.003945644850325209,0.05493196068049239,0.0050837216992133125,-0.4085507336677417,0.005071818450848645,0.35336052776521293,0.0047775774081163635,0.27823249857529997,0.004952228460731906,0.1945800748554481,0.004698388009582694,0.1412876362087857,0.0037543987367254865,-0.00858839390008971,0.003496108467129388,-0.03951144875717323,0.0037021632898065005,-0.0724335030801577,0.003521057569360589,0.026416693363285074,0.003460159701881431,0.01882658442345412,0.004100739601466138,-0.04006800898858986,0.0034598411323202944,-0.03614316264853937,0.004103218188723664,0.10624327083536589,0.0044410267646304135,-0.011827479537866217,0.004179960240259108,0.05509835152121433,0.004425839557712707,-0.05081549431899126,0.0042022518547406304
19,True,-493525.323348882,43759,51227,1,5,,-0.0004186075393073819,0.0035499598516101007,-0.03107638071424405,0.004110399937143125,0.09588017975723793,0.003627492167806083,0.007158682667595196,0.004165423122728434,0.015322563626081158,0.0035950774616346154,-0.27070833678615075,0.006351196826489985,0.1175887516249004,0.005243309614545481,-0.08963330964897116,0.006402521504952892,-0.0001563880172550786,0.005096240909547928,0.35265116787439155,0.0046322309833980715,0.1735125184352751,0.004941444221914224,-0.058921677981711336,0.004471494934908415,-0.1203996833099465,0.004967569392316631,0.09674596142326455,0.0038580053139849204,0.016080304056232488,0.005052749326740241,0.04579775490586682,0.003822577045968454,0.04941681264847638,0.005046628802876677,-0.39719627659161716,0.005078049428361061,0.35783265319479307,0.00475857528615631,0.29105158974609313,0.004987894531129775,0.20183760469905915,0.004673195749275497,0.1415252607286284,0.003808973698596585,-0.0160549199968553,0.0035443422771956976,-0.04871543842150281,0.0037599744369915477,-0.07998574235903885,0.0035714793552035157,0.03400833656580445,0.004079380998427448,0.01229433631569777,0.004092849328482478,-0.03483842592595074,0.004079581071836205,-0.04049322749617868,0.00409468247025511,0.1020204807680923,0.004541661721165483,-0.02348304792165401,0.00406744697196505,0.04891525955068187,0.0045297325396038346,-0.06014196789794796,0.004094434560452618
20,True,-488093.94532241195,43244,50818,6,1,,0.002807883634906397,0.003561583045035164,-0.03483590283921318,0.004134299013962401,0.09695655670939159,0.0035717845079559015,0.007956597899310823,0.004196590038551733,0.010369473592409736,0.003533199089348486,-0.26798604952176464,0.006137308909394071,0.10166790041900146,0.005302435086360786,-0.09735964248195968,0.006179767371814978,-0.012825572571729772,0.005174811585308595,0.35076044030924675,0.004596580648199357,0.1734550693277115,0.00494259426379952,-0.054639197660293445,0.0044360996069817814,-0.11685253771674131,0.004970685684348341,0.1012530334264229,0.004001888811845429,0.023789102431907138,0.004970378033859925,0.049046314953225076,0.003963896463861332,0.053614395992999955,0.004964789054605808,-0.39908029160787833,0.005071010733865843,0.35256898651571034,0.004751863752771308,0.2864285077951302,0.004970216854636743,0.1962650300599413,0.004664496064229836,0.13316277593458087,0.0037309946396010068,-0.015104718720759578,0.0035165610207576535,-0.049035387370279855,0.0036883156949931413,-0.07598931632578221,0.003542335182605995,0.02221637718259523,0.0032663233286979298,0.023019997546207083,0.004458328207941794,-0.043440558077027576,0.003266956612589667,-0.0337079987882224,0.004460877942587943,0.1032986540087141,0.004407506977543323,-0.02100736283341529,0.004140597048833361,0.056901393318356384,0.004393942949423383,-0.051195116220971656,0.00416297616013669
21,True,-495214.3519403888,43867,51310,3,3,,0.0006021503331664139,0.0035209189042627502,-0.03083480026495745,0.004069374296884828,0.09136859713111889,0.0035939812555665558,0.00419131669698732,0.004123930398356091,0.010272065082093164,0.0035607276342956686,-0.2654719879967064,0.006323868423612469,0.11970244399539214,0.00515197007733533,-0.08355613730697431,0.006374589506322443,0.000607615624524163,0.005001707501024117,0.350259780169797,0.004575492810372008,0.16550641481635017,0.004920482358959018,-0.0517752489531716,0.004417178377658742,-0.11967398613141124,0.00494976559952865,0.0908095198360865,0.003895140733731996,0.024113182146833438,0.004981329816583972,0.0547851354406074,0.0038623225045994474,0.053298636515711886,0.004976607562990461,-0.39940090533407274,0.005033255757990845,0.35808363376191804,0.004766944282546543,0.28922256116498435,0.004941654421508912,0.1989318059981944,0.004671131591686573,0.1359709104986798,0.003733660057450567,-0.012468772705368416,0.003461190931405407,-0.04187617936315125,0.003687214223700244,-0.0740130136140607,0.0034853239042701304,0.03051411056604321,0.003661711743550134,0.014364630475919538,0.0039931782591738916,-0.036420936654742365,0.0036613598020281963,-0.03952216972778756,0.003995674548865297,0.09750445575265133,0.004422309094008342,-0.017405655816198094,0.004046992777867223,0.04866449111800257,0.0044104073568903964,-0.05294960378477996,0.004070275444702667
22,True,-495394.77342790086,43954,51384,5,8,,0.0030995315373743802,0.0035674725202931743,-0.031187520039658773,0.004115674444979063,0.09518506726737724,0.00359939140312659,0.004949520573547561,0.004171809125564407,0.011122059954615468,0.003561832205892488,-0.2754196415249357,0.00611062517805276,0.10965138151849846,0.00533189128338022,-0.09667077011351859,0.006158596371207884,-0.013303236154533847,0.005190045122728581,0.35071895413088217,0.004613386764587287,0.17415253034718015,0.004945316697260338,-0.05594481764468481,0.004445874123533875,-0.11331974164308642,0.004976468925707481,0.10388217743431302,0.003999597517742072,0.027191815693666088,0.005030865795600758,0.04746220961275591,0.00395891847601614,0.055087132784373403,0.0050253010730776345,-0.4070104927658046,0.005113832118522009,0.36271877959738025,0.004780263899429115,0.2842796721964413,0.005014161537900813,0.1965308373546075,0.004668197759299946,0.14695692787861064,0.003888288355140163,-0.011361097908177789,0.003537070868307311,-0.045583278214615684,0.003833060676849319,-0.08043868087708547,0.003565703704084923,0.017932869581532885,0.0031707664192014667,0.02028231907536361,0.004547948661578119,-0.04099631836090522,0.003171462278256611,-0.03208346231384207,0.004550988225986115,0.1067510044705726,0.004419949717755342,-0.02541275790878167,0.004148980249080534,0.05390628832079659,0.00440760816301309,-0.05428285773190135,0.004172977941212803
23,True,-493820.73453286185,43721,51320,2,3,,0.00598143556330975,0.003571019279151353,-0.026874395171972026,0.004118365967627391,0.09369335592286554,0.0036290378412843585,0.0006660380880847219,0.004167159088178225,0.014259546868712046,0.003593434829648037,-0.26505294186858525,0.006262282263759082,0.11368796550401015,0.005209311784853904,-0.09549642370177161,0.006312624060905883,-0.012235648560347175,0.005063795429637716,0.35626427565164376,0.004633928852095871,0.18068727718971736,0.0049789549865495875,-0.05250522076089529,0.004463097747461739,-0.11821550919700201,0.005001212874368428,0.09345379477939414,0.004020519445053759,0.02880415298611122,0.00485131931439458,0.043509282135003303,0.003985024861715734,0.06175086408175082,0.004845504412460334,-0.40138036564582025,0.005152535806516138,0.35798321633580826,0.004764349708888508,0.29199621423290645,0.005052798456230216,0.20428077726671223,0.004684690296570407,0.14320683406192658,0.0037457804605774826,-0.013690241987940732,0.003570743704677074,-0.04741803414417292,0.003693442450379269,-0.07729116793474819,0.003595683880237389,0.020121127385023068,0.0034885732379504363,0.023871167154929734,0.004297274953992996,-0.04142282753178038,0.003489457786165297,-0.04424838797848891,0.004300957478370124,0.10702616509972902,0.004389178406873675,-0.019314085271356623,0.00413940974415976,0.055796601010840184,0.004374631541241251,-0.0576171514043419,0.004165712068368108
24,True,-495863.5351343503,44069,51275,3,3,,0.004954155104436945,0.0035470365458540685,-0.02671192858538189,0.0040751038299978734,0.09370269960233293,0.003640772864702536,0.007860595440983073,0.004122649354753175,0.007668849679982916,0.003604574142961746,-0.26337174760515514,0.006320254024481216,0.1221827640309404,0.005154041521676041,-0.08932260714193443,0.006364160215149574,-0.004994026571559305,0.0049999637595811094,0.35308452058712475,0.004604650545512068,0.17172972510009848,0.004952361685673772,-0.05355320895418299,0.004445084201688465,-0.12235880198652695,0.004977683455754908,0.09543372323690433,0.003880808973639074,0.020577451707183694,0.004962954027871607,0.052054967596971785,0.003847978769019637,0.05123299081762622,0.004958121455255248,-0.406875704895928,0.005103793073046308,0.3558700695768035,0.004761266267612823,0.28439057748521157,0.004975847816690958,0.19888627432451253,0.0046829992310432195,0.14103569617862538,0.003797362597388562,-0.008068087054086202,0.0034785864138289703,-0.04520811083042677,0.003747976212438191,-0.07843085526962372,0.0035067714777215274,0.028376810214549773,0.0038859699484056153,0.017021371053625462,0.004048161914953384,-0.038978929159555996,0.0038863249628377935,-0.0443477672837041,0.0040507616014776185,0.09780347860290438,0.004473652962633998,-0.019686283767531784,0.004007747155355164,0.05003536220691468,0.004462249624510263,-0.0571030904052226,0.004032183463244259
25,True,-493590.014061969,43792,51114,4,2,,-0.0036663438116984366,0.0035634520346317857,-0.024396964262211662,0.0041092445327593095,0.09809138158415222,0.003662752728174247,0.007347893238416409,0.004152603230395571,0.009913849743062444,0.003626718673266686,-0.2648987948201419,0.006375879757508297,0.11938424248551724,0.005198544066234644,-0.08935145578237655,0.006425820711908253,-0.001992644033137503,0.005045885688609889,0.35718896828345054,0.004629600130535594,0.16497856982915915,0.005025255184215535,-0.052748107875996236,0.004458966326398544,-0.11782101418244538,0.005056526842869834,0.0937746210628113,0.003956055798323749,0.02160764107999624,0.0050154026071303325,0.05476275923108831,0.003922610377307791,0.057216944737654485,0.0050093493345542885,-0.3959253355306486,0.0051870205400819545,0.36711132025791665,0.004784944251951408,0.2979563243730951,0.005119737772781978,0.20800962095759054,0.0046911669188472605,0.138012950433825,0.003762363694674722,-0.018846862536854764,0.0035413643978271284,-0.04982121536207019,0.003717943608589875,-0.08335448863166348,0.0035726919805383643,0.027637880146543337,0.0041957264464650545,0.012403686096489782,0.004286971558667294,-0.03580964373707175,0.0041951372318569345,-0.037448280128020504,0.004289613317506232,0.10869628379977624,0.004613091568630638,-0.016560292374534498,0.0041525330330908885,0.053763874664887724,0.004598512935710186,-0.05504370068272692,0.004177780396249879
26,True,-492348.252966798,43920,50758,2,3,,0.008899342084699939,0.0035564258692404966,-0.030672252673704065,0.004122022332936718,0.09569660989594009,0.003596237471615782,0.0026063814558409406,0.004177290199573371,0.012418301585022742,0.0035610277233141916,-0.27595861315909287,0.006196133623398142,0.11267849438389209,0.005217010995231081,-0.09330724103091002,0.006242377922361831,-0.011400832097387213,0.005075234951246907,0.3479257579839739,0.004621954905074843,0.17685787209605672,0.00489481011656313,-0.055694953700437616,0.004458142196006904,-0.11324843562728061,0.00491365509624033,0.09796510030146363,0.003933992747174431,0.017259347720385343,0.0049616490964838125,0.047179149118386304,0.0038978279859372147,0.05501868308354722,0.004955250124544718,-0.40214741958496436,0.005053039850115826,0.3552318107321385,0.004761781990103909,0.2803454436525525,0.004939993049937112,0.20126248776679825,0.004671642557926855,0.1444494622781833,0.00386158515355967,-0.017275954806689198,0.0035179010752398898,-0.039832108645585874,0.003804156476530064,-0.07228509495704152,0.0035415788748735764,0.027665598622782298,0.003402658804058434,0.01566526183150052,0.004166196877524392,-0.037015430047856374,0.003403137078831303,-0.03611865852662848,0.0041680746786362625,0.10605254477947004,0.004393955067312356,-0.017711099326557532,0.004138367461385421,0.05260015818042766,0.0043786253222823195,-0.05084146747239231,0.0041613017535496654
27,True,-494481.39184346714,44006,51181,7,3,,-0.00033266731303287754,0.0035525126624904456,-0.03078633711806781,0.0041405341590290785,0.09467335738785182,0.003585821237036994,0.004044956828313228,0.004195722488182892,0.018811928600799666,0.003552451352360522,-0.2656562187038983,0.006283836189863453,0.11698653683742058,0.005224311081325075,-0.0925173521460327,0.0063296105454381125,-0.007382016782658706,0.005075114025616722,0.3515743320264814,0.004566648714331468,0.1707881785337656,0.004962346119412421,-0.0589716209220133,0.00440499735672922,-0.11825785452562543,0.004991072803370544,0.09338567032227851,0.003998728189155715,0.028472774593253543,0.004900473976838709,0.04971976000227187,0.003964855891299867,0.05942782621125226,0.0048966563044481335,-0.3999532168014566,0.005136127476632483,0.3678879950740919,0.004766149489144536,0.2849485435112096,0.005032605350369694,0.19859151390339577,0.004667250193673023,0.1441881590135741,0.003928222174771046,-0.018332352892175795,0.0035345727008539766,-0.03649215062906001,0.0038700147410288795,-0.0786319953428302,0.0035622176336405683,0.02178586426659542,0.003796152669315485,0.013945110625678192,0.004212311947979083,-0.03925514072476193,0.003795877626947939,-0.040743629279612205,0.004215574625557246,0.10777876911618413,0.004475901575669566,-0.022394807478592953,0.004134733746314819,0.054684757048608264,0.004462299471671394,-0.06335192315107786,0.004163446779087924
28,True,-496075.69689324126,43911,51366,5,4,,0.006570218045680664,0.0035571200437059846,-0.028984935331699723,0.0041016956738036976,0.09552423254610991,0.0035685979473344433,-0.00029067393393182096,0.004154721656354446,0.01137678467456532,0.0035310667854544934,-0.27026813081915196,0.0061183023630771586,0.10989022436706107,0.005274532129922126,-0.09985214265694498,0.006163089391810044,-0.009393301242132498,0.005134149563430694,0.34943955244618163,0.004576714286963157,0.17292424112968866,0.004882256546868946,-0.05825609922600519,0.004417065194446812,-0.11452602118303101,0.0049105479192739915,0.0889609315987365,0.003939453034106587,0.013228130821550721,0.004942424469536855,0.048174010983706,0.003906403720431489,0.060313240638369056,0.004932696829387826,-0.3998933569041437,0.005050445385791183,0.36386219536257475,0.004757682828266652,0.28313431487672486,0.0049547434535325615,0.19242628745439883,0.004658791981856658,0.1451628634236418,0.0037669194888407015,-0.01425245913633539,0.0034901461203798094,-0.04187811357826264,0.003708849859141228,-0.07583099640471715,0.0035161113961261876,0.025708139993101498,0.0035410384727576905,0.017293876638968145,0.004371703500981626,-0.04013822396037321,0.0035409223570269243,-0.035080282853148674,0.004374059278745532,0.10187513786154086,0.004427342923235792,-0.019841112863542322,0.0041934653987167865,0.0635305449418255,0.004413282181285195,-0.05250244619201237,0.004217104861534401
29,True,-494610.0609703242,43923,51141,5,5,,-0.0028959072343146216,0.0035476658864743438,-0.03177834562364811,0.004092167730346853,0.09804090476951564,0.0035946332540323623,0.007851974430655648,0.0041486840715530835,0.013605605637020984,0.0035561061204297485,-0.26172449164888806,0.006265470417751729,0.11446275060104086,0.005223047022442377,-0.08909540688107428,0.006312008219817758,-0.001458745609457525,0.005080036678238731,0.34781608391135704,0.004575704482185751,0.1687613205984636,0.004948950676078918,-0.05751670891904301,0.00441616478316912,-0.11514191521075524,0.004975664029268118,0.09608810463465135,0.0039004748971970976,0.017639842596339904,0.0051095075323481075,0.05221543641471295,0.0038660905285155286,0.050683438608020666,0.005102865684456298,-0.4016745374644173,0.005060298015243765,0.35903427172344415,0.004729724020439642,0.2781179945865946,0.004936997878358292,0.20014144067251965,0.004640365694139404,0.14151837923483115,0.0037818225400354463,-0.014047214137095178,0.003507493504394172,-0.042252411591552484,0.003729596842466612,-0.07659835188180313,0.0035341570504369775,0.022550614427440743,0.0031687917208536314,0.023204599604140137,0.00433640785238888,-0.04312316610604379,0.003169528579922767,-0.03802685050229989,0.004339156941974376,0.09542364290076501,0.004535681407143335,-0.030694271140054876,0.004014534461345837,0.049396508636067434,0.004526381969376048,-0.05622745450091643,0.0040382623250252644
30,True,-493750.8471492694,43603,51410,2,3,,-0.0026856535930447536,0.0035741852015409763,-0.026607398600579382,0.004119509486068865,0.09792117118149687,0.0036215685499851004,0.013243802590976494,0.00416643564663559,0.007767158230669454,0.0035804156010826502,-0.27874912687301384,0.0063149091706769704,0.12040306118209278,0.005298378526529557,-0.08852537112340857,0.00636585590562886,-0.007006565291513213,0.005144062610260045,0.3495686827293166,0.0046708467766146304,0.17686925094155095,0.00490857968619941,-0.05658923462370643,0.004510630218909739,-0.12200283029576692,0.0049368573980001365,0.09607239409921033,0.003909793178741351,0.02151257219551011,0.004968743865936043,0.04319246665054612,0.0038745949614300596,0.05292652417493791,0.0049637737093834065,-0.4018985490632855,0.0051064282202666535,0.35031323337853004,0.004786400667745218,0.29139225319920337,0.005012330091430827,0.20940120771993573,0.004716609983605417,0.14101419458028244,0.003811086031752594,-0.010225594670534768,0.0035168035285074715,-0.04352492542895241,0.003760765766306066,-0.07954722568030871,0.003546087086639805,0.023042358207245955,0.0037660431632949003,0.012881306088974975,0.004437835560580977,-0.04332506727555347,0.0037665448473097308,-0.04547900658203121,0.00444101700384636,0.10682788802507008,0.004500317898343717,-0.019047249200044233,0.004157320872447185,0.05245496754739777,0.004486485118637348,-0.056464663085881175,0.0041837505981048425
31,True,-500467.21729968186,44156,51875,6,3,,-0.007654065073392862,0.003506264753389828,-0.02997244433957634,0.004048609859260488,0.09075325543566252,0.003591512426059697,0.012098512727859155,0.004100896290154572,0.015053383258443149,0.0035586811522249273,-0.27684086795091756,0.006128065130462837,0.11241341572265436,0.005245667662068598,-0.08011095538148576,0.0061742228170595685,-0.004894112038760647,0.005108586748690921,0.3512794392764384,0.004567832195408819,0.16753481220235594,0.004907933903546649,-0.05015200788734355,0.004407413297817257,-0.12689560628608662,0.004941677795561304,0.09671840639251733,0.0038124585702869343,0.010406867240434457,0.0049734012411244395,0.05190244445787332,0.0037787165500408173,0.05328084040149768,0.00496572651240975,-0.3970048103498577,0.00505715744851134,0.35907790959497743,0.004694280681587153,0.2819041988029401,0.004957822391701951,0.1995497202319312,0.004604481625118557,0.1464255048611681,0.003747666935027804,-0.014749035561915237,0.0035377974247173256,-0.04808134845726451,0.0036954209110214888,-0.08021717118225093,0.003565053370414308,0.022842393558892726,0.0034597237459392024,0.014252234150808155,0.004063560117265515,-0.04190016976800368,0.003460744224939069,-0.04240693412843578,0.004066274098291107,0.09528260063765066,0.004363566673721839,-0.024464890335177375,0.004033423344671786,0.05196684157644826,0.004351587554618429,-0.05253562070945991,0.004055764608672605
32,True,-494728.2039612554,43871,51322,3,2,,0.0016359366715391625,0.0035745936760895277,-0.027812340577617427,0.00415900397823508,0.09664419661816236,0.003600670847834199,0.0015815630635682171,0.004209506489521416,0.019179262072761435,0.003565624881666652,-0.2730116963956387,0.006182772221850607,0.11460727673898469,0.005196637501880122,-0.09222975642382879,0.006227423538106259,-0.0059403679850601274,0.0050513980395515915,0.3586771125242102,0.0045875714590866935,0.1676471502849396,0.004973511610350276,-0.05514676048671048,0.00441178820233876,-0.11797277045222394,0.0050011848022490915,0.09677226827072545,0.003908666256468729,0.023007181203449186,0.004932835316312345,0.045718307746858707,0.003872652887984552,0.051277475833210365,0.004927942472722662,-0.40133727186606066,0.005107170676393071,0.36483376864659783,0.004787758048977969,0.2897977359047539,0.005011524910206505,0.19736759439400126,0.004688729813804021,0.14359015709263045,0.0037896835764797032,-0.017686907845457768,0.0035223285442687368,-0.04741058474946316,0.0037382604226342685,-0.07546334156648393,0.0035480732262632595,0.027395369139158774,0.003712925454110428,0.005514440564798253,0.004524065440185865,-0.04040706152535822,0.003712999945034775,-0.040288603935957734,0.004525271390608643,0.09787132680245643,0.004392044955732687,-0.023332815160852814,0.004074613512185776,0.053748662522667676,0.004378163700348534,-0.056292324056906255,0.004099116397680944
33,True,-496847.8940348183,44260,51133,3,4,,0.004605281753163539,0.0035508378678052914,-0.032155114421020016,0.0041130953738720225,0.1011822355560618,0.0035846744013420277,0.009875739254799884,0.004170100126415343,0.007991344445933555,0.003543793263605488,-0.27118190938397846,0.006225464503862114,0.10875415130217153,0.005266913815822901,-0.08887931805325151,0.006278915868895288,-0.004531632461610021,0.00513013113216575,0.34616457042914556,0.004659477637861187,0.1773875021053954,0.004913157427730636,-0.046915263913943454,0.004501222707478726,-0.12443805297346722,0.0049449282639275165,0.09848593564445188,0.003933370199127239,0.015396165510823168,0.0051096235791216246,0.05036969636113903,0.00389622652989214,0.057882028189629835,0.005100737962341627,-0.3989244416559542,0.005084304631767736,0.3495573117306484,0.004753727666282255,0.2907485012756723,0.004997143479568879,0.20905538125984885,0.004690116442531745,0.14170147313209203,0.003806861866663726,-0.015194594002913607,0.003536859377890892,-0.04469219521037112,0.003754750507175072,-0.08157284644441425,0.003566741869196425,0.022980493204947133,0.0034710447157879497,0.011735880651648272,0.003949060701309189,-0.04322135152565061,0.0034716770969453266,-0.04203317294741354,0.003952322142635691,0.10614864686320977,0.004514245364422024,-0.023791479331766695,0.004125697005926172,0.05038384135305952,0.004501100125356661,-0.058004500286256803,0.004152250349492184
34,True,-494499.5317148329,43554,51561,6,2,,-0.0011066132138514973,0.0035516182760551686,-0.031260826006647716,0.004109338375957811,0.09523384731333126,0.003588290924813176,0.0038690633617586845,0.004165653921177973,0.015109884765159065,0.003550088646504316,-0.2752523733495512,0.006181557200762879,0.11158821446937331,0.005269171581830304,-0.08631035890609699,0.006226943192080186,-0.016009672062559006,0.005129083774065921,0.35323750257235303,0.004593356838500717,0.1677004534927954,0.004939383392438764,-0.05177226903042116,0.004423949248673426,-0.11457147153083418,0.004964349373143492,0.0932651636970338,0.003929835161054066,0.01620038982707005,0.004996949761953036,0.05246702696575603,0.0038958542426397107,0.054943875709027624,0.004989986457244455,-0.3991240415618193,0.0050677635027768,0.35834850882128094,0.004743829304342949,0.28972271035481645,0.004962773043634467,0.1956956186675841,0.004643519105742766,0.14308029656226917,0.0037839599609677797,-0.016922724017714462,0.0035179480413861167,-0.0514713079608393,0.003734468943618483,-0.07692137124793548,0.00354370275566814,0.02598381581090063,0.004219499903399105,0.011931611477005758,0.004200498259596196,-0.03863638256483449,0.004219814696372373,-0.04507595297642629,0.004202761154867847,0.0984461999573039,0.004363677804738373,-0.019863391808184718,0.0041639466486896705,0.059368369468804943,0.00434972750330189,-0.05707919694891377,0.004189258627361391
35,True,-492944.7035600912,43894,50976,10,5,,0.0002493354810888164,0.003550905180045968,-0.031235961739771733,0.004109103253904638,0.09732441405386513,0.003588499202612901,0.008821766893191666,0.004164613189134986,0.012078931068079406,0.003550823073762245,-0.269224208972507,0.006147287016175302,0.11235321827606362,0.00520621411965996,-0.08004503897047408,0.00619141318529752,-0.0031801745912483025,0.005066034955340081,0.35131465401534345,0.004593026939726755,0.17473438144351763,0.004924341540615135,-0.04479522547267981,0.004424448466686105,-0.11818410670560554,0.004948662261060465,0.09517545069498952,0.003906837421549074,0.0187367166174665,0.004904141043633656,0.04014753626569646,0.0038712012695868965,0.05749778985128788,0.004897555985286715,-0.39967312793110626,0.005104414332732632,0.3546866556802633,0.0047443351307524025,0.28320117214886814,0.0049843988334261815,0.20542234445444074,0.0046730932264867076,0.14240678553357816,0.0037739378178580515,-0.012141858128144004,0.0035143420720107057,-0.04395914957887692,0.003721188229234837,-0.0800160375248406,0.003543618507702395,0.022923073633880665,0.003242611136961154,0.012825659488509682,0.004356852567991674,-0.045200847008924426,0.0032431694522541735,-0.03449823151156213,0.004359084434306446,0.101983266082495,0.004433455873949258,-0.030748835814488392,0.004097777775229954,0.0605203966376022,0.004420351753781958,-0.05591098512945272,0.004122273112065632
36,True,-493247.86876074993,43914,51040,3,4,,-0.0011868049646944782,0.0035691159106058636,-0.028252592396872982,0.004113835308337929,0.09202785053641496,0.0036267250599026028,0.01852154874825131,0.0041630977661456375,0.012800661245834866,0.0035922065179447857,-0.2663761504680752,0.006378287904621474,0.12177145440763122,0.005320323934948178,-0.09361909357088617,0.006436534393463317,-0.008021624935276542,0.005163962798632671,0.3508372074595769,0.004616002780431454,0.17201355163981488,0.004977693594320192,-0.05548527898897299,0.004446885341416414,-0.11401893025245835,0.005005801496869978,0.09830973270431961,0.003928620480945637,0.017285210441801924,0.005107592821252721,0.04990448007834026,0.0038922676883776475,0.057767842759620096,0.005099701616463706,-0.39946973699173144,0.00512374414509782,0.36291139271794365,0.0047399202940769675,0.2866564455885617,0.005015040978491782,0.19409878005590267,0.004638110051685771,0.1450997238782228,0.003859043710260068,-0.011116589094653243,0.003536308336265961,-0.04305291759352632,0.0037995401779550445,-0.07979333015808823,0.0035640993285191397,0.02705832399915442,0.0036171652895426007,0.018935230238180858,0.00411504153901954,-0.041497205480219346,0.003615972592652175,-0.04198148590485563,0.0041188822005712835,0.09904408512240964,0.0045773601143104335,-0.029828027311138747,0.004053903741091576,0.04482798885278472,0.0045672027183723245,-0.06046615198277171,0.004080821109448815
37,True,-492767.67048025364,43679,51211,2,2,,-0.0015039288119305869,0.003559486710220288,-0.031207624411023045,0.004096726866374864,0.09001632030826863,0.0035881740523245466,0.009889523050683652,0.004152358912262193,0.014579100612081314,0.003553898072015894,-0.27769487337624305,0.006245907092952585,0.11266325747431254,0.005251132381889446,-0.08935877440045713,0.006291064625392614,-0.01261408569837524,0.005109097534151978,0.3523511252317579,0.0046419066329274,0.17779810285217557,0.004893831994153577,-0.054353676036400934,0.004474913018641986,-0.11169205627965452,0.00491350116824822,0.09391139105483444,0.003971974018071045,0.014605515240377632,0.004953826042975305,0.04415633854863164,0.003936902440032315,0.06329095940004163,0.004946125544957911,-0.402273926839256,0.005041148425816951,0.35067744930889544,0.00478065731506844,0.2848800960239717,0.00492583126700092,0.20766404960916762,0.004708544999082264,0.13582389697130232,0.0037459116200461154,-0.011945225214700832,0.0035101665549861208,-0.044161504639555184,0.003697879086553107,-0.07650559499790185,0.003536059125977229,0.020545321972094,0.004074400455750492,0.017805443355890727,0.004238647519355262,-0.035947581315221445,0.0040738985162200566,-0.043096058739217034,0.0042419243937782585,0.10167383836210571,0.004421565006113439,-0.02050614391643733,0.00411545098010789,0.05371663236766474,0.004406712700231962,-0.05267835577080323,0.004139029165377975
38,True,-498059.44892352517,44001,51634,4,6,,-0.00554813750229468,0.0035250405036728262,-0.03210162413262985,0.0041194103505539925,0.09690536578858747,0.0035704892771212943,0.011533752208797076,0.004175651277965148,0.008979109954168151,0.00353427285730844,-0.2733333741953648,0.006098156603474983,0.11529102728839424,0.005248542287832963,-0.0849262406171718,0.00614544916667134,-0.003110045919327476,0.005104158943128845,0.34627904135681026,0.004553706460104892,0.1690974127120401,0.004875322506128216,-0.05707120892096895,0.004397716801485284,-0.12116859974830424,0.0049085537908741825,0.10205466263951854,0.0038616060739440645,0.016548482477033968,0.005003877939368346,0.04931902088988057,0.0038253274834014524,0.04629098700571946,0.004998183974652151,-0.3943697441108724,0.005060151942854992,0.3573096773241264,0.004712489320641969,0.28773391857915914,0.004981386630077245,0.20389420114061307,0.004621426107874718,0.13964749554853156,0.0037729403223433753,-0.0165701587873422,0.0035279948194529022,-0.03887216569174644,0.003721087372922848,-0.07724267645870529,0.003554866704668206,0.02672813074251963,0.003974594705365312,0.013939019569272564,0.004006592082230198,-0.03466894677912064,0.003974798644875687,-0.041415308595826976,0.004008719681931154,0.09643183490455311,0.004407237194016313,-0.023001729777650307,0.004037707109802228,0.051485725399438596,0.004397236175372559,-0.05646269513234756,0.004061854590445246
39,True,-494547.62696010526,43651,51504,5,1,,-0.0008378692470208965,0.0035437534119033783,-0.0326122430503477,0.004083871256832113,0.08774643484246052,0.0035907044866866377,-0.0008197312739033993,0.004142390221025017,0.015959219108874056,0.003559660363491463,-0.2705453699518966,0.006156178245869322,0.11083098848870278,0.0051679564926894956,-0.07986252391406053,0.0062058128219142795,-0.0035377783764497235,0.005028844394430324,0.34536320479859683,0.004629369053891848,0.1747185586547483,0.004845947322455862,-0.053783739483346756,0.004468586001053417,-0.11739514164539042,0.004870078725875188,0.09698381308934675,0.0038905529195354806,0.022389400228204525,0.004984415538186847,0.05714434629372172,0.003855736419999244,0.04972607241865978,0.004980282337836131,-0.40154841654189705,0.005038684309132548,0.3526585989984284,0.004760183192149168,0.29251944895128756,0.0049417384410063055,0.2066258794283892,0.004676961834451027,0.13807055567997928,0.0037650234853864274,-0.015794897499642815,0.0035221048909962137,-0.04490812657261064,0.003719114270551075,-0.07584122259300007,0.003547906258606344,0.024547605063979235,0.003549104728260427,0.01851437617040486,0.004438441593911752,-0.042163970279470726,0.0035489320765692803,-0.038670518875188784,0.004441351171507497,0.10393303506597013,0.004447578764973221,-0.026774873280206838,0.004067274004877959,0.048608966756088855,0.004436332178112567,-0.0549798798480899,0.004092030503761063
40,True,-494391.77104781603,44098,50991,5,4,,0.0033726363257808234,0.0035597385465819488,-0.022880847947510434,0.0040967598579614095,0.0930467122104953,0.003623785354866147,0.009954062540246623,0.0041376380491521874,0.010064367419770216,0.003590825130273555,-0.27070663052717625,0.006222057792914855,0.11469040118001504,0.005324808621416955,-0.1086701601945847,0.006267867397178764,-0.014705585374325899,0.005176098365709562,0.34492910904975743,0.004581979606999126,0.17567484485370197,0.004874672570144765,-0.05104138347473686,0.004424468572057111,-0.1105818565204937,0.004901112850814717,0.08503776919253649,0.004074967116452818,0.027368919491964433,0.004976500215518225,0.04772230749289156,0.00404397482192798,0.05696058174417885,0.004969992658012393,-0.40668047736713453,0.005079183040623137,0.35587536492422295,0.004772482402713596,0.2796621749311384,0.004959947262818899,0.19726969187805865,0.004692940063860083,0.13913283109860713,0.0038184322309631476,-0.014563079499703242,0.0034716186069623863,-0.039361941618235204,0.0037652061284641804,-0.0768117212271586,0.003499148288238327,0.028268244718020745,0.0038312938386098803,0.009948384384549936,0.004430197470908552,-0.03879175245128556,0.0038309419569929866,-0.03785108226965535,0.004432041226768752,0.10709969959078569,0.0044314584007427524,-0.017721570237911172,0.004148604496347775,0.054053773938742805,0.004419351580740508,-0.05389291938150803,0.00417346778727805
41,True,-496637.50611076644,44069,51360,0,3,,0.002040260178825184,0.003538619428737915,-0.034378922886325984,0.004141783893331478,0.09760526307679128,0.00355740849748871,-0.0024314645465609097,0.004203604550626352,0.020278422768060272,0.003520714417854032,-0.2735788086061466,0.006107643930310701,0.10882256237535425,0.0052117460270886245,-0.10202499051031039,0.00614460836746652,-0.010557958968882952,0.005076949857773163,0.35475960396750655,0.004525888144876064,0.16766200045849705,0.0049315749109531066,-0.054700178642277865,0.004362653028916174,-0.11043998047069542,0.004955004897909855,0.09070668381485847,0.0039440692325920625,0.02489253958937568,0.004825969545113323,0.0472065140371265,0.003911742203766849,0.05181492756002666,0.004821390583734789,-0.3996879628300475,0.005037942209620089,0.3654632643088115,0.004762420285353078,0.28462362538127134,0.004937112033814073,0.1922548137737662,0.004656940396044436,0.13515440963519046,0.0037606853140657375,-0.015167532423279962,0.003473323084872825,-0.045384040362891204,0.0037171825080126526,-0.07436956388092429,0.0034983428011747335,0.028837814327127415,0.003879405198780551,0.016237593707381225,0.003780831581731785,-0.03668178286027756,0.003880670091072282,-0.04454216993848013,0.0037831453888233016,0.09959134825682897,0.004234523219683629,-0.02083203685260244,0.004046232967992869,0.053112004555094135,0.004223049380972628,-0.054196893063639354,0.004068565241614103
42,True,-493749.32414311334,43781,51234,0,5,,0.0001980228261174363,0.0035786252144455375,-0.03327307872551055,0.004131835638315448,0.09604548183584251,0.003596174489205002,0.0034251234630169767,0.004191992978842219,0.01870137765391103,0.003558863831753035,-0.25918425869146466,0.006444744293245425,0.12505415267311468,0.00518113557106538,-0.07985948826882489,0.006495160736231603,0.0017816372806507955,0.005020646669938697,0.35260578225151024,0.00464045398284822,0.17580810551738787,0.004995396382810365,-0.057701211500941915,0.004477935744086432,-0.11666149931090684,0.005020753961908288,0.10101397521131546,0.003893761773384235,0.021293745239888362,0.0050965483875851005,0.05589879011190392,0.0038571980335112767,0.053000769640137724,0.00508993516822181,-0.40001908245365175,0.005167370853499454,0.36382644368152867,0.004766391768086327,0.29078012745038934,0.005069058270788367,0.2046424354956227,0.004680010494259731,0.14699549704362586,0.003832013321643869,-0.02083772892680418,0.0035867056910729596,-0.04267811172353998,0.0037743960353792036,-0.07702318985486992,0.0036131204432563965,0.02817968910027463,0.0037656368688507745,0.01367742468555975,0.0041538402862480095,-0.041518862062158504,0.0037658705373513797,-0.04472768201017702,0.004157164355850778,0.10757575204363538,0.004627632465252123,-0.020613692390039497,0.004089018385040552,0.052049279799969775,0.004617885309426512,-0.05524247272259439,0.004113879258533905
43,True,-495959.75180509384,44052,51233,3,3,,0.0048198751402459385,0.0035555860619000314,-0.032353782078090955,0.004105364179542755,0.09738020625988816,0.003613156626887969,0.008437026306402513,0.0041625264906943295,0.010749416638608523,0.0035758247387203852,-0.2775408526576822,0.006308601300362105,0.11346031022643335,0.005353975149505727,-0.09199319612288032,0.0063623081559957715,-0.012926992855053401,0.005211133127479338,0.3468025451481553,0.004659183800427713,0.1750242050814686,0.004927993033157681,-0.053849874288901575,0.004498007452987113,-0.11937518770875916,0.004957707378719652,0.09359344037537147,0.0038422766925595457,0.011876188878460845,0.005140517539521221,0.0494363675736038,0.0038077977790999156,0.04555846728628002,0.005133098945554602,-0.4072593971816262,0.005120381339857254,0.3580446413009641,0.004775524743013347,0.2835240611543221,0.004998368190188783,0.20061284515057023,0.0046942327599289345,0.14872798503186313,0.003881945927561067,-0.013138356164116136,0.003555045856177059,-0.042339972249472,0.0038219896720383495,-0.08078655388835379,0.0035851068704010136,0.029219913469591786,0.003823338759574065,0.012907766388418172,0.004284888763413507,-0.04105693583389406,0.003823492589327278,-0.03860041553219526,0.00428695424706236,0.10600834216067227,0.004594489054075947,-0.022412277365842462,0.004118268798408331,0.049128602226406755,0.004585034893744901,-0.06109634628109945,0.004146584221040088
44,True,-489971.56598632864,43360,50987,2,1,,-0.0030417617397271637,0.0035769238792178575,-0.03138119853090359,0.0041599868500078125,0.09993904558047377,0.0036186819528778243,0.012261723532304137,0.0042159227952011675,0.01957793245872926,0.003580816168242974,-0.2751884025392062,0.006342506473167704,0.11713554322865832,0.005377296162515654,-0.10086023021276758,0.006387934038849886,-0.01624461308954043,0.00522711026341789,0.3460161952359551,0.004627707062362434,0.17200844161569828,0.00495668732884566,-0.058715563138181645,0.004474329974715152,-0.11776776945691007,0.004984803972119389,0.09328559617735101,0.0039417029188210774,0.015940825792566105,0.0051259251370038734,0.0507763595491295,0.003907957141106096,0.05208524155546489,0.005118058382832832,-0.40692758316693817,0.005128601533682653,0.3527892236795167,0.004796158368308374,0.2837864170417932,0.005009682381047256,0.19928619632500236,0.004726544608422871,0.1399879800161599,0.003850145365586673,-0.011865127842254025,0.0035908322510461816,-0.04551173203598344,0.0037993788011429137,-0.08090807544029877,0.0036215743065446146,0.024489109182709193,0.0034688381854470806,0.018902705682252975,0.004101461926587237,-0.04246682591801126,0.0034688648230390634,-0.038657525007324375,0.004104384592476627,0.10398364557718505,0.004528443880467211,-0.02161047841743767,0.004074231506668898,0.040891598325012594,0.004519259386587761,-0.05712924722250297,0.004100599218789445
45,True,-494109.2582655618,43601,51435,5,6,,-0.003015861629855059,0.003535309422633136,-0.02884985799751385,0.00404762015312436,0.09035232067506566,0.0036110054229698896,0.006074353022456933,0.0040993055923300705,0.017146057414461572,0.0035758988634208705,-0.2744772662556919,0.006093189001807094,0.11295794574941226,0.005197204920501176,-0.09158459191586761,0.00613778749110722,-0.006572542180638707,0.0050563648914182194,0.35317278478375463,0.004571873423216598,0.17694054467617823,0.004916990392014604,-0.05362450211273084,0.004402954829399634,-0.1170481143787025,0.004940658114191666,0.09749813869393262,0.0039427094639232435,0.029069982783193504,0.004872407249901058,0.04269091221785743,0.003906444957929117,0.04978093049666236,0.004869216963499237,-0.4002544621691348,0.005097111472353174,0.353324916018067,0.004725777978030304,0.28313687118413833,0.004988021359024538,0.19907180479881123,0.004636587523895878,0.1414305862328997,0.003834031944242162,-0.016313633319550193,0.0035089663315687855,-0.0388347692374023,0.0037804174641435395,-0.07574399036188223,0.0035345428034521042,0.02989728505127393,0.004185154909569296,0.012132181764357259,0.004165319901414394,-0.036646402869850075,0.004184978231912122,-0.04298362827264197,0.004167875598130971,0.10170659405775911,0.00436057473496379,-0.019345218337349264,0.004085451697854243,0.05509605730575051,0.004347853212150407,-0.05002863961078491,0.0041071864876875575
46,True,-494923.19088135066,43661,51561,2,4,,-0.0033397135871792846,0.0035706333127495707,-0.023310944060786914,0.0040939868206755535,0.08813548970970306,0.0036137617365796285,0.0006729168198346559,0.004136728044752029,0.016623128552595234,0.003580646993583402,-0.2721292942739602,0.006373499854788958,0.12479202414245433,0.00534518590700974,-0.09213071109269153,0.0064241339070653675,-0.008522949984589853,0.005183377701073713,0.3561291618932597,0.0046005300555653945,0.17625095420815212,0.004990208547390431,-0.0555649011733856,0.004433666734346965,-0.11810771160421105,0.005022419057719376,0.09408594895720021,0.003908577467387008,0.013928958097078958,0.005141286153550139,0.05256304741998242,0.003875222706403135,0.053325608702481986,0.005133492303238234,-0.3983290867966844,0.005120102379824048,0.3599880357093462,0.004769583395498484,0.28689631440887386,0.005040248642992546,0.20001440369213805,0.004682402673725785,0.13285521372964176,0.0037772986516581134,-0.014610682763962844,0.003510224412823041,-0.05165219232575759,0.0037367684021596165,-0.0802643333227983,0.0035389193583695707,0.030863058312781372,0.003559616170928018,0.0070507918631061645,0.004164119824516417,-0.04239555966641494,0.0035598673647867832,-0.040018748510657634,0.00416615299971416,0.10540850475072701,0.0044815260256242705,-0.018550014267988732,0.0041102775877248565,0.04480482111479044,0.004471468057289495,-0.05341622948335792,0.004134692358874365
47,True,-493859.5688037644,43810,51254,2,1,,0.0027169009202503026,0.0035448248318801375,-0.0361246588460932,0.004108981027491068,0.09230016086259986,0.0035819496508281133,0.00956965156865129,0.004173092545209145,0.018392658769312623,0.0035455103286195287,-0.26882771601321453,0.006358451618225723,0.11596347624964573,0.005300299975874859,-0.09654968546537461,0.00640493685534617,-0.011435071932343315,0.005153648326354032,0.35596471751856906,0.004570912745769152,0.16883894038813055,0.005004198146944967,-0.06198163106093689,0.0043994219975582085,-0.11010171944828916,0.0050314703905166135,0.09783547198794379,0.003924634033170388,0.012981833552795738,0.005152629593988159,0.04772609572645456,0.0038894751450796,0.05348576885731918,0.005142918294847982,-0.40709736012413816,0.005050287899480423,0.3545072887346312,0.004759608484299265,0.2822214388059757,0.004934078247020971,0.19514740265426217,0.004672748072192286,0.14086445158207855,0.0038431599353817092,-0.013846884212046244,0.003497116154035952,-0.04558674867722034,0.003793772291414602,-0.07320091570358099,0.003520859875304752,0.026157207752796334,0.0032436291864671963,0.019534044547004054,0.004431097248761554,-0.04575864723254632,0.003244102213706973,-0.03471294017021576,0.004433373858333641,0.0959145781257086,0.004525483881614436,-0.020626062115509998,0.003997785629889687,0.04652445306175692,0.00451654711251315,-0.06063160281621389,0.004022932492265259
48,True,-494116.02368386136,43583,51339,5,3,,-0.0019075482244840561,0.0035345493872434536,-0.03798473744700484,0.004112131750685276,0.0990176730447355,0.0035552141889673024,0.011232227725648893,0.004178695861286428,0.019072223384195487,0.0035173866106734857,-0.2717362861110531,0.0061324113675876625,0.11036111814160117,0.005252885690031992,-0.08429614055067491,0.006177957980851176,-0.009815306442540528,0.005113503968248625,0.352969197338319,0.00455171637140633,0.16992622697008422,0.004933580607725907,-0.05745190966085067,0.004386288105089718,-0.1070248743335882,0.004957682923271548,0.09683153933389929,0.003942409939206001,0.020349703221270762,0.005032943797355604,0.04418116417788011,0.003906856641342183,0.05903100480321746,0.005025258054388906,-0.3978809993685005,0.005031647408586428,0.35437797790183867,0.0047250010248183726,0.2841662555963969,0.004930030932287172,0.19344888552364892,0.004634947577863633,0.14589638446485664,0.003757043653214797,-0.016442319851547683,0.0035362518466714177,-0.04919471882031978,0.003703316189625552,-0.07835860332098005,0.0035625574479600615,0.02660909824908528,0.003486220656381542,0.014302894653195532,0.004432418818584635,-0.04136804683300092,0.0034860163572475386,-0.03044028531890707,0.004434604410702907,0.10317187815243468,0.004414103073870578,-0.025653912165951413,0.004083349656337026,0.051376753283546475,0.004403401260489378,-0.05234216457026931,0.004105793545277723
49,True,-492984.9377010446,44118,50800,4,3,,0.006217558098538522,0.0035773821959944247,-0.029861313349490798,0.004151803836837725,0.0930804025798132,0.003609176617739922,0.006123795438135552,0.004205993195029211,0.014543806299897098,0.0035748871338081084,-0.2720228905131247,0.006297443989982272,0.11604403326196268,0.005265084839650612,-0.09746579847119963,0.006349921613727037,-0.011393405007216296,0.0051164111348968025,0.35192835337501066,0.004667950006024878,0.17804617418338095,0.004936113141259155,-0.05193355299088002,0.004502369954208931,-0.12095466767456829,0.0049628056324938045,0.10322221064951172,0.00392055258235589,0.022149572101785052,0.004997753487513657,0.04931409239150235,0.0038798986296220426,0.052489254249649814,0.004992936219106263,-0.40816155089929546,0.005042238892585601,0.35517047758988934,0.00479421216513417,0.2811053563755209,0.004920822425258623,0.20586290731559026,0.004720633816531147,0.13917679323457985,0.0037783135216404883,-0.013777195936206438,0.0035341413731293466,-0.043331669537062245,0.003727953644729865,-0.07623431847452825,0.0035599327741854354,0.02898076463758446,0.0038023927701867255,0.01517239540859095,0.0045507606636143675,-0.03975317830831705,0.003803324663612314,-0.042635024899956596,0.0045523795924491805,0.10312794194941695,0.004473127761739051,-0.018580404836912125,0.00410614721139903,0.04650898918581829,0.004459101597607605,-0.052398193555221045,0.0041301516179854765
50,True,-493224.8625483557,43998,50852,1,4,,0.006051149878776101,0.0035376954791531997,-0.03751956062472034,0.004088738388854035,0.09120650807084853,0.0035517312617297766,0.005104706401708412,0.0041553172843549644,0.01361441548445962,0.0035174175655549966,-0.2652049252220536,0.006221174262116453,0.11317882404661463,0.005188325160700485,-0.09987478774745909,0.006269511547978215,-0.007420201224101261,0.005045421147161497,0.3424908053942008,0.004576977896220339,0.17448750590073184,0.004881197723054737,-0.05531418358289477,0.004423401041830235,-0.11696144091343305,0.0049063389097520295,0.09482031239303722,0.003968643308483556,0.022902810974085662,0.004941805564346398,0.046311859180162375,0.00393330216944234,0.055006171144779875,0.004936201661387372,-0.3958728394350114,0.005117033017491158,0.3643145793131444,0.004712557318011928,0.2881039573088912,0.005030636185966022,0.19531468257355125,0.004613814152015203,0.14022311828420114,0.003870292437158781,-0.013308984315627033,0.0035212472154867868,-0.03977567866596885,0.0038180960669836556,-0.08050482582406683,0.00355109612745315,0.022420666069750596,0.00324564790794493,0.018533324018354336,0.004490515232951529,-0.04498929113526161,0.00324637035216236,-0.036913090071033834,0.004493146012955914,0.10107569327887363,0.004446726256616569,-0.020565724907277472,0.0040977212262212695,0.055009247631552474,0.004434739584284793,-0.06031540921123107,0.0041248803225151474
51,True,-494635.7528963499,43929,51219,3,4,,0.0017116505942465598,0.003564823010057797,-0.028502892055067744,0.0041030010071586255,0.09371981386126524,0.003616916421820099,0.011149173985105147,0.004154019100910381,0.008679985393515636,0.003582336343922016,-0.2623231055003648,0.006368768217446639,0.11533305183396589,0.005288361908043391,-0.09975909035574664,0.006420473792118891,-0.005875140677565875,0.005143245887214428,0.3524974653639252,0.004551213190225832,0.1668878758057349,0.004980259365875526,-0.06047588237277984,0.004391551639062543,-0.11844481184982394,0.005010955908085863,0.09904740114043592,0.0038444247731267258,0.011615587942294463,0.005073171696531516,0.05409820248102672,0.003808096780022634,0.05393486337036394,0.005064108090869799,-0.40137241437884974,0.005105198290774899,0.36001347448767484,0.0047599736576048254,0.28984101334837603,0.00500797312861381,0.19919259422771166,0.004679872188681198,0.14329690321595395,0.0037937973396181377,-0.012046049881151025,0.0034999221228127295,-0.04646673535891323,0.0037422644558808378,-0.07601775697622823,0.003526136667797733,0.03088482152896541,0.0038193369124698766,0.01022081801714461,0.004521511763910396,-0.043743087941628525,0.0038195235464018574,-0.03766742999025799,0.0045235016059999465,0.10431559085466524,0.004550778302973252,-0.021733109303729972,0.004059620407003762,0.04597534631445168,0.004541513182420375,-0.06398537387293839,0.004088787497760277
52,True,-497549.7663559392,44180,51392,3,3,,0.0018424087399446442,0.0035491962383705678,-0.029596692872545446,0.004095094713927683,0.09787255263547338,0.0035996233445419437,0.009251306571355457,0.004147366756722178,0.013358311652950147,0.0035619774659210093,-0.24658245078940016,0.006291822306406294,0.12311001756138543,0.005125162585702681,-0.09539268324697273,0.006336243500264076,-0.007342581646460671,0.00496638298641647,0.35789382756514593,0.004511432186267733,0.16098725840537023,0.005047935856502098,-0.060441211960988436,0.004345033321943376,-0.11446747412188722,0.005079092956748251,0.09855201486035983,0.0038764344202026806,0.021702293372417476,0.005160815184824784,0.05475166996490876,0.0038419518854304366,0.042776664960712495,0.005156635911356288,-0.39608631217909984,0.005109717315147259,0.36443378704133583,0.004720334429285221,0.2883927611242209,0.0050169387303510265,0.1996072274081458,0.004636049985564794,0.14574840869138508,0.003785762212091363,-0.013300202680446311,0.0035223704771634614,-0.04272960193098691,0.003732440544498932,-0.07377705791543729,0.0035469697478235627,0.023858248870926593,0.003636295099853981,0.011354636868754693,0.004222206981070341,-0.03852937546011699,0.0036373767795471073,-0.04150288205784367,0.004223924948629844,0.095354691331057,0.004557352749952989,-0.025819988090945864,0.00397536558861882,0.04729816546805388,0.004549577242249339,-0.05729766528567636,0.003999585382052873
53,True,-493944.8411440379,43775,51204,6,6,,-0.005976570827763858,0.0035292306555440474,-0.034861736038961026,0.0040773271247980065,0.0902019770172491,0.0035768984709937256,0.015792773392833227,0.004137878747736797,0.006554107367891364,0.0035412657325598475,-0.2787495034187077,0.006212801375577492,0.108796386594971,0.005284426529459426,-0.08203071363092365,0.006264137077862406,-0.0034941909247552944,0.0051503517121571675,0.3428984826381101,0.004644055584284322,0.17570721033329673,0.004846618158754494,-0.043258932840472976,0.004485682086586019,-0.12522031152163915,0.004877014699125713,0.08588424800895397,0.003923762442085645,0.02184610564109605,0.004955633056203522,0.05093683448574264,0.00389356774845614,0.05375001144677445,0.004949942771422608,-0.3984323310220475,0.005059809979194735,0.35586695261594925,0.004730377698626769,0.28546025757251914,0.0049573089329631205,0.20383391336654097,0.004644257752663997,0.13674855865989854,0.0037712167968816813,-0.014807349833324124,0.003514963676332826,-0.044725709957882435,0.0037243512863328505,-0.07668424730647014,0.003539899897367287,0.026773219789593145,0.0037773524250168528,0.01656647925060815,0.004324288642282093,-0.03727378918887627,0.0037764881873663743,-0.03981969051368018,0.004326992128306332,0.10037029084443044,0.004375209597796669,-0.01965758822783821,0.0041075118829978635,0.053796686944537445,0.004363092025788083,-0.053353561299743835,0.0041316657671501
54,True,-492108.5356916047,43851,50956,1,2,,-0.003121911840487722,0.0035495932987288084,-0.03249443078360922,0.004119295531704641,0.09209038321043751,0.003598199254233298,0.008038239253228807,0.004176947428718821,0.015869616501336104,0.0035646134757608924,-0.26527633310454485,0.006305528555394818,0.1166462375423823,0.005206942003114217,-0.08400508758462688,0.006358780756668384,0.004820321811078031,0.00506134850618021,0.35925790140773445,0.004600661219922611,0.1700109192082333,0.00501715952484955,-0.05239139674274432,0.004417588712092122,-0.11592574539281142,0.005042676243765963,0.10020583424700101,0.003876385629580754,0.013413911085302974,0.004970634865837184,0.055134905150335374,0.0038385135883524705,0.055712611370224555,0.004962150234752772,-0.4005625750225463,0.005089898016212715,0.35009224178899434,0.004746826301253843,0.2881043090383422,0.004981979003502369,0.2053819029417744,0.004668932256718374,0.1433290907633213,0.0038524232556101674,-0.013987853978158478,0.003542852448770133,-0.03910044902330456,0.0037982682347740384,-0.08006548115779083,0.003572043413385844,0.02244869977262076,0.003305364735714353,0.01362128533228764,0.004298410346572001,-0.04548793154017309,0.0033064912657260366,-0.038733452053998606,0.004300354897817209,0.09140587774473916,0.004464361594404707,-0.02562210608860406,0.004056063460131033,0.05096393724236931,0.004452805559581315,-0.06167152622238938,0.004084190869971728
55,True,-495761.0057203749,43928,51480,6,5,,0.00039792458392082475,0.003567982836188219,-0.026879851399974317,0.004104546927284968,0.09461528895399089,0.0036253574465565353,0.005874532705324505,0.004152572520790361,0.010495012863250924,0.003589140463286181,-0.2763785589198928,0.006267000906751926,0.11522591495475469,0.005382686110641708,-0.08941448211860199,0.00631237176842672,-0.0005497658678554497,0.005239343691266809,0.354921067052632,0.004612453695671538,0.17577146932917875,0.004988629221312987,-0.05556238193950477,0.004445153504715595,-0.12434042242596316,0.005021475303695976,0.10770563101654579,0.0038556006777463467,0.012685457253327323,0.005225886762989611,0.044640708690876295,0.003814087169781354,0.05306780502911876,0.005217060686057802,-0.4068257927472698,0.005110124628413531,0.35023358567682894,0.004796062190007854,0.287771028247879,0.004998009232760554,0.20826240175035077,0.004730837416200755,0.13540866207859384,0.003919334238635343,-0.019417712054955363,0.0035588815024094334,-0.04213772124505906,0.0038718655990381398,-0.0802505934697747,0.003587660533095848,0.02600673565958218,0.0037322372510647777,0.016224554189015403,0.004206875563446286,-0.03896134757384512,0.0037310983465940317,-0.038605039775551596,0.004210074313354885,0.08939538507075226,0.0044706177932860814,-0.022694421762680692,0.004020456061001633,0.04285703644867773,0.004462606768687638,-0.05359949356626397,0.004043707406757295
56,True,-495800.2522906234,44166,51153,7,2,,0.0004782969487920923,0.0035737241953282834,-0.027355320719307998,0.004138643119228259,0.09762954826574165,0.0036131278390929777,0.007646178678133682,0.0041877790767514194,0.019147607469443457,0.003575937180190533,-0.2713400340834279,0.006110096048033733,0.11110723494792547,0.005177218628990284,-0.08783159564604094,0.006158112573486368,-0.014428047407336069,0.00503480690675239,0.34995909178095536,0.004641606267841855,0.18050207845791238,0.004907797217411016,-0.045647420652231846,0.004467585938023567,-0.11840257478930852,0.004932311835826356,0.09771141766628598,0.0040037781568770985,0.025040769206383012,0.004916945889086413,0.057026725994636,0.003967503744181541,0.062259832948694645,0.004911468877351144,-0.40528585186087907,0.005110131218806286,0.36524337897764586,0.00479622792706542,0.28559781915742755,0.004998196993225001,0.20367190308217492,0.004701587214026081,0.14302905955011855,0.0038735783149300438,-0.0154908114587871,0.003532631420315345,-0.04758178770797649,0.0038197609443702415,-0.08232197231620916,0.003561707870986711,0.029506391571232776,0.0036667333303863395,0.013239158230011169,0.003783947148815343,-0.035243370792336165,0.003666992286883807,-0.042079605716493045,0.003786544514165903,0.10388138219745627,0.004419554755454563,-0.016666601948079972,0.004119008201509662,0.05562810329391499,0.004403624615242411,-0.05513300774740463,0.004143763668435406
57,True,-492362.1851984033,43714,51071,2,3,,0.0031304061990289987,0.003576002049617633,-0.029771747199178997,0.004103288798501992,0.09074656151957716,0.0036121697089427206,0.003188460972921076,0.004157242912512552,0.00989088006937536,0.0035778465788076806,-0.26980776937918893,0.006316897761306396,0.11463285777512211,0.005300118434786508,-0.0985547074760238,0.006367114973185705,-0.006575303682568486,0.005153658344612433,0.349293681618494,0.004620501875965432,0.1669148251691907,0.004966986074129183,-0.05627348820703577,0.004461877770477864,-0.12076997580551924,0.005001501739231434,0.08780337334594433,0.003940768109351309,0.0165230515701267,0.0051162732756851615,0.05326259210056584,0.00390939203645702,0.051604792684136855,0.0051089513697596175,-0.4000699896447361,0.005127263969573161,0.36333940459329706,0.004784084456109094,0.2930159268520537,0.005045707240700846,0.1994256048087271,0.004689184726084323,0.14650658826365398,0.003785637976286701,-0.013210734110993456,0.003543433790483956,-0.04917004482287192,0.0037317812531378926,-0.07811150571696168,0.0035708433292339766,0.021404345289187724,0.0038042221589436884,0.019941809969450986,0.0043217701891978,-0.03974603214571166,0.0038034641251627607,-0.04310508263696045,0.004325783904590608,0.10656041537201405,0.004525497715847084,-0.02444101300690205,0.00409881973761191,0.04899671923708737,0.004513356794831301,-0.05877639665012434,0.004124858943003058
58,True,-495468.90672906383,43807,51398,4,3,,0.0028154897703479894,0.003557319778731145,-0.027719390203005987,0.004097677297935056,0.09260427768527353,0.0036113382671082578,0.0007978502173853246,0.004148126237962238,0.014455704234433875,0.0035771431770547568,-0.26896151821029124,0.006274869408392861,0.12273226377900506,0.005190950783256253,-0.08665329140198452,0.006319225429650046,-0.0019472824978728409,0.005034454156526298,0.34934788181687537,0.004586241540074281,0.16614539097073286,0.004921460132524774,-0.0566148611553831,0.004424271997066651,-0.11855663726765092,0.004951876714825237,0.09170125913919083,0.0038896466535799923,0.024175923219997234,0.005037437239376763,0.05087405382185036,0.0038575840310940083,0.04901587851441229,0.005032461087754966,-0.405904086148162,0.0050746542221186694,0.3647958822870469,0.004765257115857649,0.2868529937115783,0.004964197831341966,0.1969043874726299,0.004667861274802359,0.14891956258265115,0.003748462924388486,-0.010009386436482436,0.003486822758944188,-0.04888601633699705,0.0036929769823179186,-0.07814238371191676,0.0035146741893609308,0.030796467353871128,0.004005732150673278,0.016513670616476742,0.0038837831606749204,-0.037054088163143074,0.004006123302772888,-0.045883584730351694,0.0038865839175137016,0.09584701252704086,0.0044432453243469965,-0.026617776672654626,0.004006184302454571,0.04755017889227284,0.004435081890165623,-0.053488894807440464,0.004028926974268739
59,True,-493459.27994386095,43744,51085,4,3,,-0.00021846019894886662,0.0035308970503840054,-0.03435753691192362,0.004124816775798385,0.09566956240810846,0.003555222797470452,0.0054283870059022455,0.004185665735187243,0.02019251370868571,0.003520063471293884,-0.2767801357674542,0.006093299446878663,0.10313124680281775,0.005224605342206998,-0.07873593175767264,0.006136923417323963,-0.002824875179259178,0.005099144624169836,0.34518368132445926,0.004626983709398656,0.17956030665422867,0.004839759453457908,-0.04920235699594151,0.004471744183928779,-0.12287329897487517,0.004864584717858965,0.09914020760420493,0.0038947976949498153,0.018445339366466595,0.004919114371033375,0.04710798806450829,0.003858698225282051,0.05415270903949738,0.00491269623929176,-0.39933370222803294,0.005035390150132961,0.3477441209513364,0.004748275408297506,0.28236947059978273,0.004929018759755963,0.2087410689534313,0.004676306658329157,0.1300618127464781,0.0037722368202939205,-0.008732762129722122,0.0034543169188689963,-0.04229342314881501,0.0037293498963844453,-0.07502312906281858,0.003479983003300167,0.021752900370816595,0.003375219727914904,0.018559933839576208,0.004344207782866981,-0.041100719234845984,0.003376147077977963,-0.04050831705634426,0.004346691894395891,0.10261446786778969,0.004350588131567423,-0.02578622464941053,0.0040976065851465,0.06044430645963523,0.004337389579605454,-0.04975727571639555,0.0041188734324852086
60,True,-497287.0690363657,44256,51325,3,4,,0.003060804243713298,0.0035636349848821133,-0.02621654515156245,0.004120108745146422,0.09263468255348767,0.0036160862734354706,0.007736427346598607,0.004167091921405682,0.01464614143651985,0.003583931100459059,-0.2688014160141165,0.006484302471597519,0.12454499477252182,0.005288765534623072,-0.08971189311243258,0.006541160576325089,0.00020265543641058412,0.005129712059586174,0.35370674899427734,0.004625013354055934,0.16535991812747308,0.005009523568089169,-0.04753130118278343,0.004456919813377766,-0.12487929779667546,0.005049306626615941,0.0939208619830484,0.0038268492297911824,0.013645092498308734,0.005148581235402033,0.05075063634674994,0.003792759111162123,0.05156572494337986,0.005140141027592051,-0.3992030341375961,0.0050918902406420306,0.3475249540264966,0.004734120333777246,0.3001701152045444,0.005011624091097655,0.20979154061432465,0.00467375564541183,0.14259064441553448,0.0038148087103052684,-0.01433127381977041,0.0035010351111534354,-0.04229206857733649,0.003760117087892421,-0.08232060098880546,0.0035311004223593733,0.032106413670088534,0.005120313108190539,0.012947011765777412,0.003948151087601547,-0.03230796366751311,0.005122603646478252,-0.0471397376725222,0.003950069921449687,0.09937488862203796,0.0046092437303169405,-0.021747565506362136,0.00403050243914835,0.042163207292158375,0.00459913616128362,-0.06322961885344089,0.004059370183784836
61,True,-492619.28624605876,43731,51321,6,6,,-0.0035811413543689963,0.00357071092320881,-0.03591280952234603,0.004151237270823822,0.09609299238258695,0.0035685202306463193,0.010812918618523232,0.004215168462901772,0.013379315847230863,0.0035313138792965717,-0.2712597663028356,0.006258279442513243,0.1182650921240954,0.005267227960100385,-0.10271003301651643,0.006305306791112849,-0.010489108010576937,0.005115746148940653,0.35137021074726105,0.004587321887349513,0.17147252269566055,0.004955248660879661,-0.05957169735332382,0.004430683665862149,-0.11773911369684581,0.004982853273755342,0.1020405376887957,0.003948513374680086,0.02005852657083199,0.005025222178952414,0.047281823257820994,0.003909874884873568,0.05407841861182739,0.005018726024217062,-0.40648709360663104,0.0051255763776310165,0.3562594065009106,0.004799121355827478,0.2888920085536748,0.0050321352935909,0.20554581827438187,0.004727981562393679,0.13610577939756005,0.0038332259634208483,-0.008826991553519497,0.003540628780421628,-0.04809554348837982,0.0037884608579412506,-0.07454007794041284,0.003567344495453642,0.027047267368319246,0.004161336474110617,0.012488728961488383,0.003852989561526782,-0.03563886793419233,0.004161860725756724,-0.04393084364850565,0.003855589231767634,0.0970614228866706,0.004434139587191786,-0.018396950186583386,0.00404451741468925,0.046735662504552536,0.004422490625804087,-0.06056918865258559,0.004071676263061047
62,True,-492902.6130190869,43496,51316,3,2,,-0.005870093452151913,0.0035599353288275426,-0.02477418561358436,0.004094152893321204,0.09405747288636936,0.003637521631937514,0.013976393848169807,0.00413793279600182,0.01819157033741885,0.0036015592091055795,-0.27704287954507784,0.006171582420812062,0.10808093861049602,0.005258059775265816,-0.08131392908825646,0.006227500973977702,-0.010506224479297523,0.0051218203942884925,0.3542946348180973,0.004632179084410642,0.17171074220563748,0.004919966220585087,-0.04830726093323448,0.00445115824870894,-0.1293948558441669,0.004954516191981904,0.09796797038858648,0.0039119967440286625,0.01918172465111254,0.00498153067758551,0.056648814719004674,0.003875583987083396,0.0568048864420827,0.004975161859914105,-0.40076199680579394,0.00506500595114646,0.35448109386949117,0.00474971824921013,0.28898376388447133,0.004964911013073142,0.20144397930938493,0.0046626188880683475,0.14093669717348223,0.0037248224579200678,-0.018372337722753915,0.0035483522450130305,-0.049013567039740316,0.0036742963715659114,-0.07810898845362728,0.003574042796831306,0.027533502958689927,0.00354265399289154,0.020260872235667794,0.003994126249553847,-0.03935746678102622,0.0035430145228350276,-0.04242971632132618,0.003996531088407411,0.09123931573710993,0.004348562766743656,-0.016821558549142145,0.0040763734984188135,0.051791361992598206,0.0043350639758995895,-0.059332970212565485,0.004103587162385367
63,True,-494367.1337468545,43689,51356,2,2,,-0.0032065113756926415,0.003533283778130902,-0.03379930963969243,0.0040585580508507475,0.09810741277048741,0.003594517043114489,0.010799874977589009,0.004117864559028591,0.015250127323595241,0.003552146013732612,-0.26232307937767635,0.0063226920190600985,0.11543646745609386,0.00526642615423405,-0.0933496443507724,0.006375426421073676,-0.0020851393199369235,0.005122759548428863,0.3489698413143438,0.0046037467536638906,0.17590269808168646,0.004970957731213744,-0.04679150645438918,0.004440890685787708,-0.12654445298679143,0.005004128726530038,0.10145831060241431,0.003846249206002614,0.0212363838538643,0.005072310927484197,0.049001807473066664,0.003808292124325067,0.0441984904162145,0.005067723749464908,-0.40302745923011696,0.005058066282498149,0.3469408271667865,0.004728314211850643,0.28372376000749694,0.00495122433103666,0.19934415748038573,0.004656324557495413,0.1399778542829531,0.003815440313544226,-0.01491360112214899,0.0035655525422292173,-0.04474312922717058,0.0037663116342318385,-0.07615303893939293,0.003591298778256358,0.028586477603977343,0.003573970931079168,0.013222710984023023,0.004460051019197749,-0.04208085104276539,0.0035738412284167494,-0.039626597439756564,0.004462280238865118,0.09073585148415703,0.00445443660734729,-0.02282789753395511,0.004004013101224194,0.0451042452677315,0.0044457790883554085,-0.05364390379859527,0.004027591084399138
64,True,-491316.16195969423,43784,50850,3,7,,0.004763196889600024,0.0035623382936356405,-0.030045350044173285,0.004069195329890728,0.08555280315055622,0.003610765904106655,0.006341662550346481,0.00412304435084009,0.018239849261757774,0.0035808186553794147,-0.26075048076728136,0.006278660730196351,0.11257603396343449,0.005266094459816648,-0.09452184614541258,0.006328931905142695,-0.008340222216685718,0.005122269747309083,0.351156975831613,0.004565494467165972,0.16830913525781963,0.0049889273455741585,-0.05123781612156256,0.004405904972922617,-0.12442183116930088,0.005025126225490692,0.09648159468101318,0.003968086347493259,0.024393254401177906,0.005100286329767938,0.04634173338483583,0.003932699177553273,0.05079420382605597,0.0050958360312051,-0.40197641060802364,0.005141591927784223,0.3563693361790994,0.00476207156288302,0.2846685870179314,0.0050418031567029346,0.19745830368107134,0.004682106917974859,0.13604225404486212,0.0037715761509572697,-0.009297312674288525,0.003518899278338259,-0.0458181359270488,0.003725454422159125,-0.07722533283990142,0.0035458869782354317,0.031142356001504407,0.003412653885534676,0.015298489398803789,0.004025767651308956,-0.041586839042323874,0.003413301486542255,-0.03784835283167321,0.004027923929003381,0.10781089691987245,0.004559186131082921,-0.021195995026912145,0.004069609287872097,0.045865195059404375,0.004548543911097504,-0.0573686960332581,0.0040956825282191375
65,True,-494333.1749135443,43779,51383,0,0,,0.0010475394605716276,0.0035331510896301583,-0.033037430700568825,0.0041114980887532035,0.09398477106377354,0.003565979446415409,0.005746584511090826,0.0041703678126677,0.004736338802232926,0.003530428736813457,-0.26332748098344083,0.006200500518484736,0.11439275787572148,0.005148880247237057,-0.09273671989981404,0.006246949138900866,-0.009563876338600653,0.005004546700851727,0.3496789581354907,0.004578655694540206,0.1762817028089727,0.00488804795745506,-0.05078028749157619,0.004418517974996238,-0.11831552161662422,0.004910562253912938,0.09901267646019107,0.0039187353003754,0.02242431946519201,0.004950067884168907,0.049845006238282155,0.0038824617090092678,0.05825233374379084,0.0049439892685792545,-0.39780702865840495,0.005044202727113401,0.3512550287858545,0.004743072198894703,0.2855852688361018,0.004938714467152678,0.2023742461712183,0.004670856964170901,0.1321870513226165,0.0038331667615622692,-0.008777910423273593,0.003501226011702845,-0.04396762039140744,0.0037913722866325154,-0.0723546110747475,0.003525194056173742,0.029695534867275327,0.004434055356423162,0.016929055553062563,0.003937700813466054,-0.03385088730703069,0.004433283048107376,-0.04733829306921831,0.003940973836731119,0.10189286927268895,0.004391972264778056,-0.019159291991644144,0.004075481719239596,0.05624828591738094,0.004377290173484483,-0.05489292395030553,0.0040995259922333264
66,True,-491814.15618851956,43546,51104,7,4,,0.0005216671521711259,0.003600935753003917,-0.016227712136099894,0.004121759805344323,0.09413569228502103,0.0036989791773032322,0.008014988830996245,0.004151239775101886,0.003429974673762589,0.0036624987448662556,-0.2652089036432503,0.006323162727225968,0.11822344907266322,0.005212194133063161,-0.09686166478934434,0.00636830553289094,-0.011328795410425158,0.005058418550192652,0.35945328820018885,0.0046091643529225295,0.1671955164800343,0.005036042460028653,-0.055748276949962275,0.0044340290794329185,-0.11494901761434136,0.005065278240695104,0.09088010858816645,0.003957690010944164,0.019698373980848186,0.005027845967376692,0.05367328495141854,0.003925436319235987,0.05475178215285266,0.005021670977625831,-0.4059474650100684,0.005180935053996536,0.3688077359462538,0.004820297178036481,0.2922068923159195,0.00509028759384577,0.2010034465261732,0.004721317678132562,0.14219929088966413,0.003816036966570489,-0.01739423415434578,0.0035593026945915933,-0.04524160030340093,0.003764119440422671,-0.07604601414168416,0.0035844329407691364,0.030003972278902415,0.00447887877385448,0.014313295320013656,0.0041025803833818425,-0.03869699605246273,0.004479323932535103,-0.047988377842763594,0.0041058785603357295,0.10659270724813566,0.004523415683702264,-0.021822568762857743,0.004130329189819474,0.05442920976548934,0.00451026807408687,-0.05766247689275344,0.004155611392053082
67,True,-496156.13653407595,44023,51308,7,2,,0.007287547074030706,0.003570651269222724,-0.029642200862374214,0.004154420212155795,0.09976389787161483,0.0036100318789363214,0.0018074128548688164,0.004208103571328442,0.013843315827753352,0.003573834343778138,-0.28022454421660137,0.006171508908894614,0.11196150214189278,0.0052309469014897485,-0.09472416522957011,0.006215719362227854,-0.013706443526373,0.0050880053517757965,0.3509593196569731,0.004605068690287785,0.17518195897731445,0.004896089756432098,-0.050951896241394436,0.004432237558254773,-0.11280812670360847,0.004920195448167313,0.09139409217866865,0.0040119707288578475,0.02327647017816576,0.004976748779202753,0.04552533440816316,0.003977430615495491,0.05782471378606421,0.00497022875442389,-0.4126105890681976,0.0050524896795802665,0.3576649937136399,0.004823086542909285,0.2886643707641446,0.004938763716035118,0.20159342397946697,0.004733760266677583,0.1449338428557588,0.003776318964252924,-0.011655146463669738,0.003541387232136922,-0.0478402053228637,0.00372404077089389,-0.07176197581455597,0.003565106256456277,0.028275887081318576,0.004213781017766596,0.012063437791903655,0.004264658754036868,-0.038698123676253394,0.004210912518065365,-0.03865075860012908,0.004268631062697399,0.10469477033404767,0.004376738822602016,-0.015408730714792396,0.004137963619390476,0.052819340880153415,0.004363269794225636,-0.056791579875478775,0.004163756144488694
68,True,-494227.51892024535,43831,51322,1,4,,-0.0014459664542284284,0.0035588813974949513,-0.03096705857895331,0.004161771619452978,0.10132599018900872,0.0036106882356460993,0.0057482507720146335,0.004217318449227691,0.019075619554588478,0.003573732057269725,-0.27070318062195625,0.006286362927175478,0.11899520026505493,0.005235409411049035,-0.09776590202246326,0.006333109193680759,-0.013010097160924378,0.005085522229874758,0.35655779941117743,0.004606950472550787,0.16739342745233568,0.005020211077748312,-0.05439153831715311,0.004436896617240955,-0.12174889111984515,0.00505019425714516,0.10100231590211013,0.003922473236477131,0.017166295980200117,0.005082247009467402,0.05056103149696746,0.0038854152690393825,0.05153212936691734,0.00507539086830797,-0.40543582126922006,0.00517229572674585,0.3581303585698486,0.004774488715399647,0.2852576917531193,0.005066068390934535,0.20399237458696287,0.004695124154132366,0.13783471417257562,0.0038729436641313187,-0.014344077952379197,0.003520446128834878,-0.03840027630998183,0.003822607780314969,-0.07631679428124669,0.003547508859680485,0.03174613459035439,0.004041128169242938,0.010702614497157599,0.004124744896889043,-0.036441883180053876,0.004041892705316967,-0.04332472600402114,0.004126949918488194,0.10404344880614787,0.004451818773115511,-0.018388839016235534,0.004063096553943136,0.05179702192530768,0.0044384318797137815,-0.05333147194797641,0.004086415622049139
69,True,-493267.6327374056,44057,50840,6,3,,0.008115739099594645,0.003549561105060744,-0.03417395055762001,0.0040776836360685055,0.09573640407156599,0.0035807746636178843,0.005770726639882548,0.004138427063754836,0.01247938012269052,0.003542169469040917,-0.2761916245079186,0.006257291661232115,0.10856211432029192,0.005309627434069106,-0.08945384746306798,0.006310360813783368,-0.009737277584795723,0.0051726793890898735,0.3390094369010438,0.004659803374343164,0.17338029540372957,0.00487130502312921,-0.04679637561048057,0.00450798734130709,-0.1220143891580469,0.004902527381942239,0.0964954168460688,0.004018119358145666,0.023612139509932125,0.005020776204393115,0.055606612907958305,0.003983236976021736,0.0626286529570871,0.005013641380045104,-0.4013455592453974,0.0050780363002408445,0.3509365049967184,0.00475944960226838,0.2897095393114488,0.0049808347572381515,0.20276793996615575,0.004678019699246017,0.14408016434906595,0.0037413159585929522,-0.014393944030649669,0.0035174815590409813,-0.04221507935884115,0.0036843657106913055,-0.08227375399787903,0.003546551520217761,0.034188765940174934,0.0036673497504914076,0.010926255665103756,0.0040544418175767,-0.042244040884212054,0.0036683192628968807,-0.03952989505427434,0.004056551934704285,0.10324538701041644,0.004431034286195065,-0.025813944877839883,0.004105381407710305,0.048075787252163,0.004418937374389879,-0.061199962060865004,0.004132929974822479
70,True,-496688.0858017118,43956,51593,4,4,,0.0002427517398115318,0.003549868226135479,-0.029661682103122585,0.004050628869762335,0.08694328167407675,0.003594997224067271,0.004256724206835053,0.0041040757194391745,0.01236291022826303,0.0035619730022767907,-0.26493904099389376,0.006306523491776937,0.11717509803554003,0.005175359113893125,-0.08785842073856917,0.006357994171346481,-0.0012149796155299065,0.005026940434646619,0.3574452382953314,0.004589097636867028,0.16869182550969236,0.0049706888449607125,-0.053039006405510715,0.004417940661868525,-0.11426490458844782,0.004996939200206596,0.09305144118269827,0.003963315754800209,0.027157725476745012,0.004916021564129514,0.045750541441849625,0.00393023395496075,0.057121629983970926,0.004910538557407149,-0.4036137881827563,0.005112686666534597,0.3579280609396024,0.004746201135951282,0.28846411699939045,0.005006972737002327,0.1947700403161709,0.00464519447117749,0.13580986184656063,0.003769219126182971,-0.014914563853226828,0.0035180658349506302,-0.05230773307091086,0.003726041255605575,-0.08140299353142479,0.0035464345553589066,0.028584550167494675,0.0042200288341775315,0.01068072751223425,0.004345050135552047,-0.041584358754037445,0.004220166934725343,-0.042249536999985175,0.004347698280998364,0.10211132524298437,0.004460466615341338,-0.01797664444721143,0.004066349842421474,0.051735026203654264,0.004448162576017995,-0.053418718633347496,0.0040894012539369135
71,True,-496798.43561775517,44093,51471,1,3,,0.006216383012201673,0.00355164449275833,-0.03206071555567595,0.004085704267117958,0.08877770104531484,0.003594952287182518,-0.004939585952356511,0.004143926675363842,0.013589276832670468,0.003563298212898795,-0.27640893351892515,0.006241771765205562,0.11826528521356854,0.005186689571711608,-0.07359376838323092,0.006289978270179106,0.0007650692331737536,0.005037685563337751,0.3450551874486812,0.004646196707267907,0.1757832477847807,0.004840916677209261,-0.04799948862780668,0.004490008402862239,-0.13077012298193882,0.0048722329652109275,0.09804072075050047,0.0038938132478969663,0.017529304700368637,0.005003348545844563,0.04602187860870294,0.0038563755366863898,0.05890427450629521,0.00499521865447604,-0.4024285126223387,0.0050704243488655714,0.3554158500514523,0.004755869169690516,0.2892584196293284,0.00497317163996252,0.20939322395631285,0.004677819023158996,0.14099240713413605,0.0036946543200991294,-0.010800215734083962,0.0035109920922486407,-0.050153184379113994,0.003646980904461716,-0.07619285730458611,0.003536588379904545,0.02231977909076448,0.003664035854966356,0.018837186912071754,0.003973349926768021,-0.03828496419045725,0.00366454630582009,-0.04425086135115123,0.003976255630737049,0.09868839052026904,0.00444608059108682,-0.022163603937801788,0.004102227903663509,0.05580141125630185,0.004434461410809512,-0.054243253538758196,0.004127573971504021
72,True,-495029.71322378307,43683,51516,9,1,,-0.0018244639185063924,0.0035216043150378567,-0.03283872787853709,0.00408348486182661,0.08516698831044368,0.003544696448822814,0.015113939274918053,0.004140968415659729,0.010318371896351854,0.0035127761875840564,-0.27148529903812385,0.006184066435976066,0.11291942448806326,0.005193570507428821,-0.0938212344712237,0.006227351036318715,-0.014086599523999639,0.005050957602077567,0.34888555925313425,0.004528643225037549,0.16181859898566653,0.004878755279548324,-0.058328427858122714,0.004370315008467993,-0.11873277401335296,0.004909290557038879,0.0917027428486631,0.003880118557392146,0.01566364053632123,0.005037203964406506,0.05588804054610287,0.003848124523634294,0.057717320974148244,0.005029385318907179,-0.3895165661058875,0.005067015412076862,0.35993106511869455,0.004712140505938992,0.28812746075216605,0.004995388331119455,0.18661106316560266,0.0046081461069922905,0.14505079210723,0.0038564536503921834,-0.015323867222852042,0.003536223896978299,-0.041135654844252655,0.0038019059187553283,-0.08061924739985822,0.003564862531453092,0.024936698741073435,0.003365350486099045,0.014348570164819087,0.004713338141838861,-0.04382059047216731,0.003366312952047143,-0.03517678612317196,0.004715168779979564,0.1039670223263071,0.004365206215997596,-0.022475570439500787,0.004031577648586815,0.044387666201633647,0.004353283749655056,-0.05596465208090698,0.004055540187088808
73,True,-494386.53700784454,43762,51342,4,6,,0.003844515903540498,0.003559116190254149,-0.03430599990161643,0.004117263046705134,0.0977081489958186,0.0035738442285329344,0.007668994260916214,0.00417848140536528,0.014881393204762698,0.0035332390368987433,-0.27532890500605844,0.006230289094586767,0.1090746197706951,0.0053737428909387056,-0.09609755364609046,0.0062803156120751335,-0.014722322431251902,0.0052360398321002815,0.35662704313361326,0.004600814650157844,0.16900448868653623,0.004977884272999718,-0.056918235500089794,0.004431005072846072,-0.11397960529953519,0.005007430784643434,0.09790251925327942,0.0038987098804481647,0.017592308546233535,0.0050716827489135285,0.04593375676539862,0.0038629918329423493,0.04754717336883719,0.005064879391593598,-0.40818755890787345,0.005022566016526502,0.34979796392621326,0.004792734942606218,0.28906184931061846,0.00489669038905702,0.2009912079515051,0.004710029839110233,0.1392390458759709,0.003778928034022117,-0.011877577243110369,0.00350865879585363,-0.042356387517456476,0.003725661459133559,-0.08414459470620618,0.0035407566681097693,0.034462597822139264,0.0038493569286067136,0.011665682418492923,0.004044742882954519,-0.03780960080588688,0.003848845771926787,-0.03959421583717629,0.004046480148721057,0.09626569015037324,0.004455262550656052,-0.020394671160407208,0.004104598886943072,0.05464454914121931,0.004443910627858713,-0.06312118854787412,0.004132877227295669
74,True,-489990.27498698374,43829,50673,5,4,,0.004443653430035512,0.003567099125108895,-0.027524031085700406,0.004070824688788495,0.0917075069076247,0.003645625426640928,0.005300690241702238,0.004120424888736424,0.012490462673481816,0.003609683989074428,-0.268136925756748,0.006242436901443636,0.1178428845954948,0.005199732076675688,-0.09799955987036488,0.006285894276611386,-0.013436434416678371,0.005049642596415737,0.35577794621774866,0.004572446131782104,0.1636245653207608,0.005008501153398847,-0.06067064654892992,0.004408397862802443,-0.11403116063235769,0.0050345362812538996,0.10203396746006815,0.003945257637264539,0.016123955950740246,0.005066361119080011,0.054974934518801206,0.003908284740744173,0.05426545004695896,0.005058620800837132,-0.39885772571153544,0.005154195984168107,0.3675360251792424,0.004782628140084049,0.28397337194750405,0.005048322924007126,0.1949873733551065,0.004691540354529502,0.14015840547962286,0.003831394733512758,-0.013299123787801662,0.003552812680194203,-0.04934486941727619,0.003783236214090977,-0.0747157847012173,0.003578921707319264,0.025729278764900335,0.003834152129107124,0.00389955450899259,0.004321330978472895,-0.043021999172651496,0.003834986650406953,-0.0376934648965302,0.00432325760396994,0.10472026978339027,0.004486828551064683,-0.020543759494370595,0.004059845669761389,0.044799517647335266,0.004476500732844721,-0.05828588005749656,0.004084957426350185
75,True,-495946.08654090925,43945,51322,6,4,,-0.0017686157271280618,0.003535401455123045,-0.029773902353311454,0.004095798994919833,0.0934565697395856,0.0036018432007364556,0.010616004649336456,0.004148758786330752,0.011829354766431203,0.00356725104499332,-0.27227561873930867,0.0061531595636184514,0.11226027171792867,0.005222945204599594,-0.09489714106603855,0.006200041061604846,-0.011334009695054215,0.005080942433149596,0.35101935962449,0.004552696805573319,0.16777060084139828,0.004907871733651646,-0.05582726601809297,0.004390524676827352,-0.11565143178807401,0.004935546667214026,0.09505696378624835,0.003917856815627121,0.021969830711697173,0.004992018032405127,0.04928505971100407,0.0038832349926058904,0.0530088840381529,0.004986513596718431,-0.39287130549341415,0.005079280748190579,0.36035444956559703,0.004718414779932588,0.28509866104273895,0.004999800034901939,0.19456262311156494,0.004622904092663354,0.13637622003042674,0.003733819544917412,-0.022922009263596402,0.0035292626268593613,-0.045882166153893816,0.003688011994668866,-0.07597290806940471,0.003554416939668195,0.026339063364681788,0.0033034102664518607,-0.0016406975632182609,0.004805055923807617,-0.043302282776086214,0.0033040779480593696,-0.024709531566996335,0.004805449658103714,0.10089049826125013,0.004371427863148439,-0.024850532137543468,0.004060008266923027,0.054744928650434725,0.00435972043503067,-0.05811641359272094,0.004084979638587902
76,True,-492564.01033670467,43656,51183,7,4,,-0.0011035312256598357,0.003559295903165298,-0.03170693346702867,0.004121662766504737,0.09693003652017447,0.0035951938168528094,0.008611955834066827,0.0041781316346678294,0.014692028002802336,0.003555928395352056,-0.26722244942760964,0.006219139030206985,0.10933503220653532,0.005231402106795612,-0.09501914196115471,0.006261153269409663,-0.011384415791305745,0.005095442922020635,0.35437217925977854,0.0045795531072258195,0.16913531076805915,0.004978658802139654,-0.05266240289393283,0.0044107257291564695,-0.11839850674267223,0.0050052541094681765,0.10103598595699465,0.0039444496346976166,0.017557060724514673,0.00501836333142541,0.055067280137489266,0.003907863841932967,0.050804514841881136,0.005012170501494382,-0.4041947925826296,0.005093067565977662,0.35150896752503297,0.004765124926278695,0.28774904723102407,0.00497942167476419,0.20399319392238946,0.004688457196796803,0.14213874735885343,0.0037847153846603367,-0.010956423439816577,0.003494844992355659,-0.04073946126167941,0.003732156704417235,-0.07740603047939511,0.0035211033627574064,0.021778648148315063,0.0032956992541524057,0.012045084781865004,0.004782553163706335,-0.04253146989050613,0.003295771795126182,-0.032238429983282135,0.004784478534701792,0.09940737135572776,0.004434421407941541,-0.022252587531349913,0.00405420489036852,0.04827321735979253,0.004422467506364573,-0.05657717140920877,0.004078481681137957
77,True,-495209.4761561854,44287,50923,5,2,,0.00556159950388157,0.00354471685590311,-0.025453258306808977,0.004094282403714999,0.09674570391658864,0.0036229189331226774,0.0002777400013135054,0.004140329170423852,0.012858143102080407,0.0035852528268757195,-0.2748741717595337,0.006177253061996861,0.11198036868233247,0.005203463998918156,-0.09125435625939861,0.006220790827943452,-0.008950501377983968,0.005064385612990747,0.3531136809926874,0.004570718624943236,0.1662185119293944,0.0049160782911338,-0.054335873080479866,0.004403834437096911,-0.1172372636596597,0.004942859465466682,0.09082335696108224,0.003945564950663158,0.020529987677342744,0.0049515873281230785,0.04878953571245333,0.003913369911498105,0.0592451523743694,0.004945382845340118,-0.40123365470357736,0.005028854521312068,0.358776840076379,0.004765211946654159,0.2750244377335618,0.004907809807949302,0.20172254737429002,0.004669841021688607,0.1430560433402946,0.0037708742824994683,-0.0087309779878411,0.003538889910113874,-0.04757941469082849,0.0037209141073850116,-0.07346613352951017,0.0035616394953067684,0.027615098302948424,0.003757404729589372,0.012127339798475559,0.004265192863704582,-0.04018231392509528,0.003757312270233385,-0.038182491120662056,0.004267367425552289,0.09783958403119414,0.004418082484227322,-0.027370547516765008,0.004014038949429961,0.048249897824782215,0.004407331382580655,-0.05370037464783711,0.004036488963341781
78,True,-498368.9758220335,43730,52020,3,6,,-0.0011911740803085867,0.0035301082520879166,-0.03943468277985692,0.004132343988237583,0.09450657257832895,0.0034986828048734877,0.01208086605040125,0.004202059466528041,0.01456820426851779,0.0034629591956750294,-0.26267599367257605,0.006188414283862316,0.1143779906460417,0.005163711299213891,-0.09244833834321765,0.0062318618196714705,-0.010063033578330605,0.005019543997697699,0.35279786411348674,0.004532132743871472,0.1724320443448528,0.004937007869865846,-0.05981914016677547,0.004366430267867693,-0.11430005629082342,0.004961492232572426,0.10158225810413588,0.003883969819723548,0.021713491247698214,0.005011909443867373,0.04275779639753085,0.0038463447421722323,0.053077430275668205,0.00500572258016219,-0.4056224158026603,0.005012953517965471,0.3501295372759126,0.004729183716449871,0.2856346177909942,0.004901278258827505,0.19570643474211422,0.004649396067756194,0.13922665356852434,0.00382230309465933,-0.013394590237278509,0.0035559514807802874,-0.0384368902273126,0.0037701696406737743,-0.07454456638101073,0.0035807996448966924,0.02386889422395661,0.004507333744067776,0.020720778687426226,0.0042387307467292,-0.03248806680198187,0.0045074313175548445,-0.04623593204497913,0.004241299934693682,0.09623487765370574,0.004434744122353193,-0.02279076338896185,0.003990651704288964,0.05163639833333722,0.004424539006151401,-0.05686008533785137,0.004014684962951793
79,True,-498426.45352304925,43941,51738,4,0,,-0.0015650338311881365,0.00355269605047436,-0.019052139185736446,0.004051346226949507,0.08923507504969,0.003652257750004401,0.003704571004103771,0.00408584700719218,0.013980872139301126,0.0036176430026009774,-0.27156512568418056,0.006210165507967589,0.11497486978403774,0.005188009556311417,-0.08313930165091794,0.006260251548273731,-0.0016821469548199469,0.005043761778165339,0.3521528169130129,0.004620549036101221,0.17399839639420606,0.0049110383771667175,-0.055405210097738716,0.004453234002737752,-0.12300154138274892,0.004936803271928743,0.10547564099708676,0.003827576140325765,0.01506695055536221,0.005176953444301212,0.04839102691834683,0.003787754591591874,0.04846031514043497,0.005170283660198289,-0.4033069672124618,0.005108039827689351,0.35728726967542135,0.0047622325300467165,0.2870405001589312,0.004994089245890685,0.20385282916709943,0.004675711730350336,0.142674172662312,0.003839721809423059,-0.0154111356004321,0.003552163019913615,-0.04124988955891711,0.0037836737283981326,-0.07797883043160422,0.003578240980999334,0.026917888317624077,0.0032904983869839802,0.01837300613006068,0.004337298937487608,-0.04182613241608662,0.0032905512468764794,-0.03453201585509643,0.004339608480492247,0.09946726489292247,0.0044610970629636775,-0.02276359739736976,0.0040237166201711454,0.053447443947864624,0.004448603410475777,-0.05758806766683795,0.004049380949966135
80,True,-496462.17707666126,44000,51415,4,2,,-0.0005925295056606212,0.003551668332534798,-0.0320419644568621,0.004102682185833183,0.09448654662103524,0.0035932541453697437,0.008238466107557393,0.00415976190204783,0.013034212714640059,0.003555243436241583,-0.26649124143797775,0.006228097615790824,0.11488998837070603,0.005165435321421202,-0.09209640320349459,0.006275330688595008,-0.008209295311892304,0.00502038937531825,0.3512363637671641,0.004606422472670335,0.17441566234591283,0.004921867752836822,-0.05384073056382797,0.004440775395075255,-0.12188922942597531,0.004949529793733482,0.10111879191624755,0.0038581843526829416,0.019782588647643665,0.005083674529531368,0.05174053839348137,0.0038211444711208136,0.0442753233394517,0.0050797016604621935,-0.4053930042132656,0.005076398864676406,0.357653199890128,0.004742352464686557,0.2810087881829976,0.004956483511697932,0.20323396730559398,0.004663695505074288,0.14389618108596414,0.0038273849540954668,-0.01484392710975996,0.003495335577906931,-0.04536511455756669,0.003775491316943848,-0.07746165283981196,0.0035222537756544195,0.029983312021478723,0.004084706674326647,0.016350442686528383,0.00359023135560585,-0.03123964726575979,0.0040850958714737625,-0.04783385178114496,0.003593687343939827,0.10301851234112444,0.0044840169540492835,-0.018426491705634117,0.004063546582851426,0.05761475808264255,0.004470932271682821,-0.05488582059564317,0.004088523898661923
81,True,-495186.03967253654,44006,51233,2,4,,0.0075627480257079984,0.003565767225801663,-0.028674099189148684,0.004126491044277386,0.09863271233691484,0.0036031960251789964,0.006853538221406327,0.004177638580021697,0.01687044420105658,0.003566215394404383,-0.26678206025751283,0.006336843974695559,0.1162769099859253,0.005245090478392449,-0.09587542576050681,0.006387859377811368,-0.012094219610979399,0.005096295310760745,0.35167762245500184,0.00461513366890863,0.1736482819442426,0.0049802243613935124,-0.05783742889830069,0.004452323956044961,-0.11554628287818035,0.005006066502801641,0.09618202971481489,0.0039137990785846405,0.017647827744993894,0.0050164605093770695,0.0492602968785941,0.003878161552444697,0.06100975752872098,0.0050079903435364965,-0.393633621915432,0.005152377791024276,0.3549382223631213,0.004754043589591978,0.2990609377017747,0.005082635157114674,0.2016710374126405,0.004682830060984283,0.14099081121572957,0.0038581973038981985,-0.013283512604872809,0.003527244636707774,-0.045134817718240836,0.0038075845939319615,-0.0788355073175997,0.003554698192933869,0.03855851832810663,0.005288859268343565,0.0010872046307249482,0.004445098574308787,-0.03618996281376645,0.005291970700865676,-0.043312147547834634,0.004445961338050722,0.10785216288453574,0.004514834651722662,-0.02672517883290026,0.004086803180933328,0.049768101635626866,0.004501979440145768,-0.06561901611106485,0.00411620922918109
82,True,-492180.2166621685,43659,51183,2,5,,0.0017982585647511823,0.0035784705448709386,-0.03733903029060225,0.004144910871142729,0.09863762211759444,0.0036046498112052073,0.004695929928598047,0.004211272052165092,0.014865193992165269,0.0035662969483365283,-0.27332456640509495,0.006252194828458845,0.11768221369922181,0.005338439653744197,-0.09769868066930237,0.006301582371738281,-0.009903187599221026,0.0051855617627027725,0.3522633401436834,0.004599512218347761,0.17121074429228486,0.004970754925611364,-0.05628613705211794,0.004433141294248212,-0.11325593236857608,0.00500228627073848,0.09673151772052437,0.003951670497748871,0.016877960858762447,0.005084704048034326,0.047414146841818675,0.003914280468142212,0.05677557187014578,0.005075018792865842,-0.4071031913291367,0.0051403347218626355,0.3572955339517732,0.004811327414095196,0.2903367812685508,0.0050556688431651975,0.202840638261955,0.004730253878546329,0.1420447557589262,0.0037530784222710003,-0.00804869812159771,0.0035397196652649362,-0.05431722456783867,0.003706754719719265,-0.07549342303241807,0.003566527297410919,0.028315217642376562,0.004114948162035385,0.006158447227632747,0.003910062377172287,-0.03739211393964344,0.004116063996623303,-0.04475491585072741,0.003912297833607875,0.09949411421782467,0.004448164571078965,-0.02764278601669427,0.004079095020061696,0.05235695696445434,0.004436542630312434,-0.05876866282456711,0.004104856264211628
83,True,-495284.32655164995,43829,51389,3,8,,0.0015859715615841818,0.0035543766019954996,-0.03775506072115848,0.004166174056217894,0.0988718083944494,0.0035383916075483013,0.006768325795427778,0.004233875243832099,0.012755083909597283,0.003501149171667547,-0.2744520799422463,0.006234226555238215,0.11508940396716708,0.005233353684831614,-0.08765265090238812,0.0062851730199824825,-0.005360197796687229,0.005087977963837105,0.3502214734378615,0.004596689739923563,0.17148639873401106,0.004914393478571841,-0.055988277050049745,0.004439332904669414,-0.12075571450199732,0.004943165236179751,0.09620381970870923,0.003910540976163975,0.018974412030110487,0.004969037076884482,0.04595988144266042,0.0038742633817581093,0.05789978058418733,0.004962705473534532,-0.4019709124336355,0.005070363789436208,0.35320075299763604,0.004769115173781715,0.2877666380118057,0.004964401793585553,0.20369261633192245,0.0046971482894946,0.13837704584055657,0.0037620524640809994,-0.01162716565412159,0.0035434448214958234,-0.04678885559492841,0.003714353303836442,-0.0726262458318131,0.0035673371341719633,0.02681114823864404,0.0035088324657692152,0.0081100342038248,0.00421963679379447,-0.03868076043714445,0.0035090831746426056,-0.03683791832635454,0.004221258362488894,0.10772579192358216,0.004437669105379561,-0.01943849219977747,0.0041220833967498365,0.05216416923155819,0.004423336692621805,-0.05893377398486474,0.004149705014172298
84,True,-496470.9064293476,43961,51441,3,1,,0.0008483001833700271,0.0035612521412028393,-0.025483604296334346,0.004046573883678002,0.0921361869458435,0.0036495223395183666,0.007132830645263234,0.004092165018187116,0.014804792723053522,0.0036135313168321253,-0.26717329082313723,0.006264998671628867,0.11767195621419618,0.005295810734921526,-0.09605530493530001,0.0063161934086744835,-0.0074168783499912365,0.005144699989580505,0.35279505044475923,0.004606844653027343,0.17069896457056022,0.004954567082678906,-0.047506937270374625,0.004435544656687301,-0.12207043482262195,0.004992030217481823,0.09431969748641474,0.003894477494437342,0.0199014109192571,0.005076582965416216,0.04493682394219674,0.0038598663349777873,0.04710950509845705,0.005070655839087093,-0.40541600280688295,0.005092849393361467,0.3523677823097475,0.004767725120719912,0.2919646979165792,0.004999039526574214,0.20384606686382437,0.004686106001647445,0.14544957520452934,0.003761326577916847,-0.012573813494785544,0.0035048310741900577,-0.041805437663630596,0.0037056749604903326,-0.08211495312978291,0.003534928935297571,0.02619091190809102,0.003638388630766171,0.01906319728461158,0.004012987236979802,-0.03965093698606618,0.0036384750926716203,-0.04330970460406976,0.004015930873924468,0.10046090874685272,0.004438895633188413,-0.02172641516580692,0.004059123830500918,0.04993589717121443,0.004429425481149981,-0.06136490679909374,0.004087161077723928
85,True,-496791.95969958487,44021,51510,4,1,,0.0036857616206219575,0.003553401029170862,-0.03262685137503009,0.0041134433212035365,0.09218854567873327,0.0035773921550444096,0.003067864532779702,0.00417231385977679,0.01027703228832051,0.003541415671128003,-0.2739842825117404,0.0061724493342193865,0.10960122776835604,0.005264641970339777,-0.10930715309722937,0.006220378580818315,-0.01651215201541754,0.005126756093327475,0.3566604962734129,0.004539340927695934,0.16902637914981544,0.004936571735336621,-0.0658969355661645,0.00437031801867055,-0.10544461276782038,0.004956304181039297,0.09271507270995102,0.003969281726852745,0.025901573758474166,0.004859874095696395,0.04104015875183128,0.003934673695383088,0.05536364258137723,0.004855051077803929,-0.4106884145277591,0.004969094019501303,0.3562307917746492,0.00477370969011572,0.2752103480686682,0.004824578889242925,0.1942523066951387,0.004675388313670142,0.14235461763411925,0.00376508808912798,-0.012257749443771091,0.0034709867882681596,-0.05206070227449069,0.003717359036381041,-0.0705550849569054,0.0034931963733190632,0.02809899040473987,0.0037452088284442063,0.012543395521683322,0.004077223466953976,-0.03998950239941182,0.0037458232448039923,-0.04446473322432622,0.0040795466579838175,0.09975981311803703,0.0043864770844426765,-0.022716252816968575,0.004007672031354035,0.047772101147278825,0.004373958766210513,-0.05871745733793211,0.004032748187076447
86,True,-491588.3871165932,43738,50897,2,4,,0.007347763962348001,0.0035762117689391725,-0.029726626036123364,0.004093626214304239,0.09135972067680816,0.003611229877932739,0.001612146220177655,0.004147439054051885,0.018225288710016233,0.0035753739779467667,-0.2789818758453458,0.006255799645878807,0.11121092453870945,0.00532223332761213,-0.0880413618254026,0.006313387253784353,-0.006012660110396887,0.005180582131590198,0.34713301127903845,0.004638245392698138,0.17179960260184665,0.004902265712123741,-0.06415415378056416,0.0044765051733146695,-0.11471888251880376,0.004928377659966564,0.10163638203256788,0.0039043076654164816,0.019936260205978266,0.005045686007171969,0.04904617701268359,0.003865678878780114,0.04985230477532617,0.005040620156626108,-0.41179485630275947,0.005107103197372545,0.356358633431183,0.004830003590527587,0.28553390979505106,0.004996965321757489,0.20100249420328217,0.0047423447535668425,0.14087911380771795,0.0038325199880861294,-0.00580606051910362,0.0035493806411539936,-0.044332935530092744,0.003780173689377017,-0.07602191945578735,0.0035761890473453403,0.024228723460902955,0.003677789590260535,0.011521983784460421,0.00419630388087037,-0.03955246580820842,0.003678805820719316,-0.03973817473582212,0.0041981776876615735,0.1040599749858953,0.004430496729073083,-0.023169116315634092,0.004066565535861643,0.04479127888101612,0.004417099469762138,-0.05794534120106074,0.004093304486751701
87,True,-495679.84935171134,43787,51364,3,3,,0.0007891470157511276,0.003541626593771466,-0.03563912449342008,0.004138799671557025,0.10132199415074175,0.0035666897795229705,0.007919813767002536,0.0042021522816183855,0.016011905974058074,0.0035289529002739415,-0.26262067256153476,0.0061912072797643165,0.11014682847263846,0.005248316727914037,-0.10242493779403768,0.0062395200374411475,-0.010916144209572156,0.0051093104178894285,0.3520527169077044,0.004605979469356924,0.1792631315687642,0.004946854766145624,-0.05617177137592112,0.0044392604815870545,-0.1106001564357711,0.004969503677298305,0.09387160590272683,0.00398730822864602,0.02369763790101832,0.00490817097355829,0.047795207397886105,0.003953732164517124,0.060001469783898365,0.00490190863043918,-0.40771179226086274,0.0050326550567718585,0.3563083078024167,0.0047360636925427605,0.2786352252912893,0.004914396499834864,0.19064171568950353,0.004644303489951281,0.14354637808315446,0.003720060074884345,-0.014254861532371306,0.0035107785221652203,-0.05503785261079562,0.003672877883764499,-0.0754979741415023,0.00353630232957907,0.028920273640418714,0.0035340142122115763,0.016341820729074703,0.004287181670596574,-0.038513897931800906,0.003534283171555063,-0.03532928080418647,0.004289143360081597,0.10253785149404686,0.004417914799307041,-0.016928503726146495,0.004098691806394742,0.051052939086359814,0.004405205237199731,-0.05663700803743012,0.00412299290102471
88,True,-494919.88677851495,43863,51353,6,7,,-0.0005131899801747301,0.003577615503524737,-0.026310809995838912,0.004095863948720444,0.09101311328403353,0.0036275469656348023,0.009728127927739548,0.004143237246680449,0.01152225572802525,0.0035918105832634826,-0.2735301172897718,0.006388336528666271,0.11574075768637254,0.005421945189170497,-0.10025076705283753,0.00644293339861497,-0.008596099937359146,0.005272939985198907,0.35436836123079857,0.004609559814809427,0.16870850656745953,0.004997676145253562,-0.05866842827994659,0.004443783616166854,-0.1172916154220759,0.005031422720856919,0.0987216514675342,0.003937877234243608,0.021212499227591535,0.005166281360091581,0.04590485943381352,0.0039007863711684513,0.045386321665999624,0.0051614744935200635,-0.41220935101287565,0.005081957416121233,0.3599634590791243,0.004808575268703476,0.2821319630988918,0.0049569848374743705,0.196649382542764,0.004713678098949287,0.14361937936316796,0.0038300201623173544,-0.013464338273119063,0.0035250201347219986,-0.04967703972075893,0.003778587150212881,-0.08293010159301312,0.0035557823852525173,0.030485276949010612,0.004098008165523761,0.012460436786310519,0.0043173549305989345,-0.03778123435567557,0.004097217938776709,-0.036937527429572375,0.004319248766215621,0.10132809330703765,0.004624286226554632,-0.02272770598069316,0.004119611022649247,0.042472786568519015,0.004615942262691524,-0.060871931045092316,0.004147244784665182
89,True,-494110.8773552615,44006,50968,2,6,,0.005169542085084262,0.0035261631971099704,-0.03249589972597832,0.004089678468671207,0.0907899295728998,0.003547450046418427,0.0057647160480247105,0.00414783066840505,0.01456518481588636,0.0035133686162361205,-0.27108213731496544,0.006236238251122291,0.11376803386744858,0.005149624569292554,-0.0758764791629479,0.006283977758523534,-0.004808288327304609,0.005010424508478874,0.345647754743763,0.0045950945261891895,0.16971586042194886,0.004879928442112814,-0.04975430705289974,0.004435952376351415,-0.1244840300671568,0.004905940476521823,0.09781566918392151,0.0038189148409002883,0.0158975438707041,0.004929451256622284,0.05413295111486668,0.0037848095258068296,0.0482018849004283,0.004924140851474954,-0.3914502451925372,0.005088596543536133,0.3593005712155812,0.004722914044478767,0.2927207063121321,0.004998377751325922,0.20391464388148295,0.004623498897927852,0.13734953848909848,0.0038356290611717835,-0.010793125870946739,0.003488856849363387,-0.041923621535107355,0.003788856964545325,-0.07552925423885651,0.003513246440932395,0.02260830287741524,0.003298553375899011,0.019793256122561633,0.004336114921322371,-0.04186783379266144,0.0032990302140173348,-0.03795972447349883,0.0043389812792428905,0.09550508766053123,0.004394305816970648,-0.025317761446995986,0.003987798537458247,0.0483209877890491,0.004383724598831494,-0.0530686169287027,0.0040103087905729974
90,True,-493492.0622055974,43927,50938,4,3,,0.005938937740877663,0.0035551066885148226,-0.03880240172216987,0.0041941200606058476,0.10396834700374741,0.00353211226112671,0.004854063298994355,0.004263674336109124,0.008190915324897094,0.0034898734590948916,-0.2600023477099925,0.006329352625911815,0.11609287953521673,0.005180575678026091,-0.08736506096391454,0.006379057002714258,-0.00854592099630448,0.005034914612915654,0.35518354774508576,0.004570152014702617,0.1694710763334317,0.0050053813888160815,-0.05261371567419829,0.0044001621777436765,-0.12289037247283377,0.005035076000090562,0.09680401723197023,0.003810117793884121,0.006462073048854154,0.005100800433361831,0.05649676919942206,0.0037761728735485854,0.04891874411116079,0.0050921110780867765,-0.39793255471027583,0.005076170084714709,0.35786543151949135,0.004754547372260837,0.28439567185738196,0.004960005994206082,0.20197086181028692,0.00467651454941713,0.14599453000607915,0.003778140182215483,-0.011433579250769342,0.003545027101167259,-0.0466220092242831,0.0037229543589890023,-0.07406677920893912,0.003569213979040393,0.02532027562372702,0.004275873600318135,0.01593765110581111,0.004387690324279517,-0.03602181373632975,0.004275672700543259,-0.04097858263467069,0.004389890769384416,0.09832126025370877,0.004553232883046662,-0.028745552108612918,0.004000610882762904,0.05131855666981483,0.004542884912581777,-0.062099244856981,0.0040275564851488975
91,True,-495054.8942925595,43719,51553,4,2,,-0.0019500798713919462,0.0035507796013478973,-0.03308359312331,0.004106568518838154,0.09642673097703432,0.0035874982955072096,0.00494895984381751,0.004165809843506357,0.015130653076326245,0.0035509009110307297,-0.27555067696186053,0.006234846524745879,0.11221058759151005,0.005193481011163452,-0.09003626084130953,0.006282058447128826,-0.007908291228910687,0.005052117886948719,0.34935668472104076,0.0045915350883598905,0.17813799779950337,0.004866815553942979,-0.059414313107770615,0.0044268657252586295,-0.1148126383862223,0.004889385140527583,0.09129940749254178,0.0039206496151666355,0.02230647248441494,0.004977336365265578,0.045392127514950094,0.0038872388025328803,0.05832207805708502,0.004972433927913912,-0.40617266162574234,0.005033152341905554,0.35805875350151795,0.004774981200094161,0.2775460217130676,0.0049203209539481155,0.19813757579018315,0.004676181028710703,0.14399813597182784,0.0037070855201322703,-0.01108738498314533,0.0035097245467224326,-0.053067636538561905,0.0036602830545414636,-0.07203713270981012,0.003532169784264074,0.02701686842195049,0.0038599196643462463,0.020598227894528837,0.004015503933299961,-0.03733044183768695,0.003859465614210299,-0.04665277601945134,0.0040190239075952655,0.10446060367791012,0.004500948165150806,-0.025632733341261454,0.004053638931734531,0.0425499420827888,0.0044894826420889015,-0.05430728142478093,0.004076694819241807
92,True,-494244.0768610969,43868,51178,3,4,,-0.0029205597772378146,0.003557764721384276,-0.025256606761115196,0.004088070265465741,0.09151675951718469,0.003618450722001199,0.016114878778022864,0.004132920754057656,0.018332652126776868,0.003583855314084625,-0.2770473572322804,0.006252286703123967,0.10896412644459658,0.005289030455195909,-0.08398522023637368,0.006302532014245532,-0.0019504639005471678,0.005154073910114533,0.3519188974719779,0.004636356611850906,0.1756879257032499,0.004926693257824871,-0.05497370267110382,0.004467295392160686,-0.12222021821115714,0.004955353936644181,0.09708378862464138,0.003939042969409463,0.02351715208801873,0.005014134647282187,0.04636910752155034,0.003902240068016982,0.057708462732390275,0.005008268629612504,-0.406259205831408,0.005088004932807813,0.3522001336878398,0.004784399555972421,0.2829268835797904,0.004973787024879633,0.20619853813415848,0.004701239526370772,0.13456999494778996,0.003770913656113243,-0.015387041270594846,0.0035066482543017847,-0.048480719222750206,0.003727174945563547,-0.07276329130076502,0.0035297460688170157,0.034119130818236504,0.003790548587556614,0.008598437318787247,0.004191808271750476,-0.03163824834784066,0.003789778523146264,-0.03742556021140084,0.004193319280650903,0.09713679379904507,0.004456047020969295,-0.018549976333074224,0.0041177928314120186,0.056625315675751534,0.004442698793180908,-0.054573530887541126,0.004142515430939269
93,True,-492844.71383589273,43556,51313,6,6,,-0.004581748119069131,0.0035391140217415473,-0.0312467746658523,0.004085349815069168,0.09140089210274394,0.003564378533452756,0.004402573558100103,0.004141564424212265,0.01579294255889981,0.0035294606702657417,-0.27178724685383204,0.006161266512016165,0.10882151391860258,0.005251210826137085,-0.08363023764893236,0.0062071021108200414,-0.0033260043705084625,0.00511540721085049,0.3517413885663191,0.004546844114241672,0.16945432377168315,0.004946888885127586,-0.052379548712869525,0.004384429693087154,-0.12539722396724381,0.004982786175429237,0.09594541636315707,0.0038951938002152373,0.020049704823343048,0.0049881296476310165,0.04973023167869901,0.0038605442906591786,0.05190963266200024,0.004982729363373788,-0.3976495921642611,0.005092240740493415,0.3548022516942171,0.00474821598562252,0.2812428300212322,0.004999771759956927,0.2041704047662933,0.0046665599650448685,0.14234996207244324,0.0038702388638793203,-0.018299999549482148,0.0035634307744434163,-0.0361649482096398,0.0038131888947852207,-0.07935863571087048,0.0035920100377449093,0.025620485691652126,0.003538187227941936,0.016939050508772938,0.0040442479635977475,-0.03663490924573979,0.0035376278390574106,-0.0411478494923131,0.004046970336155216,0.09713008921617985,0.004330861593289806,-0.024233719118949167,0.00405797083965214,0.05341634022141335,0.004320662793832641,-0.04968444263686257,0.004079672349790134
94,True,-494096.6162303705,43660,51466,2,3,,-0.0008825127567185313,0.003575706218816394,-0.030832325248578638,0.004104024833343225,0.09684647747436005,0.0036224551688092436,0.005852721019343517,0.004159169199597205,0.01690355139138481,0.0035837570230432677,-0.26846369842505446,0.006445686123808658,0.12340851620779687,0.005267627496628687,-0.0847805062817423,0.00649730995434679,-0.011615901717675094,0.0051080657611812475,0.3491118976224963,0.004658425221742964,0.17206897665920856,0.004971795726293693,-0.0526071172376389,0.004499094139864984,-0.1235889371811055,0.00500257618243416,0.09904040150054795,0.003890831055067569,0.014494624850712862,0.005109874313927433,0.04842408291750991,0.003853914152353641,0.050605761836160126,0.005102748500563615,-0.4062196072919885,0.005160997062092737,0.35462808282192204,0.004763200774232775,0.29096180328929433,0.005046252829008101,0.20818134135970895,0.0046933162323940765,0.13923670762222187,0.0038216287312577463,-0.012948848902892269,0.0035559129847809157,-0.03935910907362359,0.0037693042747266956,-0.0750692030720099,0.003582051105883399,0.029414467862501775,0.003740874991605051,0.014097326390302015,0.0042711978384566765,-0.04288294756351344,0.0037405911685780184,-0.04211412303626413,0.004273832084008811,0.1103280025256124,0.004663649728820966,-0.01805837999921015,0.004141567425373449,0.052322385606767025,0.004649403931593694,-0.06365473641507108,0.004172073240661052
95,True,-491937.0672684694,43690,50947,3,3,,0.004555809048663271,0.0035806628056812423,-0.023540844094094758,0.0040964136141342046,0.09661063167145963,0.003666055349371088,0.004223289474279182,0.004138910582158755,0.01305128828043137,0.003628262550955454,-0.27479666338170855,0.006168750497587727,0.1033901732733389,0.0053279123465985664,-0.09645444625663323,0.00621527142039078,-0.011759333447175451,0.0051981854070029185,0.35124966241908034,0.004626857547340161,0.1703785092638373,0.004965688866111084,-0.05680880676298063,0.004462083758321552,-0.12125832872686422,0.004997146236189203,0.09781996567785807,0.003946718907650958,0.013329185578329947,0.005030143492778943,0.04074540799686699,0.003909652822322749,0.05512756470553297,0.0050215925802703275,-0.39868302174594383,0.005126091206088599,0.36437464493884525,0.004794653731283353,0.28806338675542503,0.005036112708079765,0.1997982433344115,0.004702993353362058,0.14419282560629268,0.003764057257088234,-0.01391862620388085,0.0035436441131762417,-0.049774034297529954,0.003711579260224335,-0.08009663587330906,0.0035724312746009284,0.02533982777052687,0.0035954760987126967,0.01595821220259279,0.004378244397867215,-0.039558630597210216,0.0035958564601487964,-0.03928127066040107,0.004380674262567641,0.09916460718976594,0.0044797629463829815,-0.029214629737330026,0.004086417059271853,0.049374263307021896,0.004466883568101574,-0.05834680387887666,0.004112619700144816
96,True,-495469.62423431745,44040,51125,5,3,,0.005384880771376012,0.003563640853239203,-0.028967409428138077,0.004098520007661298,0.09575595190686707,0.0036183743183429685,-0.0008926636117817725,0.0041509274420263855,0.0173573998682569,0.0035829333382963484,-0.27365786068138914,0.006181590096601106,0.10711849301936241,0.005279946301524242,-0.102130281261258,0.006228186449154694,-0.014478280287687374,0.005143799408020642,0.3512105473083099,0.00456392671206355,0.16718998465590706,0.004955435681533688,-0.057578717504123154,0.004393134977552009,-0.10634653559269751,0.004979830325098974,0.10004405726525385,0.004043490393160595,0.019608146130295788,0.00506290034521108,0.05450078250955303,0.0040063400210663125,0.05696195846067651,0.005054639697993356,-0.4095898141679871,0.005104156261866476,0.3653961909557513,0.004778079062378164,0.28122253040940154,0.0049926564753488495,0.19637377744325565,0.004671785391219434,0.14721977645157286,0.00390999760749414,-0.015815552526661576,0.0035383124455373696,-0.04363848543219016,0.003853795241484568,-0.07809965620117112,0.003566125293872833,0.02554833864697182,0.0038343368129426713,0.014441099312991437,0.0036956625736663585,-0.03368112368278119,0.0038338260998787145,-0.045917425355556755,0.003699325898576648,0.10403149876299217,0.004391616989260036,-0.02545918617868835,0.004103173395614597,0.052101104437319426,0.004377668119513002,-0.048348283220950486,0.004123794441874218
97,True,-494600.3527743968,43747,51249,1,6,,-0.0009830886703034944,0.00354312439873798,-0.02665745396730261,0.00407197196206341,0.09260229865600687,0.003625225727534322,0.0038478844635597385,0.004119698113649805,0.017802006086872844,0.0035884102431414347,-0.2636297288302243,0.006365197316487923,0.11638965467726803,0.005253048022867912,-0.08826531278159769,0.006413274309541931,-0.006701703096614054,0.005107546302980939,0.3565377786094868,0.004528700318152005,0.16111067661875464,0.005037432693831808,-0.06186138381573282,0.004362111918477025,-0.12043030761716994,0.005071549830922199,0.09109362849128291,0.0038438855646805966,0.008938210675647089,0.0051283320763283275,0.049998866360958114,0.003811633412741341,0.05948688132655202,0.005119096098957464,-0.3971036765363732,0.00511596649406424,0.3656789475780569,0.004743712572340067,0.281794954754573,0.0050146031472874456,0.1947199566530077,0.004638423482063171,0.14481192317803857,0.003789467395484908,-0.01787650698272175,0.003524762337984864,-0.04940283384536943,0.0037370254808342437,-0.07369131066690482,0.0035477227141596066,0.03337881117236768,0.004388318650814114,0.006722214905266177,0.003857085062503383,-0.03073722033000559,0.004389192749990397,-0.04478325969761755,0.003859048289061633,0.09945029085994413,0.0045826700235653585,-0.02594390997085772,0.004004694371374474,0.043010839301966336,0.004572989855333678,-0.059392323521940536,0.004029344628059213
98,True,-501208.6220589052,44033,51995,6,3,,-0.0010462123476446213,0.0035308766796802817,-0.029647025516068903,0.004107966818513737,0.09383773329811722,0.0035795906933010642,0.010556567407848418,0.004160603780060344,0.009162566868138426,0.0035452543434014764,-0.26980902647186006,0.00607256631262938,0.1058728204245781,0.0052005327928946014,-0.08568931341939817,0.0061190747581389635,-0.01099063975942532,0.005069556918706703,0.34812642678498623,0.004519312347023133,0.168859987515666,0.00488871643285389,-0.05335573178767874,0.00435857517995558,-0.12216495611098321,0.004917585837897165,0.08933997013183564,0.0038447769555186584,0.014363518960765972,0.0048970123664997586,0.05105734550638312,0.003814212400675149,0.04656017134004335,0.0048911073593213335,-0.3997990448720133,0.005044555528941317,0.3568364291349456,0.004725686576323809,0.29077318993904816,0.004942337066749595,0.2018800477091963,0.004639869386283373,0.13891324385794118,0.003699642286939579,-0.012052316699477567,0.0035147719039024436,-0.04915677056799865,0.003651785746256658,-0.08154043664328663,0.003544114654346702,0.028658403541647726,0.003865891726706827,0.018815789924248687,0.0038869826439653027,-0.03696238981303452,0.003866227629854655,-0.04532470610970371,0.003889669253541112,0.09959174190478469,0.004398306921895113,-0.023274097747800968,0.004064462527375855,0.060248420708245556,0.004384848859524188,-0.05773632867914765,0.0040895745569072455
99,True,-496058.72811857914,43812,51503,5,3,,-0.0013932071943559225,0.0035275007532032374,-0.035478664621750124,0.004117974005693293,0.09631096775789956,0.0035375290558414775,0.0047759481998121125,0.00418117785096418,0.01717767909664842,0.003502284027764624,-0.2792368786258075,0.006135987460742038,0.10932242238001838,0.005274413180479121,-0.07815310131981645,0.00618655621803924,-0.0067138461815895185,0.005137766991753265,0.3489675391392367,0.0046111370799594665,0.17442321974036096,0.004893389958647734,-0.05048921042667043,0.004438685189388364,-0.11174310952310094,0.004921769037995301,0.09577531870179998,0.003896156519165662,0.019506386793137893,0.0050813977801155985,0.05291562559076919,0.0038603399027114503,0.05512721208619699,0.0050735192507390895,-0.39482498953377737,0.005063493544801876,0.35037839996266273,0.004730411783170781,0.28499663465629965,0.00498237066122315,0.1961863314059999,0.004638643770154885,0.1410406774978572,0.0037930220595340856,-0.019564466819164125,0.0035625434690982538,-0.04822705677707902,0.0037441024703710342,-0.07967642698757013,0.0035891720692183163,0.028245068962467743,0.0036806644644041603,0.013016924449074192,0.003918070448349932,-0.03921415447316808,0.0036810544454394063,-0.043857601572428,0.003920846569443265,0.09720556015639772,0.004362420731691585,-0.02796562630708143,0.004055100702527162,0.053914360907507716,0.004351993217115853,-0.04854342521031612,0.004075939427751924
100,True,-494366.86894834344,43928,51089,6,5,,-0.0024194487054875033,0.003564548592715304,-0.032613919372863835,0.004166128114553548,0.09989194441443557,0.0035586605828576198,0.013074330152758324,0.004224204154262871,0.016569839048696567,0.0035213824458720996,-0.27157694761259504,0.006184739450452723,0.10691187020616266,0.005276209166400753,-0.09452511047012437,0.0062341256676521255,-0.007654326508565688,0.00514222057977875,0.352540984526668,0.004612665039237318,0.1743558061467706,0.004958467157585858,-0.04977705324448782,0.004441067424024579,-0.11479200860447179,0.004985994527322758,0.09445648635500402,0.00392335396099339,0.019367004119662534,0.00506399338181387,0.049840880708608364,0.0038892226954704255,0.05580521334810912,0.005056587583804621,-0.3976793886777431,0.00512044909682993,0.3528636195675447,0.004747225174016083,0.2882569263263423,0.005032243402467939,0.20406514363624417,0.004669271405284407,0.1367010090699334,0.003838298721279607,-0.019391254187921165,0.0035126969938442726,-0.04069252483673109,0.003790265125221321,-0.07980884598045204,0.003541652394420427,0.024613948519132692,0.003689808374641059,0.01726395671333305,0.004295712579327239,-0.040222113968930794,0.0036895433421952643,-0.04199168001906622,0.004298802723002607,0.10762476587264938,0.004453257102437786,-0.021911787999762376,0.004081114018764287,0.048018188219988614,0.0044406450431856695,-0.05146284954652435,0.004103997898732734
101,True,-493217.6394789822,43767,51179,5,4,,0.003264485688850103,0.003582133449648522,-0.03011611437382252,0.004173625874224711,0.09706546539975441,0.0035928544798162943,0.006194742404273871,0.004228106452413111,0.009559035687230183,0.0035572821244033892,-0.26664233540475324,0.006393975102859167,0.1167348985555178,0.005283627003556768,-0.09157669539902233,0.006443208751759697,-0.0036609244743965592,0.005136105582244815,0.3505325019642289,0.004634860435269734,0.16855746385759868,0.004987493243143604,-0.05798164919435021,0.0044783500708741285,-0.1278659011177854,0.0050204734756448075,0.09289223852972534,0.003979044425565825,0.018763550493103572,0.0049205375751136754,0.04202917789272665,0.003943634978996907,0.06880961834633016,0.004912023100738388,-0.4060229491142412,0.005123795640351102,0.3581261873628555,0.004811788138442242,0.28496249003354474,0.005008479932521939,0.20676465466899635,0.004737943794863107,0.14529002309851807,0.0038420310050822286,-0.011898398236742639,0.003557112346098409,-0.04468528592956114,0.0037868707654359806,-0.07716702832431223,0.0035841271441106417,0.028963198702351173,0.003611526039577263,0.017514043098290702,0.004143595692216904,-0.038137596432982375,0.003610354394386787,-0.03870641659655958,0.004146442024935484,0.09523328096512637,0.004494231802572707,-0.025575570141790786,0.0040840871269794505,0.046588925598710446,0.004483402481210593,-0.060633423335637204,0.004111082095108513
102,True,-495134.8376588775,43925,51278,4,4,,0.0005739307716117586,0.003549451550601444,-0.026369234531678,0.004095191963422126,0.09145344847247193,0.003608670051731317,0.006045700557615738,0.004142958200375305,0.018299588158193554,0.0035768273812758966,-0.2652167995201302,0.006197224835837862,0.11378501700453546,0.005196077525783834,-0.09065105754090612,0.0062378899886929955,-0.0045322543723897,0.005053989050158354,0.3577572530853427,0.004587568371439784,0.17585867719370765,0.004985761831497683,-0.052477686802623116,0.004415929345163278,-0.11300502542395972,0.005008428718458787,0.09962079683731194,0.0039110575315259,0.018271460984282544,0.005064937050828433,0.04758358490242151,0.0038741038447033254,0.04827331401881482,0.005058918866848364,-0.40203620695708514,0.00515078391471261,0.3614564364986452,0.004748563055359179,0.2798792298353639,0.005036840533220794,0.19578087365818786,0.004652190897720388,0.14010953930770664,0.00378984360955145,-0.014093590565681682,0.0035121886332904278,-0.03926538157497111,0.003737237352810622,-0.06955457345772299,0.003534637351716593,0.02614548763301593,0.0033537044382394494,0.01640695221827689,0.0042263327865110474,-0.0440056190408678,0.003354247160090742,-0.037738142554078605,0.0042288564353534985,0.10715683812986809,0.004467935931586249,-0.020048091247381963,0.004120450836394519,0.059415694579348775,0.004455648420142261,-0.05056672079958944,0.004142468142849612
103,True,-494738.0527233507,44014,51054,6,2,,0.006724429393784331,0.0035737735431816448,-0.02274277350555376,0.00412688671273994,0.09655341723198194,0.0036534579009166943,0.009701812943702256,0.004167444426235279,0.016208112424697944,0.003618391303034313,-0.27086798988739047,0.006287315867301194,0.11157821015029865,0.0052364597000245285,-0.09574056478547786,0.006335191990851826,-0.014303214595108003,0.005096196871664271,0.354278687597229,0.004654619996027121,0.1797314973527294,0.0049792409405856825,-0.059361011488745674,0.0044895836564404655,-0.11452370550265628,0.004997419547562725,0.09267757010110492,0.004035308702625913,0.023869884845463003,0.004846202711793179,0.04003095572773104,0.004000670590808019,0.06327572235279924,0.00484146343933111,-0.4092616462435131,0.0050719459333332054,0.35965593984087857,0.004798580841940896,0.28032927732189344,0.004928467605136264,0.19960866596315766,0.004703395617130723,0.14068133706649114,0.003928927300972847,-0.019680158597215437,0.0035420350698342966,-0.04617342845461586,0.0038807843284065805,-0.07014921411732879,0.003561960231755123,0.03622764297911196,0.004615489790070407,0.012510680530132002,0.003955886551638896,-0.0322069060807589,0.004617297859855992,-0.04593241725494084,0.003957971816222704,0.10832334385408408,0.004472268860875687,-0.018850216078219257,0.004130703494731907,0.05028794062168573,0.00445684672409128,-0.05859734832896684,0.004156388170147115
104,True,-494905.4602754252,44129,51073,6,3,,0.011073606019963557,0.0035599505120131247,-0.031522760814985736,0.004141132982185477,0.09985650075665116,0.0036030690305560334,0.004419913669968016,0.0041976931685335376,0.003226397066989479,0.0035640602097487036,-0.2680611300798373,0.006323395066250856,0.11981353780368925,0.005217602973247102,-0.09251022752600208,0.006371371190294035,-0.01244576808257858,0.005066316941144453,0.3586932693787536,0.004583116279904535,0.1716897328268332,0.0050243708752057605,-0.059687986783729184,0.004413497561572362,-0.11365959191446513,0.005046087733767177,0.10237468884250195,0.00385194228368521,0.010206595028338867,0.0050817780015698895,0.04969471993962741,0.00381368357208887,0.047187230962648395,0.0050743988630964085,-0.40133029974182605,0.005142331961839381,0.3575770229560319,0.004756449006866645,0.28474328478540467,0.005028284615568904,0.20340038934042695,0.004682458432112278,0.14507026075373827,0.0038057093796255393,-0.011122180063006804,0.003549938829497393,-0.044408186056419496,0.0037523234517519324,-0.07890311352888506,0.0035777425388728882,0.0252577750825729,0.003150501811159899,0.012586027386364277,0.0044481981060904546,-0.04597383119194505,0.0031507732323963755,-0.03213684584684967,0.004450634369313141,0.1081745084187791,0.004541675524774644,-0.019697171564444584,0.004115390121437215,0.057223699475389384,0.004527734080692174,-0.050516189326431,0.00413821406500393
105,True,-495261.9326984193,43625,51635,2,3,,-0.0033534563891791692,0.0035583532915502516,-0.030315576896151712,0.004156271827819199,0.09994822634215068,0.0035800480110534977,0.011884364569420781,0.004210429501842774,0.011736301060892086,0.003543179421701498,-0.28723332489617937,0.006179475259813283,0.10927132558073137,0.005457227590978493,-0.07808263126244741,0.006237388897297332,-0.0034822055150876526,0.005320215296514746,0.3395077085610543,0.0046220211524624945,0.17310927418851774,0.004865703353278506,-0.054465653173270706,0.004468536635569961,-0.1288003056012723,0.004905215445869016,0.10419335175406896,0.0038745568501748115,0.014745365941119705,0.005208650169338471,0.055753564951111494,0.003835221045392203,0.04667169775761866,0.005200243342315885,-0.4002644001430712,0.0051127891243159815,0.3443763199048368,0.004754785031443729,0.290019246587173,0.005031000514277443,0.2088523618897474,0.004678721603317009,0.1399281529089252,0.003832023967207495,-0.009551567699244784,0.003534794565090318,-0.04089216685957145,0.0037782883866782657,-0.07390455082938568,0.003560565107351614,0.03110456944286094,0.003639570413735416,0.00990104265013479,0.004524332848691709,-0.03792684234770387,0.0036377057710007326,-0.03394734436183006,0.004526499331687362,0.09454658762302251,0.004428360159061538,-0.023831720326361622,0.004144944850858891,0.05899621537315891,0.004417925383901475,-0.05256029399674806,0.0041694140281804265
106,True,-491916.73351870896,43593,51180,6,5,,0.0055835358539676454,0.003578351474901119,-0.03507108225875392,0.00415331984575894,0.0999457001976771,0.003586151718936016,-0.00048800252876559253,0.004217088831638766,0.011208517205383963,0.003545104559720749,-0.2795194912536728,0.006186220284983344,0.11264715360157591,0.005257572518148347,-0.08738023816583049,0.006235442048751121,-0.010905012736089337,0.005113940913588262,0.34968426270578856,0.004688517966602097,0.17971528120861438,0.004903781711564785,-0.0435900564530467,0.004517839275174312,-0.1211281214757997,0.004930762793941389,0.09422706116356844,0.003964087142984253,0.022532905812782396,0.005014052671702804,0.05245704189773196,0.003929914889459348,0.059734534788015,0.005007281557101221,-0.41042086016692564,0.005064632324035292,0.3467081297873687,0.0048102079635842405,0.2889585939229275,0.004955154664961794,0.20707820939137134,0.00474716137559946,0.1439498121317583,0.003836403531747984,-0.014126089158648339,0.003572209392501629,-0.04881123496894528,0.0037849689565819123,-0.07816795814481947,0.0036000478335402736,0.02430484317537009,0.003485392156781108,0.01304149351277924,0.004057947190846003,-0.040232003089526396,0.003485757882773704,-0.04118723893505307,0.0040608549900131895,0.0982423244434594,0.0043491053963025765,-0.01913394214351654,0.004092764734314564,0.0522603269419552,0.004334998557396274,-0.049393718060880255,0.004114608662187419
107,True,-495735.84067273943,44154,51110,4,3,,0.007530553433388536,0.0035591553120666117,-0.03380556413956601,0.004123398999808063,0.09921341664617339,0.0035715468806521594,0.005007486734163993,0.00418393174473657,0.012087514881464447,0.0035295372487643504,-0.25855235255004705,0.006157532406862359,0.11636592112771743,0.0051511400033843165,-0.0981137132081319,0.006198234810440174,-0.014790015664414386,0.005002337674647449,0.3537786445352842,0.004508831462299988,0.1668193823295541,0.004991589522987471,-0.05551028190667592,0.004348891420208004,-0.12182985191370721,0.0050206680022707,0.10237529614501635,0.003890206427425185,0.013838468399255392,0.005034573405180887,0.053858027418940344,0.0038528414983787715,0.05418526332759616,0.005026330176363827,-0.39387898532262045,0.0051181131247620025,0.3606072368796826,0.0047366862619535564,0.2921261510454376,0.0050409700025109,0.20605273396227067,0.004666819068546126,0.14726743899997008,0.0037696800392097818,-0.015467788367242493,0.003547296653977303,-0.05140628010852391,0.003719010769384703,-0.07737460221282612,0.0035734905821681122,0.030271652117751475,0.0038423476340501447,0.015788982683491364,0.004299932211064274,-0.041082334977977565,0.003842673315648627,-0.04068621129357747,0.004302449472121093,0.10236376946249583,0.004403173967508025,-0.0202867741392687,0.004050650162278716,0.05603084208697249,0.004392284787585662,-0.05917668344968433,0.004075933342275047
108,True,-495028.8858289841,44405,50915,2,3,,0.006598668642376829,0.003548138043129866,-0.027831584904456346,0.004074085055431068,0.08941427639955946,0.00362015374370272,0.010291081044192622,0.004123013247480134,0.006398461119610569,0.0035863291639528613,-0.2740250570647618,0.006282872404802297,0.12057916767986653,0.0051875509221372944,-0.08332466705949232,0.00633069644890922,-0.0011123013901323826,0.00503618612613615,0.3502865902220438,0.004640812128619348,0.1760821289486978,0.00489417678118067,-0.04886570743641961,0.004475820044258771,-0.12125463604879207,0.004918929737933625,0.10082893987953746,0.0038418719999405437,0.01839851630451575,0.004991179112509118,0.05108856393027586,0.003805012112967497,0.05482965135211771,0.004984976251107103,-0.398016673570638,0.00511294960495634,0.35093216769317903,0.004757813558223401,0.2886879791900981,0.00501772815561258,0.21072596888986458,0.004692172814959236,0.1383594815676402,0.00376462539309078,-0.01153482165374057,0.003512350938042996,-0.043228880494621064,0.003716328866689997,-0.07614943178273685,0.0035380960446787578,0.02626548348401048,0.004127863667297602,0.014390047099760677,0.004056805125083606,-0.035096115158301064,0.004128349169679901,-0.046410461014827965,0.004059419241700788,0.10055693577285836,0.004471537041276428,-0.021157605801684597,0.00402657415282087,0.04935632220272159,0.004458672937045046,-0.052718196497645246,0.004050332998970601
109,True,-496894.33277867106,44076,51399,4,1,,-0.0006440703667445954,0.0035614918044935004,-0.026440908069226932,0.004118956969995672,0.09065218792229557,0.003590840164925141,0.009992983841090885,0.004166350864008319,0.012095995144693011,0.00355763547560999,-0.2644049361742002,0.006226774073531333,0.11398665027073178,0.0051589953923729445,-0.08959370376978984,0.0062774072476973865,-0.0033457976200355834,0.005014033659555839,0.35137280017543,0.00460485843303889,0.17205642158671927,0.004940130929954768,-0.04369434843988042,0.004437098038592689,-0.12846757285117075,0.0049739405381473804,0.10138934285086575,0.00395818252905639,0.0281757909221378,0.005005875438457328,0.04828965360022779,0.003919396609710573,0.05166750799970817,0.005001801263745846,-0.40097488415000415,0.005136919926777122,0.3506326069310368,0.004751770735245488,0.2919393742142561,0.005053053144348739,0.20880776536716564,0.004685113818807961,0.14366564086370734,0.003747865121120659,-0.016664360235920148,0.003570024276066889,-0.04984382438334736,0.0036967187379919903,-0.07853880767085274,0.003598480399775925,0.01960255584224785,0.003612857001447659,0.019673419203954164,0.004213425330868598,-0.041601053403239684,0.0036128252632379953,-0.04301183330478508,0.004217423486928567,0.10018225916259832,0.0044143016011603,-0.018483021355831963,0.004054458652304686,0.04605935140970863,0.004401994138746644,-0.05472992731892891,0.004079539083105059
110,True,-493588.2931813982,43881,50966,6,2,,0.00033872595431783906,0.003548795485427321,-0.03586212982673063,0.004119487881094084,0.09497034224143866,0.003546770386760712,0.0031353632213633694,0.004184034663916526,0.013011550075890697,0.003508834521709032,-0.2734819430973596,0.00622762836790391,0.1126513747363847,0.005254869180961727,-0.09125267025199758,0.006268048020017334,-0.005868473857151036,0.005115841463504692,0.3434444454370144,0.004556208371899651,0.17224008626977727,0.004905882612967433,-0.05448214189777481,0.004400382499019639,-0.11195919517244687,0.004928321536387405,0.09854529233896375,0.0038059555053474342,0.005819688936332939,0.005241715394901952,0.05180390521245374,0.0037707379127141917,0.045341808554580414,0.005232288804085526,-0.3947618655438893,0.005133927832758522,0.3621162252590275,0.004739769615978544,0.28555341982157123,0.005032728259694229,0.20181423038731885,0.004648529021007311,0.14931269667478372,0.003866973561257218,-0.009057269172808488,0.003600403048939615,-0.04728965089782731,0.0038119681062660426,-0.08137094978223645,0.00362970440729997,0.029501079102275965,0.004107705156432852,0.01325669326185618,0.004270698154890984,-0.03826093077165586,0.00410636276046349,-0.04449153760343923,0.004273873037540823,0.10590519163939437,0.0046152307048717015,-0.030653313132184425,0.0040306703835405995,0.05402539581980315,0.004605559474560932,-0.05270203225557255,0.0040526485664645635
111,True,-497806.5498526378,43871,51726,2,5,,-0.003948642216033605,0.003556747243135572,-0.025571788561432184,0.004106205928538339,0.09729579454015459,0.0036493959643174477,0.005833958107868759,0.004151703583856457,0.01557679025613178,0.0036136295655141665,-0.27752219274056095,0.0062419019489684735,0.11489223084004249,0.005315054960639032,-0.08963924499358432,0.00629341497925756,-0.01009966635869558,0.005167991238975499,0.3545857505717746,0.004640941493182191,0.16830222834928568,0.004980137513760608,-0.054251729015984865,0.004469718889559785,-0.11733378575002484,0.0050139036940500354,0.09525026116694807,0.003927572339320709,0.01784471448920469,0.005118024550403261,0.05233366571980732,0.003891994616103638,0.05027154832602592,0.005109943102525445,-0.4067964643118106,0.0051450061518853365,0.36215156646933483,0.004778444186878137,0.2895359480255631,0.005056078473800676,0.20384788503251608,0.004676102523064578,0.14852435177483878,0.0037932744784002193,-0.016037788030984712,0.00357428815087125,-0.04144083852168406,0.003735599835865674,-0.07907767553884446,0.0036023482733912597,0.030031666940294903,0.004183265723948237,0.020075364416534645,0.003711335322692927,-0.034601215470950304,0.004182568638184642,-0.04704569642471722,0.0037151843419112487,0.10112265273970454,0.004400974518404004,-0.016967357504914196,0.004130413364874078,0.05872977609826941,0.004388174359373053,-0.05465076648355186,0.004155248059483101
112,True,-494568.05738772126,43869,51228,4,1,,0.0007387820860078276,0.003553629403950051,-0.02563005441425883,0.004073608877712286,0.09366525472551343,0.0036239920536306537,0.004044619063108455,0.004119751979881719,0.01391542390817796,0.0035871857981500323,-0.2666645850010433,0.0061847518584466936,0.11191702068160485,0.005230748902158343,-0.09639272265474293,0.006230167057325096,-0.012574024154323977,0.005089016841064387,0.35471028945080646,0.0045528372975083145,0.16858361684603673,0.0049816646486326365,-0.05666318916880895,0.00438218155379088,-0.11250607983909038,0.00500803125245297,0.09752913840667754,0.003936747825305924,0.018452440707309573,0.005067557091231747,0.05116075279369814,0.0039004498343085266,0.051417648278012755,0.005061183828846325,-0.4001884524042378,0.0050813552718336945,0.35385608662118173,0.004740254398807326,0.28494847998614725,0.004976636512145316,0.20372158479252184,0.004659747441727169,0.14282618476835324,0.0037804400318712976,-0.015369560037878245,0.0035298001242590835,-0.04318118225733997,0.0037284446462695756,-0.07714049313553227,0.0035560502011479176,0.022635344096896225,0.003553091908996496,0.010154113662190762,0.004227485060140862,-0.04229145446886099,0.003554286796309109,-0.042879478351801635,0.004230050977442084,0.09932740110798557,0.0044567653353149534,-0.02672183972298764,0.004031643836440823,0.05040840403376178,0.004444402807597045,-0.05540517669370854,0.004055698737697956
113,True,-494322.1638066971,43772,51222,5,2,,-0.003573920435031471,0.00352995369896806,-0.03163546503457574,0.004098691680349378,0.09701012953012687,0.0035685503934813614,0.0037847307964170127,0.004155385063575219,0.01012057449341879,0.0035314563590869035,-0.2687547697557164,0.006162633012603036,0.1131482445557833,0.0051877525504090555,-0.08985701347467424,0.006209108880994505,-0.001887756696073395,0.005047388216748354,0.3459100045302929,0.004551297333773721,0.17223298331119138,0.004880066172438678,-0.05422693602069473,0.004392857527818998,-0.11622938297372097,0.004906248784479264,0.09821281493811483,0.0038149332548001362,0.013176958094867956,0.005113039225113591,0.05536618635812301,0.0037812682074819873,0.046651029642705476,0.005106249644701617,-0.39377253714335303,0.005060760988231098,0.35782375806563194,0.0047354514054854715,0.2876493566478764,0.004975930652744709,0.19782924511514863,0.0046491318816189306,0.13669712733144676,0.0038503056358122683,-0.011260712773494908,0.003527363576596471,-0.04104829571053436,0.003803571988373868,-0.0838467767107165,0.003557429253722013,0.02327430445011798,0.004047803775532194,0.016415922055563296,0.003946258583085038,-0.0318134761310631,0.004047942842038028,-0.04675334277383506,0.003949621469793391,0.09512443081782208,0.004419542462732112,-0.026030396961756075,0.003998082236716276,0.048884632071182293,0.00440926630965968,-0.057435066921454336,0.004022127657080451
114,True,-496148.1565619139,43985,51411,4,4,,-0.0034297992914258772,0.003560195359855263,-0.027828661096142942,0.004144065099766337,0.09504614941008754,0.003593476749069854,0.011058201097077405,0.004193982432270702,0.012324922981629011,0.003558287663018703,-0.26341103324174225,0.006200626578783439,0.11790379129264164,0.005098086538184992,-0.08840754201918129,0.00624092207583868,-0.006360295692905334,0.004948244500956503,0.3558517358872972,0.0045730442360364075,0.17154918326824878,0.004964959920595686,-0.056468632535138175,0.0044038942849550814,-0.1160815005325947,0.004988867397513094,0.08936005854487306,0.0039740673453937895,0.02540691936126475,0.004925472898861277,0.04625676514735118,0.003941952972611305,0.062120475969469305,0.004919893135420579,-0.40537154468095266,0.0050891164312444545,0.3622586550214278,0.004762661862509648,0.281957537649414,0.0049704499355160865,0.2053809124376254,0.0046780130395944535,0.14602323118154853,0.0038313714140860333,-0.011822760451043432,0.003552005456604187,-0.04596656947475355,0.0037782273919979353,-0.07581186473199972,0.0035778568272404276,0.023454909563910154,0.0038919118018451715,0.01819061970179364,0.003919202835099486,-0.03422351249263436,0.0038925985479614906,-0.04884800311932576,0.003922355726157899,0.10199841739162684,0.004387925401748178,-0.023677864553551038,0.004013368363848012,0.05149988759382554,0.004375655007512772,-0.05731467728883333,0.0040379739072643785
115,True,-495066.4333631672,43953,51362,4,1,,0.002118890239623433,0.0035517206389805256,-0.03297545727627918,0.0041397163705352595,0.09716172206462131,0.003584640952325289,0.005930887084714798,0.004198300004925733,0.013443672603698057,0.0035477431244361466,-0.26967300704203095,0.006279314659582685,0.11868952495672282,0.005210515943667322,-0.10231344022258154,0.006321474406874722,-0.010072311661127006,0.005059958241079274,0.35562261025230407,0.004570135371050024,0.16838106902643488,0.00495536189302894,-0.059474035217126395,0.004405195185464764,-0.10626724722530329,0.0049747012131684115,0.09303150390561024,0.00396683208262219,0.024674080354957013,0.004901550682542627,0.046501044439863484,0.003933450746445385,0.051997333604193244,0.0048974147620470514,-0.39944967715760465,0.005107999132182065,0.3562745666414164,0.004752634826762337,0.29142190693467956,0.0050214049431637955,0.19799661358775247,0.004675587415338264,0.13570035771414254,0.0037551071166429906,-0.011003824477643403,0.0035073031146937383,-0.04689287160699185,0.0037098499354412387,-0.08226042563535763,0.003538354006770037,0.02783615539048483,0.0038145795212105884,0.012190502402233386,0.004390880467596782,-0.03599373176851067,0.0038145294893894535,-0.03526812648425144,0.004392389917493601,0.10465461193125301,0.004401839126102894,-0.021415839569537982,0.004097734506332862,0.05204009703333481,0.0043886921584338325,-0.05885082870756207,0.004123674038053829
116,True,-497353.8905015979,44298,51319,1,2,,-0.0003790350629235481,0.0035439766878808503,-0.026170110079578646,0.004094063807604287,0.09520490974590236,0.0036205352700697225,0.007558910897104813,0.004140737010656023,0.012991689231275033,0.0035860723269119537,-0.26853794269278525,0.0063531811538789385,0.12503552295174905,0.005185834095615233,-0.08955014032644373,0.006398952742434884,-0.0030982943924555096,0.005028186335304912,0.35925306233410553,0.0045526813993725075,0.16711397351681045,0.00499504479427668,-0.0617477317895378,0.004389220882883903,-0.11469155344771162,0.005020461512134107,0.09917914531804958,0.0038590355548595895,0.016589692369076,0.004930178469378586,0.04969024273131285,0.0038236402576428247,0.05129185308121186,0.004924108621606778,-0.4002232602676382,0.005100960750717489,0.35823975759218835,0.00475176540381012,0.2852914195772747,0.004993433829933892,0.20815708520207624,0.004676877587375347,0.14234746236201862,0.0037957371457739376,-0.014780987471309757,0.0035308354844869375,-0.03680724398566417,0.003740220485426591,-0.07776765131956448,0.003557478163906739,0.029346467166559424,0.0034710698307475183,0.014272484771268622,0.0044406304202131075,-0.04112322266501715,0.0034714625452210634,-0.03595983526526346,0.0044424050225756444,0.11172470909705369,0.004549995440570195,-0.01461599864359658,0.004075157442648759,0.04873308162716844,0.004537984594741728,-0.05875087729948085,0.004101890330091432
117,True,-493162.4771855697,43480,51396,1,5,,-0.003790829540415559,0.003553847551499467,-0.02668587793669523,0.0040818232158015885,0.09376826008233663,0.0036564456041412695,0.01650147066565215,0.004127774250158158,0.009589402631130258,0.003619004793144782,-0.2759693724881205,0.006399829340387111,0.11830551351164709,0.005393739393171418,-0.07927964400278192,0.0064534080961366315,-0.003631175681480085,0.005244787341324189,0.34962304339729244,0.004673551417548445,0.1747249857890147,0.004956799857336892,-0.05068005020683599,0.004508850753894408,-0.12001439844189495,0.004988584373739968,0.09958194854626631,0.003857312929843597,0.010309668349037794,0.005244015485919051,0.049098918390545365,0.0038204800138798723,0.052314793884249935,0.005234656426783733,-0.3990992556877738,0.005144434368123957,0.3515149268037206,0.00477403434109439,0.2946601802662099,0.005058585274346561,0.19802528287620993,0.004688077958427966,0.1482801986467966,0.003882988316242147,-0.016535003976624916,0.003556440196110821,-0.036831212048731805,0.003820534063802735,-0.08056037184236577,0.0035846897221649644,0.023245005226459108,0.003911498768302578,0.015417927443161596,0.003865787718701579,-0.034849381829854253,0.003912413495057883,-0.04615938210439091,0.0038686242868532427,0.10080476726702894,0.004596506551707615,-0.022347989106516183,0.004122329851971668,0.051174067377873174,0.0045843856039647825,-0.058686783967382854,0.004149578181908526
118,True,-496702.41036415414,44233,51308,6,4,,-0.0013571965616242926,0.0035416269252922894,-0.031328049974397414,0.004107668524768141,0.09044620998284729,0.003571452664837033,0.010291730387232323,0.004163236801131622,0.012955833910806621,0.0035383208908837324,-0.276965128887217,0.006169651931565036,0.11580564694324827,0.005236639552885998,-0.09425602720222993,0.006214816741692083,-0.012465385160698499,0.005089643048046517,0.34986006478681236,0.004577543971328514,0.17134220436931086,0.004914390345599233,-0.05472462480984553,0.0044152354300182935,-0.11375728463001691,0.0049411659690408805,0.09506250037222824,0.003925430765926101,0.025134455539631954,0.0049344924253302055,0.04139174076225265,0.0038904435238135636,0.05351459479847388,0.004929245683461654,-0.3931485488163157,0.00508013328351103,0.3591565950472917,0.0047247011708730765,0.2902839482787525,0.005008701719747024,0.20758581189333034,0.004641498304364111,0.1433058954705611,0.0037784341969824805,-0.021145367789657116,0.003537595735997728,-0.04144697146210447,0.0037246777765971113,-0.0804088411100716,0.003566773503560947,0.022081443265377795,0.0035737521631195638,0.019419055046171415,0.004204478370167557,-0.03966051104391176,0.0035741936141371906,-0.04003166575408181,0.00420734423049133,0.09582672015337124,0.004337005403919838,-0.02631158255674043,0.004028450392968433,0.05014268179182432,0.004326803873056718,-0.06022417622797915,0.004054669320660258
119,True,-495204.71838993044,43959,51193,6,4,,0.0012645888807502486,0.0035614230112523387,-0.02315086465136356,0.004085933771668152,0.09401007272841091,0.0036417880219507316,0.009501614795895213,0.004127066072015468,0.01724530103657531,0.0036071544745910383,-0.27528925721397174,0.006191571125931429,0.11272632771037097,0.005288552354511879,-0.09269381506048874,0.006242879629275207,-0.005111213931898401,0.005146573138689283,0.342660623414952,0.004616365788987155,0.18113833403389248,0.00486358051447701,-0.046425944903303935,0.004458228672707841,-0.1200463711069942,0.004888518012935622,0.09509168749203482,0.003959057620090529,0.021893730860077544,0.0049042135258415,0.03772122959157588,0.003923315153805108,0.06124935077326439,0.0048978676712705515,-0.4037102678841992,0.0050866662009325745,0.3532909960430053,0.004764118465937499,0.2860998152222537,0.0049772420194844035,0.20427788523936843,0.004685148514830303,0.14056899954473379,0.00383619685288584,-0.009912003639332522,0.0035414039094707954,-0.04416733765138066,0.003783195880363062,-0.086075492559901,0.003573249057939036,0.030142235591436615,0.00432951695385187,0.010985510772701065,0.0039138927342740595,-0.03109301251433037,0.0043291812687973425,-0.0413617594879001,0.003916021476206088,0.10234079397260125,0.004388970747603579,-0.019409627339231888,0.004147630257216079,0.05425965756046474,0.004374699696562488,-0.04968539194388288,0.0041698897714250545
120,True,-496237.0099967377,44239,51166,7,8,,0.0051106112809349855,0.0035353120995487318,-0.034236302350772005,0.004133380510328789,0.09535691299195444,0.003569910491501558,0.00636168100187911,0.004194390704805637,0.0172337076570724,0.003536025050304823,-0.27734510005608626,0.006238898222185281,0.11588152051151729,0.00529688483406106,-0.0842316243872891,0.006281249929659781,-0.010281340628378493,0.005154280506532055,0.34177282410005116,0.004609456385430794,0.17622497954089472,0.004866966032156549,-0.040198649208430116,0.004455230353573491,-0.1257406054888711,0.004896180219435689,0.09822649568238179,0.003821265802188896,0.008208900456421048,0.005181376274860541,0.05571182325856405,0.003788171874123601,0.04613634807469716,0.005173457579890365,-0.3988863654704652,0.005069282944670517,0.3574149940334253,0.004754706952149211,0.28682597540144406,0.004966976076796729,0.19666854960725969,0.00466269849178181,0.13721543122826882,0.0037294950545274834,-0.009811030708036858,0.0034792847208364526,-0.04757016373668628,0.0036848925826220126,-0.07960637728693176,0.0035063363139983582,0.02815696484694005,0.0033623033726552986,0.015529236917736021,0.004345055158087568,-0.044509049274012315,0.0033624388943627355,-0.036024994856784606,0.004347031222947671,0.1004267463060118,0.0044516322314421385,-0.026957113840153604,0.003988976507524569,0.04000298489711214,0.004443361191613321,-0.051060854865294436,0.004010123048309952
121,True,-492583.53220917156,43840,50859,3,3,,-0.004528525116010746,0.003537470559404078,-0.02831133321509052,0.004102233404682246,0.0933971172049885,0.003597961793538671,0.015020052848886297,0.004151712799406584,0.00984598186885988,0.0035626916802948593,-0.273910081295286,0.006267780077790666,0.11619535004528829,0.005333657296671245,-0.09415045129978553,0.006317669608381821,-0.003669794548646281,0.0051889854979559604,0.342734080138252,0.00457895582785725,0.1754604382869485,0.0048837247351894405,-0.054769836486303486,0.004426660191354751,-0.11283334937647312,0.004908443996140815,0.09756527939196902,0.003846091579515245,0.015224694191089096,0.005078848038890054,0.04863285046169388,0.003809729492434062,0.04685285875446673,0.005072360040271613,-0.39371153084272625,0.0050957619840391235,0.3543736778144864,0.004715509269553219,0.2822043403912568,0.00499662070944236,0.2014837681757943,0.004634047034087154,0.13459754615172626,0.0037730163623470856,-0.013687007989662901,0.0035005489765379014,-0.0466675957922518,0.0037284420683049778,-0.07580559670722786,0.003527097371337559,0.02618356346211924,0.0035089359539914695,0.01292966256554882,0.004117917487609584,-0.03472456840218842,0.003509714555563445,-0.03422097963680406,0.004119461081116364,0.10080603319003203,0.004500449008191524,-0.018713689417149012,0.004150499664449685,0.05267373795248741,0.0044889744015539695,-0.04864236009669338,0.004172734767031743
122,True,-495180.9399740852,44016,51151,6,4,,0.006555698207900005,0.003548772188326319,-0.026774321157957803,0.004039377598446786,0.09054105286673474,0.00362781005887974,0.009584653413667462,0.004086828713621554,0.008719002837889563,0.003591091884816324,-0.27405270341779187,0.006208332630607935,0.1076196996912198,0.005178579472451558,-0.10110022809121642,0.0062459246526472625,-0.01903142185700354,0.005043665405182483,0.35068080323307643,0.0046013950300931574,0.17099310578583912,0.00492820509207467,-0.05363341836314825,0.004441743163213295,-0.11260314364545644,0.004948981572116273,0.088894467238345,0.003973714163839127,0.015151479833987664,0.004978528369451397,0.05128520106734295,0.0039418303797852565,0.06011399485257448,0.0049703291461864795,-0.4025113265670125,0.00505702525321795,0.3606530936399308,0.004741309487917134,0.2821293101927346,0.004928317853140227,0.19154937371530387,0.004646820378073354,0.13886715512714098,0.0037763715122259523,-0.011336542488207127,0.0035332179361015044,-0.04758749703432446,0.003726969259191083,-0.0772145409600792,0.0035600784389654924,0.02785953924710701,0.0036779006036678067,0.011822012661166642,0.004050802813380563,-0.043424706814978155,0.0036784582521711567,-0.042780885183007177,0.004053242663470065,0.1112566367509967,0.004395617194874583,-0.020616887888994115,0.004097167944118417,0.051047003043580085,0.004380657285881186,-0.053663917242886425,0.004120712931509052
123,True,-491119.02298730006,43534,51061,2,0,,-0.003452226509165984,0.003562738189257757,-0.03226022873134691,0.0041112952731191844,0.09339772238062038,0.0035813723700877766,0.012475661763471195,0.004168748056979681,0.01661249198113763,0.0035451258051114663,-0.27112473074105814,0.00621146989939412,0.10974493485499721,0.005248550385765993,-0.08807444744955714,0.006259771778506752,-0.005510026789897802,0.005111046950938455,0.35046479144804177,0.0046014119291007075,0.17024118495204238,0.004940244751982482,-0.05502812717559928,0.004436718832131607,-0.12148310541042479,0.004969937666686415,0.0946183515058396,0.003965892414064235,0.02348707627750154,0.005003326507775533,0.051464481168180067,0.003930760541104786,0.05347145791335958,0.004998563486272934,-0.3923484136636592,0.005106433829996584,0.35602113912487054,0.004734257574313048,0.2925431553729707,0.005022954572755662,0.20226402498789017,0.004645471019303225,0.13711718185105884,0.0037928115700553325,-0.015542958346447897,0.0035836255268001677,-0.05244876253584585,0.0037501819887682136,-0.07896709442113249,0.003611552532891909,0.025709657131512905,0.004183727849740413,0.015089208243964626,0.00423812486955344,-0.04060794497470438,0.004184325133031472,-0.050271404979719415,0.004240955250946077,0.09748866756443529,0.004397827539835119,-0.029016683115213493,0.004010065536360835,0.0409208228389839,0.004387770327023839,-0.05785350065356618,0.004036147838234022
124,True,-497459.1427605497,43923,51541,3,5,,-0.0026422371227901673,0.0035447317050034503,-0.01988922298830522,0.004062912975707089,0.0961250393099382,0.0036650140641530274,0.005483810385719004,0.004098237399992109,0.012124848130655338,0.003627376213666874,-0.26434227784505554,0.006297964840155611,0.1187244573490605,0.005232707134477576,-0.08805417864997417,0.00634531385396609,-0.006059202712562004,0.005082886589424714,0.3579010094886075,0.004536034296764257,0.17185839254810717,0.004985754838717012,-0.05766197377437308,0.0043635888244050874,-0.11458214073230417,0.005012585433392165,0.0947691858435838,0.0038764254145221906,0.013853967657136373,0.005058522653966916,0.050982451584357664,0.0038435349450953752,0.059652273577017925,0.005050244060354716,-0.3923246337143994,0.005077975314268844,0.3589619468610246,0.0047105612227835375,0.289398536943578,0.00498159098270768,0.201078932603656,0.004623456618091881,0.14180339792231292,0.0038069850999222876,-0.017915194304609156,0.003521463415121708,-0.044800749271517434,0.003755459669379592,-0.08012690618127308,0.0035489057386646535,0.026846481288841196,0.0037659031101364856,0.01452012400553328,0.004016725774802883,-0.03657894034625756,0.003766257828148188,-0.04468726592403491,0.004019778794378036,0.10006223595763768,0.004495064353551633,-0.02522307609197127,0.004044554730979453,0.04879411147258404,0.004484445969291298,-0.06031506134022745,0.004070651678164481
125,True,-494664.8313337718,43909,51205,3,1,,0.0010696711396969828,0.0035677336731639313,-0.027127746787040757,0.004110125432919484,0.09450828854030247,0.0036153138667551574,0.008377842637274334,0.004158862153889069,0.018665045699136754,0.0035807868898036113,-0.2724934436232786,0.0061491068939730185,0.11157775025659122,0.005238735978860221,-0.09380651012252923,0.006195313652742113,-0.012148521008593352,0.005093945859247339,0.3445960891946197,0.004632710381361038,0.17962726376443536,0.0048926120492592045,-0.05665904496290316,0.004471455224557752,-0.11146479747429812,0.00491552855761011,0.09522056654248355,0.004029098406310928,0.03077242658083504,0.004936677477774885,0.052214224077923345,0.0039939169351376124,0.059491011970241835,0.004930416409764665,-0.40316151080291424,0.005033659121712576,0.3547994143331332,0.004778635830109936,0.28665433810419205,0.004940278068887334,0.20459809600906317,0.004695709095382539,0.1442720467208742,0.0037922422422070226,-0.020352813277276168,0.003506208463893245,-0.04676880343973385,0.00373962977259426,-0.08014565271537355,0.0035340308973695824,0.026054722631880176,0.0035593592334762225,0.017484818971822566,0.004301408372763032,-0.043362264721289824,0.003559400874385935,-0.03890783253668882,0.0043044164871363,0.09294486078471359,0.004408418144741666,-0.025415764499676315,0.004112082458488569,0.058790363369280486,0.004396300390718627,-0.05786422941375694,0.004137125980525874
126,True,-492444.6858361097,43793,51148,5,5,,0.0058103188751278895,0.0035733959633038755,-0.029656462774742775,0.0040997102005197955,0.09580707545914786,0.0036374948218088933,0.002276126867500162,0.004153034227136238,0.014520168872861025,0.0036005163859631783,-0.26276182585299795,0.006393046010537602,0.12414298930895884,0.005222836350777669,-0.08867943066835463,0.006442435857288365,-0.010519528910290286,0.0050610426495401595,0.35246681960410614,0.004615019747983693,0.171495812214676,0.00498355276717234,-0.05313009092903721,0.004450701442542395,-0.11584427116410678,0.005010735937330094,0.09634238821226268,0.00393273365821727,0.023788826851563017,0.005100765226948373,0.05021250871467698,0.0038980135078160376,0.055134384785505704,0.005095492244481378,-0.4066981435644392,0.005126082267238832,0.3569296157164918,0.004805307934626559,0.28927599320455616,0.005019026750932262,0.20299623130406855,0.004722986628807652,0.14377639957925498,0.0037563503078657766,-0.01267445428993314,0.003569047083577305,-0.04526385029940307,0.003705629380645147,-0.07379934374945107,0.003594111994317534,0.02519375086590056,0.00362844306375862,0.01939824296084669,0.0046073368554391,-0.04226835710893286,0.003628408911585634,-0.04127005844440904,0.004610106502442667,0.10148832790933282,0.004533287317695871,-0.024666541513194612,0.004110315530194468,0.04950802920476668,0.004521342574200896,-0.05787682794161029,0.004136660051489571
127,True,-494750.93239374063,43593,51562,5,1,,-4.775386493995642e-05,0.003548402790908066,-0.033880871936769176,0.004098116312223334,0.09491937022169955,0.0035873100812723008,0.008613678998087002,0.004158051650693142,0.013684114187448386,0.0035515827589372357,-0.25858635379394224,0.006506247486528854,0.1204271424680329,0.005267529661085867,-0.08320928661914272,0.00656299601990223,-0.0013639025094138904,0.0051153105295578235,0.3550019795892274,0.004596701507620491,0.16632100359673746,0.005038968539505806,-0.05882827358936366,0.004431816955500846,-0.12784727297330692,0.0050772869094258535,0.09352943175462962,0.003851323423109599,0.013998754532504732,0.00503874357221165,0.04311242410775351,0.0038165724768551555,0.05163770914998249,0.005031526466904632,-0.4018927851678856,0.005076060952206835,0.35131080705458306,0.004725032940889217,0.2861642452822005,0.004966208173718908,0.20520258099193447,0.004656565540309332,0.14988893938076422,0.003866564874320794,-0.017657726143383595,0.0035511937468190075,-0.044045913803419476,0.0038076981292574064,-0.07520658571272158,0.0035762045643706413,0.030864339887259926,0.004287057227708408,0.008949882456680866,0.003902210829786844,-0.03613922617152588,0.004287940833018996,-0.04622326553154328,0.003904931078764338,0.10102943572962232,0.0047269861757306955,-0.026182374870266777,0.004105998685290105,0.04941979970256363,0.004716163059794657,-0.057953414125315475,0.004132393860868058
128,True,-496941.9206875494,44341,51125,0,2,,0.0075463647878867635,0.003546514591946902,-0.026689758457634112,0.004103227765588111,0.09438743324037206,0.003589245853852063,0.0035951668828242893,0.004151550406651233,0.015178238339732602,0.0035541673743521417,-0.2514251749095807,0.006318854780854944,0.1171381963870358,0.005029176444413401,-0.0927817716242676,0.006364629977160525,-0.007100686618282503,0.0048798412801163114,0.358501161190918,0.004516186360711298,0.160804483615196,0.005005505240454003,-0.06305138150886605,0.004348367814264229,-0.11156315220839644,0.005030910262249388,0.09765250899351981,0.0038854056537472805,0.01977371022415888,0.005059737301520143,0.049175226953169324,0.0038508789601034658,0.05077590106591984,0.005054294411074235,-0.39308156039872066,0.005084212833383981,0.3659218578123444,0.004734038066450289,0.2870500043042402,0.0050004673818954,0.20012701730210816,0.004642880975212711,0.14643661863582738,0.0037512304878300077,-0.0152273544355438,0.0034939375489188686,-0.04168018869398375,0.003695058370378636,-0.07967332621607949,0.003522556450351286,0.022842419050358723,0.0034997232459517817,0.015224819030395428,0.004291052927385477,-0.04260608201194716,0.0035002168618142506,-0.03990534981874056,0.004294105746531481,0.10328602290358947,0.004529165321726234,-0.026188170778114757,0.003972971558187392,0.04683731179226743,0.004518323064020421,-0.056582442393727186,0.00399706199147471
129,True,-495348.7107473125,43728,51493,6,2,,-0.004220562966028364,0.0035616577202842604,-0.02727577103646912,0.004082562535680958,0.09665615713568691,0.003623365373535984,0.009641253994619133,0.004131339880792364,0.008651845523667056,0.00358197422612634,-0.2756187213398026,0.006327487205360368,0.11127548802347642,0.005311190577068145,-0.07430555516622248,0.00637745740022909,-0.005526756796503086,0.005172947743943428,0.35374430703350235,0.0046166154838027185,0.1684814082966469,0.004959539105486034,-0.05549233149459102,0.00445318278831088,-0.12837923859554395,0.00499336074173358,0.09975167565651566,0.0038652235842771315,0.013930288037609309,0.005119482273898279,0.052056183151718095,0.003829765069944052,0.05022688743401181,0.005111922277363409,-0.40477085206744934,0.005109744345577024,0.35636997283454563,0.004759946968023889,0.2856567529975556,0.00498986636974968,0.2114541420193468,0.004684194050231387,0.1372827998584076,0.0037623875689206617,-0.012430831892576545,0.0034981652524134783,-0.05155272338050711,0.0037192436122771896,-0.07709892676634536,0.0035235212202854044,0.024599696660205207,0.0032222308524690675,0.027835304780671,0.004120748643213811,-0.04288269031364293,0.003222480272136116,-0.040238580433748346,0.0041249592213340935,0.09566816057522132,0.004427388529553014,-0.02033656394902013,0.00404981291673769,0.04938718884018296,0.004416837698814737,-0.05742008986260315,0.00407514580720761
130,True,-495662.824851442,44125,51161,3,4,,0.005876212117158405,0.003565465208836551,-0.028913517100128443,0.004121756283017408,0.09691921290203852,0.003611277390364829,0.009826868651403248,0.004173230273809685,0.015011315332655614,0.0035740293526229264,-0.2685611871356675,0.006336461351808002,0.1165178886326935,0.005294502504553071,-0.10205099475121368,0.0063885783700765066,-0.01379662012532545,0.005144335721892938,0.349009523163707,0.004599139155895256,0.1713404163475496,0.004938863261840211,-0.058958195430572236,0.004436294556402314,-0.11004293891277835,0.004963390247390941,0.09388112392475122,0.003942731881641994,0.020316654255815515,0.004965322744001871,0.04649387100029549,0.00390729674611167,0.06326066497893888,0.0049572571671238986,-0.40949499884725177,0.005048198816253579,0.3525121267217344,0.004776717957162856,0.27923541230354976,0.004915468645954559,0.20058194861564704,0.004698291739759601,0.1473262351582014,0.003770305495909785,-0.011619041727685981,0.003532706248178677,-0.045793569767536325,0.0037125638931754614,-0.0763800460621863,0.0035582894605628566,0.023023193930375014,0.003738159328561543,0.022065217853619135,0.004412139839152887,-0.04028907981297868,0.003738260923458929,-0.04289834728392813,0.004415544659844243,0.09790669168223319,0.004491561048489919,-0.023014628344109753,0.004097863819995011,0.04921041013262265,0.004478877486555958,-0.05415338112337701,0.0041218212656752426
131,True,-497939.41875371116,44088,51481,3,3,,-0.004367900392431201,0.0035182073986089633,-0.030480353562742885,0.004109847015292985,0.09844873930672805,0.003575187606631709,0.013871392473711483,0.00416282408937849,0.01587416391153218,0.003541156410789631,-0.2672314651892396,0.0062105024853306824,0.11312454982878595,0.005260204261509416,-0.08776081071496891,0.006259116777571577,-0.0007996410613574829,0.0051204373367207704,0.35210592430038207,0.004545511605667411,0.1706241601338691,0.0049233948007485475,-0.055520187316488084,0.0043804258037628795,-0.12084059484077375,0.004955284646836612,0.09117615537740396,0.0038565835107217694,0.019146517748448572,0.005068781359547725,0.05169260935408534,0.0038258986008575377,0.04849041374105664,0.005063548423967771,-0.3919268300379708,0.005068665415358847,0.35348677578161053,0.004687156493283653,0.28383915450091346,0.004982433185395868,0.1965842084557095,0.004597546996265929,0.14354047723278665,0.0036645737614664914,-0.01963278338138679,0.003513941906716575,-0.04697330636476907,0.003612065579037041,-0.0763721156925827,0.003538936020552705,0.027406991947247588,0.00359939158228317,0.012045222257897097,0.00430497049533092,-0.040540011510261,0.0036004795172807067,-0.038273485579565905,0.004306418558091883,0.09290688124465807,0.0044372531306826075,-0.027928383025180616,0.004002510980774477,0.04555977781273006,0.004428786027624937,-0.05543628023728277,0.00402518736759117
132,True,-494296.6943894448,43874,51137,3,1,,0.008659194475194143,0.003576311863986979,-0.019829208508510256,0.004081216319923273,0.09194704064168921,0.0036954114468569655,0.003414327302052876,0.004117208803624108,0.013963551293828268,0.00366172011800841,-0.2681494015976508,0.006382435728043248,0.11605555927108724,0.005225126657957124,-0.09524075073208904,0.0064308169393732925,-0.015179150406940123,0.005075337829052812,0.35293559277404557,0.0046496262681093555,0.17553379092557767,0.004996413869551255,-0.05525249778502002,0.004482410874866843,-0.11477957020024981,0.005020595775398368,0.09433394045307297,0.0040177544923464484,0.029466560192838533,0.004909828956944681,0.045308543124243185,0.00398232809111227,0.06082773094729235,0.004904602341566615,-0.4082646139296514,0.005151689020849652,0.36188499038520855,0.004798365518115057,0.284912296538927,0.005034869808105766,0.20022164820514493,0.004703892272367538,0.14902625120905566,0.0038560555719319807,-0.015371264393363941,0.003548543908987566,-0.045102396862536136,0.0037986706342450272,-0.07648000580632973,0.0035757575902433474,0.024316914823676886,0.003537039048867337,0.019365329896583492,0.0041420940922382975,-0.039504531450296816,0.0035368909866106656,-0.04370876068055322,0.004145747608336035,0.11221687376134362,0.004471609544080405,-0.021020849814332252,0.004163226263456647,0.05023414956335563,0.004455499591583014,-0.051091288710616856,0.004186347692040823
133,True,-498466.30817736476,44256,51529,10,3,,0.002728990262713168,0.0035605354543051765,-0.03249977578016371,0.004063725393812395,0.09117925101262837,0.0036050059846021833,0.009708723057485701,0.004121723970748998,0.010533402577232556,0.003568769030321629,-0.2574558654532495,0.006376319424870983,0.11547180134193682,0.005186296849751929,-0.09914597957208136,0.006424805343706402,-0.005694515121834711,0.005038466449223599,0.35864792316296296,0.004603323677002219,0.17398097755209582,0.005016786438085702,-0.05762349540572793,0.004436695805837553,-0.1171781099999878,0.005043233334581753,0.09856956283322618,0.003930200388732651,0.022223120901766612,0.005092340052587564,0.048832530334291066,0.0038940903258082153,0.05382369232655156,0.005085949851169291,-0.4057513245389599,0.005077978249157103,0.3552675295060889,0.004752165600901601,0.2834069213558243,0.004969511410922283,0.20431324755208108,0.0046814004379366675,0.1380060327661818,0.0037914525679932504,-0.01526794803155576,0.0035049123079808437,-0.04633589502063646,0.0037447596341040963,-0.07401966398339058,0.003530395564085035,0.02443717607221623,0.0034089530374736576,0.017886572838049564,0.004371759806619837,-0.0411516806746729,0.0034092830165063986,-0.03647725961190696,0.004374239187841158,0.10960367782339736,0.00458221060562922,-0.023642562236350386,0.004049574136828632,0.04865801822089674,0.004568895138742304,-0.0558967422687103,0.004075062820792162
134,True,-495782.2582377951,44085,51178,3,5,,0.006582782222158127,0.003574551027970497,-0.023815022508438033,0.004096545427343772,0.09526121772671237,0.003661015079245653,0.005420386504387144,0.004139706823849688,0.007265569729470007,0.0036228215307949774,-0.2698806872676677,0.00636503832867096,0.11473926765719311,0.005264360103353731,-0.08865724627791298,0.006415818703171844,-0.009360787853766159,0.0051185299674067234,0.3531515970104615,0.004669979265420575,0.1758216256104357,0.004974899091491375,-0.04864035595417995,0.004496552069701099,-0.11742528164091169,0.0050008061516082945,0.09869664836354583,0.003938091841799051,0.019580245894216572,0.005109971446271235,0.05160022782378863,0.0039005933214363944,0.054983314672006886,0.005102340928229673,-0.4079255221501345,0.00510876410687248,0.36226894920053293,0.004802161570661251,0.29069673642139404,0.004999751855319651,0.2004972781411723,0.00470448214047941,0.14553772233893258,0.0037589456122390707,-0.01846602628176956,0.0035684702268661285,-0.04704048017032886,0.0037049331660290114,-0.07800730683154915,0.003594812366624836,0.023804692500931302,0.003463494258954987,0.010509771963728268,0.0040512019775107285,-0.04056327687282914,0.003463575802192125,-0.03687474878475709,0.004053453175732638,0.09376081118124223,0.004494722042878688,-0.02368319609760583,0.004087920924647398,0.055843242708003164,0.004482033467450686,-0.060891653153932405,0.004114918196450848
135,True,-496590.5411380676,44088,51323,4,2,23.884929418563843,0.0035325663620752908,0.003539972392185283,-0.027755291161150823,0.004046709209021295,0.08907277813822977,0.0036244442922219815,0.007190763051488172,0.004096009128905414,0.010255512661117547,0.0035910856569936686,-0.2733578086428073,0.006348110886543614,0.11726821905327924,0.005315824225320211,-0.0951780509423696,0.006397441729164051,-0.009929732277981811,0.005168043934508387,0.35433144455272253,0.00459900656716235,0.17209245823327823,0.004976494144778876,-0.0561451680031591,0.004432451203747443,-0.11745068314819403,0.005008110966189823,0.0898007958790095,0.003900212249161457,0.014475528955068878,0.005085261508909974,0.04738436429925453,0.003867239126479037,0.05174771133923433,0.0050773638060553385,-0.4045326181926364,0.005027919671495524,0.35392597084983174,0.004751798389046778,0.2799341192615182,0.004911135738286846,0.19645056323382012,0.004661219870252805,0.14265949784394802,0.0037372826599369985,-0.015699633374070283,0.0034942737407609673,-0.049309738665297115,0.003688653803203331,-0.07693643688004681,0.003520357048335594,0.02330403785283028,0.003759637870167821,0.015532372133064312,0.004401916709202148,-0.03782529638033498,0.0037592619228252345,-0.0390490434487218,0.004404298824041499,0.09755954029722166,0.004553752618307554,-0.022299520852793513,0.004048933405654059,0.04397622633005776,0.004545898662421766,-0.054544330927560246,0.004072627350314719
136,True,-497788.23730975704,44120,51635,1,1,19.635193586349487,-0.0015349436185238194,0.0035614471615562407,-0.028014865158806936,0.004112846094708131,0.09465481518890222,0.0036162042122954113,0.014562094803219324,0.004162244945636601,0.01455877612014639,0.0035803051614311534,-0.2811735881091576,0.006144855186789677,0.11095324611459338,0.005267400788997536,-0.0856306607734908,0.00618733765330973,-0.010806994896417264,0.005129268860966413,0.3494367138613561,0.00463937777543258,0.17558252923313578,0.004888731087564138,-0.047219733143561864,0.004478809288239217,-0.12745143316622634,0.004917048726654319,0.10104931236091845,0.003915526568015146,0.010930419186896419,0.005101898068257721,0.053655599617146804,0.0038787586366940525,0.05282119670597565,0.005094581509862355,-0.4080337621351846,0.005061476442300257,0.35398114455253926,0.004792188000869263,0.2902128408323602,0.0049441609731361875,0.20768509006376393,0.004713220906710173,0.14022470333521098,0.003744395565022007,-0.009355639001449282,0.0034973999686090536,-0.04629787212450741,0.0036964209665506726,-0.07751050171212984,0.003524327711690655,0.025614724930614504,0.0040457141777971925,0.01799363306167948,0.0037733204955342067,-0.033268549776697305,0.004046045816404317,-0.04860069070260173,0.0037768159661706675,0.10450093269997703,0.004377056774492989,-0.02680264403899147,0.004051985829069676,0.05019085780240122,0.004364031815549498,-0.05914677952458222,0.00407814481656033
137,True,-494598.3073257019,43795,51324,3,2,18.42758083343506,-0.0020333138718442597,0.00356042725361428,-0.024668981374875564,0.0041241392418743415,0.09097978743602671,0.003603735398061304,0.013079390509910742,0.004168119806643644,0.015072897821516449,0.0035712219060036114,-0.26437654456238935,0.006187013287663292,0.10818215026874568,0.0052590561591683805,-0.1004369067961494,0.006232892188081939,-0.008750673875103029,0.005123174740152007,0.35614613913843507,0.0045825383565816615,0.17229320759835087,0.005012813541534611,-0.05212424884667836,0.004409819438745614,-0.11435347714004178,0.005039360950473489,0.09672987131050365,0.003940765088986149,0.02195792904493645,0.004930238296717112,0.05007918105175055,0.0039059603316918476,0.05344557486616666,0.00492505626151291,-0.4019605438523724,0.005105692801695974,0.355789458582683,0.004765455926251407,0.28697378170684257,0.005000781341917165,0.1931591513632121,0.004674152329843305,0.1483069467757766,0.003933349892328027,-0.01365542523707071,0.0035505640851714393,-0.03998670395282792,0.003873004728056267,-0.081885395946414,0.003580686452579282,0.026293139555068377,0.003500316557915591,0.014488881675409123,0.004193829199190809,-0.043301553495839626,0.003500639026813497,-0.042125320199711457,0.004197038888470219,0.1020430682748266,0.004405884434998058,-0.02468286877231012,0.004074601653577581,0.0454070845637997,0.004393323006546484,-0.05753207150413553,0.004099343207498419
138,True,-494659.48071221705,43603,51537,4,0,13.937150001525879,-0.0072753988503248546,0.0035692251004002104,-0.02824964911233525,0.0041792407828842165,0.10067879558837832,0.003613154094636365,0.010128181524815321,0.0042296516693398995,0.010038297081453615,0.003575143255543279,-0.25813168730405084,0.006332028211444357,0.1217938974235588,0.005161161480839123,-0.0851803872639089,0.006377159969555186,-0.004685655884065974,0.005005152498973944,0.363362895946849,0.004525415076136646,0.1631792322093188,0.005060553149228201,-0.059885962874810086,0.004349190618265738,-0.11558984073562718,0.0050905804124468145,0.09964941661972371,0.003883614313672259,0.014897902311762504,0.005112625126757991,0.051019877928344594,0.0038473658409092725,0.052349234759952436,0.005104860169406423,-0.3991756209817484,0.005152442447829469,0.36678357964451425,0.004783776141119812,0.28835667047775865,0.0050622623890289155,0.20241880795219577,0.0046912131526876,0.14100423241351673,0.003938646781741436,-0.01313989207794145,0.0035635942406170235,-0.04204772037000455,0.003887890898314953,-0.07783271239545231,0.003591350690320199,0.03402794245637917,0.0036209086976894465,0.019011334515890314,0.004262223423096818,-0.04116739476676341,0.0036200380595561277,-0.03558752789510449,0.004264491402647285,0.10210731586528718,0.0045437873760987586,-0.025965153271038963,0.004018680538844204,0.048959446826439615,0.00453527046251281,-0.059300940406266635,0.0040444108599160394
139,True,-490407.97285600996,43408,51012,7,0,17.871306896209717,0.006326558662289719,0.0035773205282654268,-0.028996151444409316,0.00414182218000936,0.09558557119384506,0.003595561087093603,0.0013205023528999327,0.004194861837095566,0.011867222932981564,0.003558427746365138,-0.2661345924106319,0.006292060615470842,0.11308356334491568,0.005277797268762133,-0.08921582814850512,0.006344901147478765,-0.010911628263378534,0.005133747792021293,0.35580188658512324,0.004621756129260125,0.16698455319606384,0.005012073469241742,-0.055059901198064164,0.004449616553921909,-0.12203930601285484,0.005046216538795672,0.10060695677025532,0.0039032391134109852,0.015273070989682128,0.005116909301294737,0.052377929750761325,0.0038665560753277086,0.05816406861695265,0.005108189860247309,-0.40283193014917146,0.005119049275112741,0.3583601944904525,0.004779129044332782,0.28538951383420397,0.005013729561377387,0.1959280439036186,0.004681946384729922,0.14741894611521764,0.00386383037864029,-0.011726006680001084,0.0035136729956459886,-0.0473408432439307,0.003806954295960082,-0.07690135690477372,0.003541116675977835,0.027137428976295164,0.0036340599175454544,0.012154355231492924,0.004522316602685846,-0.03984720738333264,0.0036344169875667178,-0.03242766587763783,0.004524061491947708,0.10261883632441157,0.0044757966111177395,-0.018494247215974133,0.0041041718996854765,0.05327876657796598,0.004461602170581179,-0.049565471558965055,0.004125954732200131
140,True,-497064.53084738925,44179,51509,5,2,16.456403732299805,0.0036234596106226253,0.003564470636365524,-0.02786496160706509,0.004088807780683197,0.09178023421650006,0.0036174921820890625,0.00521764984451325,0.004139116219585534,0.0132804969539075,0.003583711517964173,-0.2694074620918735,0.006243677729013923,0.11565388266981777,0.005326289278771763,-0.09924081067835186,0.006288826467308877,-0.013124262248058901,0.005178776061528872,0.3570947294497151,0.004586211507353267,0.17224807887169738,0.005021092714070776,-0.05847771332369376,0.004411451827653134,-0.10220994869753125,0.0050420390021731955,0.09483862020043679,0.003975319024467107,0.018996468654675393,0.00505437940850093,0.04552925199352396,0.003940413680517136,0.05591625512110316,0.005046366654761755,-0.4056013005648735,0.005116248099230491,0.36142845776867033,0.004784278289142674,0.2828336470672554,0.004996690049857954,0.19685125507724016,0.004691965809939962,0.1553732558581374,0.0038605658981109427,-0.015487689529972842,0.0035629768073377832,-0.041189081519475125,0.0037931232770749453,-0.07501224444230019,0.003587719797647358,0.030361381579949914,0.003652304987637486,0.016457097505332155,0.004115158532201736,-0.041159344897949104,0.0036533247917894976,-0.04199784353030019,0.004117123168503107,0.09448105449655209,0.004530540983562293,-0.030292308212866912,0.004073864706070936,0.05425855697615754,0.004518985645329272,-0.05880126578084812,0.004098530509428907
141,True,-495840.1330150134,43742,51593,2,6,16.511192321777344,-0.0013543663133956491,0.0035658780994336564,-0.019316358356126082,0.004086243842433316,0.09262996706014655,0.003667582118963891,0.008296541566014505,0.0041207049141478705,0.010032257436524153,0.003633558003274684,-0.277093003341293,0.006236660466875081,0.11633614820357913,0.005274437985568513,-0.08726028827648596,0.006282657387868614,-0.007013405145973068,0.005126332025860084,0.3486499021291035,0.004635173454964752,0.17356815293220385,0.004877048335267907,-0.060738302987958355,0.00447621915847419,-0.12001683130098662,0.004907042623116436,0.0914688179312901,0.003872213582136698,0.013163315621903062,0.005045985999992701,0.05184066106973324,0.003839625713492945,0.05018642056178065,0.005038155670653332,-0.4017858280809426,0.0051296766655364754,0.35743341784338845,0.004776414138717131,0.29183069429467606,0.0050531908016888645,0.20540954212042775,0.004691628446188499,0.1396621738964817,0.0037623456693711707,-0.009788521876062202,0.003501364654200746,-0.0476924148316624,0.00371482156768734,-0.07581919312689996,0.003527293276950592,0.025526315362012365,0.0035251722590916553,0.01607203454030504,0.004139538203733764,-0.040276943585562545,0.0035250948093372304,-0.03974092686516475,0.0041421978225675785,0.09692700564723336,0.004456566378711938,-0.02820424020121537,0.004092198781990258,0.05296770946360493,0.0044466005638842685,-0.05963582739160285,0.0041187516072452995
142,True,-496825.17792903923,44006,51418,1,2,17.358102560043335,-0.001787393284135614,0.0035448816699050114,-0.028666301352142175,0.004099480724741051,0.08796544285799016,0.0035763095910695923,0.005502500857951212,0.004151241092948384,0.025276822578622064,0.0035456162888077274,-0.26054112122317746,0.006389262158981896,0.12103488825250638,0.005193806772073148,-0.08252775727189082,0.0064388007019080575,0.0005181780927823427,0.005041362948805944,0.3471767381279175,0.004621550894304107,0.16688544656820273,0.00494595373802464,-0.04920495290372687,0.004464709310700858,-0.13010193011741664,0.004984053846073249,0.08992435112347212,0.003815417253017696,0.01189778537118967,0.005166375026237706,0.058395623998443315,0.0037861233490394694,0.045933133746788486,0.005159149741072332,-0.39655379463084256,0.00506778882209826,0.366701999939431,0.004723524316186744,0.2852523456434677,0.004970138785138876,0.1949721384999647,0.0046219702539150274,0.147104703378024,0.003779649618008899,-0.015635950065416848,0.003466621491908855,-0.03948508275203047,0.003721194462826156,-0.07354458836695545,0.003491271822513523,0.03248665942510299,0.0035054798697938144,0.008725694463123145,0.00420427208792911,-0.03815652333428631,0.003506223622262608,-0.03763177951660591,0.004205661134389858,0.09611452032251006,0.004573506990489125,-0.029135564624399698,0.0039691421922267425,0.048146973343819545,0.004566048170685035,-0.056077952955944296,0.003992678062367041
143,True,-496150.0423601242,44064,51357,5,4,18.89640712738037,0.006666499509179984,0.0035575371674388895,-0.03035812427965305,0.0041166827367252225,0.09943377456415603,0.0036285461471783804,0.0037630531569540345,0.004170879397192471,0.009190213819394576,0.0035907370239884545,-0.2727226835194675,0.0061902057022790264,0.11574160655868539,0.005176030588473565,-0.09167688686422408,0.006232932157958628,-0.01067845187071769,0.005028328724764042,0.3547495687575217,0.004573533972142043,0.17244691758008493,0.0049498128992570105,-0.05446728306996796,0.00440268919086842,-0.1214623907552291,0.004979628422036345,0.09058149541231034,0.003980159396177107,0.027649899157263333,0.004875121330244105,0.047186466160152124,0.0039469085169897,0.05469310079960543,0.004870443012653835,-0.3974004962639186,0.005106377972987737,0.3618814045076561,0.004752331502018957,0.29289941304778205,0.005032978720974756,0.20138877739393363,0.004663206524475707,0.14582614668585267,0.003765198309267114,-0.01691937721853484,0.0035122693849665154,-0.047544306155667425,0.0037130981177100953,-0.08135527665936802,0.0035415955493933444,0.03373556102804544,0.004041902442743795,0.009522700203584956,0.004222982176486564,-0.03911242725960514,0.004042662388948883,-0.03992739758772764,0.00422460025031105,0.09868612744795516,0.004370768829317822,-0.024696161474944044,0.004038132892811571,0.053132913966141476,0.004359716369218683,-0.05845348417744751,0.0040634274623256965
144,True,-494556.07523591374,43390,51797,3,3,16.340930938720703,-0.007580287208208245,0.0035596854584722527,-0.0338662569138897,0.00410144666073973,0.0913888934254971,0.0035810853218647474,0.012806667273027096,0.0041619466035679445,0.012208284657500488,0.003544255737303669,-0.26707957000777494,0.006322215380815083,0.11863820234097859,0.005254921000406025,-0.08683620547948287,0.006366889241158653,-0.007273443984403585,0.005104834827861026,0.34780131279145576,0.004624666854281598,0.1756420301409379,0.00492566893564471,-0.056541139225373564,0.004467214715319491,-0.125213768557874,0.004956137775155743,0.09627105301746212,0.003950039091990552,0.02181176348388316,0.004965599638458573,0.05134315815094804,0.00391491168684363,0.0629803142282737,0.00495821374916388,-0.40269477463232384,0.005118413669877713,0.3594523981639686,0.0047505136956726614,0.2887518644944845,0.00501129060587062,0.20102520707760413,0.004664460218373262,0.14325496395688275,0.003871382438479999,-0.014458911669030716,0.0035136868550100136,-0.04651987773085927,0.003821431082783493,-0.07583682090391276,0.003539774252139123,0.023900976030833986,0.004089266800077561,0.01176587388629583,0.003677603906312025,-0.03184938622819687,0.004090222656666684,-0.04857574861080676,0.0036805174155611214,0.09730958824931546,0.004455537653191236,-0.023659459076264665,0.0041042130650340335,0.057143505868802895,0.004445007083888672,-0.054814276111291305,0.004128155683795421
145,True,-495263.61932286073,43764,51421,7,5,19.05037212371826,-6.863430704290826e-05,0.0035579626615708233,-0.028802459195788572,0.004086387903876144,0.09689539201417584,0.00358605779685032,0.0038304526681520647,0.004138647345970037,0.01416673134527828,0.003544717609612658,-0.26585501086377394,0.006104821208619265,0.11150801514536283,0.005142519169663641,-0.08625974201987077,0.006148440239338848,-0.00692472932216631,0.004999986045644164,0.34738115695625454,0.004581471099167733,0.17678978484571461,0.004912245410136515,-0.047836853851803855,0.004418341951840891,-0.1151648223499524,0.004938321749959,0.09692939228276627,0.004003328229041804,0.0315207983223008,0.0049634975275533715,0.048519586512459585,0.003967371362252378,0.05546012973165281,0.004959481193961445,-0.3981875693419615,0.005087720354868108,0.353833661145662,0.004746833541341383,0.2941669554372898,0.005008222415499574,0.20239364917036196,0.004672706792228303,0.13796833736203495,0.0037895236188830073,-0.016038073811246407,0.0035335863194921103,-0.04151829217094751,0.003738458911003658,-0.0834900337677589,0.0035654283677276216,0.02137543079882566,0.003689912295011901,0.015628014176122015,0.004471524075300888,-0.0372898157875427,0.003690456353262114,-0.039880495660225355,0.004473469310619276,0.10238968879391923,0.004406138935141195,-0.021454145556302987,0.004059931825703086,0.04889158167881423,0.0043950485099571055,-0.05615612571458457,0.004084658450870981
146,True,-493010.0606646326,43578,51260,1,2,18.287416458129883,-0.0038301009205095027,0.003544667190485813,-0.03313787595530111,0.004069858269862969,0.09332029625487949,0.0036371543200452742,0.013483403107718868,0.00412786739798014,0.01345254231683578,0.0036009345501032478,-0.2619241283183265,0.006252064620861031,0.1130041443504205,0.005111646410068932,-0.09021534965062031,0.006297309454637217,-0.007279798530499108,0.004969671931183748,0.3599887428033901,0.004557622624039359,0.1667989947980945,0.004996550451000571,-0.05718651283005802,0.004387088399164246,-0.11681484127480062,0.005022381654933324,0.09785437561841599,0.0038942752001264827,0.018116870094864356,0.004983177080375655,0.05201394249522756,0.0038590474099472446,0.051858790636448514,0.0049770018701957575,-0.4053992064146115,0.00506121686266981,0.36007877567625035,0.004764643910239822,0.2847473554974417,0.004941467664148129,0.201841397291348,0.004675447295631132,0.13999928491315694,0.0037885941664090256,-0.013531760680221773,0.003517918573899755,-0.04126307232348064,0.0037380799814905464,-0.07693553980534251,0.0035457062221229073,0.025230867607267976,0.0034703552504621914,0.02252994844635745,0.00436613870079984,-0.04311770953827442,0.0034706253862665593,-0.0399402490201428,0.004369277684009534,0.10316153794245907,0.004438100880830537,-0.015604682102208608,0.004022843846932284,0.05333353947255228,0.004423373181498635,-0.05493724260979513,0.00404681872420387
147,True,-494416.6756603224,44053,51135,1,5,15.786251306533813,0.008184845216080285,0.0035744908705895285,-0.028103396197278696,0.004126168804963882,0.09245766797679288,0.003613426431942277,0.003055452753838101,0.004177159057437845,0.019209802158910275,0.0035798188272521433,-0.2740727224715616,0.006307956535633291,0.11541131760779644,0.005276612449693873,-0.09084861013467754,0.006358777421758105,-0.015225588307645815,0.005129258673023624,0.3524114044939112,0.004632063355696048,0.16668703567347176,0.004962690579170938,-0.052021488757636514,0.004465456391168081,-0.12176397390756535,0.004993524701090386,0.09674991345894984,0.004014748912071411,0.023545629626255022,0.004986013126535129,0.0452979643052707,0.0039778692334374935,0.06053334495773295,0.004979537897586338,-0.4098316923023052,0.005097985528001606,0.35740652666056966,0.0048312397807645,0.28503928221471386,0.004977967717327942,0.20351166969791432,0.004746198979138867,0.14583819211737778,0.0037736914931250747,-0.01212837966933889,0.003572489420070059,-0.04945850044544418,0.003719807546902659,-0.07825593280351258,0.003599094118698375,0.02812866854599093,0.003987703642006289,0.012315141361770872,0.00451129192840869,-0.04050127007849179,0.003988819612200922,-0.03693360875462023,0.004512795980044646,0.09709972752603342,0.0044082198990163515,-0.024572123024940374,0.004104911402739008,0.04732229917303588,0.004395239255692915,-0.05542306860453742,0.0041298823491013265
148,True,-496672.5305123839,44350,51137,4,3,13.679972171783447,0.008064614567945709,0.003542799523033308,-0.035224249257435926,0.004140924109671003,0.09618182132529135,0.00354050609247581,-0.0024447371857461743,0.004204280622782329,0.01924837874803313,0.003503843965741103,-0.2633304404828211,0.00625009421449541,0.11923251991060473,0.005173048336192789,-0.09572525941458629,0.006294488017486581,-0.010812931574222539,0.005021099341692385,0.34951798767407083,0.004547548007840944,0.1693897167838245,0.004917172617016134,-0.05550381806904403,0.0043885424193853655,-0.11370006781447584,0.004941824959419459,0.09889293575386451,0.00394494005587375,0.026400813634090612,0.004893852083327746,0.03908596911050347,0.003907452082396886,0.05926116521377418,0.004888957301994983,-0.3984396845218359,0.005085834303139132,0.36277828756599517,0.004755107016101126,0.2833060063708075,0.0049806322769711895,0.2012226619819964,0.004667292295071185,0.13948577305689622,0.003868121596166672,-0.01333598349336636,0.0035086916109452184,-0.03804451719800982,0.0038163284074784476,-0.07549552492693339,0.003534817669132473,0.029239045633152768,0.004080407517460207,0.010422606013291072,0.004521818855978381,-0.0367795991063576,0.004081722745093297,-0.038720356409923204,0.004522526029286203,0.09818833469673585,0.004405838063626596,-0.024139756465600418,0.004000482608269043,0.04770242069610059,0.004394180032394427,-0.0566950102573158,0.004024860899981366
149,True,-493045.64581688517,43550,51309,4,5,16.823851108551025,-0.0030163225380427836,0.00357798601236583,-0.02989530618606723,0.004165413875839281,0.09914598935467363,0.0036207997778459422,0.005298601942189206,0.004218930868775496,0.01756406705851139,0.00358362460629013,-0.2646415814650338,0.00640377544982108,0.12464758809762591,0.005294011012821563,-0.08687635017207522,0.00645684902587721,-0.004978951388959407,0.005131909011281232,0.35718813330782767,0.004641983940090949,0.1691528625762473,0.005046637763062429,-0.06002690929097691,0.004476282339592604,-0.11586445257254058,0.0050781173778613195,0.09311808966402768,0.00394585008411744,0.022887014130900395,0.005035551773555006,0.046966057700053784,0.00391220085039664,0.05391119737927776,0.005030190723766685,-0.4016358202402583,0.005167176834900461,0.36825351131644163,0.004786165378841434,0.2926453861550301,0.0050769462910627144,0.19745184298035964,0.004681916117406605,0.13710849349115353,0.0039242450974920256,-0.01398728329337738,0.0035611042418126093,-0.04095883574214017,0.0038740201866444735,-0.07747399024350306,0.003587593160810206,0.024395611855528253,0.00305411276741831,0.007381303439001132,0.004763479656896331,-0.04670291999873335,0.0030542882057990267,-0.02861213724626803,0.004765001991481388,0.10129236957596763,0.004600682250041967,-0.025250611853603628,0.004081214737337766,0.045281980509904965,0.004590765934164641,-0.06531900423220324,0.004110301669433554
150,True,-492313.35288355453,43765,51003,2,1,15.819988012313843,-0.0009038278799951245,0.0035525864627492685,-0.025184890559392444,0.004091263098150135,0.08966890641594741,0.0036336562692319803,0.00338393972695586,0.004136470189551332,0.013244670629960958,0.0036029830883554242,-0.26215858341062953,0.006325729596681311,0.11755478325658125,0.0052048837495206795,-0.09056112430209833,0.006369563315060279,-0.0038172885177221775,0.005056966234298588,0.351736470785588,0.004578179285682305,0.16751798024971862,0.0049576493516374,-0.05717884721627005,0.004420533766369056,-0.12063897419141756,0.004988240216387613,0.1014797448304843,0.003872104946815721,0.012511891897238074,0.005080433474965532,0.049574949988246325,0.003835325426744365,0.048300621300578196,0.00507350787913527,-0.38918463688172444,0.00512159181328137,0.3658705070870509,0.004727752584626613,0.29230874033818727,0.00504864665306336,0.20290205272290174,0.004625466649296591,0.13925302780318685,0.0037770748971308683,-0.014686214052467096,0.0035249218639570685,-0.05209644796176798,0.0037349561629748266,-0.07504473892972911,0.0035501125872822517,0.020913338648776997,0.003033279054570001,0.016175067876085945,0.004574107419104849,-0.04895683509747588,0.0030349746572579423,-0.03276396991763581,0.004576527632673847,0.0984283966332363,0.004501490937207301,-0.02440910773910868,0.004042215748550321,0.05066862821726273,0.004491767196798153,-0.06064341178586163,0.004068388931540086
151,True,-495806.75551140576,43956,51376,2,6,22.68199634552002,0.005213680239920477,0.003551484685272288,-0.035309009846174445,0.004146582146029495,0.09854742521703365,0.003574794719832954,0.0014936716500246515,0.004209725575123584,0.00830350267036455,0.0035386999544875252,-0.2720567384287778,0.006159847669580773,0.10944476871149462,0.005221935603855003,-0.09161204331167468,0.006205284446349742,-0.007593004031634975,0.005085458747332926,0.3541534712150589,0.004597585042033469,0.17951812911469878,0.004966252231946416,-0.0552221416380772,0.004428086720139955,-0.11700850504271852,0.00499075320449955,0.09679222796400001,0.003922280981277512,0.018282645675487933,0.004987175510480465,0.049941385672498416,0.003886251420567432,0.05509693952200604,0.0049801512312199914,-0.4044016408619095,0.00509736087163179,0.3544896012462844,0.004789112647722188,0.28693649817920663,0.004998984804849329,0.20417416466369132,0.004712504077440014,0.13987507601783955,0.0037482251109493755,-0.008500732006876774,0.003538714924687704,-0.05049180828867977,0.0037038027357531797,-0.07071812106880314,0.0035616022926812487,0.02158630396132523,0.003236276034387915,0.021487770398307175,0.004308237433523109,-0.042642782842819936,0.0032364816434235187,-0.03736251681183985,0.004311801909788807,0.10111375069668702,0.004385896988617581,-0.025913505371900677,0.0041101829005025115,0.058596068040376155,0.00437526520355395,-0.05752492170749279,0.004135673372016766
152,True,-497543.652883508,44131,51437,2,6,15.843584299087524,0.006291164214091679,0.0035638311350776825,-0.03183713523718582,0.0041039191445595615,0.09720600023722212,0.0035594521751580667,0.0021301340632222405,0.004161499050248879,0.01762561875480563,0.003516885975787155,-0.26760890160706113,0.006100066890275436,0.10812923668882064,0.005183170107705936,-0.10581812418501275,0.006146466862548011,-0.019248877499829422,0.005045039353799018,0.35436099185788184,0.004532070704439282,0.16477029803246238,0.004947020467938332,-0.059031042172232075,0.004362804126602622,-0.10386275727539393,0.004966429393144231,0.09623764601323535,0.0039914750870207825,0.02582621862578454,0.004857587058448916,0.049223588541091844,0.003956974763082771,0.058541389071781726,0.004851997816141741,-0.4139465211978061,0.005073492450167477,0.3610676519314741,0.004771199290216792,0.28103673896820963,0.00494079098334299,0.19777499297476614,0.004680338567897424,0.14575031041274344,0.003787471160002068,-0.010285193443804273,0.0035392166353357115,-0.04160213394171365,0.0037304983853370726,-0.07806871908829412,0.0035681865097703038,0.028435791318242726,0.003500811778059879,0.010189285939540098,0.004461298371119526,-0.04458603802125802,0.0035019508971244205,-0.035068911523944764,0.004462797571143627,0.1137859742015483,0.004342651170429704,-0.020417177613923632,0.00413792631104401,0.0563934234434258,0.004325326569854383,-0.049443342548963466,0.004159164106000849
153,True,-493277.7486557455,43853,51225,2,3,16.122899532318115,-0.005894747741670663,0.003578239169771676,-0.03785038484342195,0.004238363988023923,0.10426393771723443,0.0035579351369948477,0.010421292826790213,0.004305607916771305,0.019389321520296626,0.0035203768390228126,-0.2678609285573365,0.006292583697680996,0.12221570193052285,0.005271516579319427,-0.09269875884855928,0.00634379475483014,0.001286118094590303,0.005115437156247006,0.35652773994162207,0.004595931831964347,0.17108317518567967,0.005007674717851733,-0.061483089536193816,0.004425984152712104,-0.11693972962119678,0.005038109006208059,0.09847879170845039,0.003899978040876435,0.016329866455370514,0.005066458995108848,0.055261625323067554,0.003865126771692854,0.05589803599119012,0.0050579729303414644,-0.3964951048455076,0.005162149430912306,0.3660474773923135,0.004766082258225515,0.28950018743172673,0.005087272520698282,0.20282837145601068,0.004669732720771086,0.14154125551649563,0.0038363892880291747,-0.01410071141983422,0.003548679770453789,-0.04439737475595022,0.0037864085778745154,-0.07524153472868192,0.0035742112300402736,0.02943911048700143,0.003601849413125539,0.018446267736373267,0.0042724608553864965,-0.04232462267708122,0.003601595090057114,-0.0389704026853493,0.004274945630151327,0.09819900433713101,0.004531633437475348,-0.026724230524442887,0.0040379381254522445,0.05065003714176152,0.004521915064292331,-0.0543487252884653,0.004061710888573842
154,True,-494841.08906015824,43806,51378,4,4,18.99568223953247,-0.0017454325513877114,0.0035551451439038927,-0.02953607642861549,0.004108806656085227,0.08963569999157867,0.0035800681185219263,0.00308720518348425,0.004162366432522519,0.019703165543725837,0.0035479509445988356,-0.27720356135575375,0.00629703589625145,0.11483099654495948,0.0053271496789937985,-0.09207026165162807,0.006345379400235433,-0.007371235233541934,0.005181656051992023,0.3486373291141208,0.0046155346203798206,0.1764426680795768,0.004912800027071557,-0.055868900389783746,0.004452920358838818,-0.11529837328726016,0.004942193948818812,0.09555873412058376,0.003880638932174913,0.012335358447149572,0.005196859746805052,0.05195171729352143,0.0038466699958411613,0.05180719069453047,0.005188243825849418,-0.4011845328616911,0.005070218779955958,0.3574488884050325,0.004772571558546302,0.28435033015155387,0.004982179372340637,0.2008593726073494,0.004678762062124753,0.13506121392124357,0.003807202862686278,-0.012643759628968595,0.003506439983854538,-0.04607008011748311,0.003762910344886657,-0.07813520422901622,0.0035341530499690445,0.03139716364566183,0.004130991811398572,0.01837270489286734,0.004182777086335642,-0.033538590829027444,0.004131485640928279,-0.042419746277807986,0.004184640521761053,0.10182018115985704,0.0045243545391363245,-0.02548374657098704,0.004061764002806503,0.044222513284157154,0.004514110757819568,-0.050305406909442345,0.0040834382898752054
155,True,-493502.45000925264,43570,51505,4,3,16.415933847427368,0.0028396558541705238,0.0035693558553255827,-0.031074550900076655,0.004115772100688624,0.09805777912859985,0.0036132331286780517,-0.002098775019929442,0.004172003343674224,0.014976700406746346,0.003574392536180364,-0.26573905484895755,0.006311017729935085,0.12012996193124076,0.005325385906127518,-0.0954078355296169,0.006353779401369242,-0.01295483723194366,0.0051701820205883025,0.3530034459557642,0.004603376142297487,0.17179290606390984,0.005002377816804788,-0.06251667199884693,0.0044430126643192295,-0.11095812099084726,0.005029885718531024,0.1016899258983199,0.0039031822048976234,0.01121902987692995,0.005216903155569646,0.05377318817160086,0.0038653169233208735,0.05629937658284585,0.005207096372546893,-0.4002008272537724,0.005134954808374601,0.36193371564108934,0.004778474180803314,0.2877704866887805,0.005047619826156464,0.19390510570943637,0.004682627162551037,0.14211844012755528,0.003816950748458902,-0.01565801038655978,0.0035274648973974846,-0.048865937847090465,0.003769156289176804,-0.07397277545351284,0.0035521582814394994,0.031603525684185105,0.003995445789707196,0.009381227106266675,0.004327628699978072,-0.03808493206099126,0.003995506968101035,-0.037311622366255154,0.004329182280781185,0.09918714428834313,0.004480989280641589,-0.029952212644007825,0.004029974283739776,0.044292928908084325,0.0044718195722540524,-0.05851188188998657,0.0040547012766846404
156,True,-491620.27075684327,43448,51214,8,2,19.049753189086914,-0.0014423239872983047,0.0035618705403760386,-0.03298453641627998,0.0041582743463359885,0.09949235466219353,0.0036038172035182683,0.006059587668550353,0.004217298846680445,0.008223291569606094,0.0035653525770618106,-0.27444259251703257,0.006324433745324599,0.12188924636251884,0.005187810585875135,-0.08453797688717299,0.006365147491192199,-0.007323169620493915,0.005034535735403229,0.3485616297612893,0.004651980576958482,0.16753736582934187,0.004915341202003277,-0.053064811631748844,0.004496299177713985,-0.1263794178397697,0.004944783196137176,0.09356210728028834,0.0038165521185845913,0.015986103110934905,0.005176112823006363,0.055077233983261836,0.0037856237574117727,0.04116987362812318,0.00517136696428736,-0.4038886434983399,0.005104092670482217,0.35528398281968654,0.00474703257951018,0.2901526477710669,0.004986890110409216,0.20560518450876178,0.0046709761997894925,0.13785538847167372,0.0037323747970497093,-0.010589448269315061,0.003541790344982991,-0.045268713021930085,0.0036860668907613935,-0.07495130695100666,0.00356633960281259,0.026818274811024,0.0035986483535690532,0.01072881051918758,0.004226645404078398,-0.04014069205978759,0.0035980593406547403,-0.039598641300914734,0.004228981179945535,0.09943884346530728,0.004485767677316321,-0.02067147401291132,0.004005852020529402,0.04796825030261642,0.004475882729352868,-0.05794269035112952,0.004030703891033738
157,True,-493009.0642215711,43848,51135,4,7,14.5975980758667,0.0009782375580246827,0.003547682748235537,-0.03137699435714338,0.004087587155273834,0.09351653928413745,0.003601536255747761,0.010156093707513879,0.00414298968096558,0.01420570357891503,0.0035650250476888224,-0.2719677638652195,0.0061031676338825485,0.11382674891052286,0.005229484411840868,-0.09233834241038809,0.006142985062258584,-0.01500551541768416,0.005085870672943415,0.3473339968323293,0.004597970065971458,0.17288936791746928,0.004867004226344311,-0.05106978620937054,0.004441875917239199,-0.11282425264892286,0.0048895734489867075,0.09264710101422374,0.003928402212807332,0.027415581279145684,0.004870021961516789,0.051467688244269456,0.0038965977532769078,0.055406418838872304,0.004866389146279447,-0.4018698686482887,0.005050990776764007,0.35518438468273916,0.0047378076978205775,0.28238381042802435,0.004930418918177873,0.19868836829846237,0.004653396856515385,0.1334667147497241,0.0037782162455825812,-0.00608697352428554,0.0034466416987627116,-0.04514923404762562,0.003735314857667868,-0.0741401827411312,0.0034714106116767156,0.02996862475787856,0.003690147106862745,0.01257887161447569,0.004375441945186439,-0.03949824546225774,0.003690106152652529,-0.03805670794740203,0.00437733044004513,0.09864307601820982,0.004369392491716393,-0.026511327250536128,0.0040479611157519775,0.051039155868128704,0.004358532985378587,-0.0517562857379779,0.004069740997577602
158,True,-496869.0192009304,43976,51570,4,4,18.650928735733032,0.0017845586746133436,0.0035501824928740686,-0.03029899001247254,0.004113947273093932,0.09588274224382881,0.0035949475964267143,0.006278137641310325,0.0041680088373442755,0.013571234593706407,0.003558936067971812,-0.2665738782429379,0.006261104573147515,0.11830419212181004,0.005263965476426421,-0.09138058477814098,0.006304990457963873,-0.0023828813425303013,0.00511558858785226,0.34923615412704784,0.004585420448952718,0.17275708511859716,0.004923418648457452,-0.06535209465907142,0.004432311665333919,-0.12359957171866587,0.004953648935972082,0.09018475926807486,0.0038858454476432013,0.012949495355877918,0.005097583548982185,0.05019030954194317,0.003853605854514123,0.05355133956571596,0.005088951861608797,-0.3974251703554684,0.0051114287568753145,0.3572710248981573,0.0047397035996771635,0.28729414462373387,0.0050105220679832405,0.20248792360825815,0.0046586380491035135,0.1395540656317819,0.0037569684209198223,-0.0139029325686577,0.003514585978881655,-0.04198901989220481,0.003706503826631,-0.07325802866804632,0.003537371779601897,0.024331921209792207,0.0038973200941688274,0.017704308158062346,0.0044878678865600185,-0.03774099181248005,0.0038974618630980046,-0.03903679104579706,0.004490299944866925,0.09532354375524787,0.00446393602494692,-0.029836854653079375,0.004056813217706154,0.053000518690504504,0.004455350933814705,-0.06046445373746942,0.004082445089252399
159,True,-494797.7861878264,44136,51075,3,1,18.17293429374695,0.003468545396438961,0.0035443927547202684,-0.03240407113834769,0.004109058252406167,0.09469036778222326,0.0036076223985231646,0.0036796754513924216,0.004166706737124993,0.016822793360366135,0.0035729003088310197,-0.27343154298617256,0.006161782129063804,0.11065317929511588,0.005260061101477343,-0.08932196868731176,0.006206271107633485,-0.004569121830279099,0.005122354603627419,0.3573538051896919,0.004620696598275392,0.17495031750865653,0.004951507209408372,-0.050344115891845814,0.004449264501124221,-0.11447212677366896,0.0049764589639279275,0.10308830799830564,0.003942956666143602,0.023376259623565588,0.004979242083220375,0.052465971889152044,0.003906255994553414,0.05942483794676393,0.004973296085194479,-0.4044539152978841,0.005035745712664131,0.35369733249431035,0.004775494000033179,0.28440660737907736,0.004916305033238595,0.20069994399259733,0.004678271676226854,0.13567539779129031,0.003818186800118427,-0.017570711789370946,0.003476064235727718,-0.039410251085409194,0.0037688249142104257,-0.0790693891237914,0.003503127084721527,0.029116251736931657,0.004445093882571168,0.01775836375548055,0.004136839269798556,-0.03584059415393963,0.004445639378953472,-0.04527738935689121,0.004138903555449883,0.09609183709432133,0.004405863297019946,-0.01995852151076174,0.004075098560540247,0.05212059958945269,0.004392535565118803,-0.05418518982354168,0.004097964078186302
160,True,-494900.5716258873,43944,51216,2,3,18.313265562057495,0.0012307586333568132,0.0035574316589966344,-0.03349621812913845,0.004149853510424586,0.10550960103775099,0.0035898513766734756,0.010363452529954631,0.004209446787552746,0.014314909500916328,0.003548295304163543,-0.2652422175742531,0.006312261903217093,0.12351934702036166,0.005158366974933648,-0.09126873211634845,0.006360127622924152,-0.009602955149654669,0.0049988002607585565,0.3547025883981164,0.004614274822386494,0.17214690511941969,0.004957950356825622,-0.05614159288766753,0.004446824278786137,-0.11644790940191613,0.004984312369289962,0.09537427521907847,0.003937166867981234,0.02476178834196755,0.004915834665907085,0.047478112541262975,0.003901535054674663,0.052871102882545346,0.004910669209314691,-0.3946782138659196,0.005147766436130213,0.3607249770864955,0.004727719679622662,0.29229901395037544,0.005072533317319766,0.20211051773719035,0.004645047515776836,0.14341748568448148,0.003768631651199034,-0.017120732976918046,0.0035418430207439203,-0.04439121113659439,0.003717891030741775,-0.07578880586372991,0.003568270554039663,0.02572142213669138,0.0033632106556501498,0.016960187237078258,0.004078554890980294,-0.03834233702126073,0.0033629768629277767,-0.03295252713364965,0.004081268931782713,0.10819352002101257,0.004463646832731054,-0.02030707724955209,0.0041126590583007985,0.05356587613770256,0.004450253706470277,-0.06238554759330284,0.0041417587175725575
161,True,-494615.188992986,43780,51322,2,5,20.549567937850952,-0.0009731839259880438,0.0035245586670531004,-0.03657288150193106,0.004096780927936549,0.09398476235864306,0.003543641156552517,0.009563383711406546,0.004161537471900618,0.015589698995385945,0.0035072302841716143,-0.2612851834226432,0.006201631269072859,0.11358699504807879,0.00516271210505271,-0.09300847438770143,0.0062448492670416885,-0.003529982714279452,0.005021809074540418,0.348744200027152,0.004516618759581587,0.1683090133466328,0.004908605807153074,-0.05654805819451368,0.00435845060666662,-0.11789498975435751,0.004935693942690377,0.09493273854828084,0.003915434069955234,0.023109023892361746,0.005049735566866462,0.05248149749955539,0.003881782916017205,0.04698183889136981,0.005045799203982697,-0.3942378649100348,0.0050351679888164125,0.3600380816818866,0.004716990636919932,0.28646286825146233,0.004933573802563136,0.19121187830284986,0.004616729178434211,0.13803122703777695,0.0037421334159233204,-0.012884743381135176,0.003480349055684939,-0.04585613913884961,0.0036957435832275184,-0.07436602830030131,0.0035049111459591374,0.02701636119750558,0.003944623281817799,0.018174913322263394,0.0042964792690388005,-0.04086628335509069,0.003945830008642386,-0.04454165667561467,0.004298828442913031,0.10005855881705969,0.004409614217620764,-0.024794718914943448,0.004005525450833207,0.04682677107388587,0.004400399632267887,-0.05497057203875006,0.00402826260711708
162,True,-493915.28370087943,43761,51238,3,3,16.88716721534729,0.003892040439584211,0.003571231549585483,-0.028516438493891405,0.004130447801986319,0.09351070704597615,0.0035962217499524054,0.002180905466457737,0.004182347543671726,0.01575138089030831,0.0035612252108655693,-0.2639659287195427,0.006409884859106369,0.12178651225744298,0.005267561383726817,-0.08004679817773244,0.006461307207378297,-0.0036701485626275216,0.005112892905560903,0.3497571460635476,0.004613857685716474,0.17097117418607433,0.004986175291682677,-0.05007195696810883,0.004453358806638702,-0.1289160028941962,0.005021679179565623,0.09727420280876703,0.0038198179846525514,0.013998946053521737,0.005074710727675838,0.05192251180908862,0.0037855264286679514,0.047325790183571186,0.005068149213411675,-0.39950317861032847,0.005101659891831626,0.35932918215107523,0.004784834059075863,0.29482600716841006,0.0050096289542529765,0.20281579845524023,0.004695666108476702,0.14096207449563256,0.0038287564004798836,-0.016547639942199436,0.0035233908021538173,-0.05060232982637975,0.0037829226278901533,-0.0779235032031938,0.0035497693343241456,0.02478403168879952,0.0034559722362797513,0.015410641733161512,0.004334310138685255,-0.04765507337745789,0.003457008468392224,-0.04111747663345764,0.004336926673105468,0.09207020549039989,0.004580953674354457,-0.027138461818650723,0.0040471488088601095,0.05049172919291416,0.004572476292135652,-0.06124730192709847,0.004073772122766754
163,True,-497179.86503105285,43915,51595,2,4,15.904682159423828,0.000430935491340898,0.0035860329908883716,-0.019525300369901508,0.0041336182970091225,0.09400033744908552,0.0036589956427482083,0.0028621690276072237,0.004169327344500044,0.015689444399128918,0.0036264869973419767,-0.2652400950912657,0.006406860192601124,0.11695729102656,0.005398347858189041,-0.09308615642635307,0.006463794915646685,0.0006848341367433971,0.005250440224008874,0.36003729878404694,0.004586897138305769,0.1677631450698873,0.005088105806046108,-0.05605265573185299,0.0044072906153820035,-0.11339065627966072,0.005120810779092124,0.09497857190529861,0.0038987552838851665,0.015461369606228327,0.005094564407046948,0.048862367519558116,0.003864751574341427,0.050231498425015564,0.005086980548707032,-0.4074614441398029,0.005101482094609536,0.3673736303484117,0.004821623555992322,0.29135879110579543,0.004996991415009132,0.19270976286227706,0.004702529896761854,0.1512138821678745,0.0038066361627366553,-0.0184993095421219,0.003584182235928564,-0.050355565884567785,0.0037492379962455404,-0.07620697865119405,0.003608612738115643,0.02541253662919206,0.0032906570097826398,0.008807283056498241,0.004769114539849038,-0.04561697023287765,0.0032912588095772165,-0.03503576102930062,0.00477078508251502,0.09799155966277805,0.00459979845077687,-0.025411919747855862,0.004085180446368476,0.043919176793803284,0.00459199038667148,-0.05774879024312691,0.004110558433438651
164,True,-497205.9461625365,43588,51861,4,3,18.602309226989746,-0.00045245344154817857,0.0035386240735427225,-0.025385714224535234,0.0040494836218062154,0.09377086992668271,0.0036215732331194355,0.007144431923294045,0.0040946194988957215,0.010432523044474253,0.003585736582258446,-0.2810228524826547,0.006221395681660067,0.11191768565551109,0.005362108800686577,-0.08012122940704527,0.006276198677885056,-0.01419234018357826,0.005220480506170262,0.3504612307077864,0.004688767421223051,0.17687842347982305,0.004935873158094599,-0.05202816924108755,0.004519090847344945,-0.11993653270629355,0.004968979511335336,0.09745385754652695,0.003898509618260334,0.013457267078748881,0.005138823818429735,0.04830203577110259,0.0038619255444903074,0.055062854803729834,0.005130340308043556,-0.3992300895449715,0.004971864498771204,0.3494130643010941,0.00472930135714714,0.28687950615833796,0.004870488064956154,0.1953498200897637,0.004642933783280087,0.14323560048464054,0.0038492120343199,-0.015143764223241757,0.0035488293414905896,-0.042868905462777114,0.0037951184835833167,-0.0786500362952807,0.003577043645493353,0.026907026469851134,0.003680594449633791,0.014633244913135994,0.0038214244950660605,-0.035858504209928393,0.003681000638073718,-0.04463617089061647,0.003823909290473232,0.09217699751141228,0.004515995079755659,-0.03036378909908052,0.004065440531503975,0.043366170675526027,0.004506002614126964,-0.056672839157175976,0.004091242257487904
165,True,-493927.313137576,43726,51340,2,3,20.919426441192627,0.00298911962931693,0.003548676223879348,-0.032848255585211254,0.004109583755118898,0.09431682190469017,0.003582598390396427,0.0025681252434085087,0.004168701641435092,0.017989370584817484,0.0035488664006850085,-0.2731248261928378,0.006116601056999479,0.10993913567797749,0.0051876456411527605,-0.08911808694570365,0.006161559355281519,-0.008247518802385468,0.005049653111888695,0.3538235921667983,0.0045965859500978114,0.17196954568915293,0.004928838689901166,-0.0543203059348222,0.004429236777560444,-0.11665718670198844,0.004955147476269257,0.0923303115811712,0.003954659357597986,0.028810844071876292,0.004891200204141606,0.04995219628530285,0.003922142917333145,0.05633509433731894,0.004887025334583142,-0.4057961857872919,0.005058939691775266,0.3548246980597789,0.004780089049341571,0.28371003804049877,0.004940696622525703,0.19391903741810493,0.004682383621252683,0.1394828308037214,0.0038693665373430793,-0.017930111359479528,0.00359450592928912,-0.04500160319672661,0.0038193486238748083,-0.07953058661007287,0.003623052250117678,0.031683883143483776,0.003861469541217365,0.00452762260240951,0.004716227955863832,-0.03918164614209726,0.0038612053711973775,-0.03027770413942191,0.004716503927136729,0.10428100466042466,0.004345215972310505,-0.020973848102343807,0.00406592579684625,0.053255096858766005,0.00433233231741592,-0.05207639972304553,0.004088328630817451
166,True,-497204.4431983583,44138,51351,2,4,16.601258754730225,0.0027359080888247063,0.0035322760318796482,-0.026220343496876002,0.0040431749432055355,0.0958126579709397,0.0036140593488462403,0.004685044013572028,0.0040899028682766314,0.013430340484085637,0.0035760413708778465,-0.26931889249336965,0.006095639371200876,0.10862213091266945,0.005229143589226984,-0.10246430724860045,0.006137590429433197,-0.008973593877669741,0.005093738451415092,0.35206118287037436,0.0045568734394601795,0.17167521250886475,0.004937485335822799,-0.05162605860937098,0.004391437953213681,-0.11699532466886224,0.004964082728468309,0.09295481708543255,0.003948778399243839,0.026047957942215795,0.004928967288552963,0.04576519433122357,0.0039160187237623715,0.05502768072599119,0.004924084982961403,-0.4023052399045109,0.005068411542955374,0.3593583407553148,0.004744544842743478,0.2795467251448588,0.004950060828401964,0.1927930584893344,0.004646632035170484,0.14328214003938292,0.003851841373887063,-0.011910831109758546,0.0035296688240006205,-0.041467374987808496,0.0037985197067886807,-0.0761718015815446,0.0035548143454105095,0.02138305699477775,0.003631921367390815,0.017290941498613228,0.004102460222333078,-0.03930629415345272,0.0036322561862945266,-0.04286344471475208,0.004105309056271546,0.10074134057368633,0.004337667402487462,-0.023966943599860038,0.004059691811804934,0.051756614817883025,0.00432740544889835,-0.054124764446121125,0.004082134697172645
167,True,-495130.8879312712,43971,51122,5,6,16.73473358154297,0.001938559773511878,0.0035482314818712024,-0.025338606441688078,0.004079614969238348,0.09983087680228105,0.0036304266077519572,0.006218623157737001,0.004124766158324424,0.015856044255714713,0.0035901804053977203,-0.2691671362648677,0.006239468383592621,0.10897146144458439,0.005235408002744958,-0.09667987832153108,0.006286764597489355,-0.005787107221098593,0.005101234135538832,0.3472271737765575,0.004578536129070014,0.17552791619287209,0.004897610544597465,-0.05595445198377081,0.0044182226581088516,-0.11561253961547771,0.004918479483550298,0.09780535992153093,0.003968535284259057,0.012082115553875564,0.004926819791988316,0.04266941225484504,0.003930722085498833,0.05891421814315556,0.004917998670765752,-0.40397438909638506,0.005068039034754871,0.3550811229709654,0.004753001058038948,0.28303095569168385,0.004944121840747882,0.20353105207172834,0.004674939116222761,0.13866989179806863,0.003763589334482913,-0.011358516226040269,0.0034674584055073587,-0.03931346519926218,0.003712570220538486,-0.07518364383180619,0.003493419114634108,0.0281455438482073,0.003550402499564825,0.01707218748663341,0.004264890856257276,-0.04135859499720585,0.0035508236674396502,-0.04120585615412204,0.004267489530265267,0.10350173162845719,0.004425145511080853,-0.020809523951130598,0.004099682743934793,0.04832521820660893,0.004411449517183506,-0.06002634860583372,0.004126818102062234
168,True,-492956.69140166487,43574,51173,3,3,14.22692322731018,-0.0009535020447172137,0.0035492955475339965,-0.03060601241551606,0.004105567119236484,0.09699134192074799,0.003591546677322986,0.0002551911733445046,0.004160794004219025,0.01698339219644313,0.0035520151707562537,-0.2743951167681229,0.006036192067374351,0.10317186807456491,0.005242224435531868,-0.09649200453623383,0.006080796374357211,-0.006406770920772702,0.005113460281757585,0.34594205917927523,0.004555597290167435,0.16950120657555684,0.004869625885785985,-0.060467260885730796,0.0043987835920233425,-0.11071076970347632,0.004894441023204508,0.09849418205490107,0.003937961213210327,0.018818644752464683,0.0050324878599768055,0.05126872343793535,0.00390279063654989,0.053916341828551526,0.005025609789146281,-0.40019701831915916,0.005086385358064398,0.3638651999941836,0.004757117316332882,0.28442329040252207,0.00498744535846726,0.19539339029094221,0.004651680071184183,0.1368129026206039,0.0038141620971936,-0.011373734265404346,0.0034891318637805227,-0.044439422136620194,0.003768091748779201,-0.07774430162513342,0.0035162848522297357,0.03796079437435094,0.004712327209275706,0.010768346812866921,0.004508379690134662,-0.038905695430851456,0.004711817122271455,-0.03242680724882129,0.0045099497078815555,0.1065083322525058,0.004417183110389192,-0.01809325074618253,0.004112006050283614,0.05723596138767844,0.004404691673931872,-0.0518020381098133,0.004134075551026073
169,True,-494276.86137685576,43699,51423,7,3,17.89739966392517,-0.005266853058244505,0.003551176385447526,-0.02846049598901087,0.004098847431017286,0.09328294315300507,0.0035913019685682016,0.008917445174653501,0.004149814138799478,0.017316489692542146,0.0035561623822644712,-0.2705388310954572,0.006364060633701642,0.11574119197488487,0.005304554754593818,-0.08095896650518006,0.006414515775726896,0.006653783216710061,0.005160963818161845,0.34912628251044847,0.004625325771459233,0.16913293898902176,0.004967622516501714,-0.05138816047286517,0.004465654530383125,-0.12559865360976957,0.005004939657223003,0.09907180074869874,0.003866479891466859,0.013396566416089923,0.005180228049680588,0.05415649958318653,0.0038312608594801797,0.05381212955948237,0.005171257660502028,-0.3984338022542491,0.00510143341643273,0.3494025410439076,0.004751380954624592,0.29067197204510653,0.005018764575271129,0.2045655329407823,0.004673251477835912,0.14987689918091016,0.0038152420413324483,-0.015217103129749547,0.0035565902150717617,-0.047256066772619114,0.003760020907983257,-0.0785342744546193,0.0035853638318516278,0.03265835410389456,0.0036267873150198924,0.014358045167825866,0.004103493186881323,-0.042557982352820115,0.0036268536257714366,-0.04433230747237827,0.004106079789050559,0.10065012683972446,0.004556882263711531,-0.025482992125407885,0.004057582697096236,0.047195728602385086,0.004549101000022165,-0.057173808777195974,0.004082728606398774
170,True,-495612.8131943755,44038,51283,2,4,17.159337520599365,0.006043465082403048,0.003582221293891803,-0.03137183540768605,0.0041328515919071725,0.09790482113763253,0.0035937563803007263,0.004350489424359513,0.004189494500025024,0.017123227709792473,0.0035549575802133727,-0.26784379216229803,0.006457119580962843,0.12154893917270318,0.005289106281883086,-0.09278554883808308,0.00651290140806372,-0.009522686611962013,0.005131312527332714,0.35352466614750666,0.004634637144006951,0.17534601624595889,0.005001040583771536,-0.0649301772365755,0.004470042938611083,-0.11946900338979666,0.005030713865177276,0.0953072158603617,0.00398858246235449,0.027791220147962956,0.004967066629005552,0.0404639504834292,0.003951319901621162,0.059204623293972566,0.004961392325968516,-0.4068982034184799,0.0050874420634659,0.3524985464773162,0.00477558223705056,0.28850986404772255,0.004982637465207163,0.2102112898547578,0.004706527491317186,0.1400354639206068,0.0037688597781776073,-0.018393703818796694,0.003555190987651165,-0.048488048524085066,0.0037204559835638416,-0.07664178727468514,0.0035815189802435175,0.02950871927911113,0.003443170148857487,0.00952994715468013,0.004832375397257269,-0.04350595326894838,0.003444140399652157,-0.031575952510703414,0.004833390991419255,0.10257599046734288,0.00457307747288675,-0.023827593026253896,0.004094981348193409,0.04669215192614861,0.004562538007430465,-0.06710209726759526,0.0041263031366563846
171,True,-494458.4839185473,43828,51325,2,1,18.820937871932983,0.004611383616665875,0.0035500319187971247,-0.0354074739595862,0.004103294502175915,0.09093887338318704,0.003580949291331548,0.004913009360571873,0.004166453749211426,0.013823003084328413,0.00354829836210264,-0.27515466538241046,0.006167448695215036,0.11104207699732506,0.00529652239317694,-0.09620786937617173,0.006217463700064957,-0.01142216604053486,0.005155359138173565,0.35505671323364507,0.004595957901471852,0.17410740697153576,0.004958293178529917,-0.057298763075919336,0.004423944987947865,-0.11108442649698606,0.004984493664417068,0.09437042506978872,0.00393782788199148,0.02057626292268958,0.004967771704321548,0.049581594054939906,0.00390347376234782,0.0610471915242592,0.004959943839381231,-0.40285159453909164,0.005078079088438508,0.3527994117823787,0.004764822155760415,0.2869155792664165,0.004981249936010067,0.19699082774763743,0.004681427263105842,0.13722018642188588,0.0037048434984564005,-0.016423875401685967,0.003523996446945292,-0.042105552891583416,0.003654577010300438,-0.07680344187794143,0.003550448950403035,0.02589144671608019,0.0036191464435743354,0.01461195654199115,0.004384775249963366,-0.038845242841158006,0.0036189812553008853,-0.037464691040235025,0.004386719341705147,0.1002221741383749,0.004388213372825385,-0.021654797488722993,0.004106743150865952,0.05221946893016587,0.004376030102824704,-0.05746405393072678,0.004132557346524402
172,True,-493726.4741772553,43586,51325,7,1,11.86733102798462,-0.0006333947069295105,0.0035569596994681394,-0.02674853654440818,0.004119363128826759,0.08999619778437709,0.003609381900861569,0.005470088319908216,0.004167754376724483,0.013979785996316496,0.003578449855879299,-0.2666875570666803,0.0062253875234000045,0.11627817710228387,0.005192908499655617,-0.08908839184913524,0.006265661255689872,-0.0032135413884233255,0.005046256334057104,0.35156187096525354,0.004562901955108331,0.17021218659064116,0.004943180854406851,-0.05994148275194198,0.004405805709392606,-0.12018424355979118,0.004973550798241924,0.09537289688931729,0.003916463718364105,0.020666092518821216,0.004988151948181652,0.046292213491693275,0.0038819623114291083,0.05657235601006548,0.004980941141094038,-0.39794433845144783,0.005065198839027358,0.36420883647284696,0.004762387032893167,0.2806783988791985,0.004962122368583114,0.19160063272752703,0.004652275254857809,0.1429192684536623,0.0037511447953484886,-0.016753034256243467,0.003505620645125249,-0.04942319706873096,0.003703029772119794,-0.07205085997954012,0.003529875950545801,0.026458590049669366,0.0033288094811963383,0.01156035232044312,0.004238489256233433,-0.03653353384776053,0.0033287455955820994,-0.03350624136712112,0.004239973642939573,0.10485589433481915,0.004487747242237729,-0.02686525118535446,0.004050953177987441,0.04827645288986633,0.004478636739084845,-0.052550217226301675,0.0040726895356567195
173,True,-495618.5025739807,43701,51559,2,1,16.277000665664673,0.004457224401827766,0.0035645944691424887,-0.028265386026567165,0.004085642768011782,0.09609277442884415,0.0036058688388985105,0.0029838065266799517,0.004136703666387336,0.009840846114183803,0.003565359910536625,-0.2674104390734425,0.006221202718758982,0.11087923180732268,0.005260070301141312,-0.09634563665995663,0.0062735273406823696,-0.010931731005758383,0.005119438375555309,0.35885028802040464,0.004568585273811191,0.17471902176093076,0.0050244615866129085,-0.05312611941161114,0.004388493228293884,-0.1145543887070985,0.0050524018209618556,0.10635635376504617,0.003984804748270061,0.02575401448593333,0.004983427394241966,0.037257512816097585,0.003941491000230373,0.05482697017619124,0.004978375536111281,-0.396760529448563,0.005084905917174528,0.35232438646413994,0.004731468621728516,0.2981959487131824,0.005014092561488208,0.19944202599562036,0.004645144991944764,0.14067869147766948,0.003762391818560761,-0.015634032161024897,0.003529113941707905,-0.048094717209308364,0.0037120314073734325,-0.08184282536454175,0.0035586063314348433,0.02676790640639673,0.0035506088673794133,0.014599461763299253,0.004142993263960666,-0.0421408029810746,0.0035500277859943636,-0.040930650814351405,0.00414643433886932,0.0938956563375378,0.004420356046392293,-0.019812220373801044,0.004068259035452766,0.045431367375743284,0.004407639245923853,-0.06190247509850079,0.004095978543039743
174,True,-492366.27267662063,43265,51625,7,2,18.897841215133667,-0.007034485457224116,0.0035675605226010805,-0.027431377265339955,0.004098821525584938,0.09527796317329333,0.0036460466139220256,0.006154526610151388,0.004147716131777803,0.011147749663562039,0.0036095391071648887,-0.2733337041501414,0.006379667236868792,0.12711224944578775,0.005308726074530947,-0.08919572567920574,0.0064285292234017785,-0.0011963723229384247,0.005145896750412274,0.3482850850347503,0.004631574256330139,0.1731095500092426,0.004939618135443839,-0.06284021931484077,0.004474591523982883,-0.1250167554356048,0.004972726844730003,0.10085814301463815,0.003844705702548082,0.014512414698649022,0.005242834975017833,0.05086648951031123,0.003808335349631644,0.04115647711231969,0.005237340716086799,-0.3949849786642321,0.0051978779319259765,0.3577393618944774,0.0047608637504044085,0.296773424142325,0.0051370214805436815,0.20796935024440275,0.004681316343581987,0.1419131938402249,0.0038230922752164028,-0.014238331740283416,0.0035756243607682346,-0.04457779602142013,0.0037716350977365374,-0.07269865639443684,0.0035994882466618776,0.026532967158062654,0.0034722064898014588,0.01754800132406104,0.004224770632160571,-0.04290792915637083,0.003473132451249221,-0.04178232347576003,0.0042274710964175085,0.09982441915775614,0.004505194031946959,-0.026772101854141177,0.004035068366825376,0.04572691507965659,0.004496641683615218,-0.05763762266501928,0.004060302435064368
175,True,-493944.91674701194,43677,51300,2,3,19.229653120040894,-0.0040360276845852585,0.003539424703420408,-0.03505189033558434,0.004085711586702971,0.09585487271543756,0.003576391291313085,0.011596048398097584,0.004147834927477925,0.01688955226630992,0.0035375845546744083,-0.2657731280403981,0.006239171046417476,0.11423743858078263,0.005147045597732814,-0.0854408719192183,0.006284520644579576,-0.0043518811995315425,0.005003305715041808,0.3533304018698256,0.004560446325883814,0.16899475888125398,0.004945385250379423,-0.059547397105781996,0.00439677927134116,-0.11229772938021496,0.004968901043498925,0.09880078134865612,0.00398451916178645,0.0243586775458587,0.00491639592235596,0.045655402053691035,0.003946499617474284,0.06246609995883271,0.004909463169890233,-0.40471675945590124,0.0050810791340013565,0.35619099014131195,0.004735249606750081,0.28124403369721873,0.004968448111030271,0.2001325148685381,0.004652767931854414,0.13523451854564497,0.0037826563381298892,-0.0141073830481846,0.003479136778086346,-0.04685695619419132,0.0037379654390793677,-0.07798625908154909,0.0035065496422192546,0.027349951635644344,0.00343016630562998,0.011919706158113793,0.004155038904527401,-0.040776972552555024,0.003429973804190375,-0.03507384821862358,0.004157499836352972,0.10696684347865579,0.004451167477455047,-0.01646029338301204,0.004119573290320033,0.05684765335892981,0.0044368000411411776,-0.0546949724371995,0.00414376232098885
176,True,-496121.17862308957,44287,51094,7,2,17.505961179733276,0.009839708864366975,0.0035238185638943637,-0.03456847506431528,0.004084029059562473,0.09462428779034016,0.00355414659065402,0.007084164602780196,0.0041447943513898055,0.0075695719816643746,0.0035175499978196607,-0.27136065983020674,0.006152833942479743,0.11183998629572392,0.005205366493509412,-0.08177583315546787,0.006202787898024512,-0.0053547186984085554,0.005065886440853972,0.34438458172191627,0.004602575250121038,0.17455553515822125,0.004852909859422554,-0.04888943598315029,0.004437682331270311,-0.11399519172581882,0.004876829572605006,0.09797552179290776,0.003844206620778938,0.0077284279112848735,0.0052326439792046405,0.05401003141979534,0.0038084058030121433,0.05472441761117888,0.005222620215387274,-0.3991330572990054,0.0050378310839111744,0.34976829570781326,0.004752067895097718,0.2905106227451571,0.004940605177154573,0.20130187369640026,0.004672476482604527,0.13558796567227618,0.0037819478288548185,-0.011976355995357759,0.0035290631653892204,-0.03745250853919825,0.0037338977681808244,-0.08126595155049342,0.0035574081531097,0.029371348123202894,0.0034764567143754604,0.01684933367664611,0.004351202856016565,-0.04608013594679568,0.003476926898838649,-0.042721262905217126,0.004353542500652653,0.0973721899141234,0.004478261280635466,-0.02394428257977682,0.004062587034077209,0.055139877426422804,0.004467227177681403,-0.05793589791003446,0.004087799716539848
177,True,-493340.4721089937,43849,51091,7,3,16.25575017929077,-0.005374355873639032,0.003562741959273367,-0.02713362337647808,0.004123005872811912,0.09807708984136218,0.003632652989563235,0.0194253191368021,0.004170329106515237,0.010971085388975774,0.003595196377401691,-0.2745325053022761,0.0062803360350356515,0.11232731463372012,0.005302517494166464,-0.08873352143486894,0.006336449695012151,-0.005591617728219356,0.005161372947785073,0.349414430978144,0.004617819505402369,0.16912361065355447,0.004961535470715381,-0.05825223336240808,0.004452129246671195,-0.11457227392071795,0.004988158383852569,0.10031156825421411,0.004013734259101297,0.02862919975410721,0.0050039305230385285,0.043051067011006985,0.003974452678701188,0.04592334202813148,0.005000354575629439,-0.4049513255652953,0.005128634025860098,0.360849313517774,0.004750727524534304,0.2823458455567711,0.005003918644418971,0.20204603337869803,0.004663008645306924,0.1440357981493739,0.0038605522601030157,-0.01070959752513156,0.00350097820044539,-0.048242503347483624,0.0038112385395867496,-0.07167076281591372,0.003523966235162543,0.02988241604590813,0.0034290628553891437,0.007830591141724458,0.004572744180846752,-0.04546319104547456,0.003429927544352966,-0.03608345640046831,0.004574085472538444,0.10742664874084817,0.00451590887720807,-0.025340451131242652,0.004156809084488427,0.054227639790550716,0.004503105244263936,-0.05659838577249796,0.004183369191073952
178,True,-493092.57760723296,43818,51019,4,6,17.374467134475708,0.0031026272502979496,0.0035467729517875417,-0.03387452202526604,0.004088960553873544,0.08900729225165639,0.0035769837371574607,0.011520105997859057,0.004149218290646668,0.011702426810340127,0.003540676460934951,-0.2686323111958237,0.006179292526179275,0.11457824706598764,0.005201916359948638,-0.10234864153332664,0.006225885478429863,-0.01596332652115582,0.0050567337594046025,0.3493737366866753,0.004583104517274696,0.17539099194580335,0.004897101022902431,-0.05448497309815786,0.004421379005652679,-0.11647534716365503,0.004920536689137434,0.0954856805533087,0.003921045029210281,0.018590895193599785,0.004945430443200184,0.04482417953040762,0.0038870693078996194,0.05369071601115668,0.004939543313062972,-0.39714723688286113,0.0050421991774894275,0.3504995135741979,0.004699959069444766,0.2838588886991269,0.00493454704573402,0.2012240499420118,0.004631029594565317,0.13559615061080083,0.003773844572365908,-0.013465490546759142,0.00348783948315809,-0.043574396068043676,0.003728605437703222,-0.07405531327086394,0.0035122247390896237,0.027852453419780588,0.003861541416751129,0.013970270427051486,0.003984441287341704,-0.03831413922999243,0.0038622229155901022,-0.04632988917662215,0.003986981265957372,0.09876737416687839,0.004359767819397588,-0.023836418950933094,0.004029363489856201,0.04831994236735289,0.004346427600871609,-0.05393938430604745,0.004052754189386639
179,True,-492945.19949692406,43739,51110,2,4,20.029597997665405,-0.0017978718944482053,0.00356373489669447,-0.024362190260339523,0.004081877639433663,0.09636618490790125,0.003640939870784864,0.012169566940226629,0.0041248334743615184,0.012534869913329388,0.0036003653047339264,-0.26858732353881337,0.006200198146383465,0.11110181085473653,0.0052546298132823905,-0.09704932865229376,0.006244039659512186,-0.016113929413535722,0.005113747288856583,0.35260628473374656,0.004571398392394004,0.1649845335952273,0.004961306335035558,-0.05140000127510741,0.004406843002786314,-0.11266292088091634,0.0049875720498643965,0.10182680116275937,0.003976608724832633,0.022466065563165834,0.005032130010931215,0.04696793840025588,0.003938390912967845,0.05489695208812943,0.0050257601106881026,-0.40114518282610584,0.005100353547741681,0.3566348778905476,0.004762604677472809,0.28586018433998334,0.004993809221596009,0.20335248450047216,0.004677540907634938,0.14013873873561983,0.003737640617778778,-0.013247460892764427,0.0035357854597400625,-0.043553823334206196,0.0036869741758953204,-0.07283559276570306,0.003559199829515647,0.027371838898167123,0.0037689999219569677,0.025017745768888357,0.004225143302190765,-0.036836591489434745,0.003768158324476524,-0.041447523549082266,0.004228468677539412,0.09785424963103484,0.0043891232537628415,-0.02333743730077837,0.004062826509506565,0.051064949612291924,0.004375623526420252,-0.0521757483829755,0.004084765642131736
180,True,-494156.1901881674,43635,51383,3,4,16.732616662979126,0.0020893886620483955,0.0035492422613835235,-0.031919247687392224,0.004114023138605428,0.0968791799202229,0.0035942962474465926,0.002730613431101502,0.004171230051431087,0.017143248518416844,0.003558048402154493,-0.273586654701073,0.00609541451695888,0.10527167501586948,0.005279285401507253,-0.09626161321907656,0.006136872936960546,-0.008293040675639237,0.0051474723911979735,0.3522333926114944,0.004547135257351528,0.17231262592595176,0.0049201922585020465,-0.06303977735913575,0.004381183387815087,-0.11394475470625899,0.004947620601323789,0.09305950518170625,0.003945773916387522,0.02288536677220863,0.004980537314075619,0.048014412768004104,0.003913044625930936,0.0527753245150768,0.004974280291804085,-0.40478753590289746,0.005073454855358377,0.3528840807252597,0.004757271506899519,0.28420747668759294,0.004977564476826375,0.1972357547861678,0.004669532972969455,0.13684236611158127,0.003719559585414041,-0.015256571125425852,0.003538590407447996,-0.050130792246933835,0.0036768781423302107,-0.07439315688735038,0.0035640894972708073,0.028648758003662667,0.0036527589432743886,0.011419393868159653,0.004584056204568737,-0.04013165678332823,0.0036540592198058878,-0.03940281420547704,0.004584997694390761,0.09697233585194921,0.004317114341786752,-0.023506261781466805,0.00401400019344569,0.049259128905936714,0.004307786649986496,-0.05658494885673167,0.004037941457816781
181,True,-492277.51314787194,43793,50974,8,6,17.054708242416382,9.404760382841606e-05,0.0035740817468743603,-0.02788721537243306,0.004104231245267462,0.09407857232650399,0.0036331151098759726,0.012275036425307004,0.0041539774495262805,0.009075009102001602,0.0035951881945880514,-0.2769761496266915,0.006258348497361396,0.10920701060500415,0.005372217671051975,-0.08677669726624693,0.006308280534287361,-0.0019690890754585507,0.005236186377972722,0.3612499550664405,0.004625703845762275,0.17423825195415607,0.0050313942990863735,-0.051708899497619754,0.004449818972686712,-0.11868123877238035,0.005063073417357225,0.09243788988397408,0.0039351163987286835,0.012013571191651126,0.005051116711360828,0.05330079035145744,0.003901727329016882,0.05566466718871665,0.005041929015943074,-0.4044170927137842,0.0051332617192334845,0.35741350784023346,0.0048145581634651,0.2887310880762998,0.005032640799485215,0.2020404981522208,0.0047368940640363484,0.1432553172140482,0.0037965990597964945,-0.01509896145064349,0.003589396495178784,-0.049926154572672965,0.0037457128003503285,-0.07793711841567764,0.003616000353261972,0.028992342974771868,0.0037797708971625253,0.0038841390893620768,0.004204794662945536,-0.03656310444239499,0.003779939997034335,-0.036206059591124384,0.004206284877479539,0.10479277750492799,0.004522383352524942,-0.014874404659943745,0.004150894112374942,0.047622869810826515,0.0045114079928886665,-0.05346640660812196,0.004174927619301584
182,True,-495658.8035578163,44214,51079,6,5,17.54137396812439,0.006464782734217182,0.003535411638102713,-0.02714056600595328,0.004036790463494937,0.08507222604667085,0.0036177621074319813,0.003404867307068123,0.004085237610304968,0.016479884220704115,0.0035865060708119532,-0.27432214734061194,0.006115969409524789,0.10520963661089897,0.00527574342711619,-0.09679479306366898,0.006159447563708439,-0.012931186872208405,0.005143619301539487,0.3500979379431402,0.0045423492988034605,0.16942776328940945,0.00492442126885615,-0.05658060833765155,0.004383238444819264,-0.10802314700162993,0.004950880810505499,0.09616589021949136,0.0039603555186077085,0.027640348664724066,0.004941215085777778,0.0472718017382371,0.00392711336773515,0.05412711240915541,0.004935340622896113,-0.39731098213137894,0.005066709372947965,0.3611678839785658,0.004750577862085635,0.2826852334236575,0.004971769195251036,0.19406527360765463,0.0046448653963926684,0.13940348780854878,0.0037143930181717955,-0.014790743121453856,0.003491899634903579,-0.05094466549820146,0.0036686826725275475,-0.0766224334388803,0.003518428252299891,0.029596789604657222,0.0035909280502895245,0.021447081012903213,0.003919310953447525,-0.03398214390315604,0.0035909965401365617,-0.0384737823729476,0.003921413087895363,0.10888374929613139,0.004403965483696705,-0.025965506195229682,0.004067658951598946,0.04926479469720013,0.004393853324075424,-0.05334820195085604,0.004089438254027276
183,True,-496562.89774032903,43931,51466,4,1,17.465989112854004,-0.002985905926957269,0.0035490397796320346,-0.027617977298261997,0.004093812071767397,0.09319703920184887,0.0036482255807209632,0.01141224331917551,0.004142117851948327,0.008040171735179064,0.003612863945207966,-0.25892276456272784,0.006143575579523576,0.11741591550709805,0.0051180203383372315,-0.09690588548169653,0.006183107806895429,-0.0034364131879248516,0.004971184995891996,0.3588055627838849,0.004527909618121119,0.17054037838665737,0.004976886831147546,-0.05490983712619183,0.004357053830941605,-0.11414086070785139,0.004997748544046032,0.10051568590032384,0.0038835683725716064,0.020908114096315492,0.004870925194247343,0.04178673543876179,0.0038467976938737903,0.0518117258314079,0.004866517645031485,-0.3981858248491543,0.005121873544681142,0.36286500607575733,0.004717271163345735,0.2855013012371778,0.0050188350534492495,0.1976389091192119,0.004624621774531117,0.14556571141345737,0.003768664512326155,-0.01939392044358342,0.0035763654086125285,-0.046359995826282384,0.0037147069254217973,-0.08194772726969515,0.003604830163505246,0.030880762619393206,0.003696191158763218,0.013947387528673652,0.004528048137402727,-0.0427455712655742,0.0036959550404643284,-0.037657757495850534,0.0045301331594337696,0.10195128878556721,0.004326450514770586,-0.022075608899185528,0.004001270409644683,0.05035486877571713,0.004313962163076898,-0.051926118468706615,0.0040229772113499745
184,True,-493854.6451469845,43744,51255,1,3,22.255914211273193,0.00028073442955728643,0.0035445424587880604,-0.03069725069297866,0.004088051418716407,0.0960381618055959,0.0035998861134683233,0.007342104231891693,0.00414251627909059,0.00860641095010329,0.0035612561849821247,-0.275208198629177,0.006181759147274287,0.10963016247638177,0.005224285302764087,-0.08184969064182769,0.006228358168739929,-0.002582133601737111,0.005088589583928754,0.3443403399876557,0.0046238268372701665,0.17525775403600194,0.004858884176956109,-0.050999531262697746,0.004465927197968168,-0.1211899915959303,0.004882874003719275,0.09185056373887482,0.003954322245812875,0.022946157307165607,0.004922577368313071,0.048010099683582226,0.0039210718189188355,0.06273339767598944,0.004915076362587596,-0.4054909507594282,0.0050876131811133435,0.3531806696088336,0.004760017165803837,0.2879930270445953,0.004969987428322772,0.2076171310372064,0.0046800165161721185,0.14041987735470435,0.0036966266377086218,-0.00852345482750381,0.0035165483557875474,-0.04251717127159725,0.00364476123210573,-0.074497508090997,0.003541241434988466,0.030918843561475496,0.0038943213904447816,0.01172300549517052,0.004047199994057394,-0.03814036691163189,0.0038950649416937136,-0.037603549104401335,0.004048828833891496,0.09868557458507579,0.004373668534440571,-0.018908314862262847,0.004104346552157265,0.05396997310389252,0.00436190640904189,-0.0550285141988352,0.004128485894444977
185,True,-490225.4338921723,43729,50648,3,7,20.3210768699646,0.004329831438906447,0.003544463095830456,-0.0300456985054012,0.004129551672918017,0.09702972054283386,0.0035812843076893875,0.007449027058091454,0.004183185247535026,0.010523116706314983,0.003541754145629527,-0.25589643664566714,0.006273391083072841,0.11269611890647847,0.005207442098903465,-0.09540353423160816,0.006317797577574618,-0.011641939214354335,0.005064856362896938,0.35439413008913045,0.004587031737691639,0.17249217818928084,0.005022062132333465,-0.054559127809103186,0.004419251333561777,-0.11948744911368096,0.005052394366611213,0.09731918970779413,0.003962096494145965,0.019786232592426324,0.005143438011290901,0.049405292106068865,0.003926061934336623,0.055890622269333876,0.005136459609895127,-0.39157103231304036,0.005063282125843578,0.3540648494998316,0.004718239245491601,0.28052413659857595,0.004967155532636018,0.19926664334057187,0.004631743675951532,0.1405561642068761,0.0038103567977045894,-0.01312620448958707,0.003499655390002173,-0.04733904434100411,0.0037627577558651884,-0.07315193191795556,0.0035239265948170517,0.024386140924615735,0.0035964327252634605,0.017552718392694216,0.003988478440421968,-0.038853923201727425,0.0035969804021848263,-0.04182068214640779,0.003991081297296201,0.09511580627205025,0.004469272631325419,-0.028529932696414052,0.0040110994318946986,0.04696749697695706,0.004460163689176817,-0.05546085847390192,0.004033951680016293
186,True,-497653.7603704699,44262,51295,5,5,17.88263702392578,0.004071518058603727,0.003558185522612467,-0.027659885625304546,0.0040937588443541876,0.09411135599087432,0.0035865191450466924,0.004721417085838551,0.004143962303325336,0.01387879442347561,0.0035478637357354605,-0.2707420618399695,0.006153870576979152,0.11242811844229544,0.005095450820296304,-0.08611467709359516,0.006198682750062767,-0.009422218189500065,0.00495252145894874,0.35187068180742953,0.0046199275887766865,0.16668994304714252,0.004911347541767754,-0.051198114636127855,0.004454679248086719,-0.1261160354323275,0.004942794150314429,0.09204918673553382,0.003935268134678542,0.023721508675030752,0.004919989620131635,0.05741672341451826,0.0039025428501275085,0.05395679800620725,0.004915292684044558,-0.4023117634210002,0.005066254422986419,0.3580564793934877,0.004755206454756373,0.288784976357102,0.0049657017998691756,0.20711859992969153,0.004676727428064939,0.14308817146284838,0.0038065736125366683,-0.014045409356507185,0.0035274552907486167,-0.047748449742146586,0.003755655636544217,-0.07607705213865491,0.003553545114008342,0.022687323440326555,0.003565207522388659,0.016998383861773415,0.004343292995769058,-0.040936873438265436,0.0035655421076384334,-0.04013662561286803,0.004346114191268202,0.10601045387967437,0.0044257660119113515,-0.02219044057834619,0.004073920633676117,0.055337753190846814,0.004411445959755035,-0.06035322683832864,0.004101716910613754
187,True,-492925.37457409676,43665,51242,3,3,17.579298973083496,0.0008081552540696483,0.003573189996725754,-0.031478321825530134,0.00415256920453677,0.09406171284976314,0.003591820393349626,0.005141479951762993,0.004209509675510452,0.009105377895248781,0.0035572303690390803,-0.2747724525345106,0.006195487828838946,0.1186653169760294,0.005267927692741171,-0.09104101095905551,0.006235580484059249,-0.0048693581014055305,0.005118673591178557,0.34291215127271457,0.004604698925475071,0.16613630682176284,0.004898166006380629,-0.05558024459428265,0.0044558323960323006,-0.12627431263790043,0.004928421736413767,0.09351120085420718,0.003911525354054121,0.011576249894928857,0.005021536162645196,0.045663444744220544,0.0038787213043741343,0.05845064488525768,0.005012551662989234,-0.39952452295617386,0.005157100391632464,0.3643741748427944,0.004781977574252145,0.2917859484340444,0.0050550842296692,0.20735532482913102,0.004694477162332888,0.14531778877684098,0.003831621730942124,-0.015953202116228474,0.0035419030880429604,-0.04686848317607251,0.0037767020273288894,-0.07869994920903281,0.0035691384431571116,0.02637944634733401,0.00380324758196083,0.0180744735644602,0.00395321929531384,-0.03813402727315122,0.003802761905623001,-0.04351110596467755,0.003956695347649312,0.09718006721752312,0.004408928979358471,-0.0252689553378355,0.004091266770079253,0.057684195019610536,0.004397093269975651,-0.0542514702775261,0.004113917381886676
188,True,-492980.3845687751,43498,51386,0,2,15.320127725601196,-0.0036103932571065317,0.0035513933088078035,-0.03635809947252988,0.0041295434383517215,0.09208407424219292,0.0035568771091264236,0.004266237990243573,0.004194737634841682,0.018845111089693185,0.003522553855877614,-0.2703782992980739,0.006264723606751843,0.11189073187678343,0.005234234692331286,-0.08321888443511018,0.006311671289060211,-0.003786769950144756,0.005095714552348059,0.3516368782300199,0.004606866218916738,0.17269107447982474,0.004949689195913491,-0.053318018261031094,0.004441846136919544,-0.12052836082733887,0.004977016921291728,0.09276896763014188,0.0038751658936026353,0.012248942915943093,0.0050453186493653,0.049812836398786545,0.0038428340073245067,0.055982492090158244,0.00503710547135511,-0.40071489164637863,0.005110224886031888,0.36019769916493366,0.004743521626901415,0.28235153265679286,0.004995193222641955,0.19885741591098133,0.004652834915818697,0.14314970642346456,0.0038198211420188695,-0.017867085295660518,0.0035298876432567025,-0.04393606491299332,0.0037662283066593155,-0.08065026668436079,0.003558379837836896,0.025109563092765685,0.0031441574524571133,0.017511731832613647,0.004733553175985043,-0.043203548765187304,0.003144259741538385,-0.030894403431171034,0.004735668036926231,0.10203791206413866,0.004456879821601122,-0.023316412100956623,0.004019127192656367,0.04176972854550865,0.0044476325468903784,-0.05272763079330129,0.004042077241342018
189,True,-491571.36832288,43803,50815,5,1,16.836923837661743,0.0008648098635535605,0.0035560199630099783,-0.03018052351167906,0.004110877027185133,0.09790222590421149,0.0036157378336244736,0.007961849526467146,0.004165103078625965,0.009272333515357726,0.0035762944747222787,-0.2666438632300658,0.006264658472788246,0.11503945109947172,0.005163541764084342,-0.07889498983563324,0.006307697343516236,-0.001091207327847189,0.005020702523442062,0.35272837502948506,0.004603140718270796,0.16838048111448792,0.004964071905099081,-0.050000608078414506,0.0044356259712115915,-0.11427513048350173,0.00498782027905271,0.09869574128725807,0.003867888412106595,0.015644924688513806,0.005166699769540174,0.05764622113028356,0.00383351233364992,0.055254001222174796,0.005159114587029739,-0.40077072564769867,0.005108720759323794,0.36305751342509995,0.004775882881568017,0.2830764793252656,0.004991308299241258,0.19451204122856414,0.00467749560138237,0.14210986061818526,0.003823222212804186,-0.017627784884004127,0.003546661790410333,-0.04443885387569232,0.003774304035275798,-0.0729412850557042,0.0035699238767975664,0.027942518478860943,0.0034921967977616444,0.015604925451402204,0.004052013697629657,-0.044224848900887626,0.0034930056561958836,-0.04254301863404419,0.0040547804260819146,0.10040959133392302,0.004491084878732038,-0.02923592548921479,0.004010560974344781,0.04891286011565296,0.00448011335703757,-0.05298670243172646,0.004032999648683419
190,True,-495989.13832592126,43932,51340,6,5,22.113998889923096,0.0028736290483019206,0.0035379043537385906,-0.040490220962382376,0.0041271243356074214,0.0924181836366801,0.0035099035016765675,0.007432572674350606,0.004198613433492437,0.019459619589781256,0.0034754788834138817,-0.2692400229291998,0.006294331411760528,0.10901032846575574,0.005218723402486686,-0.09240479662144611,0.006351247344200445,-0.008771475201261529,0.005081397276444854,0.34808024400623055,0.004595962763181565,0.17329926908445747,0.004903385572453005,-0.05938390797750723,0.0044311060658160355,-0.11452529001048305,0.004930270680105938,0.09444237076177506,0.003960500932079031,0.015579997855451255,0.0049728301912551785,0.04557740453706581,0.00392406323298882,0.057062820207804975,0.004964208965522309,-0.400247457628961,0.00509655076575284,0.3547074308180629,0.0047288985976158575,0.289683463185468,0.00501098314182644,0.20339953675134378,0.004650006321284351,0.1390257525043987,0.0038262931699788783,-0.01225546497701784,0.003500938056016511,-0.042251205988798154,0.0037755426308269994,-0.07592029518653239,0.0035278565489029017,0.028505399175592264,0.0036945554495095892,0.007803240934050006,0.004546736843530213,-0.04189349177382486,0.003695026877216692,-0.037086819754761725,0.0045479564291258864,0.10866540101167693,0.00451278227811709,-0.017959513832304708,0.004140053755506616,0.052350999450232305,0.004497305542776276,-0.062253113594345565,0.004169369987425654
191,True,-494342.9651663806,43841,51204,2,5,19.404834270477295,-0.001255159070596732,0.003575333279727721,-0.026501623363698688,0.004079014178276472,0.09555206944236641,0.0036519101016909625,0.005066716594605968,0.004126918616191969,0.012201254948856086,0.0036138986560667625,-0.26648428414552433,0.006503972099697162,0.11371200215628038,0.0052822205763094505,-0.09878796532783779,0.006553594756622641,-0.0021008140169652485,0.005140411771475091,0.3530446984458652,0.004632851404102006,0.1773988140123901,0.0049796706425664266,-0.060715653174572934,0.004473401081506156,-0.11747854957571162,0.0050040863938976094,0.10018586089818447,0.0038991685135630915,0.015047274963717116,0.00511395516015839,0.04785422222550118,0.003862187390045969,0.04961599681641276,0.005107371402677092,-0.39954148087128,0.005128792339497706,0.3672467712652697,0.00480085340906405,0.2835288244416108,0.005029526649247721,0.2016948346803777,0.004701122080368963,0.14456056706784062,0.003753355104700807,-0.02049619277230763,0.003531078265001877,-0.048424588426996616,0.0037018288599910895,-0.07101865132749893,0.003552916697895301,0.03682276780221914,0.004649829793018123,0.010824253959671905,0.0038944407209744354,-0.03261427323425597,0.0046513393724568735,-0.046385826168198134,0.003896836640130065,0.10343252745271525,0.004589800179798408,-0.026950730173936933,0.004079864107444019,0.048663466621393155,0.00457685432916599,-0.05732244153894244,0.004105190833912556
192,True,-496126.36419211153,43861,51544,5,2,19.46493101119995,-0.005163441428213131,0.003547716882947661,-0.030448457918184266,0.004099375580470347,0.08694440497499856,0.0035783404866235836,0.015783661243020542,0.004153207436441599,0.010927854338991991,0.0035472189618923557,-0.28079176882040024,0.006052103384411721,0.1033496021613396,0.005252839301020323,-0.09064807576582232,0.00610370715482096,-0.011527287306518941,0.005122323903882914,0.35371772282899977,0.004593868691314105,0.18074205764855036,0.004896060420345818,-0.051653945773494886,0.004416282202938439,-0.11650486397892175,0.004922580396089374,0.09533189369227686,0.003927560475201786,0.02013050694890847,0.004969974843143372,0.04608111706996012,0.0038915780549717473,0.05647565747304061,0.0049639485168715474,-0.4006733462795087,0.005118902744676411,0.35399609694125533,0.004733956694900955,0.2847460445840655,0.005027941054311598,0.20318770095616492,0.004651318206794347,0.13675242961827128,0.003853483884938764,-0.017013632985397785,0.003542259810114753,-0.03974985998806846,0.003803466246349796,-0.07394372760858992,0.0035672228979411213,0.029489516351063342,0.004047816521687803,0.006066132928669527,0.0044918426787280705,-0.039776147687688855,0.00404818052857658,-0.03464909660801414,0.004492931743591118,0.10879780481749594,0.004376314839163744,-0.02200591914221412,0.004116073322286166,0.047589494898382996,0.00436222652515629,-0.056366843707456774,0.004142046026778124
193,True,-496889.99352394673,44331,51253,7,5,16.599475622177124,-0.0002045917320384016,0.0035627147722092174,-0.029870344394595082,0.004129008033866989,0.09605035743809053,0.003586785339607322,0.007190881844991353,0.004182717558149504,0.018502375047018287,0.0035495568576324023,-0.27151386373088165,0.006281019184107482,0.11799623402055107,0.005260303117463796,-0.09618748140491952,0.006330204524557903,-0.010323701183268105,0.005109612985227243,0.3514797752658925,0.004605836889312231,0.16950830955301038,0.004953861956339242,-0.0514693206524694,0.004443134426417678,-0.11977535590281056,0.0049835172015343125,0.09860803798119934,0.0039623236053549634,0.021203442594854884,0.004971552136126885,0.054412448031368875,0.003925786272503212,0.05649325952539446,0.0049653875198771204,-0.3965313500002378,0.005111729525538104,0.36701681161970706,0.004774059196862494,0.2859721656847965,0.005017249490842116,0.19945525187247812,0.004680604125606851,0.1437706054994153,0.0039061190791275157,-0.02296014091730286,0.0035473689660305546,-0.03834797103476891,0.0038498299381504435,-0.07540987562357285,0.003573122122569635,0.029517112237884342,0.003949945328719893,0.013629980016897197,0.004152625939511812,-0.039012208597059006,0.003949978314143357,-0.0463106344055918,0.004155247667775503,0.10358587605877699,0.004454038404554624,-0.025618911043014867,0.00414380470554773,0.048682186896346596,0.0044408958018039586,-0.05951161148430945,0.0041705041560612
194,True,-490523.2396174383,43582,50817,7,4,18.450434923171997,-0.00019432491566070248,0.0035465172124092797,-0.031352988732445575,0.004096023767582775,0.09406075144485651,0.0035964668621138443,0.0084094561288708,0.004151817527002995,0.008393654118637054,0.003559390561216942,-0.279485322246587,0.006083442195852955,0.10778709106812565,0.005315003478224759,-0.08107054211052371,0.0061283264744995975,-0.008987931520258938,0.005179516457827395,0.3476974513692239,0.004574330945571084,0.16751959436733938,0.0048904930378372005,-0.05099459720629783,0.004409601918059546,-0.1180018459386296,0.0049252516282670585,0.09541652522086487,0.003954749264483982,0.019800899200777055,0.005072648133694303,0.05110931300526607,0.003921670545325826,0.05612994412436706,0.005063994197702732,-0.4002001228614354,0.005046096831359604,0.35271807042729564,0.004735544381445287,0.2768418456671731,0.0049346988785123926,0.20337684679717224,0.004643140665741507,0.14014347170123995,0.003768297379393281,-0.013267744725100084,0.003494245302282583,-0.04502377484474028,0.0037188855962365487,-0.07428008225396986,0.0035199505682245815,0.025978116742072278,0.003686887613459877,0.017667727122045288,0.004223840462221429,-0.03666121386313179,0.0036863888352278227,-0.03997992139064481,0.0042264800197412385,0.09879683814129168,0.004402772659034861,-0.027183071461018265,0.004082315659247623,0.05346773504355057,0.004393248397079793,-0.040900066991266526,0.004099165426644856
195,True,-493888.46905172896,43736,51205,2,6,20.007673978805542,0.005950327449699063,0.0035628843455682443,-0.02901519727397784,0.004118187665633317,0.09440347829910814,0.003587089297451624,0.003180559026232255,0.004170678866572538,0.0161861865834247,0.003551069732291452,-0.27166296315171795,0.0061383181357596425,0.10873463950804309,0.005217931611359296,-0.09234456193841152,0.006186824627254291,-0.016040357588980383,0.005079073382406799,0.35079707594301807,0.004626389133137522,0.17771438224827574,0.004912987395373407,-0.052945358905116265,0.004455120010756553,-0.11555616754251478,0.00493748931482274,0.09296965825986585,0.00400585552670124,0.026642837450943903,0.004873785477829208,0.04854592533607736,0.003971059889899027,0.05970405938022015,0.004868929867687073,-0.40284549042839835,0.0050373622654642965,0.35282720753163194,0.004752189153945452,0.2850175638995306,0.004928075732017492,0.19862226266011035,0.004667454742744064,0.14293878320647344,0.0037760418286047607,-0.015903457561931046,0.003524641329295316,-0.04664189100737474,0.003721865278157907,-0.07966970358353054,0.0035526191865462914,0.023021410497776812,0.0032869507997262473,0.018463356835081865,0.0042440148525866115,-0.04390855937640908,0.003287452418447457,-0.03876246199493544,0.004247295369933967,0.10293742917018936,0.004374308270034157,-0.019334233200006965,0.004082075915025584,0.050034165501869156,0.004360713423137496,-0.05429685297048666,0.004106307492907837
196,True,-495265.36794130993,43896,51262,2,5,24.606449842453003,0.005226896300362462,0.0035350682117430343,-0.03695498763032341,0.004098383194925584,0.09770701604732676,0.0035671303957779538,0.004162363798639965,0.004163647244849937,0.014771989073847,0.003528453287470344,-0.2704101229679741,0.006109610400387363,0.10374548113597051,0.0052174876205280975,-0.08970164572123922,0.006154000748570189,-0.007326743789634078,0.005089489211345506,0.34366217971603097,0.004574382518860646,0.17894114742196734,0.004877218507090216,-0.05550616302963259,0.004422367876981429,-0.11625873952990398,0.004899193047825941,0.09909343688804237,0.0040274576237936234,0.027740811405670387,0.004965011016186815,0.05024383332967971,0.00399094641704325,0.05403149972897399,0.004959889300138033,-0.4028866361367288,0.005055795621299573,0.360976052903472,0.00476772743829143,0.28624031716645904,0.004945828702896793,0.1954197309553284,0.004674332769908375,0.14318392453011652,0.0038626097382958814,-0.015743781076794295,0.0035139415978505083,-0.042607609407709156,0.0038057059598205207,-0.0751123689781333,0.0035395236279128013,0.024957075182501946,0.003501924715507833,0.015298028004226081,0.004291836976742271,-0.04131779069630953,0.003502820235420343,-0.04117276474743935,0.004294131416242742,0.10649439457370122,0.004385000187817906,-0.02260330752796057,0.00408002230027417,0.05304622321366298,0.004372543898061268,-0.053058743794460586,0.004102500333164044
197,True,-494255.7335370451,43974,51011,5,3,18.460558652877808,-0.0011683194322415788,0.0035664057260210336,-0.030174641848052505,0.00415840899739605,0.10240624126622451,0.0036025701709426366,0.0066065999954974496,0.004212115896939021,0.023060514710617066,0.003564438955491162,-0.2640034737865886,0.006370027389873365,0.1131853556561897,0.005224497577671051,-0.09036392751827037,0.006422353891684285,-0.00857379333786847,0.005081545992103843,0.3507696703561769,0.004636647404079248,0.1708215402920522,0.0049770293080994826,-0.061643299335664634,0.004479619599206289,-0.1284582977838852,0.0050098823260014925,0.10243788233891196,0.0038360997782898292,0.01787767047869052,0.005066440020809722,0.04996076423308175,0.0037990498514629523,0.04950143849009591,0.0050606048752926056,-0.3987786214749185,0.005084091477912919,0.3586211785727466,0.0047615500334931265,0.2807606792000811,0.004979589753087221,0.2081421931732832,0.004679261811699008,0.14288232095374037,0.003754846264303073,-0.014027825375400605,0.0035062419324697115,-0.050771921596064654,0.0037063314009610025,-0.06745879132870806,0.00352687054641596,0.025744968953798707,0.0035138627050962288,0.00916780989383142,0.004134808587756368,-0.040389112422466504,0.0035139011057151344,-0.036383321360801815,0.004136547230138231,0.09495493687065444,0.004569120984952753,-0.030765632077874815,0.004017066356362885,0.046951587355082945,0.004560029987166847,-0.07052033076211107,0.004047991629759563
198,True,-492470.561321749,43601,51217,8,4,17.738680601119995,-0.0007890668662077902,0.0035794773652971313,-0.028263775214637948,0.004098064526792467,0.09963401599395016,0.003643548081195047,0.007376549486379396,0.004148525865502048,0.011007291676974416,0.003601916010883828,-0.2706510547370212,0.006281885517331656,0.11629510846734652,0.005291208563379755,-0.09950816867071836,0.006331505724439085,-0.005561489843118663,0.005142692553442715,0.3500594626439051,0.00464300017105641,0.17648547138455986,0.004932688002217771,-0.05740476451743392,0.0044805607036612774,-0.11915327734510589,0.004958971043470692,0.0936029513059253,0.003946318643218641,0.019766284141603977,0.0050188028226915565,0.05238014259436753,0.003911879642978513,0.051756597951592265,0.005012609534591577,-0.40743421003265873,0.005094358594169658,0.3549914050136465,0.004774227853489646,0.2859338969748471,0.004984653609488332,0.20014232572340643,0.004701642769026757,0.14408432558181553,0.0038387813123796325,-0.007593585563669264,0.00352111965186805,-0.04814477565976181,0.0037867815604840614,-0.07789846393635388,0.0035489815740710447,0.02921509240378126,0.003738699279800036,0.012995615748507595,0.004298204051679151,-0.03625289995310812,0.003738955145316879,-0.034907906524181596,0.004299458946584288,0.10315963494809026,0.004483006289524151,-0.01791806784768651,0.0041290442032181,0.05108099995660042,0.0044711833042072584,-0.056832339204287846,0.004155241313808017
199,True,-495011.8903534836,43592,51576,5,5,20.92872166633606,0.0002169489556268536,0.003554072061478161,-0.028496371932809635,0.0040488650953236565,0.09421906594227293,0.0036314908768624262,-0.0010327302128016877,0.004100040909264294,0.01121991836063657,0.003593471264700923,-0.26877015952537636,0.00624519045679188,0.11157009342566583,0.005239031138976354,-0.09779289380355533,0.006290285430418358,-0.012033362171107216,0.005097388808629754,0.354399190669316,0.004575227341496416,0.16684647584201903,0.004989966903696678,-0.0634887903146475,0.004415322859063044,-0.11471802805034771,0.005016826635991137,0.10150443820250024,0.003980026738560392,0.02286465965503276,0.0050213138854044,0.04680298603196424,0.003940936331031708,0.05016251686854843,0.005016211584400814,-0.4037561179824601,0.005119504437231799,0.3594653454480798,0.004756248876816494,0.2863166370621298,0.005017497036765255,0.2013943364598817,0.004669471023048143,0.14553023274620872,0.003770334644916374,-0.015907748783806516,0.0035682286117629026,-0.04744201674579139,0.00371726961561301,-0.07691422910019777,0.0035948766644824676,0.018916918164495717,0.003679316800891688,0.017626302538808307,0.004509887968647275,-0.04177601751219923,0.003679744555183444,-0.04088092631343439,0.004513179947734388,0.10688758945859525,0.004491247728561245,-0.02199505351570159,0.004094115423820491,0.05194631182832786,0.004477055431046762,-0.053096714390997536,0.004117648444409818
200,True,-493020.33523641387,43760,51150,2,5,20.56373906135559,-0.00034758706958612327,0.003561497613546785,-0.032409688636008675,0.004146282018409562,0.09791531025737928,0.003585870903830722,0.005283849819255564,0.004204477418606054,0.019231067787029776,0.00354703526537797,-0.26284470108221075,0.006295664317843875,0.11683817950564646,0.005180993247362885,-0.08158563436786867,0.006345562347648836,-0.001124212180753682,0.005032646169351271,0.3536450454996151,0.0046430690731048465,0.17184755712215866,0.004991494636335142,-0.053637073127101,0.004477840675764486,-0.11621378324658618,0.005018303771051481,0.10021665722032073,0.0039037449296227917,0.024844423064553537,0.005053296283412449,0.050904756575557715,0.003866124083961704,0.05285724486068264,0.005048545780179475,-0.39680078217408904,0.005117235097862887,0.3597616605262341,0.004747355232457279,0.2923206575288482,0.005023482408050792,0.20203501156556605,0.0046603073105647395,0.14189797435298526,0.00385090155208879,-0.013187138453511963,0.003530939670017466,-0.04299301922785196,0.0037984478625969925,-0.07812154289616273,0.003558674348694616,0.027242264387585643,0.0037745523934405905,0.010390778579355362,0.004690330903053438,-0.04494763834399904,0.0037739570642830998,-0.03943055632889037,0.004692903472653491,0.09870863885674097,0.004528887229374303,-0.02509678618048864,0.004074250957884392,0.05158078989446593,0.004517465918804639,-0.057868833281021916,0.004099780052284121
201,True,-495775.86950831127,44118,51169,4,0,15.00441598892212,0.0022553596611044413,0.00357512186462085,-0.021476008931305836,0.004113682755526737,0.0945429010730374,0.0036673308714222576,0.009071693090789881,0.004151977209265917,0.014249020437469348,0.003631242849986733,-0.26639734602158194,0.006351408086928054,0.11810766779348106,0.005195182472963029,-0.08709142137615732,0.006394155695746495,-0.006075212941619316,0.00504630747833929,0.3561772949623141,0.004637540020277011,0.1737989295505121,0.005022670254166365,-0.057529720212499025,0.004476670534059323,-0.12203474757882693,0.005048663697134532,0.09471719042854332,0.0039868713819451946,0.02409845106554041,0.004957553176557154,0.04694291128026292,0.003952883241287925,0.05761178218668028,0.004952301870502974,-0.41052913203335145,0.005175135198923938,0.36182480280536095,0.004791657220950309,0.2863784909746843,0.0050522315414045504,0.21593453487573244,0.004720719469034931,0.14600295254566306,0.0038745528329466998,-0.009774249795670572,0.003509400554040248,-0.04142762745022343,0.0038218315624941944,-0.07519904787901975,0.0035358737659916626,0.02677077271560752,0.0038882603939468076,0.019144253851058377,0.0037868985196866187,-0.03269361348925921,0.0038885940755512506,-0.04877022476692449,0.0037903277290295655,0.10628035319276927,0.004499309874108681,-0.019805717423058547,0.004093570555111704,0.055283007915024426,0.004486838437068341,-0.05772292993075289,0.004119197637739063
202,True,-493517.9289571688,43984,50915,6,3,21.799458265304565,0.007338602793296107,0.003548070667743336,-0.027939939004823944,0.004110840981849931,0.09685033023851787,0.0035827893240811177,0.0006163528415537276,0.004161466426708416,0.017961687003448332,0.0035462509767676467,-0.27176913924963164,0.006126113801368399,0.10474199455160117,0.005237720832631737,-0.0912020810504659,0.0061700937447846105,-0.0121177399612653,0.005106900355055076,0.35035944750100556,0.004542909761029268,0.17070871089484355,0.004916051948282758,-0.055664191009962644,0.0043774339585417555,-0.1079276685378441,0.0049376813584733675,0.0951831308055813,0.003970604194797704,0.02711421611978742,0.004866803029584727,0.04539716905197283,0.003935668546305709,0.052360396852644,0.004862587011774054,-0.4050416148176773,0.005044486529789652,0.3569555623819079,0.004769507168101013,0.2791120532137836,0.0049240529588766985,0.19480901295431574,0.0046715992469102095,0.1397486737046129,0.0038887518659763264,-0.009676307123569804,0.003482915897590232,-0.03719725583825085,0.003833934426018995,-0.08065250734955609,0.003512706005124634,0.02784180418322493,0.003764827195493869,0.01152924700988435,0.004186509135696149,-0.04246975225227312,0.003765792676044239,-0.045122525328645434,0.004188920942359357,0.09663756584232237,0.004327895703232773,-0.024118405205431546,0.004057030887376705,0.05206050211885399,0.004316229822441054,-0.052738998745065845,0.004079032430566037
203,True,-490141.1725728451,43462,50978,2,3,18.489936351776123,-0.0029595275230477245,0.00355991302603176,-0.038016300253075314,0.0041440518594904425,0.09524847429315811,0.003569473866393982,0.009888342020475905,0.00421168248771225,0.02008600451704924,0.0035326450101539797,-0.26146619616758976,0.0063547379331245725,0.11747763801797248,0.005200232779009413,-0.09061159756791522,0.006401908625513934,-0.009051223492507908,0.0050505286582977794,0.3513102962355735,0.004627580481244821,0.17426657598795506,0.004989962900416177,-0.05369347292593302,0.0044621664079586305,-0.11709620300301597,0.005018094185920024,0.09548828510583997,0.003915274957237239,0.022341101017312407,0.004915955954077418,0.050916163685282685,0.0038821078189473905,0.0541085793783387,0.0049106372408625155,-0.40673332133705226,0.00506756134243096,0.3587517880240495,0.004776593711868367,0.28281744811072795,0.0049558527927880845,0.19307784303159584,0.004673704458021229,0.14279877137362942,0.0038500751630359117,-0.006290103148913147,0.0035168974012317004,-0.04758413549452675,0.003801239120980044,-0.08505669233206278,0.0035479664113771806,0.031320786894599446,0.004064240858863977,0.013957641989376567,0.004146342544109601,-0.03733600071037779,0.004064339864118965,-0.04184085064718351,0.004148527320735848,0.0968311476412336,0.004530666605119635,-0.020665506378735595,0.004026273245918467,0.04468322742835261,0.004521135667759687,-0.06346726912515539,0.004053331948678424
204,True,-493156.8380899171,43867,51003,5,3,18.965189456939697,0.005770656632120632,0.0035629600141189295,-0.026727056556247766,0.004113576053882579,0.09717966725720985,0.003624003490059179,1.3856166246795146e-05,0.004161876850234993,0.02136175459638959,0.0035884563825779882,-0.27296439350450175,0.006270065335877875,0.10853127183879327,0.005273395778615041,-0.10720183460944903,0.006322866132757491,-0.013095986946786563,0.005136191191843762,0.35084244582271257,0.0045837632241688235,0.17277505403453336,0.004933807175337577,-0.05840524704239159,0.004412122834395834,-0.11071750441777453,0.004956605164322613,0.09449699488206481,0.003982576862364002,0.024257305089954842,0.005054861782263783,0.05202469215378774,0.003946475966228041,0.05064808830575596,0.005050580126145254,-0.4068757543343808,0.005102689665683044,0.3577107164293634,0.004776411290332341,0.28490549108168045,0.004984824378166015,0.19835404073342322,0.004693544000747327,0.13985357795420297,0.003809062534365822,-0.013705677034724145,0.003500473060855912,-0.042638328508048495,0.0037560748873329865,-0.0778834564029768,0.00352792590818805,0.030455373394699756,0.003819068943621199,0.012850984431950586,0.004069058333555458,-0.0393981701863089,0.0038192261166477143,-0.04005962920802073,0.004071062647264155,0.10400959820763442,0.004443680253281383,-0.015240515356887332,0.004140596824197958,0.05177806182307407,0.00442785398513973,-0.05501658623550739,0.004165601414478202
205,True,-499485.3838819141,44186,51658,5,5,21.863073587417603,0.0034248470441522686,0.0035448539661979378,-0.023563584247126845,0.004052455580783417,0.0898029237230245,0.0036074456799554543,0.010026089794023288,0.00409447532383752,0.01867783562097245,0.0035734695019523136,-0.2702529319228546,0.006167514925060716,0.11331464185789777,0.005160840877527869,-0.08603656133594394,0.0062163115885805805,-0.008476412427308812,0.005015507948960669,0.34553946956779424,0.0045820695543723885,0.1659367225683362,0.004875455734733312,-0.05554141582103842,0.004424946262861532,-0.12195819591060884,0.004908351747597863,0.09428017587979276,0.0039481043730685604,0.024612024030296088,0.004981319337934477,0.05345253658745062,0.003912722483882532,0.056957139014247114,0.004975644051598165,-0.40620232324445305,0.005038311563872253,0.35688359853118334,0.004774044212083969,0.2918701769256308,0.0049411503413084555,0.200822234700427,0.004687360683510119,0.13773963984797122,0.0038456290543812453,-0.012027352293379649,0.0034779146769409225,-0.04278973373619631,0.0037967841226167285,-0.07868246724669677,0.003504668625548636,0.023672051219148584,0.0033328354529478382,0.01959915420972988,0.004201684902335008,-0.04030398618174299,0.0033329671000832026,-0.037350943307837316,0.004204453749172951,0.09896630861418605,0.0043807160355079835,-0.018604316557735562,0.004064020776472971,0.054418811515020475,0.004368327723428044,-0.05762656114402813,0.004089538962346265
206,True,-497316.4457371236,44095,51366,8,6,19.9716477394104,0.004920028077817639,0.0035331884096551115,-0.02793601614532955,0.004076036705981264,0.09568153445934152,0.0035952583560869486,0.004001776817389213,0.004125927885129698,0.011475911468752762,0.003558266044647256,-0.2689645121007993,0.006066388680307209,0.10572800715661013,0.005172823862583057,-0.08650351836162666,0.006111673281412476,-0.0077124682317466315,0.005040584029470395,0.34720783244419956,0.0045600744012056545,0.17051146001641898,0.004886660039221067,-0.049565790734721164,0.004401622138353089,-0.119455547428675,0.004912499547635751,0.09765205158839296,0.003925999000066125,0.019988239178137242,0.004941471379789194,0.043207327445557844,0.0038897868139565485,0.05739927748796263,0.0049350907378651705,-0.3990127446978152,0.005096724851844174,0.35776645998290124,0.004751616666138818,0.2823701325277397,0.005002580098951401,0.20208940591746877,0.004660655547268447,0.14431635830864317,0.0038070348435390393,-0.010987941822238875,0.003516600533328698,-0.04164022353411436,0.00375372015013298,-0.07632106151427501,0.003542457917952473,0.020696108572237693,0.003092616178019058,0.026379073079768053,0.004342708993112354,-0.041283540954622944,0.0030936283109846367,-0.03182507758449382,0.004345901267589264,0.10386425363670936,0.004335493302253558,-0.02629617425453131,0.004119457459119928,0.0596454803174213,0.004320252175218978,-0.04748025987057558,0.004140134667890305
207,True,-494606.9132695729,44097,50971,8,4,20.19936728477478,0.0060033976236427014,0.0035657063553416277,-0.03315359345503718,0.004120483561383178,0.0979664347585644,0.003570099983861618,0.0031515122050943104,0.0041801208077019295,0.013349826375137428,0.0035317838369679907,-0.28361136800160597,0.006251873656023052,0.11609078103377568,0.005381897205706775,-0.09485394790237911,0.00631112562430984,-0.0073445899474242765,0.0052338111165437596,0.34692120727979747,0.004598759081661051,0.1694245040602039,0.004899904568620529,-0.056589203220504446,0.0044342466501288095,-0.1143654823163972,0.004929221598995922,0.09543612965309382,0.003965338236255162,0.020756871388628403,0.005086610460440944,0.04896352947514814,0.003928550565365432,0.053764949318992214,0.005080083824503719,-0.3993716026030584,0.005120680978181557,0.35902327732681605,0.004760878714033087,0.2917836136007638,0.005040559299693136,0.1983660571503522,0.0046694259922473585,0.14034314215081814,0.0037684163332546055,-0.01562451203854556,0.0035516175710609307,-0.04907608400512274,0.0037172331876147062,-0.08068543440307621,0.003580511808747569,0.029323517738065255,0.0036254233551963576,0.017438683059716152,0.004023168834713238,-0.03920658607988159,0.0036247303482631115,-0.041116922043943446,0.004026209433009941,0.1034302643106476,0.004395122263964381,-0.01708297857264324,0.00418161717530814,0.049001133386760855,0.004381541983358629,-0.05751300003075569,0.0042095925006634
208,True,-494624.44359728904,44051,51124,4,4,23.51346230506897,0.005451381736852776,0.0035955375115077444,-0.02261858183857465,0.004139427603658532,0.09993842778582006,0.003670821211295214,0.0024210752483069657,0.0041809542073669844,0.013377124839853932,0.00362920492188803,-0.282467314071332,0.006265897592351325,0.11852789981773516,0.005343211249086498,-0.09478846128287585,0.006315428841231847,-0.012842279606996064,0.005189471087311704,0.3464659106567683,0.004676797194557026,0.1752987566497371,0.004898088204523895,-0.050043377810968105,0.0045130903492915965,-0.11838361312748968,0.004927134883072556,0.10066851820030696,0.003992354437994707,0.021817771565893006,0.0049910486427633205,0.04944484662214339,0.003953512421674386,0.058079750169565195,0.004983246146663316,-0.41160722829353885,0.005115786706471067,0.36005674746641503,0.004816471214772581,0.285233317712522,0.0050022573033234536,0.20273401597300308,0.0047179727631762,0.13914092133206063,0.0038132335601766994,-0.012369420064641097,0.003508387423649735,-0.04210575469609631,0.003760213087941942,-0.07749893410339494,0.003536094735567967,0.0294196289876485,0.0035252280823933084,0.0097633308448403,0.004492445298124279,-0.04819981529283958,0.003525291505625592,-0.03558258626465519,0.004494680083761318,0.10105874581925456,0.004447374757055548,-0.022470192888298747,0.004160384554241574,0.05643320023694679,0.0044328264777052815,-0.0562220780681937,0.004185906961657374
209,True,-492836.2570329106,43753,51014,5,3,20.58938479423523,0.0032322965022718924,0.0035329327806795955,-0.02949229276536929,0.004075816660235179,0.08685013623153387,0.003574541924983559,0.001975668592626201,0.004129034397156592,0.013968269386151564,0.003543588671001391,-0.2640869589338888,0.006223851730803793,0.11064745357764527,0.005162072620204457,-0.0946346374633038,0.0062628011994242715,-0.01420069266916513,0.005023366938613452,0.3543093726404441,0.0045531830501291636,0.16896232344469947,0.004964972526460311,-0.053043831638952814,0.004389166313845706,-0.11123908814071547,0.0049885612673322335,0.09343558182438595,0.003944953754241996,0.01779000820488298,0.004995103276925844,0.04792411349635623,0.003911560785280472,0.060612761196245334,0.004987819980397489,-0.3966585185978749,0.005028997348488688,0.35428146388870513,0.004715034422182905,0.27593366276380266,0.004905377675416323,0.19686789961581358,0.0046338650285197075,0.1373829100338195,0.003808328002167022,-0.01395910901459824,0.003472761833563408,-0.042592626487575315,0.003760330620730429,-0.06881870476639806,0.003495186762757313,0.02306651135526865,0.0037721036246198395,0.019964216085798816,0.004176316107426481,-0.03538123201417403,0.0037719919793319993,-0.040952473034011734,0.004179180509547073,0.1026196807822798,0.0044416722392360735,-0.026573336991405634,0.004024479204788475,0.050210687805608105,0.004430621198831151,-0.054865621590300916,0.00404736707394693
210,True,-493197.3385206077,43957,51015,3,3,20.054430961608887,0.0033349047159258256,0.0035455645952826784,-0.030834139462574694,0.004086038944498484,0.09140929005011773,0.003609451027716733,0.012765781649690668,0.004140426156253826,0.010767500553300361,0.0035734000845301685,-0.2699490141018737,0.006264588464027991,0.11810055096537858,0.00520305722086853,-0.08689161830508461,0.006313713295221071,-0.01283177060932784,0.005053164266699881,0.35284189220290973,0.004598018441690685,0.16714507478564317,0.004972641279832235,-0.05236169478887638,0.0044378437179072305,-0.11913140314858878,0.005003124785869611,0.09673322714608837,0.003875689299291455,0.01920812777461248,0.004995540821191197,0.050715480667630854,0.0038421075518863712,0.049130189491287585,0.0049898278713487385,-0.3942775700520311,0.005132683232508523,0.36362048717563455,0.004779775532429434,0.2945441495819016,0.005067752148305391,0.19870784395664057,0.004676756273475377,0.13901384793127122,0.003769716676459699,-0.011607062561180968,0.003516818407858692,-0.044560314479819424,0.0037224278262656015,-0.08329685328261491,0.0035480640735507,0.029124580631527983,0.0037511689286673132,0.013983965210478368,0.004154282418958083,-0.04267077614778109,0.003752221409989345,-0.04315108295740216,0.004156922444609269,0.09984051996071773,0.004434029965203783,-0.02621803638729864,0.003996925736422478,0.048756685202012665,0.004424012033308079,-0.06326300300126908,0.004023567595522483
211,True,-495477.79009766213,44380,50945,3,5,23.856318712234497,0.007983818961285786,0.003564816748392014,-0.02951551441742876,0.004133816061233616,0.09592028897793287,0.0036042125485198986,0.004675023122863492,0.004186971890946902,0.019875102415140424,0.003571150245243168,-0.26872344120254027,0.006414528299648467,0.12405388154727741,0.005279441872497203,-0.08080629612157528,0.006469788128435001,0.0028681152038252176,0.005122425277230402,0.3469033187178233,0.00460446737312032,0.16875434440536813,0.00494076095759091,-0.05511240274434946,0.004448479716953699,-0.12272583900131973,0.004972630154415125,0.09344291052777462,0.0038841406505435196,0.019554489393448046,0.005000206089956813,0.044754553107838296,0.00385117868703664,0.06391861660179031,0.004991572727749704,-0.4055145200801877,0.00510200450905942,0.3633727409426819,0.004803403774509435,0.28217828464845507,0.004983460415929505,0.20020004562155921,0.004696761636704588,0.14346154458691293,0.0037651511173889935,-0.014912648855274732,0.0034877971349721627,-0.04997508029210569,0.0037152338329900195,-0.07314140334957345,0.0035112780653829803,0.027559944679594748,0.0037236925881138755,0.01571154669948692,0.004527286171898829,-0.04135183878697671,0.003723440177876389,-0.03900962934003739,0.0045295800229414734,0.09630327732932248,0.004601631815535435,-0.026348249559220365,0.00402913648721679,0.04981116022760661,0.004592846843417375,-0.05291982908938749,0.00405182498585009
212,True,-495861.9036895201,43895,51318,10,4,20.352274656295776,-0.0001932631388932311,0.0035428947967611714,-0.03097481922128579,0.004099330146844685,0.09309704625178794,0.0035494605855317164,0.00894161340594235,0.004154590271021685,0.014351287826483088,0.003511838460877884,-0.27057382780703343,0.006134505629802629,0.10306115303842231,0.005226137875928209,-0.09108946666514514,0.006182090091588352,-0.006072204498029528,0.005099239405138348,0.35150429340244427,0.00456688404369723,0.17307079811938225,0.0049338002995131065,-0.0598617393671598,0.0044032605369366965,-0.11856635867475439,0.004960240018574821,0.09291284777746993,0.003940768991530601,0.019174515669833896,0.004980294780439642,0.05048484242376782,0.003907340575435495,0.05388831069200578,0.004974220347479117,-0.3979051956729655,0.005045933821122873,0.3597354284559818,0.0047407710703461035,0.2811723237845731,0.004942340764238757,0.19597352397906634,0.004646056906964735,0.1373630412078085,0.003916521670061784,-0.015477744128132616,0.003517167687046196,-0.03955064187089444,0.0038645218907901366,-0.07605411063915299,0.0035418139956484252,0.027169517068047384,0.00373082405872352,0.022131133359014715,0.004069097517961711,-0.03940654591190679,0.003730411922965045,-0.045397661858225684,0.004072732933584334,0.1047002877660501,0.004402550786818296,-0.0223721330900391,0.0040451397776856135,0.04722219187076559,0.004389902651560324,-0.055256019658988895,0.0040692796720188315
213,True,-493039.66319332714,43801,51138,3,0,17.600967168807983,0.0015400313368944818,0.003558922457287477,-0.030021635910530555,0.00409811898033369,0.09241423382823546,0.0036048115355129706,0.00959249879783286,0.004151580546436065,0.00831336186941138,0.0035693857236873527,-0.26413517724076574,0.006472863278082961,0.12045842143305227,0.005264662441144923,-0.08483023011972507,0.006526975705386685,-0.006295290593463624,0.005110471927616182,0.3479620663743075,0.004657352560274666,0.17070035539561085,0.00494916700463745,-0.04894813836814676,0.004499102699488635,-0.12699472366692469,0.004983633830173173,0.09692201050065312,0.003916837937820353,0.01623727267668062,0.005096681889328571,0.05085331126303637,0.0038804910058047822,0.06010902221969133,0.005088906347871405,-0.3981557021573653,0.0051053213998500145,0.3546757412379845,0.004758750755425333,0.2872793542308413,0.005009219610118721,0.2043821356894497,0.004682990458835717,0.13968704273952684,0.003767101624904831,-0.0146923291998077,0.003516769343475982,-0.04408285511944683,0.003716547891370814,-0.07640908173333022,0.003543001595725969,0.0227724554030135,0.0033904573797618616,0.011546604809298016,0.0045660598134919595,-0.044046567453191694,0.0033913857373483697,-0.037006625380118785,0.004567819580835178,0.1012502384095812,0.004564230590927977,-0.0224752396734001,0.004088595291175409,0.049857655170040274,0.00455088934353524,-0.0526890283113147,0.004112941553945069
214,True,-495090.9932463076,43834,51377,5,1,20.648083448410034,-0.004074899471659838,0.003526012067577989,-0.04370911474105626,0.004119959031347329,0.09160417652377349,0.003504244330449016,0.009421362553679685,0.004197079321806194,0.015946117727317945,0.003469411689961338,-0.2679647761209748,0.006302870794486788,0.11528649095110896,0.00519196527828877,-0.09467400820083914,0.006353826756961798,-0.010197723186369788,0.005047214090248459,0.3486371774278561,0.004585939645780214,0.1755243885621182,0.004916191639295731,-0.057497856613637724,0.004428128428800155,-0.12004972109266158,0.004942998477908481,0.09555758629658634,0.003906461867592999,0.01722168218005655,0.0049767098957719325,0.05132489132713631,0.0038720083614671905,0.056547741538168134,0.004969498986938081,-0.399127863572469,0.005035966168211126,0.3627060569561622,0.004721916135042718,0.2785553819253216,0.004927406831043827,0.19773852948700915,0.004622884367371809,0.14402634143663295,0.003827723943478059,-0.014817357555323199,0.0034414902949810307,-0.04319717467236358,0.0037745262180423856,-0.07539485390466744,0.0034671006166463753,0.02514118483916926,0.00340570830845718,0.01895480472039771,0.004239733812023508,-0.04059374680009231,0.0034061166571327708,-0.03892430646682368,0.004241893085690855,0.10099223256902977,0.004473713697060171,-0.022955135621665523,0.004010427976235752,0.04568612994611786,0.004463605854826843,-0.06180713953563054,0.0040377656420336255
215,True,-497618.99735125364,44163,51330,2,8,20.59359884262085,-0.0006372353922498174,0.00354328820200661,-0.026271503562452444,0.004109020183641731,0.0955870845818373,0.0036050098638731793,0.011108582765369992,0.004155447297341445,0.013775131427636242,0.0035700671349553773,-0.2636048717631897,0.006292119755856732,0.1157566832757993,0.005186927236399466,-0.09789469528208575,0.006335576156753111,-0.00957812739755237,0.00504251772146476,0.35723212099758067,0.0045672185199765215,0.17099010074294155,0.005009014546456813,-0.05938993571405025,0.004396422844375355,-0.11572387398164015,0.005032765025834162,0.10070711438939767,0.0038412923895448595,0.009129842268037577,0.00517406170404168,0.052970357105659054,0.0038044618800432304,0.04878096577517691,0.0051658309294678436,-0.39798130373286594,0.005101692362406752,0.3583576944142626,0.004701221115985938,0.27891807274673885,0.0049906771869610254,0.19826131672438532,0.004612190517837302,0.14506231275953235,0.003849518830909161,-0.021665213950767977,0.0035562613955355377,-0.04717331024501632,0.0037988617418165567,-0.0759233091262425,0.003580083969874218,0.02270583230890557,0.0033518991620085643,0.02068477212304388,0.004316280691509415,-0.045218372865982834,0.003351779184691838,-0.038830066765621014,0.004319455574708369,0.10333221388738224,0.004501925896303373,-0.019164729132133247,0.004017681317378034,0.046273408034557664,0.004491286844687663,-0.05320454851345693,0.004040778870453397
216,True,-495073.7074742352,43915,51221,4,5,16.396435022354126,-0.0004783220767032817,0.0035310456735089704,-0.03233617462529364,0.004087450255159995,0.09234683089676259,0.0035539989306705862,0.001084477015026073,0.004145688751267246,0.01939519484326256,0.003518842571604833,-0.2714103418556475,0.00616721353512711,0.11115607760183659,0.005256558231317334,-0.09132895986928569,0.006213731359688956,-0.002137552804587832,0.005118203719481238,0.34426985021741874,0.004557329229404981,0.16943019590878827,0.004886760376527747,-0.0542772968754269,0.0044023616597488125,-0.11554320910442377,0.004915869584172445,0.08675268727749263,0.003925851940359759,0.019141061023942463,0.004865737982787576,0.04719751722421192,0.0038952762075611888,0.05903992406222364,0.0048585392199115935,-0.38934703897806433,0.005021139429043853,0.3621979602625668,0.004724914034968828,0.2793691215827734,0.004934342290103042,0.19337320606986988,0.004610788208523036,0.14116339933048647,0.003786028326287593,-0.021174805249401452,0.003535668203105961,-0.04019529399483365,0.003732125150246524,-0.07989826750291838,0.0035630071669688307,0.03479072235591437,0.0037081784138576182,0.00661221613392424,0.004098415953834531,-0.04048449494010914,0.003708679922974725,-0.03754745568631492,0.0041000602050028,0.09339067677194565,0.004396270641862991,-0.030299626977861167,0.00408284505713021,0.05314543684895343,0.004385142548715666,-0.048036690409984824,0.004102586748635179
217,True,-493639.0584503561,43795,51248,5,4,26.598406553268433,0.007126509145687977,0.0035394801137975085,-0.024666591752793635,0.004047156068652957,0.086111276161586,0.0036401848121515768,-0.005207572463937591,0.004092106826559026,0.011293140358669802,0.0036088843679967417,-0.2684955813827405,0.006199832974725005,0.11311378076425196,0.005181553255271433,-0.08966419991376548,0.006242408433664086,-0.005868449952993121,0.005039208806269383,0.34899772006483537,0.004615778273216022,0.17244552522591858,0.004921045535169434,-0.05705519298930586,0.004458197358304634,-0.11274665466343287,0.00494252950493442,0.09674578366894583,0.003978879337737255,0.025676342223288497,0.004941742717495615,0.048947227872517984,0.003943578567863089,0.06042324676428041,0.0049364906538324664,-0.40370961670637956,0.005085846325357056,0.35891272609203445,0.004794073908744971,0.28428307289178906,0.004977582645541047,0.19834920315182403,0.004696501021981433,0.1398432533354581,0.0037923122661558503,-0.011493814325989095,0.0035215387667158187,-0.0405200277005412,0.0037415120854745825,-0.0737450261583392,0.003546825164104402,0.02200657350195047,0.0033875064597004663,0.019398598333958173,0.004362904127176072,-0.04252357158907717,0.0033876830655677793,-0.03845892375500923,0.004366002347631959,0.10163982824427191,0.0044118828197263595,-0.020310607886767477,0.004109353208291741,0.05743885962568751,0.004397709658241823,-0.051085573250731035,0.004131627605726786
218,True,-492549.02179491566,43881,51016,6,2,23.221192359924316,0.003876087175191609,0.0035721559287341925,-0.029668021927461,0.004124618393131975,0.09250510265561943,0.003577584435986033,0.0025270881560435043,0.004178759586304812,0.010215216532369582,0.0035413836242481275,-0.27303770432220204,0.0063315188857067,0.12102910569853884,0.0052922895813210065,-0.08607027321722466,0.006385336559179885,-0.002684458184114121,0.005136821778440473,0.3541653850475783,0.004571772053896321,0.17123118633099285,0.004966068183407807,-0.06318949429392698,0.0044065006295441215,-0.11300333698969514,0.004995192559463536,0.098558856073959,0.0039034268417829834,0.017121931364537907,0.005087419201708631,0.05098179378736886,0.0038665674908770604,0.05643386038196001,0.0050789250111977335,-0.39192948927677357,0.005103871599038999,0.3610868914445936,0.004778866167747897,0.2919747357301007,0.005033079701286993,0.20313328790329696,0.004691398686505546,0.13953255332164297,0.0038141062685746285,-0.01695068774359209,0.0035060446611523423,-0.04238174335001741,0.003763771310456032,-0.07724041542942837,0.0035334001724176647,0.02545154565635081,0.004317283429549242,0.016951646213822225,0.004070516509111417,-0.03655397728382194,0.0043164321475715715,-0.04812546991390713,0.00407510719537196,0.10265203321684463,0.00456101312114361,-0.02353992568146086,0.004114510497627714,0.055086259297867056,0.004550048692563595,-0.056450772920411715,0.004139989816945515
219,True,-497404.54187382455,44165,51382,6,8,17.86678695678711,0.0007511228033040831,0.0035533104782308946,-0.03244845570672684,0.004119762402692647,0.09776886347552245,0.0035680793539103715,0.0034369059023252936,0.004177905395029913,0.016936353908006435,0.003532239716061042,-0.2656015912423863,0.0063251158829354505,0.11414714266721729,0.005167139309005028,-0.08620197276717999,0.006379500367682933,-0.00041304419604763277,0.005022445418994799,0.35212014825748034,0.004673616872937715,0.18278726557600847,0.004950251505762599,-0.05026102077869011,0.004504341990017179,-0.12833412268139202,0.004980997593975841,0.09667276891380454,0.003977910696754942,0.02831651653557971,0.005019778848129691,0.043592907781452986,0.003939223167254254,0.055374609682936705,0.005015572869405319,-0.3989716443431791,0.005092601799504699,0.3436094747358952,0.00470470516382853,0.28716039341678123,0.00498950124305012,0.21709015234758605,0.004649901875659697,0.13678172944525493,0.0037695428719883997,-0.017100653104187794,0.003507198743854268,-0.03712445123265729,0.003718125206275063,-0.07523778278213224,0.00353293430730846,0.027273106177366824,0.004274433991785124,0.008716785241764183,0.004663009803749148,-0.03750294506416226,0.004275203931836118,-0.04359778819393403,0.004663801269410401,0.10508740499519398,0.004506577422476363,-0.02188205426838901,0.004111103741753749,0.05366683310279612,0.004492412712789314,-0.06223351339595087,0.004141544607542327
220,True,-494857.5700356909,44050,51173,8,4,20.429443836212158,0.007941591657506394,0.0035548019352068336,-0.02582177007913739,0.004068016282117516,0.0935397286352052,0.003650643471166621,0.0011756626611654135,0.004114489288064515,0.016109017929578178,0.003616538529606265,-0.27316805959874546,0.006280141442881027,0.11777353948510094,0.005223645053214265,-0.08157772919856879,0.006325657620190341,-0.0010183196968276708,0.005075372701730804,0.35339987763046543,0.004640918683566011,0.1775623729948746,0.004933541270518895,-0.05151067427442414,0.004473963636956749,-0.12286061408035256,0.0049628702662844444,0.09433093593237137,0.003938122080866673,0.019693602748436005,0.005018886290317119,0.05195055683674742,0.003904795078719249,0.05915991987556122,0.005012045040111241,-0.4019015913729634,0.005144077597286991,0.3576239836567194,0.004776355527534529,0.29205696576225343,0.005051375374473609,0.20764954276586944,0.004695012714980678,0.14284317461120347,0.0038418214648879984,-0.017547191551866813,0.003550478425456926,-0.03953933722912255,0.0037883684103405275,-0.07478379922181667,0.003575450348120817,0.02944310629487271,0.003964947173335622,0.012826506502109074,0.004355704901929562,-0.0397489275390395,0.003965645705696337,-0.03833821162619623,0.004357359412961398,0.1070089207555787,0.004417522611199678,-0.015550120934651187,0.0041034290924779546,0.05434537233049444,0.004405668125018638,-0.050699714133552676,0.004126458700413384
221,True,-492400.87519971817,43731,51002,3,2,21.92160964012146,-0.002115971358504518,0.0035760215363190816,-0.026485745797110365,0.004134973005458464,0.09544881821286541,0.00362592439858974,0.008441407203681618,0.004182460900246375,0.017720096879558767,0.0035896163848601055,-0.28090762064921493,0.006236702141113353,0.11761851451059677,0.005249055313045223,-0.08762757575289894,0.006284531162994882,-0.009967226090378827,0.005099017401086446,0.34808716837149,0.004657987130699739,0.1757922291054717,0.00490268473162227,-0.05757953666047785,0.004495271157106019,-0.11396136113055148,0.004924194430704557,0.08975890105102585,0.003983580668286042,0.024872508366376934,0.004941534513232345,0.04852645564836963,0.003950895091337565,0.05808936398251829,0.004936151672100875,-0.4056885589676795,0.005109837319045511,0.3659781376938867,0.004800919414607815,0.2826576326489965,0.004992404976805007,0.19911929540278567,0.004699471689380719,0.13694668334313886,0.0038971955813133395,-0.010297628105237981,0.0035454958847493507,-0.04672518477669988,0.0038514462505931124,-0.07410436693724523,0.0035700569875582707,0.02568732178782919,0.00362950432125596,0.016318825186677932,0.004377053897919889,-0.03911130754832761,0.003629997646472675,-0.04103909491867608,0.004379076903351871,0.10900563301374093,0.00442398587615894,-0.026522167163526133,0.004099115054584056,0.048517608622084735,0.004411098291060914,-0.05930797390421957,0.004125184134506642
222,True,-494990.73556965264,43962,51306,1,3,21.653038501739502,0.0012174989441191288,0.003562428829386643,-0.031291183756308835,0.004127775808308617,0.0977108986900663,0.003591720337185728,0.003030253569934966,0.00418431318605446,0.010459067797567716,0.0035541354332848775,-0.27312723302313685,0.0062935272676172644,0.11433803672915736,0.005321066368368724,-0.08703048828938266,0.006339613370919438,-0.005154215372319979,0.005177746129756287,0.3502801200933855,0.004639058308533271,0.18041787009976878,0.004963998887543765,-0.05231125099735623,0.004475671162674664,-0.12097050496476107,0.0049925532344679896,0.09748176567906609,0.00390415936660821,0.012910146341139983,0.005165761278713888,0.05542164014657653,0.003870307341572378,0.05516966039415031,0.00515713659061175,-0.39828875911758377,0.005120366812296313,0.3602995690904317,0.0047781122091247455,0.2883019096978676,0.00503062927312408,0.20174965974183554,0.0046848381440320495,0.1425206762563925,0.003855519211271846,-0.022198817042516163,0.003543828714294448,-0.04214263663734204,0.003801811105302035,-0.07842590647848333,0.0035712794257282596,0.02974158408319158,0.0038681248304204495,0.009551190778558281,0.004211555415349113,-0.037457979898450025,0.003868414675384929,-0.043325242827462376,0.004213832054317391,0.0977084478489383,0.004525900524390402,-0.02632454466045452,0.004072106298215028,0.0490527505986416,0.004516315070420745,-0.06394784891455124,0.0041003857138168075
223,True,-493759.19369660015,43606,51391,1,7,20.357176303863525,-0.0026147779750685294,0.0035698852572979413,-0.026230175602561856,0.004085599032175735,0.09046015031127964,0.0036125001310995447,0.009150055092099787,0.00413263353816715,0.010359388680913906,0.00357749123886926,-0.28304778594258984,0.006252161635946719,0.11280808937450688,0.005372999031246983,-0.0894209750963997,0.006306204690936879,-0.008078479475237023,0.005228391017767949,0.3459489504069955,0.00462380464437004,0.17672587024230155,0.004904143135434439,-0.056746171899821354,0.0044632174404184086,-0.11786390215119395,0.004934955195623581,0.09480507682378894,0.003975190699879278,0.021132262352558027,0.004971721213334639,0.0425671130611298,0.003938053392322195,0.058517182013616345,0.004963712421334835,-0.39694257126690674,0.005151254269983837,0.35720616180027465,0.0047662116121482976,0.29182695795477326,0.005084519902582843,0.20445095405601482,0.004680699546293919,0.14275571503980078,0.003799883243556183,-0.014361167623606187,0.003584053323029899,-0.051095275768357346,0.003749716958776279,-0.08000557304115832,0.0036132075486956087,0.024284044799379883,0.003697636716002306,0.01462079983965512,0.004539427391398532,-0.043635692308134036,0.003698376554962636,-0.04148028035309197,0.004541692921387755,0.1099064530717738,0.004460497581467622,-0.02324184908558128,0.00418428897652531,0.052742348699220724,0.004446628162174343,-0.05555934740635087,0.004210487055094703
224,True,-493515.03901742294,43775,51204,1,2,22.47342872619629,-0.0001308375345780869,0.0035367542914819116,-0.03180562077310912,0.004062055753173534,0.09205647367147389,0.0035902888259374483,0.007227031720463593,0.004118244705205763,0.01047968262000102,0.00355304353764644,-0.2734856332850403,0.006311795872975522,0.11664417046990454,0.00526887010411602,-0.09750833920405025,0.006354787604712185,-0.010322623965267213,0.005121536377883506,0.34706354552732727,0.004592050172125207,0.17317642923025067,0.004910763973737277,-0.051318606656970515,0.004434458053511013,-0.11325434103762362,0.00493711939321434,0.09167986922386466,0.003969510454796679,0.023723685884659673,0.005017961181987933,0.046860480000694045,0.003936848773591134,0.06060630615964508,0.005011103783402531,-0.3915940413007881,0.005070859888300542,0.3547260109404506,0.004693880854815357,0.2880239397295613,0.004993543743327016,0.1953713991832244,0.004602392220026635,0.14099344679636727,0.003699841086870674,-0.015311050674897625,0.0035229968174280524,-0.04984427677122727,0.0036504073763077355,-0.08131197763411314,0.003551432940126537,0.02836311856346231,0.0041408063458378865,0.009183798768904591,0.004040480484806171,-0.034235547206705116,0.004141917807128931,-0.044978137953599694,0.00404244137950704,0.10235511156575089,0.004436585303017735,-0.025446842329155988,0.004051153460359909,0.044153455286416475,0.004425779558002693,-0.05239219836715048,0.004073133614930348
225,True,-494167.20913654275,43763,51344,6,7,22.554944276809692,0.0009560721850024908,0.003564406296422546,-0.031132834827381137,0.004103149593737318,0.09432750266348454,0.003591687009301044,0.004012250206377567,0.004159391218557744,0.018451946629742012,0.0035526426098124882,-0.26655040922922146,0.006278321287224709,0.12356579915533564,0.0052873162278612214,-0.09966949283927104,0.006327579457235235,-0.006446783641762014,0.005126868441003936,0.35171252966537825,0.0045629511700102324,0.16929970617944656,0.005004668854227884,-0.05906949200967421,0.004394071073777981,-0.11812483496416815,0.00503780237910667,0.09098559989752866,0.004004631792237085,0.02703941842403897,0.005004328299875935,0.04617676573605201,0.003970560089890397,0.050866374746991905,0.004999219408608722,-0.403041492184101,0.005120215225239145,0.3634150804234907,0.004773698382742049,0.2853313944254247,0.005020817556560061,0.19525165448072013,0.004669074952899459,0.141276567618283,0.003847617399012336,-0.0159079586021537,0.0035696090173478255,-0.03679502665325298,0.0037927952889963454,-0.07786797295944058,0.0035965251421911297,0.02149111643196578,0.0033896312862168195,0.02050076390779277,0.00429565442558176,-0.04457606039101149,0.0033897384513157484,-0.04094362747430737,0.0042994457877130335,0.09458405496554834,0.004479280136189771,-0.027840570712833076,0.0040814809727558994,0.05690677321380633,0.00446955169535108,-0.05536244791275513,0.004105240517269824
226,True,-495842.13251349714,43982,51430,5,2,22.223945140838623,0.0031615675165830065,0.0035641114681389404,-0.03581987126452536,0.004124142694787394,0.0937209251015746,0.0035432872037688867,0.008339309256134231,0.004188200701274381,0.012631197035084982,0.003505534966691752,-0.27711863335231424,0.006256889105175844,0.11251098612931965,0.005286132097981473,-0.086750598199979,0.006302323599314562,-0.005676948759745776,0.0051452074445399,0.3493090579307383,0.004652027514317542,0.17610743264809026,0.004909932599020671,-0.05563094308773458,0.004490943933916325,-0.117251302495202,0.0049362834559546495,0.08969754323104011,0.003934396688889444,0.016585615711924087,0.005099063991459044,0.0487157623222293,0.0039030850260121787,0.06336984479189851,0.005089699699336939,-0.40020227774739764,0.005067618254093651,0.35667244438935963,0.0047460136271203456,0.29012906305113473,0.004971774045950279,0.19728681664482375,0.0046529620875095075,0.14026853408889392,0.0037779031114578534,-0.012242547909162071,0.0034902760950782175,-0.051636214379445114,0.0037316339713725152,-0.08079780179391619,0.003519482415295431,0.023421489992221173,0.00329568339738029,0.01794322382932552,0.004229675312196458,-0.042615110893264245,0.0032960687265377936,-0.037419818054707295,0.00423228552671966,0.100170637627951,0.0044693184615551725,-0.02753939215392839,0.004036133949785596,0.04362420283938921,0.004459534424327405,-0.05699681623993154,0.004060208314967567
227,True,-490614.65905875736,43797,50680,6,3,22.30207395553589,0.003270207241684898,0.0035566580713628274,-0.031934088232313744,0.004165444926030408,0.09344129888185403,0.0035671830816079034,0.0009444754421650882,0.004223434594913948,0.016012715075934016,0.0035358564454690024,-0.2717239043276003,0.006261972439699398,0.10985769519011322,0.005249722446879735,-0.10300092307369021,0.00630467807930368,-0.014009952732603264,0.0051125511904814664,0.35571615003210905,0.004558557182396949,0.17428137196583268,0.004964205309348649,-0.05422840157370625,0.004396685391849084,-0.11220999494044814,0.0049848558493971054,0.0944744521294039,0.003954230057379252,0.014374590771487821,0.004980417644826197,0.046311665853440195,0.003920204791436991,0.06129887556625538,0.004972936568892312,-0.4052365436807917,0.0050291095111822505,0.3604685920934502,0.004778912958611447,0.268167300362428,0.00488736136138231,0.19439280422515223,0.004679032238732087,0.13811339750964918,0.003726183983593704,-0.012112143114238609,0.0034699301751168776,-0.04423154385757037,0.003677925140071969,-0.07165243299742956,0.003493487812718859,0.03008121419606638,0.0034907707674086677,0.019935043845567654,0.004188883509389189,-0.042960548473131584,0.003489512618947886,-0.03794358929328622,0.004192162552966352,0.11160957343677709,0.0045572185644354776,-0.01737951966899719,0.0041420985474158265,0.05015324220826497,0.0045433705376310305,-0.05286156721069212,0.004164500965918054
228,True,-496461.75919859344,44508,50946,1,8,22.841665983200073,0.004096641400598819,0.0035507366680736234,-0.03222244787886315,0.004096954225277506,0.09365132017610539,0.003577814591051903,0.006574422881807254,0.004154554931164717,0.016948746103631545,0.0035410512612337867,-0.28135811421751084,0.006121614108279211,0.10956786741916115,0.0052608546371087596,-0.09324796676842856,0.006167360397039742,-0.0074693204144100165,0.005123094595368385,0.3453521120785583,0.004608344587123727,0.17812124176311597,0.004864006359787755,-0.062355071034653355,0.0044550559607639175,-0.11258576206422377,0.004884694281824596,0.09361543672342706,0.003972386139831955,0.024146639226040198,0.004924517150999436,0.04315701395305175,0.003937910326285276,0.062042976858305614,0.00491840307008155,-0.3992323915328641,0.00508855442116801,0.36633105882611905,0.004766269630176775,0.28112096163921746,0.004988862383103846,0.2094605549065563,0.004668627658828041,0.14212785185060609,0.003785322466659485,-0.010759660494944642,0.003514033486338154,-0.03683233166516273,0.00372816473419341,-0.07870415263290731,0.003542056689772723,0.024574815480532544,0.0035494067958608527,0.013964331668572917,0.003991238227607653,-0.04100234693455548,0.003549448624196374,-0.04314112002910836,0.0039946699297955576,0.10945917003418784,0.004442126826598995,-0.02595541891379439,0.004136939613988375,0.057059674617346644,0.0044273578565990155,-0.05715029258605174,0.004162350938341438
229,True,-493211.54015732196,43890,51044,4,6,21.089856147766113,0.00692163488326957,0.0035527592467576347,-0.03306646833444338,0.004120907203544311,0.09377835856047988,0.003617203574283858,0.005441592535036653,0.004179485203915508,0.014465076635836757,0.003583200722053189,-0.2708289238659693,0.006217466453907022,0.11026505462011504,0.005200706212649421,-0.09058140718095808,0.006267963921942386,-0.007656954400540743,0.005062953896481146,0.3521104977966244,0.004658818299146832,0.17150636433259783,0.004942592181600331,-0.05111709820512394,0.0044878355283957715,-0.12346620412464289,0.004970677853464434,0.09546398490042313,0.0038944663784333373,0.018225476749758513,0.00506471269576959,0.050411270264901775,0.003859600849396309,0.051545763981595966,0.005058855833562983,-0.4106038668660116,0.00502925207145296,0.3508690252116453,0.004787024608076128,0.2867880758684184,0.004898741494883861,0.20141999303556163,0.004708464346252934,0.142515188468918,0.003826512395688944,-0.011743706992645599,0.0034901068010658584,-0.04832078878708092,0.003775619818102001,-0.07646489045758277,0.00351595228194294,0.02269370851570066,0.0035075737617806975,0.015660730976921076,0.004084479164262801,-0.03868540563663573,0.003507938322074683,-0.04051452985573644,0.004087012565725893,0.09552407538227178,0.004449836597412861,-0.024994372623567886,0.004043686218787011,0.05387909970489243,0.004437316016814231,-0.06001057919566187,0.004070034561601293
230,True,-495241.116175147,43961,51346,0,2,29.919816255569458,0.006651688123878489,0.0035866288107772874,-0.02699058700657253,0.004141414633309587,0.09432792577486979,0.003632048332873521,0.0036082253190088376,0.004190518665343713,0.01710720254675114,0.0035980813914517854,-0.27393382431373137,0.0062431459854565404,0.12032870325853098,0.005246972430125871,-0.09253658944838311,0.006296178289109593,-0.011861412085208559,0.005089587528222191,0.3506471516888179,0.004665038676618988,0.1792260249850095,0.004923267327403391,-0.04756771270260687,0.00449299662192653,-0.11713283949873786,0.00495067902901634,0.09586251090373353,0.004029200941369046,0.03223995676421329,0.004877340847522743,0.03849873685628635,0.003991131585513455,0.06093782437037852,0.004871838227480325,-0.41049545428241646,0.005091194926075328,0.3569270222004515,0.004833242958527187,0.29089965311920524,0.004989438547833968,0.20207887992602955,0.004748086014919425,0.14047439463502093,0.0038529492015335317,-0.012463258402799856,0.003517623899538414,-0.04448826314582222,0.0038029537316862727,-0.07209772434616595,0.0035417320176054363,0.026508649577962076,0.003631292904908615,0.008637455532209239,0.0048246118225033045,-0.04023827922327298,0.0036316032139273578,-0.03253246920719097,0.0048258388820024735,0.09874092955748902,0.004384427072324381,-0.021690784873332987,0.004157024916691545,0.0617667504273999,0.004369845250106841,-0.06120290934454125,0.004185613167045481
231,True,-492167.551063722,43629,51264,5,5,19.25701332092285,0.0004178787167547553,0.00357238738194045,-0.031088387248646175,0.004106673945523822,0.09304344486717073,0.0036419183519720857,0.010085303484345632,0.004161899386989214,0.016147581567657644,0.0036065601139014703,-0.27041210552422706,0.006321513497484042,0.11561312483614362,0.005290219525722832,-0.09382243044425424,0.006372768081103947,-0.017403706191530376,0.005139576896369991,0.35551605935573266,0.004642550586382296,0.1677298567625356,0.005024798164272479,-0.054608974121037775,0.004466315661876075,-0.12128611859170049,0.005061377423895509,0.09714231761953589,0.00399888857491274,0.020365187458672596,0.0050355527214069615,0.050546170874592955,0.00396125332809691,0.05750953640354116,0.00502791473470661,-0.3988146726171371,0.005170492216920723,0.36440046712035595,0.004800455813168806,0.2928214915256904,0.005092805319627694,0.1994831619368971,0.004707889055772396,0.1418779854922112,0.003911221418601132,-0.019230090668336183,0.00362639332830119,-0.042982954684697,0.0038566887476148034,-0.08308183634402759,0.003658101060650578,0.025745178405435724,0.003412587847123579,0.013612633036616435,0.0041859099402128145,-0.04318549704586487,0.003412610724481077,-0.03968635714190648,0.0041885284930886025,0.09849631932984643,0.004516615265819917,-0.02495939827895559,0.004162366069871129,0.057903899464416764,0.004502685967699661,-0.05752374336427038,0.004188815380880295
232,True,-495413.01382060023,43922,51244,2,3,20.04022479057312,0.0031114863902685403,0.0035589793446906184,-0.028031974306272522,0.004110349217891069,0.09264897606245424,0.0036132300960297955,0.007610341171238054,0.004160314001184173,0.015912671867363108,0.0035802995112628557,-0.2743891078852376,0.006280827560898114,0.11629150916597142,0.005265685081646248,-0.08359893544705714,0.006331739579514824,-0.008725804841390019,0.005116560089660733,0.3433301479552441,0.00463477584372042,0.16876508331614865,0.004884976531945786,-0.05781767202677113,0.0044828863942132004,-0.12538238543718658,0.004919400156536243,0.09210871928728025,0.003958828028274252,0.02294365902416951,0.005012322329968099,0.051800972176890045,0.00392506135460576,0.05210614473752996,0.005006750156543452,-0.3997795672698433,0.005164391191263478,0.36548334052364884,0.00477501698693615,0.29152320136286886,0.005086078021713598,0.2052935278299245,0.004676549743039613,0.14359023296890835,0.003819975248419903,-0.010508666337841057,0.0035014576892586587,-0.042544682629640104,0.0037666524426094162,-0.08063753799722385,0.003531027573709735,0.025035983887711943,0.003469151674365521,0.014488446753506315,0.004486689346409138,-0.04512105559695708,0.003470486798603325,-0.041051937108854325,0.004488603019139038,0.10666874926051739,0.004471196557350131,-0.02588783262760872,0.004146122193938915,0.056298510798123785,0.004459297503507534,-0.055162153411429105,0.004171486871154853
233,True,-496866.81269830593,43895,51465,7,5,30.906953811645508,-0.0007454060250508697,0.0035298028127927613,-0.031735228905640685,0.004102183069525897,0.09369472416960178,0.0035649120067039208,0.00744870830548997,0.0041583491042792966,0.010660722328650406,0.003531097298256463,-0.26521461577058414,0.006143778122950607,0.11146298448107989,0.005124605690306049,-0.09096457982352259,0.0061885244281794675,-0.008355472592187349,0.004984536732748993,0.3554743513040998,0.004542702660988622,0.16619759758678196,0.004933842302567585,-0.05915074581641126,0.00437091835713384,-0.11397362768005208,0.00496102925415668,0.09855061911481632,0.003908638454045774,0.02431566021934838,0.005061800988826798,0.05098166139724439,0.0038730850969498853,0.048317966724309866,0.005057602873279966,-0.40265980562955295,0.0050554122587306155,0.359338122040678,0.004720472519457948,0.2776437853355687,0.004945799458397416,0.19216962728544368,0.004623446150097463,0.13965163924341317,0.0037782290122427425,-0.013533123167241333,0.003477293262128734,-0.05060529915120688,0.003734338056313382,-0.0774550463266157,0.00350386834157808,0.02639323683460116,0.003317748244423856,0.015198305781587217,0.004051984714307779,-0.04096068524647081,0.0033172004252743853,-0.03671260238603616,0.004054856117371279,0.10411503508315563,0.0044184802434143,-0.021934006560867865,0.00398986250635816,0.0458033103703021,0.004407588267656918,-0.052137425522874765,0.0040122974421265955
234,True,-494019.05917055276,44191,50938,1,7,17.77779221534729,0.00039876717622609417,0.0035433982548283313,-0.031554225711874884,0.00407006279299518,0.09053404518794402,0.0035910684503249173,0.01044552569838674,0.004125445177115601,0.01709010297411158,0.0035542239293990686,-0.2678986102054953,0.006359657887488717,0.11368723296146789,0.0052875341055075315,-0.09140199961985528,0.006404596212988453,-0.001684234460336271,0.005146871164577059,0.354729964123958,0.004596320918518483,0.168365121382602,0.004994888454967776,-0.05570926868507571,0.004432459578730661,-0.11346266648073669,0.005021674530013887,0.09671183319577817,0.003907768450279712,0.01640993274179014,0.004959665705664217,0.049865046697785485,0.003872612018456489,0.05412786492657592,0.004952604201470041,-0.39574910229564253,0.005180110207655479,0.3602655202388794,0.004747523103106841,0.28848828977147156,0.005089630379943567,0.20409011470880267,0.004664333553417656,0.14431245392204567,0.0037583023050489885,-0.017200020913683237,0.0035648014940924686,-0.04225462436638891,0.003703754250939933,-0.08050123236831956,0.003593276083374451,0.0301628357851268,0.003427866132088691,0.012125895088249607,0.00456010483696044,-0.0436348277599212,0.0034279802798000618,-0.0307513330864462,0.004561851354419538,0.09706695424932832,0.0044454896262962245,-0.025736465430925424,0.004081738855197101,0.05459919014923961,0.004432867587144361,-0.05861294892363409,0.00410718796642725
235,True,-496293.2321305615,43967,51327,0,1,14.76863408088684,0.005695390514824981,0.003550737933932503,-0.03321169175010438,0.004106796674592194,0.09494244670005846,0.003548959168474599,0.004739162670706511,0.004166792763578179,0.009978424443291072,0.0035103781989984924,-0.26755352401127197,0.0060763243472272,0.10471015281936247,0.005188711696420415,-0.10453772488158844,0.006121037828065137,-0.013173407764700027,0.005055668542473456,0.35850744637233634,0.004514826426128769,0.16966772794860346,0.004960565593012442,-0.05975856801215556,0.0043430584832901365,-0.10987730217656094,0.004986930022240196,0.09598020787349655,0.004001424583859053,0.030044642976551152,0.004883669436463302,0.044915014755710685,0.003965070842021862,0.05491569284783266,0.004879856994020201,-0.4063619638099937,0.005015105803353702,0.35998994520810546,0.004744092941530479,0.2824842741693246,0.0049115609644101626,0.19117214172221858,0.004646937483968596,0.13982732665333106,0.003775471750862441,-0.014391419181988037,0.003503629773698819,-0.04508185298165599,0.003725133676372604,-0.07654239498943133,0.0035300095778008603,0.027252906953120878,0.003309283421291368,0.01478641938847252,0.004393865759513995,-0.042435614730676224,0.0033097832547417405,-0.03536537105290057,0.004395803038232358,0.10469847543662918,0.004344782129485235,-0.009933122727814546,0.004090206169617538,0.04975943771060911,0.004331181599542778,-0.05378072798780003,0.004113926445482135
236,True,-495481.33909288305,43957,51271,2,4,16.873830318450928,-0.0007578908893500423,0.003533799345973818,-0.03160904283716883,0.004058608568527307,0.08840710415427784,0.00361030953155143,0.006692014347938604,0.0041148454399354195,0.016770397831932137,0.0035764029665946943,-0.2619976214226878,0.006176095638720648,0.11263491150247217,0.0051805643315554935,-0.09103130667232076,0.006221686246239465,-0.0005458874237919889,0.005040527284724015,0.3604849502088323,0.004511450893843794,0.16483657030067286,0.005008143914582042,-0.06237581768147544,0.004341741640433067,-0.11426224038046436,0.005035407811670396,0.10177014486973679,0.003860763481464812,0.015320878618554003,0.004978252840220144,0.04399007521365535,0.0038232999034048636,0.05119611882833831,0.004972264195480949,-0.3920521495125247,0.005105433890451712,0.3680543901186443,0.004733081463174283,0.28662967672773315,0.005021512679813566,0.1970211391483148,0.004625458588781882,0.1462981978015041,0.0038569589286008925,-0.021085016568435273,0.003528752496074458,-0.041342378557785366,0.003801373001815854,-0.07550820583857541,0.003553368822709009,0.03136032307572706,0.003850330582822836,0.010726392703139204,0.004248811679595946,-0.036868344914462836,0.0038508280185509066,-0.041342652380097475,0.004250947585360054,0.09981822696258971,0.004439446227751215,-0.02211227117257574,0.004039976265710051,0.04994517472117689,0.0044288290930719195,-0.055375768946432875,0.00406352790611004
237,True,-492399.37256591395,43792,51024,6,0,21.027563333511353,0.00020980175425795491,0.003532867705626387,-0.03544382103922228,0.004094954326450151,0.0935735261173207,0.003577114928691399,0.006276512948109317,0.004157863965326013,0.013749459668074615,0.0035414967118534485,-0.27225927970801367,0.006175320814756071,0.10835869679279701,0.005217665193413829,-0.08201866427304379,0.0062193809740068344,0.004978940151734439,0.005087575785653215,0.3493623257931107,0.004565649033235226,0.170226438629804,0.004910458679282326,-0.05653847590292223,0.004408116766702871,-0.12191027196239548,0.004935455074522857,0.09555016297046008,0.003867724630220049,0.011289654606453231,0.004921362150651469,0.05011743288142441,0.0038331362323759267,0.05660879423659172,0.004912979368089496,-0.3911675476192851,0.005173259961297205,0.3601189382161748,0.00475275882063837,0.29275342873088617,0.005087638159235168,0.2060209833752908,0.00465983849228089,0.13822654988719305,0.003792500245231866,-0.012976087518346422,0.003510823623915675,-0.042519466924548464,0.0037450044622823002,-0.08125161545611333,0.0035387323121294726,0.026300430324004455,0.0037926906323274474,0.021658172571522687,0.004288488795492639,-0.03899803657778209,0.003793205088162046,-0.044286442849696475,0.004291320668759371,0.10140544322833818,0.0043852646150854034,-0.02154472404580527,0.004078756488316657,0.05811386383951394,0.004372808666940423,-0.05089106830920478,0.004101240364563463
238,True,-492050.8480239725,43418,51303,2,3,18.05107545852661,0.0013021166284625546,0.0035622535491864047,-0.03285314037045638,0.0040819927972057714,0.09272260188483922,0.003612716703565423,0.004165959067895152,0.004140575816575686,0.01203014370477831,0.0035764506590183014,-0.2665534881371768,0.006263560529381037,0.11673360965899193,0.005324386859997452,-0.09028004695226678,0.006314361629848368,-0.008716003159557006,0.005173870922248854,0.3506814535373949,0.0045920776195753086,0.17331724731769446,0.004995775045124939,-0.06073684744575373,0.004432770292254882,-0.12246194086448897,0.005032035519984546,0.09755543220419804,0.003883362647266977,0.010362577104074478,0.005239353533170138,0.04742191157478477,0.0038467586889236326,0.05270754778331857,0.005228552686480616,-0.39063024963664067,0.005180336849528108,0.3583966560655489,0.004740540965503571,0.2952664418338328,0.005118492017692301,0.20216113908588895,0.004657722549513276,0.141518210200068,0.0037377966157167105,-0.01835608113689687,0.0035435624634615613,-0.05261293830439866,0.00369121972185445,-0.07572234274049262,0.0035688718601330827,0.03218630298278551,0.004021021503932299,0.007877661978709366,0.004264725908241675,-0.040790802696960525,0.00402164197593676,-0.04112437045424273,0.004266885681383928,0.10351922509553976,0.0045509149127096315,-0.02948398344853587,0.00410412070181012,0.055346858843382446,0.004542983547410094,-0.06348212969582351,0.004132383322174254
239,True,-496950.33923499193,43943,51567,6,3,18.07329297065735,0.0011194384680091277,0.0035450818435647483,-0.037012838950063784,0.004136166508088027,0.09674730553900156,0.0035461674779801223,0.005574797765011935,0.004201936997624515,0.020858786093341818,0.003510222514981879,-0.2701513822194443,0.00622175570974207,0.1108323189129292,0.0052765878160631495,-0.10425938733084074,0.006269959082065289,-0.014040944595905143,0.005136511975533637,0.3512997956287611,0.00457284005811806,0.17115361531255868,0.004923540409171394,-0.05908868130540734,0.004410212794222272,-0.11368089809769094,0.004949573646438592,0.09886263273236548,0.0038957042428562137,0.01816334283701618,0.005032707740599651,0.05055842823056752,0.00386091800001655,0.05193905211225427,0.0050259565027119145,-0.4084320625640098,0.0050196498563909895,0.3528418295808774,0.004742280441250458,0.28001717574642176,0.004902014681682824,0.19587133215572197,0.004661433907107559,0.13687464897863413,0.003763477729802023,-0.013510751000366422,0.00348890922323114,-0.05089843927248861,0.003720248964605143,-0.07555428514196864,0.0035145442400010287,0.0257729645639063,0.0035829318888336856,0.0174530969331259,0.004018003777302936,-0.04216294466405038,0.0035829478077163096,-0.04120409314778691,0.00402097572287149,0.10367996626412984,0.004431404816289999,-0.022144550103104912,0.004056361099239627,0.0469492186760003,0.004420335271432728,-0.05469373958841535,0.004079941559972064
240,True,-497093.36012177693,44054,51522,6,5,18.823960542678833,0.0023823291449870435,0.003531081707972009,-0.03240218343986626,0.004093895987358785,0.09287516131194294,0.003576219700690405,0.0018260600072477749,0.0041516459588608326,0.018148861958372862,0.0035433076094649497,-0.27283051082838183,0.006176792969963257,0.11043764415803388,0.0052670889818017645,-0.08394426985297741,0.006224425776522719,-0.002643625930456214,0.005129708483675627,0.3486689166231424,0.00457681737375103,0.17023269079163306,0.004910638186282012,-0.0480129410774926,0.004415908544202762,-0.12186939054332076,0.004944944849975914,0.09302835588183142,0.0038560240492506643,0.015936546667245456,0.005006769977329383,0.05200230761661117,0.0038229415481560248,0.04849275860934195,0.00499986816479541,-0.39729536902750967,0.005099175820455416,0.3557428110258192,0.004762249046582248,0.2933705769226921,0.005025663576778426,0.20111876500297163,0.0046798182638781,0.1369788054013646,0.003747078448463364,-0.014183719003067667,0.003515241958650214,-0.050702116087251586,0.003704153037025769,-0.07127847782343542,0.0035378133127520147,0.020810115714788788,0.0032100820304754208,0.020571491730836885,0.0041484795389736,-0.04471510542872791,0.0032102101171257256,-0.03903664798774033,0.004152232633661153,0.10125342074883718,0.004482205513167288,-0.018800865813297145,0.004128831743188067,0.055732076290138106,0.004471364556502392,-0.05415950034181518,0.004153240994124719
241,True,-494487.6465157183,43920,51213,3,3,19.582767963409424,0.004145628455190141,0.003583423162242347,-0.02356527342443717,0.004110995300893254,0.09474459911947379,0.003658179774755409,0.006143655933454205,0.00415350347525293,0.016100139553031693,0.0036223824189640327,-0.2758069633443953,0.0062149885074583786,0.11185427831616333,0.005350385491795556,-0.09362860003271999,0.006266459453299939,-0.014816399958205226,0.00520673720969612,0.35513768521899536,0.004615989176713523,0.1714135998000024,0.004981633916397757,-0.05654005540261496,0.004445474314921493,-0.11403689479180458,0.005010765802165889,0.09846053379922537,0.003990800340396288,0.023911650205244748,0.00498575731003118,0.048528563928134975,0.003954768759199452,0.05660920368273226,0.004979565362659512,-0.4090244847651837,0.005131767487969367,0.3631436719202028,0.004814646784888007,0.29198379187472984,0.005029470974368797,0.20124038699937655,0.004721328586253317,0.1506479330237309,0.003850475621646701,-0.013967853889411535,0.003577528255528574,-0.042767812895686735,0.003788063799946381,-0.08106458581379587,0.0036062742384855183,0.027140056462084207,0.003610291401899752,0.006421796362670134,0.004354767170751173,-0.04405673710499092,0.00361137341921537,-0.03642557304660856,0.004356482988384372,0.10396733488925733,0.00438837231412873,-0.02195334969050827,0.004088232660791478,0.04568371921440459,0.0043774227352806755,-0.061683602737164986,0.004115318407232822
242,True,-494687.84705606825,43752,51449,6,4,20.83525562286377,-0.0022052023257710827,0.003560254043772492,-0.026457068097054157,0.004115410872440285,0.09746919324066378,0.0036380252124950255,0.008284648380464726,0.004162492825864334,0.012024772205654873,0.0036012256590856767,-0.27070981440375225,0.006328413149448701,0.12198160715105756,0.005308926120237508,-0.08632615967496847,0.0063740936531663656,-0.0070455730197274274,0.005153589591091802,0.35254225961415053,0.004568513227809403,0.1668457308665,0.004982830880016635,-0.05603116939705357,0.004408271281892387,-0.12418522221352589,0.005019736914142812,0.091611067783056,0.0038614406312526555,0.013481112404733929,0.005123323467596067,0.055323799086767635,0.0038293349914434597,0.0482343553263067,0.005115572903573054,-0.3989704401612385,0.005157940491063273,0.35866609065156685,0.004776498343156744,0.2915734355901091,0.005073579114340252,0.2035526077378162,0.0046923078716312756,0.14007701258334587,0.003742162692729906,-0.014316322814028207,0.0034798825617059267,-0.04399400215577814,0.0036941538814879897,-0.07217181620706466,0.0035045708191853223,0.02401897412576621,0.003866535711727829,0.012647799281581587,0.0041552562039372755,-0.04105532875879193,0.0038669447768728926,-0.04878349096190461,0.004158647258435581,0.09648584235725782,0.004557918790622168,-0.029505570231037854,0.004049329474624848,0.056471202797003975,0.004548923251251231,-0.06258394829931546,0.004076692938870598
243,True,-493374.10563457885,43909,51057,4,6,17.96041512489319,-0.002021221689691148,0.0035683953043609104,-0.02787196110260923,0.004140936959690032,0.09388252659358805,0.0035841865486762508,0.008632320861877865,0.004191348928399515,0.010369624053878278,0.003547403398303683,-0.2753922559239998,0.006332111087034944,0.11606208139542576,0.00531721389153355,-0.10580701856792868,0.006383093426355312,-0.00695449475603702,0.005172460611592977,0.35947635293774804,0.0045882915695029305,0.17312237074494508,0.004985284588510935,-0.057086795446160694,0.004410644902611083,-0.10653622507805405,0.005006168565255856,0.0927692580097982,0.0038724708091281575,0.01213172843939416,0.0049360464311323056,0.04262064157752385,0.003837699748894677,0.05188660828887862,0.0049295180358323335,-0.40455797475967914,0.00510485236997074,0.35748068470313143,0.004756220601126102,0.2793732256946021,0.0049856320713763625,0.19925894073743955,0.004672069232819717,0.14040894872823256,0.003772530505679535,-0.011288262677776325,0.003537249193445527,-0.047698437048798864,0.0037234943692797816,-0.07117551572313788,0.0035602716542132286,0.02012100488058438,0.003004885736994006,0.027119491598116854,0.0045091456167916915,-0.04439614503184627,0.0030063413423667127,-0.03236048806455635,0.004511888993452038,0.10332308369502743,0.004476881903697835,-0.016370055602349654,0.004145654578039695,0.047813265769997434,0.0044617367450701904,-0.055717586155732475,0.004171222909344503
244,True,-496164.72405849607,43966,51452,3,4,20.608242511749268,0.0016955510885588985,0.003562385607626975,-0.02865572399866891,0.004109953505707053,0.0974797469700693,0.0035928770314623297,0.011315299484037847,0.004160800698472,0.012994803816595133,0.003555235762903314,-0.273403833613748,0.00621268479049416,0.11255389128500935,0.005268754227203337,-0.0922941429065084,0.006257079749098522,-0.010562723262746213,0.005124896388420743,0.35438668767785925,0.004557963653877328,0.17089404599005503,0.004964697946567628,-0.05445063257368132,0.0043866711707036205,-0.10895517326885404,0.004990558221686251,0.08636889300151308,0.004024699176585353,0.02565808871717872,0.0049082787064739794,0.05178828937537565,0.003994589107155986,0.0631340274528682,0.004900850363542014,-0.40672926551981736,0.00505808838108789,0.3553958575589823,0.004792735704925879,0.2883348997236807,0.004954293703352381,0.19398490575144822,0.0047072389011606815,0.14209704481603372,0.003779224202288298,-0.013251585043568256,0.0034946727248481523,-0.04286966552101829,0.003724407429139545,-0.08172361735662442,0.003525814896586582,0.021961713308877785,0.00325110760677036,0.019484712323047288,0.004380519522019689,-0.044684481433285836,0.0032517876723044377,-0.035259162627523606,0.004383510714976925,0.09900818438472138,0.004347387713828397,-0.021372556627930497,0.004077255736928283,0.04912465884566023,0.004335209641925498,-0.054953893056323574,0.004101054403473624
245,True,-494525.2859427378,43773,51295,1,2,17.969123363494873,-0.0023844648561602427,0.0035679829179842528,-0.02634922307539093,0.004101171241720693,0.09167436610724547,0.0036225440207573716,0.004121960896301364,0.004148983062051244,0.011548824571962768,0.00358806514982526,-0.2703686647203317,0.006198616696574451,0.11162791457456232,0.0052362393460292376,-0.09541958303914141,0.006247874055440541,-0.005416259801343437,0.005094885422320782,0.35125357085067516,0.004599683509825823,0.17099084636263573,0.004929591595598573,-0.056483406414431656,0.004432981552073947,-0.11843887813306912,0.0049571696183777795,0.0998737691105775,0.003951124745285454,0.016252144486484432,0.005038700311709412,0.053374183193163956,0.003913435598681165,0.058167053615304144,0.005031086152053556,-0.3992249854328748,0.005070307074587527,0.36240721501341017,0.004745966493810094,0.2863905586933564,0.004970877804235858,0.20429679711626023,0.004653725516241787,0.1505603985482252,0.0038240283500599183,-0.017242054174240205,0.0035441102450937878,-0.046525170781455495,0.003764216138655685,-0.08006936313376825,0.0035727578861056634,0.021637756082720852,0.003463076310878967,0.018371671339876612,0.004254718080541533,-0.04096167269305035,0.0034637920840008777,-0.04084967819132158,0.0042573986519776836,0.1019785463451857,0.004454225910641699,-0.02946747519316719,0.00410849701024255,0.05404241989338418,0.004439887598287662,-0.05411702729706738,0.0041323780003348605
246,True,-495113.96475335024,43818,51289,0,3,14.854654550552368,-0.0014212687755298019,0.0035364968827555337,-0.03109279791175058,0.004104809889778292,0.09441222439322562,0.0035622334959088684,0.010064715726718392,0.004160121107712312,0.017649590584716504,0.0035251506744970276,-0.27170914338647334,0.006088069208538647,0.10669564595357807,0.005200477865269606,-0.09294458596646726,0.006129508206868784,-0.006511642785470185,0.005067613243035991,0.345266656586505,0.0045644986669826455,0.1788497022375085,0.0048542148517891895,-0.054171198212314746,0.004408727097450473,-0.11915892106205288,0.004879289698074655,0.0958782732349349,0.003932877763625048,0.022939725841003695,0.004965872976243326,0.052523392905328564,0.0038980611363071244,0.050819647590192946,0.004960504120325881,-0.39605662542478326,0.00504331081484035,0.3538120918074159,0.004718529624266803,0.28168707893800976,0.004954187592987198,0.19832044685477251,0.004633728638584413,0.1404172123256656,0.0037399929455747727,-0.019632747480727474,0.0035264856662763668,-0.041108865525079266,0.0036891035066949768,-0.07197769380156517,0.0035505604534311736,0.03175965682307831,0.004134031565481387,0.009693855041801475,0.0042041813169370786,-0.037202430253075396,0.004133989656677839,-0.04190363722485118,0.004206492173244026,0.10136247411333997,0.0043326282355227045,-0.023267347348506866,0.004114787307993524,0.05409452292825866,0.004321524928669969,-0.04931029956598064,0.004136002618073594
247,True,-494250.30078428565,43947,51096,7,2,21.74768352508545,0.004717934593954923,0.003562430742705789,-0.03498030805319321,0.004127873189885564,0.09600537975709435,0.0035805709691731184,-0.0009648845847071047,0.004191339185421779,0.012280296177081424,0.0035429595664291224,-0.2768297456592003,0.006101131279659231,0.10574453529341808,0.005294398486580604,-0.08546629610304886,0.006150814332908424,-0.005473888223432688,0.005161036463036176,0.35103981334366163,0.004635267437697399,0.17917957205372112,0.004898229287323421,-0.049864589914727954,0.004467001886489473,-0.1249221977330218,0.004931490658984484,0.08889388863828335,0.003945278125775687,0.01914122614457023,0.005015636310350151,0.05591092321637851,0.003914079077190049,0.055289419155633956,0.005008251300410964,-0.39697264668821286,0.005097666178603771,0.3552063515574539,0.004737696824669257,0.28860656447059074,0.0050101901195853905,0.21038192838711747,0.004654317872115901,0.13646216148863438,0.0038294705600963445,-0.01796391629824518,0.003534329301934718,-0.041752474193729835,0.003780366331887265,-0.07395848909071902,0.0035584339092726612,0.036476243850760155,0.004580130601003895,0.004482971612809324,0.004230427903788315,-0.036091184429312986,0.004581878880228697,-0.040300876139713025,0.004231787931988224,0.1049188223254808,0.00439209294010263,-0.03007593855988415,0.004121356088550267,0.055979730611262137,0.0043807278592349706,-0.05367193299764634,0.004145067432494097
248,True,-492664.79448708985,43632,51208,6,8,22.085294485092163,0.003172457250935007,0.0035721748827603618,-0.02393871046663599,0.004061725398391688,0.0860218284312433,0.0036620671195367973,-0.0013211111395003744,0.004105459442030573,0.012321359348800083,0.003630556699432711,-0.2692899330793733,0.00632725454557159,0.11845357498633843,0.005264475296098664,-0.08280137440847932,0.0063800285424025485,-0.004410176338959789,0.0051146782463957615,0.3478425324844541,0.004587720020461158,0.17424934070939652,0.004916202924537338,-0.05882854304164529,0.004429096135453993,-0.12347835491245238,0.004943369060116497,0.09532877530490061,0.0038288337054888525,0.010357375835405561,0.0050934810348721524,0.05303226857643372,0.0037951887427774967,0.055250240609215476,0.0050852279895063045,-0.40913042986648585,0.005085599804185732,0.3600962578571213,0.004821203836454415,0.2852189909231265,0.0049629201676923175,0.20405084736926815,0.004733919869002741,0.13896521193656616,0.0038595586300911758,-0.010799287656015956,0.0035171443534626604,-0.043763287040358825,0.00381095258285146,-0.07123070073617431,0.0035387793513214807,0.036432175033441115,0.004141820325400088,0.012827820216197546,0.0039206504658465015,-0.03730004658247366,0.0041415881787907295,-0.04163107983891528,0.003922984748421914,0.09599115459181233,0.004536304435781683,-0.02125071335211628,0.004013393560659908,0.0443691681901791,0.004526583117350268,-0.06593945550924285,0.004042422430729254
249,True,-496336.2738193212,43981,51479,4,6,18.407421588897705,-0.00249718390718791,0.0035340039404157075,-0.029302885310456113,0.004099425923025537,0.0913264602699348,0.003580281847012777,0.008586124766824493,0.0041519631340439225,0.017279613377051372,0.0035474162758233414,-0.2621039643063199,0.00621335044762093,0.11542405946602911,0.005094558467640568,-0.09020579019963607,0.006255154862555391,-0.007492695553645876,0.00495066371875701,0.35200332674111257,0.0045206016982843366,0.1663741046346238,0.004913705078438215,-0.04899753655106546,0.0043564302654080485,-0.11932369534524989,0.004938776502869421,0.10138604811897342,0.0038308798880460513,0.015389224468234198,0.004931769280642277,0.05048611724543968,0.003795293218124808,0.05393388975198169,0.004926035648981285,-0.3955138294467623,0.005093129666698197,0.356078983247462,0.004708250630556797,0.2882424295973681,0.004991780928909826,0.19942825517428103,0.004622359896401205,0.13659215177205605,0.0038008869490507398,-0.01738086197650482,0.0035110914414644722,-0.03799942671807442,0.003752412856922659,-0.07667508974641778,0.003535998000912916,0.02896565535120753,0.00395551327699185,0.014368249668347067,0.004184747601163767,-0.040212562319182354,0.0039549960348107165,-0.04456597108011261,0.004188137017563631,0.09926482679592158,0.004483164879818123,-0.021779678318878237,0.00399413461019104,0.05067906447975497,0.0044711641140773245,-0.05588610368804257,0.00401742350932256
250,True,-491743.16854823066,43774,50788,5,4,18.13817524909973,-0.001732065627620319,0.0035628195706436105,-0.029766441385566278,0.004132770146835596,0.09818498980048017,0.003593442053048332,0.01221534773851187,0.004185862656093122,0.015952771550858995,0.0035537024336799246,-0.2688077229201452,0.006175679886600856,0.11749806142945252,0.0051815928477820326,-0.0930337329817105,0.006223296134157156,-0.010070932926194268,0.005031205857728265,0.3481947104176451,0.004601452204159479,0.17782975280485067,0.004885635176886179,-0.05593677703921163,0.004442485015712044,-0.11197166240141382,0.00490294931268216,0.08770779960178368,0.003984680003622245,0.028215581725749606,0.004867908261749236,0.04747621018823121,0.003954068069475473,0.05875232690153095,0.004863837455067188,-0.4011904302069882,0.00506375518423617,0.3572482909828269,0.004741444169202852,0.282540067060224,0.00494365059358883,0.20543748042744017,0.0046669243167536826,0.13341814351269163,0.0037955894307341465,-0.014171697843278264,0.0035044904980790718,-0.0439509835513396,0.0037496911838052578,-0.0817578505216441,0.003534764769792196,0.030482170699527862,0.0036819436971879446,0.013830785060961913,0.004383512860442592,-0.03584803553303653,0.0036819130889771917,-0.03635740997766357,0.004385173046001489,0.10529639897512796,0.00438144029689416,-0.019841727213039367,0.004102275015140623,0.05301613547885211,0.0043683128492247765,-0.05559521974698359,0.0041268963622837695
251,True,-494941.1975174784,43954,51159,2,2,16.54569363594055,0.0005081722988831229,0.0035309451948138675,-0.0326909177731151,0.004073135498707003,0.09310965864948276,0.003580511673376065,0.00991425395753583,0.004130519990094446,0.01351542804157841,0.003545417922713781,-0.2717006586802894,0.006268146238874149,0.10972040346269266,0.005277152635310595,-0.1008542763595148,0.006319828955326178,-0.0055388215010441786,0.005141284392075015,0.354085065340909,0.004560282261535855,0.16532979385462393,0.004935463034719306,-0.057938322383569815,0.004388762415609399,-0.11406676896924729,0.004965634947842954,0.10518483721268879,0.0038593426541081517,0.013053529367826375,0.005094333280755072,0.04989905787773994,0.0038199582548424232,0.04940874118909672,0.00508667406441273,-0.39547583014042703,0.0050480156256143315,0.348259090682109,0.004699614691245676,0.2888355167517736,0.0049695015269681075,0.19636834960555377,0.004616394299349199,0.13794255480240816,0.003702159163750711,-0.017695267958685746,0.003488474605855705,-0.04740255782832694,0.0036547165030317978,-0.07890289722212346,0.003516993469710862,0.02374846888075563,0.0033885052428136524,0.014783601849518654,0.00417660031899177,-0.04014679851925349,0.003388709270950854,-0.03474574384335713,0.004178859478051108,0.09853033508126845,0.004431931655404857,-0.01784540528203204,0.0040274566130524565,0.044601882097364744,0.00442034449772963,-0.05910834420345123,0.004053868015655725
252,True,-496564.0728794378,43971,51335,6,6,17.073951721191406,0.0015226234463193837,0.003533682911036096,-0.029048495676618734,0.004062815613287131,0.09305606920659086,0.003603977346808921,0.007255355787408534,0.00411466379939169,0.014613005617304447,0.003569467706008087,-0.27385278649252087,0.006217934564331495,0.1113604080883955,0.005282853362730679,-0.09781724145209299,0.006274485932083141,-0.016521586004033192,0.005141004247007074,0.34763965463992785,0.004600104859991823,0.17866894423045593,0.004890442052646017,-0.0537147846417583,0.004434232403590016,-0.11420541741677664,0.004915442457742408,0.08823017420645975,0.004006855181771314,0.029171046166117244,0.004814795076548454,0.04618637480048632,0.003973921291619357,0.06424200326756165,0.004808160479180705,-0.4030215526711551,0.005025179624435637,0.3527658164986801,0.004738584583677719,0.2772331207410859,0.004914503242059424,0.19563589963884812,0.004652780199771374,0.14271172928342402,0.003811515036210826,-0.01543292800230294,0.003478320140708181,-0.039646552612139556,0.003754376173386942,-0.076474131178657,0.003504370098616046,0.026420819570120956,0.003816679336710375,0.015194507446160545,0.004099093507389711,-0.039248258609702616,0.003816440264543394,-0.04037932137729266,0.00410205705870889,0.10077963950360802,0.004342307781604168,-0.027772520118954695,0.004088224773105946,0.051278347345889645,0.00432970910183076,-0.057632447048662584,0.004113168672295005
253,True,-492153.48190025403,43750,51046,3,5,19.690674781799316,0.0007195782589016183,0.0035565887136669873,-0.030523833925092243,0.00412167647111384,0.09581124007914109,0.003578170869846551,0.004294012421420306,0.004176811458993829,0.012449535068172422,0.003539992253138505,-0.2788839126880587,0.006209304132553179,0.10840014095410606,0.0053672099174333675,-0.08802107206426661,0.006251778974814342,0.00042423279075333865,0.005234197170709973,0.34928776939303474,0.004624557421430996,0.173138422554944,0.004911432363906007,-0.047155440633897774,0.0044632683577864474,-0.12120415309908422,0.004943512545078957,0.09926077202159521,0.003833562363061681,0.012827580850990568,0.005248368452766473,0.05127320318063024,0.003799129859008913,0.04541597230532381,0.005240977652108221,-0.4032509574549557,0.005045417465095179,0.349113058901619,0.004778103670890316,0.283253493977233,0.004930168487033893,0.20007778997023107,0.004698753999614899,0.1416945889824099,0.0037804060012495274,-0.010721900592642436,0.003503078943728318,-0.041453297329531145,0.0037276993253486973,-0.07833044647928723,0.003531568448361468,0.030244740889885283,0.0035562602983187073,0.010219882309577448,0.004416864653104168,-0.044071420012015645,0.0035574803426388895,-0.037981778548495,0.004418072923023057,0.0965976559972409,0.004500849856950013,-0.03015905033395146,0.004012556951868108,0.046523562942013354,0.00449245054257724,-0.051517151285215376,0.004034454082787006
254,True,-493339.11464115826,43699,51168,8,1,21.195648193359375,-0.001998789045222465,0.0035346928032264826,-0.027093800846704225,0.004084330990478256,0.09112470526961262,0.003616946863654509,0.00843375445084317,0.004132543114299637,0.01916502122378911,0.0035857495789439,-0.25988077426902484,0.006303477537730911,0.11865292682026508,0.005177781439590664,-0.08256720656796791,0.006349926119279833,-0.0028917422361479615,0.0050293263095344655,0.3547212786005212,0.004533544095869602,0.1652691440120506,0.005003142946021412,-0.05295757680640209,0.004371853022378502,-0.12405956720330812,0.0050384014564288015,0.0991040895409123,0.0038531489471854254,0.017966362170085265,0.005019257783731397,0.04670206740392313,0.0038174079314516884,0.05494300423026701,0.005011983821788109,-0.39316908431661374,0.00509220672938144,0.3626649171588075,0.004719973025119178,0.284449305066229,0.004998836192302516,0.1944333018894208,0.004616135754627082,0.14106450944781723,0.0038046528031714733,-0.014008684925507763,0.003518073347303029,-0.040230751235829074,0.003753476797503409,-0.07632378961722783,0.0035435285053795214,0.028911958094688196,0.0037344434960781465,0.018959199268623654,0.004395007192522999,-0.04357333342964201,0.003733345501000013,-0.040582650451403704,0.004398119496977835,0.09699777985257345,0.004502362428538284,-0.02578364396857205,0.003983464830476222,0.04244202855009256,0.0044956380982622566,-0.05759887263554458,0.004007745059156935
255,True,-493986.70439620595,43929,51046,7,6,11.325985193252563,-0.004512752808146039,0.003531669697058159,-0.03208628892045595,0.004102510119581725,0.09326712832101942,0.003565001416401651,0.006551324656985851,0.004159865833632442,0.016847707849453396,0.003528555250605948,-0.27118168652693037,0.006122145657248256,0.11292630995870992,0.005212229176317658,-0.090815016215797,0.006163974360519741,-0.006338478869256651,0.005070769284540582,0.34820667535444016,0.0045502992429523265,0.164838307895525,0.004904450417296709,-0.049550545221443185,0.004391318245427272,-0.11657460297476377,0.004934479996704923,0.08859519299476079,0.003947949038765457,0.018701847964139148,0.004971869856693291,0.05117221649597993,0.003917592722122177,0.057490790276411595,0.004964961795476276,-0.3974910217895304,0.005118034151057024,0.36272757461962213,0.004730606589157629,0.27700460492494805,0.005021574240731375,0.19740419841056292,0.004625689682577136,0.14528742517594653,0.003827250460623553,-0.015186012064613716,0.003510827916671731,-0.03951181595826814,0.003771518826144608,-0.07538119767447925,0.003537063842764942,0.025167909928338315,0.0034953150143254012,0.019648124159801886,0.004155955190567821,-0.04302698097308489,0.003495821946722657,-0.04073521189186067,0.0041589545910975766,0.105256620877918,0.004364795160561564,-0.023550634123881548,0.004081679887779269,0.05714581712535604,0.004352796100996377,-0.05294923473970536,0.004104024446324728
256,True,-492356.31226216024,43737,51075,7,6,18.820191621780396,0.00012220414737666377,0.003572985469524973,-0.024223985284007415,0.004108398996573058,0.08997696481513227,0.0036227677612633864,0.008499078654445135,0.004151976361091066,0.012126152023454805,0.003588594375769894,-0.2697546126929789,0.006365504890970738,0.11656447843275378,0.005294837991026917,-0.09477717388374414,0.006415162436711233,-0.002803532060363444,0.005147448141403571,0.3502921905535426,0.004639904376396924,0.1703053650471946,0.004982110697919459,-0.054546283553721694,0.0044804177455862295,-0.12076862562669623,0.005012871668314808,0.09301924794613435,0.003950170400685173,0.022483681569275892,0.004940548358921925,0.041477461181856634,0.003914984921698072,0.052322999428598804,0.004934718190039083,-0.40134959421909405,0.005160831951040976,0.35979966227140503,0.004769450050992251,0.28978418493713765,0.00507190627895658,0.20410043736545452,0.0046851503677411655,0.14247792455243413,0.0038831761550552264,-0.005724813782305841,0.0035125718168991715,-0.043591359690057147,0.003830990727726579,-0.07877057710050274,0.003540889785010286,0.03244447178090032,0.003982830963616763,0.016357062571979844,0.004116568205566714,-0.03650102124099524,0.003981574829938065,-0.03907851810676803,0.004119246047375483,0.09594632130351223,0.004501541222071121,-0.02496481460448406,0.004091716624774291,0.05130607412154949,0.0044907614842593785,-0.05862372199499564,0.004117593257473345
257,True,-494941.42561972386,43844,51269,3,1,21.65401339530945,-0.006150776429699281,0.003541264197402596,-0.02485341303484718,0.004102308118056528,0.09735125307769117,0.003606767651088307,0.012709218527766528,0.004146419464521974,0.01638997574465679,0.003569811592555111,-0.2751095534876499,0.006107598958968548,0.10818311208901414,0.00523545855829422,-0.08743814546189382,0.0061495419606227356,-0.005029208748413089,0.005102057685686898,0.34893028506905527,0.004616197643573566,0.17718862677383906,0.0048825750657690075,-0.05374387642632721,0.004453585180179051,-0.11445509108414127,0.0049034981637707045,0.10023313860991916,0.003941464229621247,0.01926971240641372,0.004973617294057807,0.05452833526614305,0.0039048469833114076,0.05969942402762016,0.004967522171758406,-0.39745810932116005,0.005044249599546364,0.35367053345255567,0.004717020538882934,0.2838007377937622,0.004935208320261314,0.20024695254050856,0.004632772359670937,0.14328455833145465,0.003882924613927264,-0.020564612172652586,0.0035390446485163056,-0.038282536023046064,0.003826006953215604,-0.08119508330502384,0.0035672578497927994,0.02134639400135034,0.0030952682032757816,0.017006088479308144,0.004448636393696725,-0.047592689254953933,0.0030967774853561374,-0.03403409590684388,0.004451017503254726,0.10011677854443742,0.004361495285172043,-0.02315377358489413,0.004099151264197023,0.050852355542170415,0.004349550331638741,-0.055852143539216186,0.004123068097235637
258,True,-493210.8909562812,43918,51042,6,2,19.396747589111328,0.0051702465221530065,0.00354271092398255,-0.03175860315576701,0.0040930496428403995,0.09598473743687348,0.003627462890855036,0.0031062090233163757,0.004149387327339505,0.01014182097037376,0.0035930238731829703,-0.2725626243981744,0.0062923527640414,0.11243006408653075,0.005284196427749587,-0.08381166155301523,0.00633888829165225,-0.005970885147069545,0.00514395117175042,0.3524841970035334,0.004571208505201204,0.1693289382995895,0.004958373372287594,-0.056273724926529475,0.004401974097323176,-0.11370956034749252,0.004987386427263576,0.0954227834782338,0.003935101778975216,0.022029403255554247,0.005002301834833369,0.05379238216222122,0.003900874078412545,0.05959554535744082,0.0049948727117354276,-0.40669295524084226,0.005056244964498471,0.35204824184832867,0.004764418220133778,0.27920339009544437,0.004933193254589946,0.19861081757867133,0.004684580779216824,0.1415529188250184,0.003790486789308387,-0.012125543324314597,0.0034858816145772204,-0.048009518055365845,0.0037400154755431515,-0.07659063929801456,0.0035129495754339483,0.027343240490279485,0.0032603295083533847,0.012241995921259564,0.004296394282849371,-0.04207520702615019,0.003260873669460721,-0.031820656173409755,0.004297661836929745,0.09564897033526228,0.004429613064268148,-0.026850128346158537,0.004023835086633433,0.046639173628336736,0.0044207412836163775,-0.05229651746612635,0.004046179190171708
259,True,-495201.84956404765,44117,51129,4,3,19.170050144195557,0.003032367175757102,0.0035793710922436025,-0.033089966957258,0.004205592367952765,0.09654554269431019,0.003561668646041175,0.01020411504207752,0.004265012490241934,0.015533716437951295,0.0035284864723431125,-0.26402322899260944,0.0064377953107702625,0.11686185275776897,0.00529432126853163,-0.09922850444129573,0.006491695484832609,-0.005920008781631422,0.0051454060019160775,0.3582193600090729,0.004595731237315303,0.16313286522188378,0.005059269161597353,-0.06414354673790698,0.004425212112049732,-0.12071973911756326,0.0050967894427729745,0.10266034243804174,0.003938005926161492,0.02150924173240083,0.0051281750415387226,0.04272179314428836,0.003898065240045872,0.054606636020075434,0.005121909846657837,-0.4022597392181452,0.005125941404183568,0.36209215287430924,0.0047768715010361095,0.28203088543149996,0.00502705645888535,0.19851756215179286,0.004688812965652648,0.14696252412058258,0.0039339701743164425,-0.017980114777859657,0.003602055658976649,-0.045542998403685135,0.003877933388769118,-0.0746269120056216,0.0036286072674682744,0.0283867222395416,0.003493085211537648,0.017210338807562165,0.004422724736655916,-0.0436978230549541,0.0034933924069914415,-0.040732136035355394,0.004425132221183942,0.10159875927125316,0.004592459629607205,-0.023108323441950063,0.0040352895303416405,0.041136120179946854,0.004583309378393466,-0.06520711143858869,0.00406504483470991
260,True,-493181.52577609825,44018,50898,7,5,18.755926847457886,0.005121659780625806,0.003549428543730133,-0.02930222044769649,0.0041151888795333815,0.08934118203582159,0.0035878848065453457,0.006774826518590563,0.004167682468329433,0.006004937372641446,0.0035567446936972925,-0.2801616142749211,0.006068373509854042,0.1063495994873732,0.005261528103485139,-0.09089764274731524,0.006111030986424233,-0.005558295745373826,0.005130319974528232,0.35087460098400464,0.004605384926195502,0.1739510900064415,0.004936834749166677,-0.0472345965317427,0.004442393097696891,-0.11624723508094462,0.0049634193652980454,0.09530977018843217,0.0039788167843232145,0.02234810423687246,0.00493936115212375,0.047852638574384904,0.003944399971342198,0.05212189383317313,0.004933015798891231,-0.4048606622634343,0.005120175597636639,0.3511068801983585,0.004745274951399744,0.2863742633408886,0.005013267585706941,0.20683718032953124,0.004667917267105005,0.13859776590058404,0.003740065790706322,-0.008901170790118481,0.0034970759439180116,-0.04472770773436782,0.0036931419103219533,-0.07586476746908363,0.003523004020927896,0.028281626935966805,0.00391180380730685,0.01205930584734861,0.004398817803568556,-0.03738879286624588,0.003911846017855641,-0.036109074616001845,0.0044004294187047505,0.11114372507456627,0.0043806716097311805,-0.016685982933802142,0.004170826952432699,0.05618702609646245,0.004367926723048394,-0.04813480859986362,0.004192556089820433
261,True,-494454.0914474792,43741,51440,4,3,20.760651350021362,0.0029480134689065527,0.0035791492748427074,-0.02835891263286736,0.004151116431666744,0.09526042769112024,0.0035998656578013696,0.0003802749506357917,0.004202770142057142,0.018954248909710203,0.0035643963887312564,-0.27658585536282965,0.0061866216717873495,0.1049207049498834,0.005278041242334632,-0.10194370281356797,0.006232288220130339,-0.01741256545593139,0.005145359761606114,0.35488196720429166,0.004637204061218803,0.17734454258654583,0.00494453775451659,-0.057188424238826106,0.00447466451095532,-0.12192526029163289,0.0049692908026794805,0.1006930046970773,0.003973380512631568,0.025620537015250557,0.00490295603878729,0.04982443937340199,0.003935576277605391,0.057217212835704884,0.00489799387345503,-0.4073245598309832,0.005060769892437622,0.35411837230820203,0.004772207845943189,0.2788508748759146,0.00493297572901716,0.2054271170794181,0.004691232399244292,0.1400937098778962,0.003830131538237491,-0.015578615866612276,0.0035184557977884817,-0.04651858432501694,0.003782047176556808,-0.06759669716964627,0.003538698625151072,0.0287629013516159,0.0037130312154345113,0.01897710066825128,0.004028505344893613,-0.036865886645905004,0.003713123978531179,-0.04678530415025004,0.00403176824264194,0.10776119517692875,0.004331556264355878,-0.017497995373226133,0.004150911014371188,0.057506447492393975,0.004314853779411651,-0.04781857313112508,0.004172002474288888
262,True,-492237.70828518574,43899,50867,1,0,15.846884489059448,-0.0013655777760902535,0.0035581876057172042,-0.026999546795684552,0.0040927579349667766,0.089141473260186,0.003621555749667904,0.007002867084452047,0.0041414013394797024,0.016968697126253995,0.003587620454721981,-0.27740017890699503,0.0063356844347295035,0.11821011970212708,0.005341790388645636,-0.08813546066415792,0.0063874593945241675,0.0005981541224019983,0.005193832366947118,0.350192038834359,0.0046521557692079385,0.1724274729419935,0.004936235324079212,-0.047252136909031746,0.004482775943948197,-0.11783275747756937,0.004966155499449249,0.0941117866849484,0.003860858640033942,0.01732028250841373,0.005097805589634889,0.05331755192535992,0.003827180195216105,0.045241107543131216,0.00509136751657839,-0.3999130175109248,0.005147075338104106,0.3606956253318344,0.004782323075036427,0.28793882207695154,0.0050509327357446225,0.19722899502754257,0.004677066421644983,0.13708170044292642,0.0037941593612565608,-0.016602824533863022,0.0035309183213706376,-0.043186259945099004,0.003747400234584885,-0.07142316766193885,0.0035535481823789437,0.024823877741143918,0.0035706613427391428,0.009449453529972526,0.004140309446112107,-0.042720941734257674,0.003571185848379952,-0.037715253089017325,0.004142348239773849,0.09602144802426422,0.004424782370034802,-0.023147635916764324,0.004093379019445236,0.052682228329586314,0.004413882759040383,-0.054366100338455375,0.004117550381717323
263,True,-491710.8619442526,43947,50669,6,2,11.597439289093018,0.007783415226594982,0.003553290582946927,-0.024384931305464437,0.004072478379356914,0.09253340426557664,0.00364117757380672,0.003743362791101533,0.004116326448666992,0.01433596792349007,0.003607429246054497,-0.27046499025520626,0.006202612138866705,0.10980089454031379,0.005244039360331703,-0.09193643458805269,0.006243458235993129,-0.008380852778438088,0.005107139696052494,0.34700857266842855,0.004589902042957921,0.16611568757327794,0.004912074563762556,-0.056585160606892976,0.004439556635802817,-0.12238208805580407,0.0049416179666896725,0.09615791817534995,0.0039485251071645164,0.022793208344059023,0.004994011893715863,0.05326915743152045,0.003914716545432175,0.05773313033044432,0.0049885140801627734,-0.402652863023027,0.005118024004191546,0.36411385725441137,0.004791100148680744,0.28207184447241856,0.005004634559782084,0.19524714184052522,0.004694788443748185,0.14098487906123203,0.0038015446916405586,-0.007920977837253125,0.00352884530446967,-0.052731891432059766,0.003755050079011178,-0.07846850327952613,0.003555563508323364,0.023557500296904187,0.0034007997497563064,0.01350948557825831,0.004093701157762569,-0.038518823795255334,0.0034013189053992816,-0.03634494753703386,0.004095769433664027,0.1063702762770392,0.0044329288882280484,-0.019739181606563648,0.004130074150053895,0.056502589543497746,0.004421210603038771,-0.051192570472112724,0.004151562910836836
264,True,-497415.4960088644,43896,51612,4,2,23.728138208389282,0.002340877307299826,0.0035603097957855193,-0.023176299256353602,0.0040741913967772235,0.09295803429181057,0.0036507306632974092,0.006349825962499899,0.004116091934654685,0.008342166971121523,0.003615540113053723,-0.26884846769671583,0.006281601861483082,0.11574498102483358,0.005291518340073778,-0.08963473126203876,0.006330799361260499,-0.005119831541748689,0.005145993536206498,0.35415938269804764,0.004641507549975818,0.17798810719746513,0.004967960059685258,-0.05655011383140903,0.004474258066976873,-0.12050620069719477,0.0049956832218158555,0.09557882962171259,0.003896818540180717,0.01644812313732897,0.005071681047320778,0.044273854593818836,0.0038617746535845043,0.054430024102137015,0.005064982607732136,-0.40114583904898615,0.005062111936343162,0.3571002259209745,0.004766355752463024,0.29075116988416766,0.004956974561007829,0.19868733487918175,0.004672992517987777,0.14255042401069717,0.003800011509026355,-0.017699550404361258,0.0034979086950495423,-0.0455747184196658,0.0037495171179011836,-0.07915829933345106,0.003525441430127146,0.027332194662360663,0.0038906535425999836,0.010948933868781985,0.0038845283872692123,-0.032826728431615826,0.003890960807819458,-0.04136690585363251,0.0038863754308005477,0.08970060776106369,0.004479992357852268,-0.029472454633655498,0.004007731620456386,0.04750403377581534,0.004469756019988667,-0.06338909042010624,0.0040349755747876165
265,True,-497789.4648402134,43998,51549,3,4,19.856144666671753,0.0016507576860478534,0.0035471417654359787,-0.030125792453093932,0.004069937750954961,0.09327171055292904,0.0036046120653241776,0.0015212267114894636,0.004124089963410215,0.01603924822470814,0.003568501119825467,-0.27390138296050165,0.006211995844254547,0.11327432296759432,0.00517977152908558,-0.09054544375774135,0.006257707748759585,-0.01030997082796335,0.005036723260184844,0.3545559438945606,0.004589144205989031,0.16951183349873833,0.004953552121057225,-0.054974188558645234,0.004423537316864644,-0.11762460272848545,0.00497971949535095,0.0977829489965509,0.00394813810777621,0.020656961702160158,0.004983881767185353,0.05097551848553023,0.003913639699210984,0.061179638018793815,0.004976568921261042,-0.4049468899766394,0.0050328350256769894,0.355341326024919,0.004744462906507077,0.2848681912889399,0.004924674207825026,0.20313790204754106,0.004664482948692324,0.1466123657223685,0.0038196828916391644,-0.016359341001159045,0.0035605236582531502,-0.04687440083544274,0.0037645255999524683,-0.07920118878511692,0.0035876421303963372,0.021100265268339715,0.003643241639518287,0.019802122721210087,0.0044514005932377405,-0.04155197129327497,0.0036411885922463757,-0.03991444922226791,0.0044568872591271205,0.10725522983226131,0.004453440252142742,-0.016226409536293396,0.004078247880964983,0.047862914550253766,0.004439559397843369,-0.053518269192003524,0.004101384746055141
266,True,-496311.4627199484,43933,51348,2,2,20.020235300064087,-0.00065569504412083,0.00353044023825087,-0.03404151726645555,0.004083592149347186,0.09416477785311783,0.003557351201562932,0.012902111672083551,0.004143582645116286,0.016643794066632175,0.0035209191271478933,-0.2707261685890345,0.006245463517057143,0.11398013789448122,0.0052822525384728855,-0.09158626554606232,0.006293259999499489,-0.012369953637679959,0.0051373843580946295,0.3518498423683697,0.004596133161556481,0.17363363244398922,0.004948162187892754,-0.058605975415977896,0.004431859813186324,-0.11697373081702282,0.004979627217386528,0.08971686684604231,0.003897385487533059,0.016896835436962736,0.005122169923906155,0.05208164442780501,0.0038663259695411257,0.053723307436497114,0.005114433740251279,-0.3992922944427221,0.004992531328692999,0.3537780384648533,0.004709147360258743,0.27623008468172605,0.004881199560090506,0.19484325424261378,0.00461875491573867,0.14444677617676419,0.003749650750988102,-0.017932285739594066,0.0035119177153358156,-0.04666642324274051,0.003697474669922271,-0.07092399576160195,0.003534419378713149,0.026553491301931437,0.0034076071619777632,0.017045217234968706,0.004168369407949257,-0.039542778750513485,0.00340769313844202,-0.0346519906528942,0.00417013849956082,0.10115684739963836,0.004510629877775617,-0.024714602117065637,0.004008260931700251,0.04721449688152111,0.004502070704840866,-0.056439762813588694,0.004032283172310202
267,True,-495164.0203721146,43948,51217,5,3,20.862600326538086,0.005729676212583024,0.0035644107435137524,-0.026284628737391773,0.004110031663491387,0.0967871907167506,0.0036309383703964694,0.004192827103947696,0.004157169674272542,0.011771162605188443,0.0035936999088926097,-0.2602084146337054,0.006291390052471487,0.11685419654150289,0.005230912136390901,-0.09223443204922456,0.006338711693774764,-0.011487903970481361,0.00508075338366267,0.34610709816183904,0.00460227107486694,0.1718048158991306,0.00495185662619243,-0.05478618120025878,0.00444757979077965,-0.11825495238118663,0.004980615782518966,0.09255880308736528,0.003924830054934528,0.0227210679276847,0.005024106945526703,0.04524213284532842,0.00389131337035668,0.05261570747303177,0.005017950277957912,-0.40493281626568944,0.005098505278644648,0.35908396944016746,0.004774897338635719,0.28370862656579404,0.004982090296564502,0.2033600368798626,0.004691554069475743,0.14790640748350226,0.0038655544819309598,-0.014626810616891937,0.0035962918439340764,-0.04548462821999194,0.0038076922097804535,-0.07639561584575552,0.0036217358723773683,0.03266694412549829,0.0041974384044172796,0.005256445519296903,0.004232660438256264,-0.03766078776630596,0.004197193641565331,-0.03808656881580012,0.004234553568165211,0.09920199382536805,0.00450620797762184,-0.028718792137464033,0.004107077198015761,0.05611794521611497,0.004497283462710537,-0.05880129518672407,0.004132457646847855
268,True,-497362.9983459442,44228,51266,4,6,20.91539478302002,0.0013061648846362523,0.0035432842363401734,-0.02710507645715698,0.004083142563474709,0.09253291132813353,0.003604791425020209,0.00826023616864159,0.004131129561389596,0.013987711971208867,0.003569918130080826,-0.27233995951857387,0.006265117454197772,0.11469183405940041,0.005312696145349934,-0.08657207551633898,0.0063188697234312,0.004661696513205322,0.005169784400490937,0.3457866403417589,0.004623030322194506,0.17181860135382598,0.004902411710465664,-0.04845692529147607,0.004464973381996003,-0.12397401038491472,0.004936312662589291,0.0970021190262424,0.003914253329784094,0.018559530990965786,0.005083680567258328,0.04290079032919535,0.0038774505111280693,0.05850938018823258,0.005075320114635327,-0.4033933200635346,0.0051016826569100756,0.35324009677381346,0.004756403317651831,0.288037831975263,0.004997839903584734,0.20497664440410027,0.0046794842820460925,0.1364220939204772,0.003776526437465308,-0.015539240141340397,0.0035288278066311026,-0.041324912796395316,0.003727630731142755,-0.08026502900962987,0.003557508231071712,0.02573396302750219,0.0031979255512070387,0.016769635734027434,0.004498411492664254,-0.047764455171027904,0.003197763567016129,-0.03507560766604761,0.004501070192467511,0.09984763221251432,0.004502078077264372,-0.01368661050783212,0.0041352411762277655,0.04806766058916903,0.004492227332801166,-0.05222596743590255,0.00415914244860511
269,True,-497934.04975063563,44168,51472,3,3,24.209216356277466,0.00536581095374844,0.0035839640702789114,-0.030337394487656193,0.004149450025851355,0.0976519428871881,0.0035904093096562166,0.00820249849989663,0.004204279329104611,0.012103772296397121,0.0035529061976081145,-0.2742487916156352,0.006347047673952791,0.11480978161068765,0.005276842647846245,-0.10230574847516705,0.006405802785727215,-0.012103059263549223,0.005128889868867389,0.3484392910230075,0.004664073516430857,0.17928614127866827,0.004909950781592116,-0.05764659164110188,0.004495346700469966,-0.11222774438846402,0.004932571649993067,0.09735180923360158,0.0039805434451182335,0.022242207691511265,0.005006462468645903,0.04494457746957351,0.003942456271365496,0.05651527049499582,0.0049996138028174705,-0.41276876453524686,0.005040756659836586,0.34849523700116875,0.004782307925221121,0.2862737470310187,0.004925234401251077,0.2066671088436699,0.004711460951172671,0.14191916087264791,0.0037484252120490776,-0.008975968065143726,0.003551990198005193,-0.05690583816784734,0.0037014778306941063,-0.0798643646266886,0.0035800322594185547,0.016772075279661413,0.003357274565164009,0.01754488206052678,0.00455552721483201,-0.04355951173792517,0.003357971259550681,-0.03691825570235994,0.004558709628484659,0.10342104591423923,0.004481504507516997,-0.02225083187549907,0.004117560996772951,0.05039471181383342,0.004465813810668186,-0.05508039393048132,0.0041432352527308635
270,True,-493399.1738287634,44060,50993,2,3,20.50922989845276,0.002080680861041794,0.003570342358998599,-0.03026483051103722,0.004133904949539337,0.09689299565977158,0.003597148735615116,0.006397855322404759,0.004188334159577231,0.01206606965878278,0.0035591142944040584,-0.2735163296360846,0.006299003258268899,0.11635564552218655,0.0052710837099300585,-0.0975089413062904,0.0063407170644288295,-0.0018522629735841047,0.005124498440612539,0.3511761298404391,0.00460024887194356,0.17653146552379767,0.004961369751897458,-0.0520162600469616,0.004441655080411606,-0.11983954686233125,0.004989366156821445,0.09307537671213088,0.004036388031722572,0.03055919141846796,0.004841362410006721,0.046809063771016485,0.00400169519165163,0.059919073328809594,0.004836686140230146,-0.4031305062117413,0.005127838913628134,0.3626706398932118,0.00478816432694414,0.28425045894815776,0.0050265319332023555,0.20070399544570086,0.004693282366804242,0.1419980902338555,0.0038254245845179492,-0.010437473755886934,0.003532496659552133,-0.04138870170328944,0.0037738034419545793,-0.0754624643120506,0.0035586473650289895,0.029756333115420086,0.0038420619096351926,0.013626685932560226,0.00416062163528208,-0.037312347526435224,0.003842165517756775,-0.0415921302744136,0.004163037202133876,0.10383376528958227,0.004358996578135746,-0.020184153573313355,0.0041370922528449145,0.053057959570952946,0.004347621451975872,-0.05148132340258272,0.0041598290708408795
271,True,-493176.95069001464,43644,51323,6,3,21.1424081325531,0.009658571190125819,0.003565098230944036,-0.03191158481683863,0.004092753420121153,0.09460783840198686,0.003616984326484528,-0.0002898050711492523,0.004150207347145871,0.010137109636278039,0.0035785676021992245,-0.2839117925722776,0.006115403390766998,0.1041544397439894,0.005277448584296808,-0.08843440920153128,0.00615941179606378,-0.016018120008760434,0.005146245419987734,0.35218536173096615,0.004657708865816152,0.1817957813279397,0.004911402325261283,-0.05634976348264191,0.004488135326032784,-0.10881055937220338,0.004929084464071855,0.0930813917165,0.00403980824386255,0.023314281021139426,0.004840055817412126,0.04037699220177229,0.0040046760099236856,0.06908345924689928,0.004832117777410448,-0.41227373340842766,0.005074271410968584,0.34674766724600575,0.004792675516124698,0.2867755237609132,0.004953420598289325,0.20451625175070212,0.0047164024682447405,0.14246107906018943,0.003765079448144362,-0.01034982588418364,0.00351779044617344,-0.042974171849614315,0.003711992784327013,-0.07492548347046032,0.0035430854144978237,0.02006400399516581,0.003549552585149504,0.02104508025257583,0.0040868394796309115,-0.038431698626658795,0.0035496862806033386,-0.04302267829625439,0.00409062865752251,0.10977542977708948,0.004307429974410333,-0.01642194093526049,0.004190068629942146,0.05641240971476342,0.0042902510875908835,-0.049286272962119355,0.004211778959187174
272,True,-495959.03526255244,43999,51309,5,5,20.05254602432251,0.009241439392217821,0.003564438230208476,-0.026229671403620227,0.0040783074528261245,0.09262305737084019,0.003629752043189404,0.0010234245413010708,0.004125821769106648,0.010335189991742327,0.0035927792831437657,-0.2716261023816076,0.006269024008535877,0.11146192780391499,0.005235222105517471,-0.09124348226680767,0.00631726314674555,-0.01061260326111035,0.005095255182450222,0.35024573725644703,0.004712541879858296,0.18270522088556512,0.004933004738615181,-0.0533642917767326,0.004548711281855235,-0.12227145873189019,0.0049561194323483005,0.09711886842092828,0.00392432550533756,0.01659429558988775,0.005047150839373042,0.05246291277997685,0.00388860761334576,0.05758962093293338,0.005039220221329568,-0.4019684677637058,0.0050941427733216405,0.3527524411790024,0.004762825390262813,0.2889991869896176,0.004988324152600074,0.205465113914472,0.004689615426958432,0.14257549480808937,0.003823072656874844,-0.019855736583093763,0.003533031369354741,-0.04826132795867003,0.003771619555410063,-0.07622017379265894,0.0035569134268762094,0.02498651728092337,0.0041107415928583165,0.014671315410763183,0.004416734945260734,-0.03797402966240837,0.004110741130698842,-0.04130231686729171,0.004419470575706372,0.10272011633230814,0.004439328089271458,-0.018868858645607042,0.004112405128183207,0.050364418302997815,0.004424410377625687,-0.05090577819508482,0.004135057347031184
273,True,-494792.42562969937,43852,51209,6,6,21.101458072662354,-0.0006838025092163432,0.003525961965951451,-0.027852674888097204,0.004053273970256349,0.09078048678124125,0.003604982724018614,0.004750255633933839,0.004102909990052455,0.01727934681999529,0.003571487717776948,-0.26947291094018455,0.0061828934074831966,0.1084640850779564,0.005218129309934413,-0.08366128359740897,0.006231493136422566,-0.003175560613730316,0.005083906117112622,0.34648494519154266,0.004599028928940486,0.1741504992256592,0.004888230210492949,-0.05437751381313508,0.004441767375629511,-0.11213941170366044,0.0049117691103880015,0.10312587465852663,0.003890985110665079,0.01726730922946117,0.004977538660820999,0.0494721938127337,0.003852853582373904,0.058047190094540735,0.004970034648045993,-0.39411773315441756,0.005036894398409332,0.3546378174758606,0.004711889153568311,0.28656390629611417,0.0049497766083732775,0.19988213636554006,0.004619080373362049,0.13737642725406787,0.003794595750842541,-0.01399757060368012,0.0034857264099860197,-0.04612504311821927,0.0037490439895076647,-0.07597240593573804,0.0035109257802798948,0.022521463138071112,0.0033041238961321407,0.01212917550067689,0.0043310251275080515,-0.04559572746945007,0.003305136276444129,-0.03843344979793299,0.004333565524548167,0.09973374067179323,0.004461099488465618,-0.022346865825305692,0.004077650935449064,0.05057135039777344,0.004449629281085221,-0.053254136189598844,0.004101011986577052
274,True,-492579.1451392807,43765,50982,6,6,18.52776002883911,0.0031774104147410864,0.003583323504720665,-0.02774858787761328,0.004132134192385584,0.09069630022143474,0.003606097868244122,0.007336424943905533,0.004182363540176216,0.013737223202271233,0.0035726272469449984,-0.2688279974975436,0.00646146561359056,0.12370038467467677,0.005298664152189233,-0.08864910930510951,0.006521011961308781,-0.0034658692870664465,0.005138038074810115,0.3488627603399882,0.004653724899169379,0.16773712564643664,0.004981156535797634,-0.055300107471228065,0.004487035083140444,-0.12001184394280472,0.00501629972879166,0.09657900296563274,0.0038676441213012103,0.022030323353498398,0.005211866783478582,0.05073609899466113,0.0038312285462677445,0.04620013726473039,0.0052061077109415025,-0.40161125744742054,0.005144637591350582,0.36109097562308357,0.0047904041398709055,0.2945963657382854,0.005065734199281798,0.19997662684534315,0.004699517359498085,0.13959958315067886,0.003914539251271776,-0.013357867080643572,0.0035722824049857728,-0.04543356057221501,0.0038655716263996435,-0.07793655456125381,0.0036000143276407855,0.023556422511743457,0.003510436328874465,0.01567018946944627,0.004204390828918101,-0.03957954475085019,0.003510901014149436,-0.037984007888620365,0.004206504290636513,0.10043355128951095,0.004586795702184417,-0.02895155602239117,0.004056338979703349,0.046740181446028296,0.0045772318004472946,-0.06074603381936614,0.00408403915483152
275,True,-495347.8262310405,44264,50944,2,1,23.66593599319458,0.0010214146722548319,0.003540132867464099,-0.03456493617383522,0.004125281761197411,0.0953895746226714,0.003543064914688203,0.009446860038723946,0.004186502990490721,0.011769850814680042,0.0035066713887308087,-0.2610166799247735,0.0062411469400953535,0.10903565982411303,0.00517773205818178,-0.09008929326583966,0.006290830335977535,0.0007984984883577507,0.005043256285430218,0.34995380960915035,0.004559123957572345,0.17074245041953182,0.004959425620336201,-0.04880010509867757,0.004391702403236858,-0.1173209854897044,0.004988249873443241,0.09857306887452294,0.0038681439185284396,0.016210155252386903,0.005093431330454053,0.05581054944644292,0.0038326756174484155,0.0460721300175962,0.005087778909306141,-0.39707778065522975,0.005104777105482763,0.35420685181044,0.004724167162111528,0.28896834478171407,0.005021289543464876,0.20535385923030178,0.004646368362587242,0.13779561799212217,0.003834297739438409,-0.015371089766202868,0.003558321303228096,-0.041476036396294595,0.0037869836862025664,-0.08260533010458221,0.0035882987394288955,0.027399572296429305,0.0037847321173725998,0.014316269811001068,0.003879102771406852,-0.038426761515358995,0.0037854907833780056,-0.047218863679530175,0.0038820100850714876,0.09830556808058472,0.004485353043922933,-0.021041239001185028,0.004017045096617431,0.044436848669356564,0.004475213342715187,-0.05431544734757254,0.004041466725728775
276,True,-495528.55021758843,43951,51282,5,4,21.277070999145508,0.001303014940496299,0.0035450903245904226,-0.03442187717132952,0.004090922995625012,0.0937695371177966,0.0035606561099256846,0.008351767691938194,0.004152600016271433,0.010847702804857794,0.003523287228265085,-0.27160025064421195,0.006389241322189864,0.11730303074634668,0.005373901600415284,-0.09412273498443283,0.0064443392457175395,-0.0064995519398842565,0.00522655831574618,0.35028208678331035,0.004583641439119937,0.16919505773546573,0.0049567065061065394,-0.04793284791347639,0.004416506237035456,-0.11904771080078466,0.004992624566054942,0.1002310965937823,0.0037758514721653712,0.007038565461166809,0.005143485534998635,0.04448710722550581,0.0037373482472696155,0.04431157091332091,0.0051345887041223705,-0.39514507951256034,0.005088854704201775,0.3496010729555713,0.004719537854041931,0.29390853850059506,0.0050158879363062635,0.19814395693582657,0.004645160541262265,0.1420605455057068,0.003800863625111747,-0.014975477643523177,0.0035308873950324693,-0.03926206363198422,0.0037476361172016203,-0.08223575984432784,0.0035606968392710957,0.02622175871101907,0.0043078336681092655,0.012468215673980626,0.003806320571796506,-0.03282348178984767,0.004307774756508328,-0.04807551599754798,0.0038093270650115005,0.09729357661269585,0.004575305397407257,-0.015231801006210155,0.004090323989390633,0.04951704875452343,0.004565221011426373,-0.062497685734375155,0.004120007003502036
277,True,-495064.4927009562,43853,51340,4,1,22.262293815612793,-0.002994428163219865,0.003559263367313125,-0.03026233172971834,0.004154634176192649,0.10238778940133342,0.003609971145028006,0.00392628234617014,0.004208670269551916,0.01672310680507798,0.0035711137143013267,-0.26069130815033315,0.006366750728405546,0.12052375819935156,0.005209267896880448,-0.08986690660511283,0.006418599783534405,-0.0016795037861038968,0.005054439464084793,0.34820925310801043,0.004577664865629893,0.1660582045307174,0.004960294838097222,-0.05016949538926375,0.004416177119819465,-0.11787650620922281,0.004993385580274205,0.09587202127526948,0.0038603168848931092,0.021394514443508265,0.004986445313839137,0.051589204710450164,0.0038259044542837497,0.05225960530499485,0.0049815629470733,-0.40070525892311126,0.005123927864425094,0.3644425438623602,0.004795618802540964,0.2914392953835692,0.005043430977873909,0.20122192085972965,0.004704932812291226,0.14029383711912655,0.0038084066371418014,-0.014332036553338397,0.0035382937632794493,-0.04564015367745968,0.0037610708487285697,-0.07922698091883432,0.0035674181689008023,0.024071542451932132,0.0032377118159780806,0.020404061803465188,0.0045837663438462965,-0.04630394233276925,0.003237852910132267,-0.03523257792542319,0.004587156107565261,0.10292889815948462,0.004607545016053175,-0.024993157421318912,0.004102548218692974,0.05149388073340531,0.004597005705504915,-0.05790483850855076,0.004129558911523348
278,True,-493632.5448995987,43716,51188,5,1,23.987908601760864,-0.0007760234804878921,0.003546319778688171,-0.03674964589097494,0.004187739615029722,0.10424388956799502,0.003544450097700634,0.0026500394281606322,0.004253657903637781,0.014693503152787913,0.0035042267937237027,-0.2634296104628747,0.006420456666432955,0.11327984901235337,0.005294893096153581,-0.08300409286501369,0.006475938867572175,0.0014454617052221876,0.005153574250783704,0.3523284123062155,0.004634465311095154,0.1728211458170424,0.005023500942577438,-0.056760632846411176,0.004470160924241657,-0.12518762938905126,0.005060654710582151,0.10049412417165897,0.0038172041720442237,0.009057972324989743,0.005309004046653665,0.051149546807051284,0.003780004671713311,0.05429003765204841,0.005298564201030313,-0.3896544627353959,0.0051620450852557995,0.35003908549868434,0.004720061898918337,0.28950683171494873,0.005105856577598594,0.2055771166809606,0.004639067861144827,0.14089747649580667,0.0037850375228471764,-0.015814717872462497,0.0035795856962136914,-0.043909096463837206,0.0037355231373864465,-0.06988318426251657,0.0036034673948507445,0.025332298410606517,0.004510993908854188,0.011858407349098987,0.00421973563755647,-0.03804768448064672,0.004510460058847103,-0.04570424518282525,0.004223144886912508,0.09757862508253054,0.004612517273827955,-0.02564266245640928,0.004046802589116542,0.05428038965395934,0.004601437769256299,-0.06450485771875325,0.004075999209318189
279,True,-496222.9606348034,43646,51665,3,5,19.066452026367188,-0.003902397734995509,0.003565193634846473,-0.028150401793988214,0.004128766251951053,0.09630705098363936,0.003584485629924944,0.007823324805944847,0.004179442011031641,0.02148526900812682,0.003546301011819933,-0.2689372470171281,0.006326300352360354,0.11514048420412791,0.005314573867198696,-0.10132426876922089,0.006371884908453195,-0.013849778540148874,0.005167682147612829,0.3465016207574787,0.004603017832417726,0.17860391207029097,0.004925561180735047,-0.058759207128606425,0.004442128019691196,-0.11010561028831221,0.004947938565467479,0.08785360322075392,0.0039551329317585315,0.020514596828967113,0.0049244792742874485,0.0459364251340394,0.003923971772619834,0.05644743812152148,0.004917450584608177,-0.4113472764611061,0.0050467274453499305,0.3586477622288576,0.004794246986297152,0.27893500959529816,0.004922176526670569,0.19102341877377876,0.004696090249475405,0.1433498534930288,0.003787808986152111,-0.014190475478842132,0.003543617692631743,-0.050790994845313124,0.003739540323260091,-0.074065639732659,0.0035685863952508493,0.0234728151378944,0.0035689181575630927,0.01632536816132969,0.004472281643944914,-0.043162373795570266,0.0035683665231092355,-0.03801363266016257,0.004475716952496563,0.09554352493273298,0.00445596536046122,-0.024287677471918113,0.00402741800373213,0.041961383715734255,0.004447450569723958,-0.057366651689702154,0.004051767446817325
280,True,-494969.3176118478,43797,51349,5,3,18.7790789604187,0.00021375126010284782,0.003539095639096887,-0.030141836575654175,0.004095161824848909,0.09375886881417758,0.0036058740007018785,0.006887971970450528,0.00414866060866346,0.01464247825715162,0.0035694182454139895,-0.2740071967735534,0.006334221564706484,0.11670340297442082,0.005294729261028746,-0.08212108825186,0.006385406625047875,-0.007350557828461426,0.005149742309783275,0.35486391948623364,0.004615079846611397,0.17146744868630756,0.004986471149265058,-0.0487005656424282,0.004442269553973682,-0.11923315415605555,0.005016355024638308,0.10159183295117856,0.0038182354905983004,0.00878005110002285,0.005179438169307224,0.043156381254092414,0.0037812639169515984,0.04898972307126723,0.005171626547004935,-0.4019676779558092,0.005077140535068672,0.3629125225806526,0.004768371031649371,0.28194341836171216,0.004956971178325432,0.1917812848414725,0.004662405298363477,0.1431599669534332,0.0037715032035956025,-0.017223018253262782,0.0034984252190790144,-0.03917954752504628,0.0037180471615824644,-0.07083576601618141,0.003522712067161956,0.02508953762749231,0.0033793410137580603,0.012201344428078532,0.004388622707779772,-0.04701255339228422,0.0033792623668167953,-0.0373694767639884,0.0043912063068178376,0.10145681801144453,0.004571410160093371,-0.024872835437405462,0.004049178513115043,0.0527599121784249,0.0045597575431689874,-0.05693607382046528,0.004074128922819604
281,True,-493631.5892159034,43846,51161,5,4,19.23472261428833,0.006670111243401642,0.0035788293177201544,-0.025890431064967103,0.0041189650539232,0.09661916796885764,0.0036301132525690207,0.00428587809082527,0.004165902046097932,0.011296626433810283,0.003591233835075418,-0.27201557627988626,0.0063600778063801775,0.12006661200402265,0.005257277478684887,-0.09306291794412704,0.006409285804920644,-0.01358084033334766,0.005101685224581552,0.3556136577396208,0.004636115712984088,0.17728238453883818,0.004977917135101391,-0.05260348357159506,0.004462126984870281,-0.11500849843960854,0.005002449865004801,0.0945105860999855,0.004030053590796912,0.030044754863510166,0.004880859200436778,0.04517506150452542,0.003994953675316309,0.06236045200207752,0.00487487599909301,-0.4119965747087212,0.005103614640638878,0.3556204132606699,0.004801892552570691,0.2811653764840876,0.004971575955256245,0.19969768613523775,0.00471499935863901,0.14394799010938233,0.0038281507580354025,-0.010088685681417263,0.003534837158042586,-0.04396918411887712,0.003773213154938713,-0.07605398582166906,0.003559118013383684,0.02486510326167967,0.0035679931824777744,0.01859021578245357,0.004330732613147796,-0.03960534161012519,0.0035674824118984254,-0.03937515092714756,0.004333494609182952,0.10270568705651931,0.004435507373006695,-0.0201767560288448,0.004158097558784508,0.05751454025595963,0.0044221712282121375,-0.05263510995284162,0.004181031569178792
282,True,-496213.1801646871,43971,51405,4,1,18.307783365249634,-0.0019793453009645874,0.0035626818505163677,-0.021588081309707838,0.004052975787260192,0.09095499649224588,0.003647874473821309,0.010038140022960338,0.004091425700155583,0.011993495224430953,0.0036113971126865417,-0.28179056195515145,0.006231516887475285,0.10648567199706344,0.005303059276147786,-0.09316886510708629,0.006279890411629631,-0.012110404562496287,0.005168490625068132,0.35088402132837593,0.004602504068331731,0.1749410446781414,0.0049158683614373005,-0.05632682111288283,0.004433206870474724,-0.10741996394552386,0.004937963643028388,0.10048504045854584,0.004044449492356509,0.021118029247697567,0.004953117983168699,0.04798960652263563,0.00400510468547213,0.06675941164785487,0.0049440249814124634,-0.4055626996121055,0.005095202464056578,0.35799664848537616,0.004794563560733042,0.28933745602782246,0.004997915645262256,0.20429697048563533,0.004716446370950753,0.1411482866164566,0.0038155404414536064,-0.01125113270638849,0.003514506876991714,-0.03947217867338067,0.0037591675265269712,-0.08550131566252711,0.0035485640469609457,0.025493432143928643,0.003678571961537069,0.01697758085541279,0.004042064966683949,-0.04312178898378893,0.0036791689173648065,-0.04211219016476806,0.004045108697629988,0.1059891992558323,0.004406541055225483,-0.02227074375339937,0.0041510931570767785,0.04879148512151397,0.0043912518948809294,-0.05862335361354182,0.004177302667271671
283,True,-494485.6341806124,43878,51372,4,4,23.831603288650513,-0.00034080239692998597,0.003555032108856145,-0.029817781982153718,0.004120625510345215,0.08950856144780774,0.003600581823880566,0.008006563938112665,0.004173860821604177,0.008926467191869503,0.0035703260674944943,-0.27342201498210356,0.006142465922304952,0.1074846597272682,0.005271412962377346,-0.09678058343577746,0.006189161403345183,-0.013523038512817059,0.00513734866928116,0.35035082824006974,0.00459733227375374,0.17429084762043945,0.004907167329718078,-0.05521106801226138,0.004435364203004222,-0.11665321040379861,0.0049307584913658355,0.09970387153734264,0.0039050825687302194,0.016777284757472286,0.004974448648152051,0.054601230758606734,0.0038681063343129073,0.05540847492676173,0.004967149997894477,-0.4053196998098567,0.005100311763387672,0.3571722786285771,0.004778935885001575,0.28673981900245277,0.004989890154512686,0.20060625433137053,0.00469417093563585,0.13825752919734594,0.0038461108622891284,-0.011260476652609494,0.0034982218053311964,-0.04064056266550379,0.003796957548759635,-0.07456748297572355,0.0035238026913447314,0.015530117314995318,0.0031821608843658256,0.02299942755721203,0.004448167285570778,-0.045592669710665126,0.003183771312647441,-0.036302095838230894,0.0044516352144514425,0.10060020119167053,0.004391878921351497,-0.02222145629083197,0.00410026656505358,0.05559924380735245,0.004378409450797732,-0.06066823831402313,0.0041274102556413846
284,True,-494203.8008246294,43837,51253,6,2,19.35848355293274,0.0010147168528066028,0.0035624515409463124,-0.028596700783542626,0.004081280246776982,0.09420852985250877,0.0036387877654888343,0.006996712454389062,0.00413254119047049,0.007261335167940149,0.0036005363361377002,-0.2702354281064991,0.006278510050469341,0.11725511224364833,0.005259913102008499,-0.09211316863483848,0.006331853329916514,-0.00720590636493317,0.005110085545243662,0.3540342894364033,0.004630220795239422,0.17409138372355665,0.004954272440575003,-0.06089738707071155,0.004462446432552484,-0.12126017917682734,0.004984821546349974,0.09407412215558135,0.003903386571541912,0.01882917832012672,0.005077024829722361,0.05454179549631897,0.0038678079378351394,0.0496120388964691,0.005070483293366959,-0.40847229190616613,0.005106794132033417,0.35600253956075656,0.004791829413270773,0.2836404395702074,0.004998173297333397,0.20940544975956435,0.004725131563273666,0.1398625841081465,0.0038295670825681197,-0.010037581353887421,0.0035080697783776422,-0.03749865832018652,0.003777937853505511,-0.07908316402797158,0.003537681096418174,0.02483868673920786,0.0037228111406088765,0.02146767323369321,0.004352871821869791,-0.039142130486917406,0.0037221011659216577,-0.042617515326378703,0.00435638506089617,0.09901874286468446,0.004458408219863001,-0.021113662097837764,0.0040767249604797655,0.054368400716623945,0.004447164227130108,-0.05779209027701854,0.004103372749428337
285,True,-493821.33392296976,43616,51232,1,4,27.563742637634277,0.0023781942998718857,0.003566582092710958,-0.028166237334147453,0.004117546509526486,0.09838721507245335,0.003609303711707377,0.007119795379044731,0.004167908906687739,0.007856100838774334,0.003571595466077013,-0.25856033412327917,0.006409554373457654,0.11753865911463753,0.005152267153796136,-0.09295756215204692,0.0064625446276887185,-0.0093756043765126,0.005001505355007678,0.35315849614494316,0.004587701960530414,0.1658618067970575,0.004976414772763582,-0.06640038187830165,0.004426967671049127,-0.11713923809631459,0.0050017936578963945,0.09684026218324944,0.003925204548285763,0.024669401825872385,0.005001047982388114,0.048413539539144665,0.0038894568307942206,0.05580329094809167,0.0049967531284281115,-0.4078799182231571,0.005067536624820719,0.34768710301940225,0.004735457075862275,0.28614972083245155,0.004939465949646388,0.20672804041171908,0.004681149160554795,0.13899134681167255,0.0037313710348059804,-0.006657357606963572,0.003482484731247871,-0.04943559227605052,0.0036850570117628267,-0.07580163680248377,0.003508558682391385,0.02132712761462069,0.0033046025788772224,0.016953243510986968,0.004545084349878719,-0.04197738228150183,0.003305256189446602,-0.036866406403680184,0.004547518539787625,0.10653190321873325,0.004563659896821287,-0.016246735472709734,0.004056898390255336,0.037181093451542586,0.004551797127582803,-0.06560570726848794,0.004087334049398792
286,True,-492062.31900146534,43700,51081,1,2,22.677070140838623,0.005282430127531885,0.003595260055339177,-0.0282220612727008,0.0041429783475956305,0.09521750634162024,0.003621579858473979,0.00401027458004932,0.004194446743678734,0.021967045274774787,0.003586356025136518,-0.2665965105509426,0.006371476433120697,0.11439058371184774,0.005270799183187509,-0.09937303916002657,0.006421239200193615,-0.01837590762103948,0.005120400464428482,0.36162527275575546,0.004654411474526409,0.17369356043193687,0.005046393058206038,-0.06223385602113443,0.004478822705037583,-0.11209828665301828,0.005076093841916693,0.09806517554410736,0.004023584613389801,0.025735989078668458,0.004947703089708397,0.043533160221291126,0.003985017342633572,0.059054956141486994,0.004941728271012704,-0.4026129810050029,0.0051242661303078,0.364599354437347,0.004831435734140492,0.29193650592403936,0.005048724114259559,0.20111365053618038,0.004740337609387616,0.14420996933897393,0.0038208099274768333,-0.014892541045478826,0.0035748709495898364,-0.042717640191754364,0.003765997972564342,-0.08002103485759594,0.0036048626151071426,0.02647077668713599,0.003850843672720921,0.01574586398732025,0.0041886750178872474,-0.041608150077474905,0.0038518516453191058,-0.04359245817464015,0.004191447592967023,0.10918662453828089,0.004506257741247286,-0.01737864205446664,0.0041612804975622725,0.05454965488892126,0.004491648716884789,-0.06837141867052862,0.004194157625831357
287,True,-497085.7063831722,43621,51801,2,7,19.652057647705078,-0.00033060014346140705,0.0035593387103961625,-0.021628374760953317,0.004065601894204641,0.09747093697737022,0.0036693333167886434,-0.0001702123874125702,0.004104785526972485,0.015129109052491867,0.0036307927623481697,-0.26125948455633974,0.006362614686144708,0.12155504820165716,0.005222771584384771,-0.09106148801363925,0.006408882033685191,-0.006777917500373563,0.005066756028787911,0.3487459864207942,0.00459100745740572,0.16727547314818156,0.00494884903925277,-0.05742611906735843,0.004437112117814139,-0.12063065796052012,0.00498050138197248,0.09463502553373566,0.0038474053242557194,0.016054460342453766,0.005097508192718642,0.049745248225078635,0.0038152089094747165,0.05101126670964734,0.005090520434972043,-0.4032921630593781,0.005126081247655136,0.3666978031483308,0.004793435995472806,0.28837458869230276,0.005027229021139663,0.1949572590711546,0.004689015644536892,0.14346691936167486,0.003746419134173716,-0.016027675935477645,0.003490514795530957,-0.04512948584519629,0.00369413889142405,-0.0694313671439407,0.0035127915917821557,0.023546048557612578,0.0033501040021236463,0.01687801360766051,0.004305645171417373,-0.04154829128547163,0.003350611651941094,-0.03724337946091075,0.004307917412539943,0.10268532899008057,0.004533247190679498,-0.021800827790102416,0.00402643798554721,0.04936856005874027,0.004523949071518138,-0.05667144775242915,0.004050465696467741
288,True,-497257.2545120835,43954,51705,4,2,19.440364837646484,0.0018551579795686433,0.003573249685473112,-0.029480048178301955,0.004110966366684363,0.09681191160456314,0.0036254211224979616,0.008178399500861968,0.0041636794205099775,0.016308150422078845,0.0035864741356923502,-0.27255212875870943,0.006286039493384949,0.12032439972111546,0.0053539880213191345,-0.09673210553755862,0.006336121382159214,-0.015203265604454907,0.0051971910553809605,0.3505062136514174,0.004613835337784024,0.1703126869693919,0.004958438357554644,-0.06416603327505731,0.004450132787343412,-0.11191574695788489,0.0049876369154563316,0.09766154876313217,0.00397730805808109,0.013222871705488118,0.005179593297222629,0.05443643448542011,0.003940082475287117,0.05863462012619205,0.005169057697893157,-0.40865609061737856,0.0050777455333866515,0.35869014454027315,0.004797371972035605,0.2913998271727729,0.004972522328969361,0.20456540390931882,0.004708335852399533,0.1399404662784893,0.0038166125132101224,-0.013503078752649075,0.003478581316766092,-0.03898687412195944,0.0037633638520683747,-0.07879325385971234,0.003506273898978672,0.032113458047850735,0.004312244888293125,0.008051806076982217,0.0043928589041387165,-0.04106647408400131,0.004311380063009565,-0.0334699591596759,0.004394482394550246,0.09895693708955255,0.004536792820686895,-0.028637331460540868,0.0040978184699733385,0.05317649213603678,0.004526664797059761,-0.05932761037922148,0.004124126071300217
289,True,-493051.0865770534,43714,51112,5,3,24.328553915023804,-0.002945875634712198,0.003581961753922832,-0.026102096447901926,0.004098420151167215,0.09197896767174966,0.0036227216866170447,0.012417759756811083,0.004145053295405458,0.01293575784923662,0.003585992511275587,-0.26833293476029574,0.006386272916728094,0.11885846745773423,0.005295459592512758,-0.09534426662981314,0.0064432994674722575,-0.004903885578897686,0.005144706319797331,0.3503766335554911,0.004613429585776125,0.1719969995453101,0.004973357185982324,-0.056125956981477355,0.004444131029188345,-0.11824934731898931,0.005000331856144325,0.09519280111369346,0.003887152943310404,0.015363680810386575,0.005159563334949789,0.050372489056470994,0.003851362354776138,0.04472301588413741,0.005153041627703306,-0.3998007396223513,0.005119355823830117,0.3615192665843569,0.0047417143550832225,0.286866901464077,0.005002659216489734,0.19992330356545984,0.004652912297278632,0.15045777731860582,0.003790884375747622,-0.017256885366416303,0.003556777343174668,-0.05283126551045553,0.0037335920280121182,-0.07544467632587587,0.0035808534927153,0.022959111560702163,0.0032934991976178098,0.017982760048551295,0.004138216827356923,-0.04009821167823356,0.0032932670841892583,-0.03566371538586132,0.004140950784380276,0.10282583024685042,0.00458166580098813,-0.025334396081149815,0.004108049330105328,0.050346348556404234,0.004570359842953514,-0.05825632881197125,0.004134669369735057
290,True,-497249.7332992719,43719,51769,5,5,18.549708127975464,-0.004626198535083459,0.0035604001561778,-0.028395113651488602,0.004128399038004046,0.0975453214324277,0.003594119124757375,0.00409211184330133,0.004179547757941888,0.015773384557102647,0.0035574895757814313,-0.27786722325154545,0.006246277960881322,0.11428361065807753,0.005292430110721192,-0.0842351242911666,0.006298432941496096,-0.0011004420250612342,0.0051486580050151744,0.352738964393075,0.004631634006056783,0.17720661223646544,0.004909624381916229,-0.05803355820881141,0.004460915267627664,-0.11848735168762259,0.004937456507959497,0.09655578527360288,0.003921506907317304,0.017949387792384273,0.005071955521872326,0.04268117456103116,0.003885517605813293,0.055764126633118735,0.005064136681646102,-0.4034571999151317,0.005076298102802384,0.35711455593041574,0.004788568751376743,0.2885363697702912,0.004979326944109102,0.20274848901830672,0.004692293986042992,0.13669555342100775,0.0037335682795318994,-0.019175765232728542,0.0034720451433150616,-0.04448417304183701,0.003685364542122593,-0.08288275291309488,0.0035017361479457694,0.02522026095356884,0.0034988132999216643,0.020328500927357464,0.004102578763213594,-0.03869335346160039,0.0034985901398160717,-0.042821980204370495,0.0041052085986970095,0.09590560376313842,0.0044454596424065695,-0.02300156059991511,0.0040919564245478325,0.051540357564032316,0.004433879129422041,-0.059534101226754836,0.0041189374608182165
291,True,-495264.59062945086,44327,50982,3,4,13.39551305770874,0.008330786139430951,0.0035604113820042046,-0.031462845947871756,0.0041097060128718116,0.10142015567467076,0.0036109584463938902,0.0027304588535244216,0.0041660076695096745,0.0153574394622666,0.003570149748503368,-0.2747866938379317,0.006332509798033584,0.11399570702661323,0.00536581089807602,-0.09028654817854476,0.006386396620883767,0.0032747188190040866,0.005224804289170267,0.3580206407001827,0.00462819060138963,0.16790286222773085,0.005029593075380044,-0.055244824548168994,0.004455922344834943,-0.1231219059762653,0.005065858173370524,0.10482650960024228,0.0038641706610394095,0.014841950085120733,0.005173310406818499,0.05008119368176749,0.003824874882562035,0.04538596318638073,0.005165791560008187,-0.4002707338016095,0.005206700325418369,0.3515223756987279,0.004753432033645192,0.29452108824481843,0.005125028139366256,0.20801781361033855,0.004682022779547588,0.14747498145110893,0.003855555661399646,-0.011490808017081789,0.003571140465813044,-0.0368509754182135,0.003795106508528139,-0.07686557335074563,0.003597998698884572,0.02651320321003263,0.0034366424522397905,0.01104553963074713,0.004579107278838166,-0.0439499129834318,0.003436737303088873,-0.0371781995025357,0.004580959066210138,0.09834701251345174,0.004459983124439376,-0.01667090181323739,0.004108366121344514,0.049665478754185616,0.00444981757308172,-0.055267301879254854,0.004133639242500546
292,True,-493570.8197070153,43711,51378,1,3,19.45428729057312,-0.0013376787025083663,0.0035726177908462133,-0.025912910017687567,0.0040875320023174904,0.09345773366771558,0.0036637472882385448,0.00919124727998022,0.004134035266637051,0.01617738796117742,0.0036297149802044047,-0.27468383775258076,0.006349073922791679,0.12112842460305909,0.005400235716422394,-0.08738799397880467,0.006402434455370779,-0.001986932302017952,0.005245670362856016,0.35214066869166827,0.004637117968417333,0.173884346027984,0.004958097901770887,-0.05541592801047958,0.004471389924432568,-0.1220453646065338,0.004992136319305693,0.09396163597886861,0.003957104597199746,0.02547173810402203,0.0050353349677474185,0.04914527674827226,0.003922040514671953,0.05755054908326607,0.005028593404277476,-0.406823945643435,0.0050694253554345245,0.3514123647703434,0.004792062276256515,0.29138752706984605,0.0049587926690605275,0.20161546107298983,0.004710134971123821,0.1389952064514549,0.0037995063317632295,-0.016331697309515475,0.0035102547695266507,-0.0373947591783105,0.003746556259785268,-0.07314201735037527,0.003535648516454018,0.02311103411630448,0.0036925256270630563,0.01794704733529626,0.0042570268147656175,-0.041718908068822315,0.0036917855306918402,-0.044467013873201074,0.004260680869653618,0.0899610686589299,0.004549660069762557,-0.025105111659632032,0.004089598494507821,0.0484883820628776,0.0045424181350732186,-0.06531027689064345,0.004118367421240788
293,True,-493223.5819116575,43999,50929,4,3,20.18100333213806,0.003281601929528637,0.0035312567246928456,-0.032703493787567935,0.004091449247706297,0.09423104250123912,0.0035949565495566795,0.010357167916852837,0.004149092273304726,0.011068595358770719,0.00356005368612999,-0.25569158332709785,0.006304924270407089,0.1251704654003605,0.005088819882571435,-0.08644442248096652,0.006345611290218518,-0.006753593794683532,0.004930212708773523,0.35305248102289444,0.004525931858672309,0.16301250083688443,0.0049566493086669414,-0.044525882098704436,0.00436455219641359,-0.12256942826841186,0.00498643498648005,0.09740748336706594,0.003797001159310469,0.016379812785381757,0.005094924886189749,0.05754913721168197,0.003763199781400067,0.045556166203030476,0.0050892598778614975,-0.39230688952657206,0.005122219096262307,0.35970217654613335,0.004727984340439263,0.28850394737947926,0.005032602829060089,0.19774322606934333,0.004645173280916715,0.1418113292514136,0.003757071945966754,-0.017603246165872905,0.0035128634678015113,-0.037592965897047366,0.003704248413938877,-0.07653391521956676,0.003540418192323371,0.023676845802798635,0.0035126397111819056,0.02193409792966533,0.004020593851518174,-0.03700675580678989,0.0035129317181130837,-0.04251136381101341,0.004023568343662388,0.09872016577524995,0.004463365683623195,-0.025276844826437102,0.00398981785319036,0.05010065666953139,0.0044532446009314785,-0.051483267565031514,0.0040116483868416625
294,True,-492709.0839898377,43640,51149,5,2,22.989035606384277,0.004473886397346215,0.003567643971899555,-0.03022136862731771,0.004106784264285075,0.09156954736225996,0.003592392221221773,0.0034829853752076354,0.004161517518066313,0.014872036332318664,0.0035569683894419255,-0.26290899658960265,0.006227800312850783,0.1176731340530865,0.005174544104063456,-0.09457822679377186,0.00627063297869499,-0.007488689873720439,0.0050244534499463015,0.34699255307329063,0.0045739938807015604,0.1679693785837034,0.004910555487783161,-0.057939048453687046,0.0044168105409537394,-0.12037244781277037,0.004936901749058682,0.09317732630509185,0.0039760746864954104,0.026135192398219827,0.0049278803390463265,0.04682674133172828,0.003941376454898485,0.0561460532055354,0.004922759360066021,-0.3977140748636514,0.005116753747413023,0.3624534605542427,0.004742485546632291,0.292380990673649,0.005022157944068829,0.1967687425878351,0.004647588717200083,0.141740051804346,0.0038106482920317584,-0.018437863920764783,0.003506558861867105,-0.04472020023327747,0.0037586727572345388,-0.07653606326367116,0.003532862617559678,0.018940491546998155,0.003355097690873321,0.01744094406070825,0.004310505194573009,-0.04360144733421562,0.003356574862161588,-0.03960559587852925,0.004313099782090783,0.09932264728299711,0.00439243720212891,-0.027920546593671595,0.004034609625849401,0.05169546692370544,0.004381070846419056,-0.059973340348535076,0.00406120122350906
295,True,-492075.0713929641,43447,51316,2,5,22.25200891494751,-0.003552056677918834,0.003543798584175989,-0.028982040804156974,0.004059362481745272,0.08810522688838732,0.003601799054269896,0.006522913631562814,0.004111271108485995,0.014671924889284252,0.0035685878616343748,-0.2739221054076935,0.006258828738465899,0.11598065755271413,0.005295256589136482,-0.09131748524373577,0.0063087443103519445,-0.007468056949027502,0.005147982364609288,0.3543814223979192,0.004612414002303235,0.1726341997087606,0.004961174980034926,-0.05109063318267112,0.004444864905590073,-0.11495353618931822,0.004990558364622325,0.09364655751731461,0.003863808942006219,0.013381288567126911,0.005031407523289435,0.04778462877915751,0.0038295140722746377,0.05009905001310583,0.005023917586253835,-0.3966024758481156,0.005135286672173213,0.3535960074499478,0.0047518977330349745,0.29175300636457757,0.0050648501063224735,0.20118729547012731,0.004676427853819572,0.13733451340041208,0.0038413292862254913,-0.011899616646292967,0.0035207851735199963,-0.04226792482940882,0.0037944009111935636,-0.07839537949487392,0.003548657269703897,0.026676432752436943,0.003432680941867352,0.02103003560153288,0.004317898022369074,-0.04082487890299996,0.003433480511678128,-0.036988640109999874,0.004319665889963143,0.1098663970832341,0.004500108218424004,-0.013332884973513445,0.004188117156182993,0.059342283186587914,0.004485524219411599,-0.05379848116408799,0.004213725073268237
296,True,-494042.803587405,43797,51220,2,6,18.90872812271118,-0.0008722176397016931,0.003544454982628036,-0.03498996976326398,0.004068975171371167,0.0922265370926402,0.0035890125363335734,0.007044036409509256,0.004130723333403905,0.013391935376828418,0.0035502222598526017,-0.27179465462571273,0.006361422620578169,0.11805336081178738,0.005304415014457987,-0.08339770852947799,0.006411876036278249,0.004386562293476216,0.005158406684851698,0.3453216951301608,0.0046317363646400725,0.17518454300723055,0.004898798888886954,-0.05419601292198671,0.004475479541619278,-0.12352166743202456,0.004929377247962285,0.09952630369755247,0.0038435529817781454,0.009668880422746001,0.005154335770602578,0.049249188752685594,0.0038072476483623006,0.0564228429460035,0.00514362850502895,-0.39524167086187373,0.005064483192689172,0.34747992372494635,0.0047236836537328615,0.29245805879573394,0.004977985246346982,0.20638060243669132,0.004664353269953875,0.1355311066377788,0.0037508676791017316,-0.018696252289895254,0.0035081393768667227,-0.04653045661629351,0.003706218173955991,-0.08014087549077768,0.0035370645494845975,0.023067738306707664,0.0036629154263847544,0.021266075381535052,0.004060522435307054,-0.039488757460550326,0.0036630495373373762,-0.04549742027699656,0.0040638474555053225,0.09325491162281342,0.004552208787490983,-0.02714109081851874,0.004021396046773251,0.044177877897636574,0.004544711157256593,-0.060073918080182746,0.004048199336300336
297,True,-494838.16363945045,44094,51127,1,3,20.428051948547363,0.0034809076093738423,0.003575813251793679,-0.027586137505106075,0.004134107033706285,0.0933258825785178,0.0036158053256761117,0.006833695351609238,0.004183743743204773,0.012008806828627778,0.003582580521492305,-0.27279814139014874,0.0061861225954385835,0.1109627318162577,0.005249037074287777,-0.10011212790011158,0.006235789957949301,-0.009304341535197628,0.005108837298944279,0.35586090597176795,0.004605097742520725,0.17141537756221728,0.004978520949630801,-0.06179258235544395,0.004435805300348376,-0.11825250230674623,0.0050062915067918615,0.10527805190795499,0.003920184951284558,0.017895352655859745,0.004962709171691973,0.04770216489270043,0.0038801049092443353,0.05013091062704758,0.004955557457560195,-0.4004244953389552,0.005086416874878466,0.35925213111555976,0.0047630339008367245,0.29128214997086527,0.00499949496439819,0.20871682431223146,0.0046756609253729205,0.14562441839156715,0.003789837586709554,-0.01557578327163337,0.0035246843646802857,-0.04638019456161806,0.003735456892872395,-0.08158501505910541,0.0035547941613733574,0.029500330274377772,0.003591147592417624,0.021878848561635862,0.004151887058673254,-0.03601180046222338,0.003590573703123892,-0.036520699264942294,0.004154142936852062,0.09461695977728345,0.004345995420696193,-0.02260099997399641,0.0040114597951199545,0.05085209908124917,0.004334187942423574,-0.06291307520399811,0.004039301858073442
298,True,-491014.43829564704,43645,50924,3,0,16.35669779777527,0.003905587231390823,0.0035788456930974264,-0.030583519742294354,0.004105760859675304,0.09160609728829272,0.0036258323132331164,0.0025255461794213697,0.0041607721354848005,0.02045237260629317,0.0035924131624006043,-0.2679379011003586,0.00641543775752082,0.1186331496720279,0.0052675872951919115,-0.09094817009994159,0.006477459508682176,-0.004340714146932647,0.005115674251150284,0.3479533524493786,0.004685091360480252,0.17358704007138437,0.004965589017736635,-0.05473331207607888,0.00452302715439719,-0.12549011941186994,0.004997366541353015,0.10503490481195484,0.0038818549715757223,0.021872478262711516,0.005085541994775045,0.04843618644603732,0.003840892464834282,0.044677675606827984,0.005080227704366083,-0.40168608902695435,0.005120007115243726,0.35064888282812995,0.0047627165337362064,0.29350326136769533,0.005025352076694161,0.2094441113775045,0.0046973816367312125,0.14302475827161143,0.00377408810715989,-0.010572664059000975,0.003535567937974277,-0.04921028093207506,0.0037220589268300215,-0.08289771510637953,0.0035661691380036724,0.02431453366816402,0.003534191008782868,0.017037716395310862,0.004476086036291394,-0.03925074023619806,0.0035339199434721584,-0.03740852022406765,0.004478399489471439,0.101303289185729,0.004504736476784326,-0.02381202514443896,0.004069465704513223,0.048682391870925226,0.004493041488982604,-0.05976113648639342,0.004097399441463916
299,True,-495978.465281639,44285,51065,1,5,19.234052896499634,0.006418932958261513,0.0035666214954521483,-0.023082437389347402,0.004079547139133556,0.09297395400241329,0.003648670315205716,0.005463191821995334,0.00412137967865729,0.01916222380507492,0.0036115455959991826,-0.27637895787035277,0.006229537559123504,0.11769992458934293,0.005319480961223294,-0.09718397635174209,0.006280319451403259,-0.008242143575862414,0.005169882954945885,0.3551359842030774,0.004616423539107473,0.17408031088081405,0.004963279586701106,-0.0491310585312537,0.004443620156887076,-0.11634002724460106,0.004990025507401677,0.09432258595913709,0.0038709907769866243,0.019148392551445487,0.00498788788128597,0.04934339700229314,0.0038364533665170295,0.05372845150966243,0.004980768114959557,-0.40966066671901563,0.005068972237830445,0.3571875250774925,0.004788924531768853,0.2779400043201116,0.004925753730723611,0.1956140479715425,0.004694449236580968,0.14048768112006194,0.003830668085240503,-0.012623645315194946,0.003555653367382275,-0.04805254542945191,0.0037810170077123896,-0.07316455689545727,0.0035793189746697878,0.02550361270551253,0.003624718674947832,0.011665527129097785,0.003899191386456051,-0.03451322616071182,0.0036240265418193023,-0.04157293955100228,0.003902206523323493,0.09847931084614274,0.0044221565900050925,-0.026510011689181028,0.004028223274391411,0.04984991478030392,0.004410733540095743,-0.046463521504878355,0.004047276624168945
300,True,-498376.1537901516,44088,51701,4,5,23.117618322372437,0.0005577353302126958,0.003538248940207342,-0.027618164587397846,0.004087928433411517,0.09579005075088526,0.003586461372181472,0.004765258070150957,0.004137491988464791,0.008855323678842968,0.0035478118855587605,-0.2624353294142289,0.006326250045274576,0.11430102091428065,0.005199438810508137,-0.09208718143126034,0.006366839920104966,-0.002119627077022716,0.005057234603874189,0.35415841361185746,0.004553084139004978,0.16776858772697092,0.004976238873384889,-0.05758568034521996,0.004399494278584335,-0.12178106451131465,0.005007448077434037,0.09539579046204201,0.003915075317171493,0.016430494317421718,0.004993961721414611,0.049783179683844984,0.00388254950882275,0.06161465277235017,0.004986299359064289,-0.39120449225115767,0.0051154318424138385,0.35425556510563844,0.00471880353099453,0.29237504585164675,0.005041745381434437,0.2028182290010296,0.004642174716154164,0.1354753342466993,0.0038371169445951987,-0.0138018391142608,0.003528908145082091,-0.038703582794708084,0.003789451437722581,-0.0772460732304475,0.0035570394798171384,0.03456161275211918,0.004454501962494538,0.00881478819008835,0.003812085651595257,-0.03171184927256179,0.004455222334370111,-0.04251808491970664,0.0038140509905661103,0.1031913847853373,0.004499153097208522,-0.02164534277007381,0.004057377435767205,0.04920281750150778,0.00448716661780237,-0.05928388736109639,0.004082811916861362
301,True,-496396.6007625585,43868,51520,10,2,25.09377884864807,-0.0031059602533877067,0.0035619443693799776,-0.03129684516871755,0.00413262150300919,0.09668852290246539,0.003583857988890831,0.013668147467244825,0.004187795466601588,0.010233263715233568,0.003543640916844577,-0.2692470745588229,0.0061406887428903,0.11344093516211742,0.005167629289203719,-0.0953656099806572,0.006190985659754353,-0.010352436760548056,0.005022317124699778,0.35216077521976763,0.004575750627394972,0.17551325271830262,0.004936975968076885,-0.057040847787638384,0.004404084550373766,-0.11131724247980347,0.0049588887086361635,0.09902751440446088,0.00395691660475304,0.02861358588008836,0.004914687529607236,0.04276885596193377,0.003919436703171873,0.05414408023700245,0.004909295931021523,-0.40525855971169705,0.005113178289095566,0.35209589434753796,0.004730681307164617,0.28524317986396636,0.0050082732257015145,0.2106331048026361,0.004661057475576198,0.14613564114569033,0.0038503111440689308,-0.010896963259602302,0.0035301025730046748,-0.04313861533675229,0.0037904432141651124,-0.08202480270190621,0.0035614276310478063,0.03274515424877379,0.004168121238586055,0.015493540144463474,0.0036778443685939076,-0.03283116562454014,0.004168151493588507,-0.04617567506054477,0.003680917623770842,0.10335079503290702,0.004346686984414707,-0.024507217909994338,0.004045674258005322,0.053257066139258395,0.004332516135261595,-0.05294851749494982,0.004069133043256402
302,True,-497191.9099226701,44149,51381,4,3,18.731703519821167,0.002344006502188711,0.003553432002802442,-0.026286143156319716,0.004100541004855951,0.09419323287704985,0.0036046347776063532,0.005598626160979531,0.004147921058389302,0.016250025606755168,0.003569457424824634,-0.26405344792296387,0.0062681974887276145,0.11211052892935143,0.005236761922838287,-0.08485913172241442,0.0063194207898379,0.0038725805283383002,0.005098125503285292,0.3528280827603069,0.0045863614204706225,0.17254060130063853,0.004966249922503525,-0.05637537161197835,0.004415687361561145,-0.1189542339008183,0.004995817524790323,0.10119773325539949,0.00382983602821601,0.01563240918909722,0.005194821998019087,0.05210096187685295,0.0037930988698884473,0.04696444630857505,0.005187655113890278,-0.4044212826947452,0.005068559588105074,0.35939605476416386,0.004769289205014641,0.28760585106224895,0.004964863208049067,0.19516924025163213,0.00466692051866836,0.1363379023189363,0.0038254138077373624,-0.008871539323666308,0.003467279565882774,-0.04544789404695051,0.0037802927164576105,-0.07489888499550816,0.0034936357394152262,0.025004842063536547,0.0034552489789313676,0.016792590336282404,0.00428603581876952,-0.03883448391819491,0.0034550891964322187,-0.03533403754437739,0.004288209360712276,0.09370651039154702,0.0045123634836148835,-0.02357773822002633,0.003985103252547587,0.04957970235978054,0.004503751205740079,-0.059897209367354244,0.004010720393491001
303,True,-492150.91398039705,43708,51133,1,4,22.087289094924927,0.0015298319517427629,0.0035763011446467425,-0.03551495290197033,0.004153711959376133,0.09547350966272149,0.0035828071328596355,0.0037537647800037093,0.004217503910269929,0.008541842970636258,0.0035471729151420384,-0.26111284730729967,0.0063770501850643506,0.12404740101637732,0.005250852426222928,-0.09590290022244448,0.006432254041949083,-0.003709850728231557,0.005089607166448498,0.3561684173763205,0.0046144378351657515,0.16516011651168086,0.00501752222125671,-0.06126434656712577,0.004444541133515802,-0.11249763393654107,0.005048245318009711,0.09368013112924324,0.003894950879285701,0.018322549094404783,0.005023101835359749,0.048391710739035275,0.003860363887108491,0.053808379521570714,0.005016469228511396,-0.40565661379317747,0.00512223391728971,0.3585304999136019,0.004781401180763716,0.28990450977584953,0.005034207008754916,0.20347071012784418,0.004694912067369686,0.14367471805369403,0.003762196358483423,-0.010263792803335664,0.0035652411009619183,-0.05047451573784109,0.003711965872499959,-0.07626234368180156,0.0035928655510665745,0.03139300848407549,0.004352686231899919,0.014397105831776016,0.004236249287619559,-0.04008306321497128,0.004352599109522827,-0.04436192449322288,0.004238765798606063,0.09793006347759663,0.004561607699528513,-0.024054201460707435,0.004086837400017712,0.046738004431242534,0.004549941634747282,-0.0644827375244514,0.0041165331066318625
304,True,-494472.2766137812,43972,51160,5,1,24.92016839981079,0.0015227881842175557,0.0035660739959033597,-0.034976421890738366,0.0041363020493651835,0.09608023832473145,0.003555782812891666,0.010592342848706391,0.00419857388259684,0.01613267249912124,0.0035180802617360662,-0.2731190522650252,0.006244560137381644,0.11068706159541421,0.005270703130721581,-0.09635804011015535,0.006298622531530281,-0.015623695049304796,0.005128470622303618,0.35445729018757566,0.004611156321688919,0.1743430441923934,0.004952761942180713,-0.05192545158635499,0.004439028562590414,-0.12369556900139722,0.004986263123607189,0.09671592357734422,0.003999992831835987,0.022670703113802034,0.005033078095629387,0.049395171261225765,0.0039628803154455345,0.05709449560304575,0.005026825828185736,-0.4005421129436929,0.005057024993109413,0.3547530925117859,0.004728015596773329,0.28181565405346165,0.004951226530337654,0.20371150387834192,0.0046511656273449335,0.1461794798589239,0.003790447344292464,-0.017843629020394117,0.0035297711054382654,-0.04285688319014538,0.0037313310727603707,-0.0772467717328325,0.0035556592035185654,0.03578181646173498,0.0044274399012804964,0.016692253382413137,0.003975156178751637,-0.03682134062985497,0.004426726840532549,-0.04553152599647794,0.003978199084127473,0.10052513916934988,0.004465830062447761,-0.022831216530680046,0.004139636682476849,0.05505747305464371,0.004450684176818442,-0.058716554359756805,0.004166851069314114
305,True,-493838.1366646617,43714,51313,4,1,13.336042404174805,-0.003296665337890714,0.0035311204044024837,-0.03341760271291889,0.004124906806756987,0.0996915152966882,0.003579211277733077,0.00828901742222832,0.0041837677153669876,0.016881496591478175,0.003544194634974305,-0.27670660703629013,0.0060363268925990215,0.10608931956426662,0.0052580721546384825,-0.095260525576149,0.006079588122664758,-0.01361769259877542,0.005124851571269051,0.34832162149321233,0.004542284681179099,0.173101307397089,0.004859878634059366,-0.0520348616514113,0.004379705985527935,-0.11577211588290197,0.004887639670018248,0.0924226388112203,0.0040182451862253235,0.029756682288922448,0.004898621317779395,0.05586734198618055,0.003985634142225268,0.05752666456045348,0.004894602644106037,-0.40369813060013904,0.005025010789376589,0.3509127163070126,0.004742245092773744,0.27895470096027075,0.004916330268131492,0.19239683934576715,0.004654054207258361,0.13284071680049073,0.00370735515891549,-0.011344478777546442,0.003469910994802639,-0.044602246647647635,0.00366349413455601,-0.07754186878905203,0.003496031295311014,0.019953366298646993,0.0032710390431807536,0.016174671810317176,0.0043858949440454716,-0.04587753833155789,0.0032708415908231595,-0.036496461597194184,0.004389288999366842,0.09815472527339568,0.004284190670463006,-0.015895550888675166,0.004081591968951756,0.050670985676739555,0.004273086001560666,-0.0530479747794463,0.004105013809087763
306,True,-490644.48983019777,43324,51202,1,2,22.229487895965576,0.0009048886380726612,0.003564376237356188,-0.03150155822145915,0.004087126038747223,0.09119483213012314,0.003612460750922655,0.0063601518779603005,0.0041433566642322195,0.013620511331950459,0.0035760433399830045,-0.2714711778820336,0.006165185811146673,0.11014211640723331,0.0052355023675739985,-0.09320544450720852,0.006212477759119603,-0.005186421678891608,0.005096673361881852,0.349310547585041,0.004632568964744494,0.17325975476110803,0.00493711632144535,-0.05447580006991344,0.004472008807795013,-0.12097472409543697,0.004962928726909447,0.09429277664129043,0.00399246670147808,0.024885823372344327,0.005047637637162133,0.05164606073987324,0.0039587112584612005,0.054603136396164174,0.005041249939936863,-0.40408000944872297,0.005091232151493406,0.35473795208348385,0.004778270227562777,0.29417064216894445,0.004993477831075024,0.2006089466022163,0.004694914561705775,0.14356463951095866,0.003829072158898112,-0.0151172207133657,0.0035144928366258755,-0.04503859229800767,0.003776661505480072,-0.07894335683783638,0.003542775928721528,0.0318530793564716,0.0037116548636202287,0.015414073684516588,0.004088924666278249,-0.03771353618430939,0.0037109776259681873,-0.03808536936318157,0.004091477537611712,0.09534336785173372,0.004325861544345342,-0.02125197717603184,0.004069499724216908,0.052434152808454156,0.004314629943677112,-0.057281802560381394,0.004094585140864909
307,True,-495599.7056876741,43715,51501,4,1,19.90247416496277,-0.004330317336471143,0.003539919948347936,-0.03717634091583418,0.0041497094053890736,0.09457257944355005,0.0035367770337115735,0.011545556142845378,0.004215450757836813,0.013879589498360679,0.0035000911125996456,-0.2672010745843089,0.006144733225823653,0.11701640264704202,0.005206927072950221,-0.0963714000549373,0.006188950669218965,-0.007868681668521185,0.005057394031854124,0.34521460544525195,0.004534000990853767,0.16761869430510723,0.004858858396750507,-0.065407550667526,0.004381511413687627,-0.108407422682693,0.004884735530128303,0.0954746550645167,0.003922755862404813,0.022610159343683493,0.0049435139103541055,0.05161260205127511,0.0038894542779297427,0.054013856279157335,0.004937628105221753,-0.3963435687827112,0.005086173477288276,0.3622837819404771,0.004715176405868189,0.2890770370376571,0.005009050895834119,0.19633473026177248,0.004627135147400181,0.13717161705596867,0.0038039924410232526,-0.012767972526189105,0.0034929143935333758,-0.048566510407430215,0.003759768929026589,-0.07926620209095274,0.003522107927091954,0.03087228387541175,0.004598992967844152,0.011519575473958894,0.003976044043624684,-0.03302284887219293,0.004599423969406143,-0.043076170237406716,0.003978556483243103,0.10649461546111136,0.004426875416253796,-0.020094702810750976,0.004028131223395243,0.05016322887371791,0.00441544903848045,-0.05517252327119814,0.00405212797855933
308,True,-495633.1958726584,44011,51285,4,2,22.392438650131226,-0.0047496133827951625,0.003548498959884488,-0.03205155967685287,0.00410947760289623,0.09229048197876037,0.003557236822192753,0.013880566587609111,0.0041661534095559375,0.0137220587119666,0.0035232783612132567,-0.2622014800443463,0.006385402353912029,0.12078926233693026,0.00521948710524701,-0.09644449107516541,0.006440084823511825,-0.002960092939679291,0.005065387208986071,0.3505502364582824,0.004578940693279184,0.16356810767893887,0.00496385023469012,-0.060774198813187866,0.004419006763463925,-0.11756267990426489,0.004997106372249512,0.10617581717105096,0.0038335102394002306,0.019006446475304268,0.005207895803176813,0.04813580963062444,0.003794334543024272,0.04600606596412379,0.005201441835841767,-0.398153569210704,0.00506819453069116,0.3551545291921605,0.004717465110317113,0.28502185650179956,0.0049770198186243585,0.19897907986487215,0.004636874162542855,0.14013675108204146,0.003721048649246436,-0.019995249001936645,0.003530702355690544,-0.04363220994407463,0.0036717708255892454,-0.07479353250412595,0.0035566008415614156,0.03226941745533491,0.004091901925277291,0.011803782861054943,0.004111105907501615,-0.035585538860791736,0.0040920084551893205,-0.043904888146725225,0.004112817783794877,0.09529439969660683,0.004553465117000828,-0.019587129943728018,0.0039646295155108535,0.03735908133404335,0.004546393605182022,-0.06569540571982402,0.00399419271805954
309,True,-492137.6964462637,43677,51084,2,7,23.00814700126648,0.0009750540359047122,0.00356201986746213,-0.03164484382427391,0.004113202474773535,0.09427123678025173,0.0035737815181887656,0.002864843176498312,0.004170475383997539,0.010222547390514694,0.003534665276719685,-0.2710176362793213,0.0061668511040419115,0.11047995762489429,0.005253626255208876,-0.08754772536248846,0.006215642060349162,-0.010275411512773067,0.005112052872857958,0.3521725285203905,0.00458785199526894,0.17313484241516328,0.004946222026243117,-0.05527146930826682,0.004416465284597087,-0.11251552731100667,0.004975252562600773,0.09614296573286377,0.0038788592466222002,0.012538139276552495,0.005170825377569174,0.0528303731058393,0.003842965760257507,0.050332995912884766,0.005161944415331433,-0.39139625170691694,0.005118425720564111,0.35730090984711727,0.004729895511269456,0.293073658014891,0.005061754441057715,0.20679114023513478,0.004647016735618388,0.14244083130185295,0.0037770267203546697,-0.015092888053584132,0.0035208836181386143,-0.04414799041607307,0.003724646030643387,-0.07788628454801234,0.0035485613970522483,0.02992888160180408,0.0037540403075472972,0.014783278501571248,0.004496374807316687,-0.043652222234939746,0.003755589364438939,-0.0417784953698642,0.004498465417328897,0.10049627780371731,0.0044061140786003546,-0.024317905393815422,0.004146499391804756,0.06209430207504909,0.004392074098243925,-0.058595405424739386,0.0041735815357336154
310,True,-495143.5619460987,43925,51362,1,4,20.61205267906189,0.0005971016265095596,0.003548091110689083,-0.033286718478605065,0.004163926325263129,0.10074787856239106,0.0035607800241540546,0.013383339536143304,0.004222964775471777,0.0037534978813865364,0.003522955718749401,-0.2786645318138586,0.006257883278232616,0.11197391560430485,0.005267219235395159,-0.08751683540200818,0.00630059410281022,-0.010185548025914568,0.005127084338225208,0.3471283098455415,0.0046180442776195514,0.17555461233437342,0.004907022227749728,-0.05072776661180262,0.004460545007325836,-0.12478119945553906,0.004937807272985306,0.09914592049628392,0.003972918554970971,0.014770066841696603,0.0051400123443387956,0.050979793276512336,0.0039367240215079985,0.06147945285214014,0.0051307981106617565,-0.3984275220588819,0.005066387824936109,0.34987920860137844,0.004765842157491074,0.28828394531780205,0.004980449642741233,0.20427613346257478,0.004687874756718435,0.13786384958787812,0.0038480554336769515,-0.015344809742067445,0.003520574684104932,-0.040385022826181775,0.003799077870918662,-0.08089373586170258,0.003550121286939513,0.024469545907057823,0.003553194838249705,0.008214473635164919,0.003989020634538269,-0.041279957993741276,0.0035537917468755277,-0.03546783249956164,0.003991347297421768,0.10214369366992658,0.0044046141119401284,-0.024750456827273653,0.004055014789686915,0.0513652680155596,0.004391690043561875,-0.0555860717521654,0.0040793442865909085
311,True,-495723.05437471624,43852,51362,3,7,15.654707908630371,0.0012917858506175384,0.0035412919754760634,-0.034328539978014216,0.0041054612070133955,0.09550722717563563,0.003572763576237077,0.004112800903005396,0.0041665387684405985,0.0153527786432859,0.003536554319421189,-0.25228330752071315,0.006349584658431829,0.12189290596702575,0.0051579652056500105,-0.09754285359313897,0.006400526348772581,-0.0075575820714514925,0.0050008687242205155,0.35401043524842035,0.004532229934398752,0.16138995268509737,0.005014517082206044,-0.05325369305469751,0.00436601283771519,-0.11616283745930774,0.005047464659359757,0.09779798863372954,0.003848069577499172,0.022745022597923135,0.004988648770150293,0.04038791062930127,0.0038112912680223526,0.04864451427545035,0.004983593428119278,-0.39517573686516766,0.005138214202825546,0.35922327542994215,0.004701146503096662,0.28850097724223345,0.005058723517018948,0.19689669082391711,0.004617061337194734,0.14564461386089653,0.003744065401886272,-0.014384641708933275,0.003487192271547305,-0.04326140904011146,0.003689106025696062,-0.07587955731492396,0.003515213267974136,0.027735366777083516,0.0038867838849936313,0.012893238653557784,0.004040118470203796,-0.03869891824444873,0.0038861900524966146,-0.042465739281049006,0.00404338165982459,0.09811909011958121,0.004532422776733877,-0.021991892226729627,0.004033668471167209,0.049651400518720946,0.004521534062829323,-0.06051117518289889,0.004060956238294077
312,True,-494723.1362196563,43626,51528,2,3,23.142786979675293,-0.003613182044761292,0.003549919483749721,-0.031748823968401424,0.004147016988900165,0.0964593441673119,0.003543228795207631,0.004588282362354821,0.0042041929212266954,0.01676342608333463,0.0035067320752658285,-0.2733222187049055,0.006209301039459746,0.11235937563881472,0.005275368303874911,-0.08826482073335462,0.006258557692853781,-0.0030560009558672995,0.005135089438532262,0.34570235084318857,0.004635112834898271,0.17926456831215995,0.004868593707465933,-0.052682440089727854,0.004472685025144287,-0.12074910370764816,0.004895657930885048,0.09279520890741995,0.0039288759954759,0.012481421693974863,0.005047621431932927,0.05158939318118805,0.0038956247752323404,0.06256104654928242,0.005037923535818695,-0.3930732324608168,0.005101799827070103,0.3582572035099173,0.00473336117705663,0.29315397037170055,0.0050281865786259055,0.2023096821040929,0.004644662084277278,0.14362226634512706,0.0038711524836602474,-0.009847734152995783,0.0034993017556258096,-0.03848753597163489,0.003816070958712897,-0.08400536326862404,0.003530623885182029,0.02673594985351715,0.004052414143231955,0.013448986337866582,0.003980906789176116,-0.03626405521514028,0.004052961904882722,-0.04457323828769353,0.00398380227418618,0.09999099949236323,0.0044440091691065,-0.027551612025442606,0.00409273195408621,0.05082945563160039,0.004431773557286075,-0.05670757558613365,0.00411746097416162
313,True,-496084.54049325467,43875,51442,1,2,19.775687217712402,-0.002553413566637995,0.003549594259255933,-0.030955291557819398,0.004115840377910143,0.09702971098757376,0.0035917683531865416,0.005565288257382921,0.0041711212494979725,0.015462692055988311,0.0035560879378416224,-0.26392328528207365,0.006343213368877557,0.11332190665621854,0.0052709204046458204,-0.10451845771438173,0.006395994165803477,-0.010944178776340541,0.0051267395169628,0.36245285291751317,0.004554185083970263,0.16633410365068818,0.005044771081046349,-0.0560142989394982,0.00437177963689104,-0.10779380960917537,0.005073393245780846,0.09907190829941098,0.0039057940904858985,0.01864697899630136,0.005103095123602611,0.04578132753926287,0.0038688307563252157,0.051170212521330055,0.005095742800221613,-0.40278027161151375,0.005071089212703402,0.35754838335289235,0.004740472572629011,0.28685376034090304,0.004977175964124006,0.19609801627634876,0.00464323483676638,0.1329905816461484,0.003768130824317054,-0.012577913551339163,0.0035025855196370755,-0.045704369325170524,0.003724372169737022,-0.08092955792159061,0.00353174700149884,0.021839325447812287,0.0038697713138459806,0.016413872824689292,0.004126082636430469,-0.03757665470831268,0.003870156436272382,-0.044433456455311444,0.004129046103925609,0.09686411250333535,0.00450661607726618,-0.019114050849812735,0.004053599704251225,0.04653422193460081,0.0044949624793123675,-0.061906340981302384,0.004080705471882022
314,True,-497810.5741152746,44187,51428,3,2,22.58141565322876,0.00026477754042890524,0.0035356912870715906,-0.03280781766181264,0.004095395506979356,0.09336602661460826,0.003577538911866971,0.010372197339052546,0.00415333733710968,0.014794008037822591,0.0035444599548691124,-0.2683037186316604,0.0061444525981481975,0.11030366657186835,0.00522696825434472,-0.09424066299026702,0.0061920244260707125,-0.008305093518278643,0.0050885240745583635,0.354430982710524,0.004589654840212012,0.17581617399091595,0.004935516476590939,-0.05117991464015199,0.004421746735340288,-0.11543675698055618,0.004963396191694769,0.09490800609564054,0.003910657527203127,0.01739175112998388,0.004996276451380979,0.05061512384976821,0.003877053830180048,0.05972212304370247,0.004988831220077016,-0.3984592805038048,0.005018362954298112,0.35601174304043787,0.004732649210520702,0.2905586374413579,0.00492839998179783,0.19941348052809535,0.0046412185393228085,0.1351086546752263,0.003748834798453734,-0.013826048686173719,0.0034545783070377835,-0.04563327329034893,0.0037038171827808814,-0.07992759358696565,0.0034831867537284916,0.030646756372981147,0.004249149055134355,0.008046326413161446,0.004328113326428805,-0.0409628673343295,0.004249848415533557,-0.04113287059253214,0.004330110053006872,0.10295587601875303,0.0044122013465528265,-0.021997352675363912,0.004030389006523955,0.04444055653694834,0.004401357736187307,-0.05878010102642152,0.00405585768581188
315,True,-494876.37232449756,43912,51286,2,4,27.05357265472412,0.004098105914137456,0.003543788209089595,-0.03169765341179685,0.004077811026921832,0.09408754404455759,0.0036084551110788345,0.006239964973401411,0.004134036282398415,0.014653351221570524,0.0035726625104966487,-0.2813093377248577,0.006110272340815838,0.10700173295418919,0.005244207178724395,-0.09604918382590343,0.0061540859556510185,-0.01763238007774673,0.005109030154551647,0.3428787951060165,0.004640156285088849,0.178015901984214,0.004803535792627017,-0.058266286291217585,0.004487818153309551,-0.1122659967285308,0.004822439837916969,0.08832802599395384,0.004017277072715503,0.019278775984987728,0.0049058886710833085,0.050131250573838104,0.003985198225520359,0.056268960559802156,0.004899137830768508,-0.40987881503763035,0.005041050581457323,0.35365039010709,0.004770720740427471,0.28205483692494643,0.0049168000413134785,0.2045246594128662,0.004698069000693863,0.1362334815456079,0.003726887698817716,-0.00824717299065719,0.003448973421317755,-0.04490411389820902,0.0036813327013754038,-0.07415966731605188,0.0034739947623585858,0.02208922089259348,0.0034365194360360257,0.02247526043164123,0.004120220208887885,-0.04152224106012511,0.0034364950142017183,-0.04049046568548451,0.004123713696440198,0.10961545178848134,0.0043640334198187195,-0.022207653959931684,0.004162271822325678,0.05111007755149843,0.004349945603135365,-0.05620206360057985,0.004187456551928363
316,True,-495790.2513054004,43952,51238,0,2,20.439578771591187,0.0016253499591236326,0.003535656012426347,-0.029999025913754113,0.004106090038392818,0.09239938825885087,0.003577517972443731,0.005374114193243176,0.004160007016213089,0.012567406962022274,0.0035448891278852877,-0.27226548997599664,0.006200981357412979,0.10689059453243774,0.00523483191686543,-0.09930757354234607,0.00624530296304012,-0.009871133832499289,0.0051031169529641394,0.35655303778445097,0.004564922196400347,0.17510996110771604,0.00494941629284806,-0.0527444097634607,0.004390606364458782,-0.10917540253008082,0.004971237239531564,0.09282716081421591,0.003905912636867065,0.01310270560637484,0.004925329189614129,0.05049987942936198,0.003873322388895698,0.05268585260982759,0.00491803780806081,-0.40164520761040934,0.004998445666018743,0.3510745145538852,0.004718891508935851,0.27601528329176794,0.004880771307916951,0.1917689968612068,0.004633251470227304,0.14358265294785344,0.0037546942505259293,-0.015131728272514371,0.003506804727853272,-0.04439513813061522,0.0037006296370350436,-0.07097873189504697,0.0035304323678347865,0.0248881874536322,0.0038711098837836302,0.013230249794422146,0.0041787109067811514,-0.03928065278157242,0.0038707610012520583,-0.043699233314603146,0.004181832435654158,0.10271891142285318,0.004403493158965437,-0.018247524747684565,0.0040637537244098115,0.04472164539512568,0.004391381728508585,-0.0474556875529623,0.004084112886855245
317,True,-492524.36639774323,43898,50957,6,4,21.18425464630127,0.005245952892697551,0.0035868643791130703,-0.030280257412633425,0.0041460071615261095,0.09460961156526745,0.0036098482357259797,0.004977926607692781,0.004200980081182878,0.01381536663005764,0.003573910761477732,-0.2884358176857135,0.006263829731694843,0.1108613532718374,0.005429047611958173,-0.08956574303230047,0.006317798779453583,-0.011415220862023782,0.005287288536329793,0.34794156802310194,0.004747688911483449,0.1864598279884849,0.0048869000039296635,-0.05809962009504409,0.0045827712178807285,-0.11329866830877838,0.004908571111523744,0.09013226783859501,0.004008433831616906,0.021200813124422686,0.005037415865561761,0.05055093960516973,0.003975049954491131,0.06129727336860035,0.005029620865168837,-0.4156955903995979,0.005075813492255095,0.3568032876426125,0.004873707337029008,0.28028114502602375,0.0049485989329845935,0.20420782902380114,0.0047879280417075214,0.13756809687652324,0.0037754291240093664,-0.013225464539723158,0.003535454400195852,-0.04632585743120815,0.0037278990294573565,-0.07866407955220552,0.003564192480377725,0.029074982393777395,0.0038257205333793926,0.011263858757932548,0.0041237343334219285,-0.03734803885061406,0.0038251754790339597,-0.04077192612869773,0.004126262555596367,0.10016403379927456,0.00445878001871974,-0.01839532465643388,0.004191688295652693,0.05384092171660682,0.0044450699634498835,-0.05387768119067663,0.00421656260071832
318,True,-491448.9576909932,43780,50842,6,4,22.91702914237976,0.0022946675795077133,0.003575993524262213,-0.02891204240440265,0.0041234015984557585,0.09738918104701724,0.0036315697397692774,0.005316083853048066,0.00417521641259736,0.013916972585694359,0.0035933223129719937,-0.2586696089987269,0.0063340332689671265,0.12279441989729899,0.005196319160295521,-0.09273414110215783,0.00638653973956067,0.0006137359377989879,0.005039052893324709,0.35408554063753156,0.0046070334661153295,0.16945006131810073,0.005018812817698298,-0.055875856300877054,0.004438356893618222,-0.11979727255746501,0.005048088175114968,0.09955553082549636,0.0039004413397572767,0.01967988775258027,0.005003206843064201,0.04673960700395678,0.0038635609801748252,0.05416720496803423,0.00499690658810681,-0.39681624613046096,0.005160716505667778,0.3608245933133879,0.004765161558526373,0.29612266424500777,0.005079151959837076,0.20656281190698256,0.004688653679103112,0.14179192393466827,0.0038878031494624867,-0.013383934373579043,0.0035249655117328997,-0.04453552217943949,0.003837240099482404,-0.07664091664735743,0.0035527333494997982,0.027757725970754425,0.004552203024316577,0.008413833308801202,0.00425842242132605,-0.03456127774169541,0.00455221033944505,-0.041592986181221696,0.0042605270383308845,0.09901557467777428,0.004554930487254251,-0.021274875753994723,0.004060764633893281,0.04949883093506813,0.004543688559091479,-0.06033295809781936,0.004088202905576948
319,True,-493361.29452145775,43929,51017,4,3,19.109904527664185,0.004595073816777894,0.003573313876644743,-0.030681106337534403,0.0041504578797710145,0.10196663076909274,0.003592387434024726,0.0011140602108288273,0.004205842476948599,0.015026593520284551,0.003551660943916885,-0.2785242139502509,0.006121307700273654,0.10277201780338815,0.005302791739735358,-0.10393773006743268,0.0061699052465814435,-0.015083195491058113,0.005173575682252249,0.35315419406671505,0.004643672820285454,0.1816600707748506,0.004945972712364629,-0.04682113786001547,0.004467931897759173,-0.11022094626170142,0.0049663725824245645,0.09342797965331938,0.004021366061875483,0.027011339253621595,0.004944854601360745,0.04834776112832229,0.003986259450968902,0.05735839334936003,0.004939942609734494,-0.4070201674296362,0.0050752609400035115,0.35076241805500574,0.00476869766626488,0.28610859668378935,0.004964677374765634,0.20211353597966264,0.004691637319296168,0.14029978500926435,0.0037914354087408182,-0.011680130377244467,0.003572761007408261,-0.0505339814832969,0.0037420963483318077,-0.07953070988048778,0.00360149353822476,0.02666698444041182,0.004038898864698172,0.014333313350684586,0.004589371755339616,-0.03829674242306377,0.0040389068000458795,-0.03980793819956879,0.00459143245094286,0.10422355751268282,0.0043362110607798625,-0.02118684989597708,0.004144060145818225,0.05395719271570763,0.0043200305284305344,-0.056377113819504616,0.004169767044228132
320,True,-493307.27023813594,43718,51100,3,4,18.899088859558105,-0.00267955557650429,0.003556058527711402,-0.02629461582633644,0.004100086599476045,0.09575113379816275,0.0036038807655730523,0.005649314976175494,0.004147601313148181,0.016508339294459082,0.0035657687912147703,-0.27451851041709685,0.006187761009881735,0.11227018239102192,0.005215775783560076,-0.08821343673594743,0.006236307464943738,-0.00519229637534289,0.005074612289858644,0.3495221844670857,0.004605296019020614,0.1717790790508455,0.004886280347730331,-0.05965214355987864,0.004439319255654697,-0.11359322959515487,0.004910050074529048,0.09312655079541482,0.003900050220320776,0.021975327142115638,0.004992960763311908,0.05358714896544586,0.0038665419649032483,0.05312807895080862,0.004987435545309318,-0.40004183041777136,0.005005918934161108,0.3570149670479252,0.00476833159760658,0.28121131215669914,0.00489518882694665,0.19772458760544007,0.004666134963702938,0.13714647527371474,0.0038655857965552553,-0.02136543520524486,0.003513181070701883,-0.0449162017222146,0.0038185835037294258,-0.07610304058256315,0.0035367587873271354,0.027901846905072282,0.003915586906231198,0.011503363272454005,0.004354812329877542,-0.03962860153525093,0.00391554804062633,-0.04241339746048861,0.004357044522486877,0.09383800518389457,0.004408356230978416,-0.023428089209024415,0.004026620866307285,0.05232366612975875,0.0043976782047118685,-0.054108384054562725,0.004049335231249051
321,True,-492913.1661265306,43828,51103,4,3,22.79302167892456,0.005980314469426061,0.003584241666646475,-0.029850683009727572,0.004162810520465482,0.09349230064823003,0.003611513922295785,0.005373118947163239,0.004217024739728688,0.013118639243325512,0.003579571619266603,-0.2647351493785756,0.006434659475774563,0.12038898060461262,0.005261507432746195,-0.09341783835050067,0.006484150902952733,-0.01029052154708183,0.0051075194288255354,0.35779189333226147,0.004609797158160933,0.16422055475379393,0.005021542197133463,-0.05962782242036645,0.004446206969368026,-0.12211493552495263,0.00505540910034741,0.09766309336030181,0.003919602902328429,0.013825677587202653,0.004979405569304403,0.04327248053298002,0.003883777321229613,0.053464216331992775,0.004971990473643632,-0.40829049462495925,0.005096689558713714,0.36762862025775095,0.004815584022580349,0.28463162539486614,0.004984607741821815,0.2002001134769444,0.004719513912869041,0.14493680678029602,0.0038071343307772058,-0.007488670277803527,0.003537798907788032,-0.040365441244659954,0.003750781653610033,-0.07776402438953992,0.0035649606234287815,0.024889944395034554,0.0033379770531667087,0.015613797229524511,0.004702110861203856,-0.043151159164266595,0.0033370396296635366,-0.03190103019286239,0.004705083925635772,0.09623161141144268,0.004511868752200378,-0.017702614533919876,0.004093527453512459,0.0474817892172206,0.004500182978767704,-0.056021065061209636,0.004118374518517997
322,True,-492441.7384075165,43737,51082,4,7,19.81959319114685,0.0002473752625229016,0.003561529870287475,-0.03576424320756991,0.004175221019889471,0.09370957261882726,0.0035367994070055896,0.008598575428396885,0.004239451501457777,0.011500205810052993,0.0035029097969673326,-0.2755569478605468,0.006256846413197997,0.11382767360894416,0.005335393506167469,-0.08108102352114568,0.006316450506884613,0.004369333462406201,0.0051917631169807995,0.3501299173848619,0.004631299726803148,0.1736803924609444,0.004922954314220375,-0.052481958328598026,0.0044585199888880584,-0.11960309500239712,0.0049563611992919435,0.10029088270128596,0.003921906048998929,0.02034814298703357,0.005064602416811923,0.05036197179900346,0.0038827353952358575,0.058602597098545595,0.005055695776538491,-0.40150484817941773,0.005066965384713739,0.35451746064683887,0.004783781904120925,0.29378556260718924,0.004992335707277339,0.20257309106872198,0.004685009362647916,0.13744455903528363,0.003874146786330966,-0.014756977480591564,0.003554421778209986,-0.04001207590224909,0.003824356440390703,-0.08372436578023337,0.0035841544664048297,0.029038664727121997,0.0037830308962758475,0.011283633249118002,0.004203115930839129,-0.03796067220677639,0.0037833981925328446,-0.03849710107792706,0.004204886145438628,0.09558004687469134,0.00440967254394739,-0.024784916979940785,0.004082544366519571,0.055450621428134485,0.004398674774819392,-0.056408368115480605,0.004108161616524729
323,True,-494251.31696439744,43873,51141,3,5,23.37806725502014,-0.0006810224497032782,0.0035563443427844006,-0.03919177744615148,0.004143086060586652,0.1000600182812978,0.0035374803632704033,0.009203883914681285,0.004212551752213892,0.014191493269708094,0.0034947309493499885,-0.2639438653441629,0.0063458345866758996,0.1146531265299358,0.005229135289929633,-0.0956374690947561,0.006398334213948335,-0.006576907986536866,0.005084021582735389,0.3532799593790676,0.004637973774543299,0.17262934584197343,0.004973100528332189,-0.05209161863915261,0.004471780156798279,-0.1194486997723156,0.005001803334800344,0.09816045717497986,0.00386422426263703,0.01626150567769262,0.005169274880857253,0.04997791358842578,0.0038276036912208355,0.04842195720534885,0.00516309591230058,-0.4033326270782471,0.005075973921321703,0.35455062054671993,0.0047402093658755725,0.2861457005102818,0.004963981021708405,0.20314057096841645,0.0046752786913540866,0.14223775923322457,0.003793719005758368,-0.01479705046476229,0.0035674318086654005,-0.04442476980275079,0.00374235016937497,-0.07743429472121645,0.0035949858115055366,0.028668595395806157,0.0033527871568914827,0.012592447350666695,0.004506585764516601,-0.04160449632832431,0.0033523719963858708,-0.03399078009560722,0.004508627918479299,0.10792418952719343,0.0046060738070705706,-0.020467285729321653,0.004063284283159339,0.04404103211654509,0.004592814849536146,-0.06465093364438049,0.004093455499993053
324,True,-492963.5159448049,43705,51119,6,6,20.102362632751465,0.0003369575130044682,0.00354611456147964,-0.026667980508997855,0.004086064236100995,0.09481187239157027,0.0036417544049273526,0.01108604789796444,0.004132915024798433,0.011151373752890383,0.003607250618666088,-0.26607295749711957,0.006429763644383477,0.11669923626544847,0.0052507362361875,-0.08502494626323331,0.006477240369070274,-0.0020066215755403043,0.005105528506501327,0.3518351977017015,0.004580904935988903,0.16709754446147765,0.0049709078921378195,-0.06078695362527152,0.0044228821049689055,-0.12331519118307725,0.005001871898338438,0.10050567440508326,0.003839238323298794,0.012774073278953904,0.005095366997676378,0.054576921103635885,0.0038024429404483204,0.0483959227532182,0.005088006468179832,-0.40044736454420543,0.005095424389304214,0.3594471552895882,0.00477397436888841,0.28358617701215655,0.004982784603632309,0.19896637911768023,0.0046803641628972645,0.14478754841713745,0.0037739229419848554,-0.01174851302077943,0.003562528432811876,-0.04774989670008451,0.003721480906298696,-0.07163219355010929,0.003584915798115131,0.02320862179536364,0.003513356954595778,0.021215172679005585,0.004133688572489243,-0.03954671569119296,0.0035129923777478447,-0.039278946249420625,0.004136862119938153,0.09562298016143893,0.004537699863543887,-0.027981826461072647,0.0040402383853296656,0.05600151322006366,0.0045276357430312775,-0.05746655368101806,0.004064403656867464
325,True,-493196.5522965448,43650,51287,5,3,16.92518401145935,-0.0018140657821189212,0.0035594675510209365,-0.030810220978558067,0.004088975897575188,0.09303487847824952,0.00362846829003994,0.006425069121058818,0.004144090028137791,0.012448999432844743,0.0035930168617034773,-0.2644589473067311,0.0063632629498970965,0.11800614706485169,0.005296636072283985,-0.09747239065675786,0.006409371033575979,-0.009108977598383085,0.005147841567389326,0.357656873073889,0.004594931883956149,0.17542085575303748,0.005012105064697895,-0.05541680660343491,0.004426886416579597,-0.11553860515340239,0.005039005336869387,0.09246210648967347,0.003855019154499817,0.01156620239370567,0.00511829307124571,0.05498314539336963,0.003823888447480913,0.0442696550395689,0.005111498655781493,-0.40419915424023634,0.005135839624389455,0.36017923546959074,0.0047541873006353,0.28405857799550116,0.005026600230495594,0.19911410191529816,0.004665410418569914,0.14430436219144566,0.0037792850044728377,-0.013801794928790228,0.003511483263907804,-0.04057540425951336,0.0037260420662620177,-0.07915981798163843,0.0035391222503299083,0.02925347501988851,0.00454392016933618,0.013148822599788952,0.004193086637266911,-0.035893275795476916,0.0045443846273953365,-0.04537784311753982,0.004195279183194485,0.10791654978633856,0.004541942518113371,-0.020625867611086837,0.004038630961123455,0.04354158227491458,0.0045328653921089266,-0.05415707322697109,0.0040624965601165665
326,True,-492930.01454099873,43641,51144,4,3,22.68331551551819,-0.0006137183931290359,0.003559514620005005,-0.0329932726982496,0.00412339508513364,0.09575507717551171,0.0035759255140812673,0.006223268147441045,0.004182593934679352,0.015597133142615597,0.0035391763789147123,-0.27936113270442586,0.006177843152707821,0.1129227197944907,0.0052348532206596245,-0.0837776200956033,0.006223329193559855,-0.0065046531083352436,0.0050923551733818555,0.34810848145062223,0.004599911138784652,0.17497371308757492,0.004861214571656029,-0.05105538930552788,0.004437240040474622,-0.11858848923197043,0.0048875726519799784,0.09221052687535702,0.004039554837407396,0.028500599940955537,0.004870010623423317,0.04127720907771603,0.004005033802418803,0.06404732487855416,0.0048637404657606905,-0.40329326047487574,0.005097210265525171,0.35538999468116506,0.004771817585824244,0.2864467754619483,0.004999280436952982,0.20336356976398945,0.0046882213509172755,0.1316821056079527,0.0037844301524912966,-0.011484744957617827,0.003469234115110009,-0.04637499320239741,0.0037418530244414153,-0.07610494872132567,0.0034949584014516703,0.022008836476433667,0.0035670367896669503,0.017361469958478273,0.0042123044522570235,-0.042793835319399245,0.003567300772102717,-0.04242706429695581,0.004215489663641424,0.10850723836088144,0.004323797082716671,-0.018482241281205528,0.004153240835332304,0.05427436717089203,0.004309925323862892,-0.054029048424308,0.0041775448844677135
327,True,-493670.49777638447,43438,51664,2,1,23.18738579750061,-0.001507541111172833,0.003592884621853492,-0.03313945456747458,0.004172058120709018,0.0964110919931373,0.003603286753236299,0.004506757958916062,0.004232061561486283,0.011196583236341153,0.0035645630636726502,-0.2654667452900484,0.00631963857516908,0.12340553282497645,0.005227090224634774,-0.09334877855311915,0.006366321954295223,-0.009738217739560509,0.005066564257287687,0.3594985535579748,0.004625099310780391,0.168449382226439,0.0050305401459747635,-0.059946959411696574,0.004450183939026447,-0.11363258075966222,0.005058072898432887,0.10105184168701851,0.003921145281180818,0.015392576844557646,0.005181664956187619,0.04756682125517343,0.0038839593157980294,0.05292104538439827,0.005173490519320068,-0.4086552919961231,0.005157306068262668,0.3603472118305894,0.004809009924223422,0.2944494922353751,0.0050628030453321385,0.20293234073808647,0.004731421501935639,0.15088169560775305,0.003827446590324588,-0.006709285210367236,0.003588054312510759,-0.047042342219681704,0.0037684688769239675,-0.08633144996721795,0.0036224605123763966,0.021604115101334094,0.0034279222710965032,0.01633302699086239,0.004358808316502954,-0.04245803925053792,0.003427241050449665,-0.03773713511883674,0.004362454494554215,0.10646564303566843,0.004525525115573875,-0.022786382811046148,0.004031918019633545,0.04699208138512223,0.004515369603125808,-0.06270948783892284,0.00405955194849582
328,True,-495437.6548210264,44119,51100,4,1,12.953662157058716,0.0023933266572306435,0.0035576212207834627,-0.0366083443649212,0.00415315963439335,0.09585605458692062,0.0035296432187776855,0.011332062836672825,0.004218888644962995,0.011579376505180223,0.0034920843364660676,-0.26307164438384373,0.006210603940457267,0.11682313545961824,0.005114928673362113,-0.08433118336157877,0.0062588663017681045,-0.0024094677355981867,0.004967585445261877,0.35136165118177803,0.004573497748374878,0.17221033472967362,0.0049267201349648725,-0.05382897020441396,0.004409666416986224,-0.11695618563148352,0.004948156937524481,0.10084455634571768,0.003879224091727124,0.019009390068610785,0.00496474899761578,0.04659740371073926,0.003841162000727736,0.05619411188549946,0.004958470569676785,-0.4010525013811812,0.0050711506042633355,0.3577003260389627,0.004742264185368931,0.28474525625954517,0.004959584170835307,0.20687026811604528,0.0046683219350668525,0.14358441492615404,0.0037529383911339195,-0.012944477914873881,0.0035059388094369243,-0.046165467712778296,0.003699785432529045,-0.07211003402186299,0.0035294468699718436,0.032385996598465125,0.004251095623283953,0.010057477124403025,0.004166920404912484,-0.036935622435190184,0.004253023808443528,-0.048398404192703644,0.004168806288157841,0.1018551629073057,0.004442737291129416,-0.018538831509212754,0.004102124143463953,0.05628250707359941,0.004428224765038487,-0.05216824306454562,0.004126044894382599
329,True,-493869.44227980194,43481,51560,3,7,22.853771209716797,0.004455701638288568,0.0035679271666811886,-0.03446101010509583,0.0041623143891931095,0.09598749046035887,0.003580465575472563,-0.0027044944550484776,0.004225061191967324,0.01384950211138265,0.003544841901628213,-0.27691361941730397,0.006120914021196353,0.10798813132190212,0.00531031594672261,-0.0958718187741044,0.006169041210061255,-0.013765249771957616,0.005173061006541046,0.35213475195559935,0.004625921134509678,0.17404711993063954,0.004940874035534944,-0.0578383442724026,0.0044566972429766075,-0.1196567680865157,0.00497007093851181,0.09522379991382895,0.003988322507183596,0.015159040712066847,0.005028775558312132,0.05208027169364718,0.003952751913207363,0.06314904411204515,0.005020040680347695,-0.41069012166488666,0.005103173677719228,0.3564979598224579,0.0048240449882245885,0.2865178465158998,0.004992051531620993,0.19908937215327435,0.004736970424842506,0.1411531708147424,0.003789676494416036,-0.01171596069351121,0.0035150427462564133,-0.04555840689712791,0.0037373018613722597,-0.07788136027921037,0.0035427691253011252,0.0254135440913525,0.0038277812855906975,0.011004872708627027,0.004102169019379486,-0.03974807860657837,0.003827332765034854,-0.040951559366545306,0.004104979920142661,0.09615361132407736,0.0043872185251811755,-0.015648304912443782,0.004174078065932672,0.059182251979248764,0.004373286092969662,-0.054397020393350023,0.004198390890175282
330,True,-494053.4381696802,43570,51448,6,2,26.818817615509033,-0.0006301933356160003,0.003554813451698789,-0.03382404649987779,0.0041238874606502685,0.0940597614597698,0.003575723050215481,0.008024514922832553,0.0041839746728666,0.01766987193998544,0.0035414839520489716,-0.27233356820643223,0.006204876115933612,0.11006785495919114,0.005231282728243712,-0.08991847214375144,0.006253972861278616,-0.015680238432555203,0.005090363523897279,0.3506680797397178,0.004634583189651753,0.1747476129520879,0.0049374568159907374,-0.057363694515496104,0.00447233626714678,-0.11702660835952665,0.004964832029710968,0.0939677328218717,0.004095653287569833,0.030985575896452577,0.004908889287791162,0.0469653776641297,0.004060144695347057,0.06697868953043226,0.004902953201339358,-0.39969097407006093,0.005061473180327479,0.3572216731670573,0.004762816751318932,0.28727832492009175,0.004967209644140799,0.1987800512131445,0.004672381109463509,0.13621202835888113,0.0038449092761713845,-0.016380584365281253,0.00351045919406147,-0.042246514692427344,0.003796722155944716,-0.07488968146625954,0.0035364494149685813,0.02540206010060479,0.0038698400394600843,0.018867588896834396,0.00430621392933364,-0.04119280295494954,0.0038707293588078687,-0.044489913069955596,0.004308750227350463,0.10996746383585544,0.004390263333841853,-0.018127035691644085,0.004156892737668199,0.049918396549008696,0.004374137997784344,-0.059152551796145314,0.0041840836072622005
331,True,-497715.4268586775,44140,51378,4,4,24.374674320220947,0.0005269887576903809,0.003549419195076554,-0.030750757366986348,0.004098428786404819,0.09380494599071386,0.003569841652883877,0.00976558741297145,0.004153124124636604,0.01347810023701719,0.003533345454338363,-0.26978451865245395,0.0061531592891247025,0.11077442454700132,0.0052531809832003454,-0.09129298322026828,0.006201493006157718,-0.0011216505742074998,0.005115549958337074,0.3471578974367828,0.00460177434767703,0.17754130615782182,0.004893223774532739,-0.05397314905347208,0.004441007457738891,-0.12376950573552015,0.004921013683680711,0.09939798159392839,0.003888962175233938,0.016401596557879403,0.005042282444486024,0.04326707868359463,0.003850512909459984,0.04841072596969084,0.005036122007369545,-0.40018729082864324,0.0050955305356661,0.3505339370540205,0.004700601987622688,0.2871397337978424,0.004995856914707457,0.21102624898756184,0.004643614456748526,0.1479566524191642,0.0037230594511044692,-0.013155989318212376,0.003521619916337439,-0.04624332929348918,0.00366669545189076,-0.07772122422081172,0.003547762006175853,0.02139640703837841,0.003308897645741024,0.023698372755089576,0.004209572828431275,-0.042845803321085174,0.003308904646386087,-0.039219734623068346,0.004213376397279554,0.10356147962849176,0.004404756720577542,-0.02074973479518929,0.0041046399173480085,0.05869711489688942,0.004392007515318996,-0.05796845901007285,0.00413127399077389
332,True,-497844.89421624935,44384,51210,4,3,22.554110288619995,0.006577796741715623,0.003551620148635296,-0.03130249404999934,0.00412876612758913,0.09637465799947673,0.0035620917357235523,0.0027578614655386904,0.0041851257489754455,0.013889248887306718,0.0035254052621266777,-0.2666406518967241,0.006303384116693994,0.11326884784464365,0.00525429423739145,-0.10301285668925131,0.006349570735135487,-0.008703480448460043,0.005110909477339457,0.3524692670288463,0.004584998706778601,0.17159179887995007,0.004965401349443805,-0.059139280588303936,0.0044216249701560205,-0.11295292670741051,0.004993523623079363,0.0933780623215688,0.003970640467794835,0.018600293951909073,0.0050026971251543075,0.04254227481416001,0.0039356356197250315,0.06179764972851396,0.0049938835930316994,-0.40691892231986154,0.005046568371082943,0.3592286599466807,0.004767020594649721,0.27898635648569475,0.0049313540260870975,0.2014860794027523,0.004680486484783106,0.14398504881765714,0.0037973943777663125,-0.012582103585896807,0.0034966701605378516,-0.04546556196986899,0.003744941583688143,-0.0826112930993912,0.003526019494017581,0.02784936052473527,0.004170880024122566,0.012132938975663454,0.00393463697570215,-0.03519040628885356,0.0041718826466096105,-0.04424722041919675,0.003936961453088344,0.10610664778360018,0.004536065163134946,-0.020088813250368622,0.00409279494908577,0.05250520385837594,0.004525005718942475,-0.05899279172743119,0.004118921062166407
333,True,-496049.2138484507,43983,51450,6,2,17.231162786483765,0.0019268244361793539,0.003550675934556237,-0.03144537808698985,0.0041063482714750995,0.09442576232715093,0.003577072692792669,0.004588705144166731,0.004162783437149589,0.013173693014410025,0.0035406750341237035,-0.2634040051450467,0.006326650920497876,0.12048506136095116,0.005215005160699671,-0.08435369060234219,0.006376257451990054,-0.00786636104522945,0.005061526307692115,0.3572781421783822,0.004542971385489024,0.16213453366147196,0.005008636037232458,-0.05985628675749609,0.004378728873961522,-0.1224102473880202,0.005043721610053171,0.1013377278986612,0.00384131902785975,0.018425644540914565,0.005038007623206642,0.04737236681670123,0.0038048949534310477,0.04735760822621537,0.005032653138515086,-0.3932393334182522,0.005117653420880423,0.36551937283234287,0.004758487003826052,0.29012602211168104,0.005042267936120655,0.20168250097944773,0.004662677513345438,0.1384904229786371,0.0038362462109394757,-0.014755056667803234,0.0035551613056318937,-0.04782861185674948,0.0037909386449599264,-0.07623967252455309,0.0035814639412479797,0.026421736618954115,0.0035469285244676975,0.009184537786993751,0.0046414383942951325,-0.040940328520556804,0.003546456495934477,-0.032239956909066315,0.0046432119761489156,0.10055058690870934,0.004513384478678311,-0.024821730807202944,0.004015774562242382,0.0526538747388379,0.004503090056240374,-0.058411317404589935,0.004041280757593492
334,True,-492558.58726357715,43887,50895,3,3,19.999993085861206,0.006139289090273042,0.003553718237982719,-0.031283502197609496,0.004072061700235215,0.09107002435349454,0.0036075357558837976,0.0043074311573501715,0.004128116002886927,0.01702568062764477,0.0035710109587982065,-0.2671239590473133,0.006250287784497396,0.10989257951539771,0.005215792783805028,-0.08936315900971749,0.00629792170453403,-0.010578641732788097,0.005076909890361876,0.3454496059528043,0.004611414237280608,0.17561557257381896,0.0048643720298677156,-0.04723970927917519,0.004453525564970557,-0.11855697757899956,0.004890142892729603,0.09582522219595081,0.0039462712055828,0.021483801271539715,0.004984094089086433,0.05275811698913912,0.003911403629826001,0.05890360737081458,0.0049774322875715555,-0.4062841986813536,0.005061264564350712,0.35593624078935654,0.004759925811724212,0.2861816895936544,0.004946127472321436,0.20040436630395225,0.004673514650044518,0.13762328125876838,0.0037440579227919634,-0.008918376986121527,0.0034921201931795137,-0.041576544848995596,0.003693514359692089,-0.07411288651970233,0.0035177978112365185,0.028042962000596847,0.003758472125994595,0.02013637939488336,0.0040567078677314445,-0.03704171619987723,0.0037587632571616297,-0.04041665516091209,0.004058921820504218,0.09913800454654474,0.004408906314638561,-0.016432767962637276,0.004107052943687879,0.052290546403392944,0.004396859865177417,-0.057321416163365585,0.004132873318179066
335,True,-489203.546946715,43470,50787,4,0,17.481024265289307,0.0001756998196744082,0.0035704879764227888,-0.02915387174358261,0.004125577516659283,0.09380534030527198,0.003616343582730134,0.010751195994559959,0.004177445175614765,0.015116238482342068,0.0035801914814247715,-0.2615118749796721,0.006399125857867038,0.11850134009197137,0.005277855780394224,-0.08875018796169455,0.006451410997878421,-0.005344313998101853,0.005125475512756545,0.35365178342968046,0.004547829249034485,0.1635521188021482,0.005017143155133686,-0.06131359704729733,0.004382580838578864,-0.12111022211020096,0.0050546432056641786,0.10539349865145604,0.0038827791604870952,0.01605222590213629,0.005219461854195666,0.05116876207156348,0.003841382539977245,0.05037902653396711,0.005212054664314502,-0.3944137287205705,0.005145609608485598,0.364089744716289,0.004774718937241511,0.2899947837129743,0.005078084954355995,0.19863394262945727,0.004674371687883548,0.13919924871510533,0.0038232264153285184,-0.014348642908240748,0.0035329996917580885,-0.04738705764535404,0.0037757172894136767,-0.08033244944820876,0.0035627454906592914,0.02532215517567626,0.003228058541761938,0.018944560524309043,0.004415625634002486,-0.043727499138154685,0.0032287505051531175,-0.03533078872346023,0.004418002268356668,0.09896499350152758,0.004531364556126049,-0.023723817593803483,0.00408475692037455,0.05290482416918488,0.004519872154510926,-0.0553648001570171,0.004109974744729699
336,True,-493860.61235254793,43804,51261,6,3,23.252000093460083,0.0011453670484264443,0.0035466445101657628,-0.032309750470090666,0.004068898152978017,0.09109610703142056,0.003605963350658527,0.007051996415069495,0.004126325811924252,0.011801055540903133,0.0035702562053873633,-0.2685878086445919,0.006362019091067761,0.12022002569310637,0.005227705699527627,-0.0942731602758395,0.006408799398422812,-0.007134360373510111,0.005074328888680838,0.35038813285295617,0.004614342599525159,0.17569554860528303,0.004935587645361359,-0.05614971619331866,0.004449938177062368,-0.11261792154110058,0.004958189105231235,0.09729072111499455,0.0039438204861075125,0.02152863670361964,0.005080922347897304,0.052872080937215155,0.003908129584587909,0.05917418195015085,0.005073501778212608,-0.399552391670262,0.0050896854617866645,0.35441022931068455,0.00474516286992163,0.28273768880293926,0.0049961026866821865,0.19584255541264992,0.004662078659996087,0.13828891426816392,0.0037691721038613265,-0.016664008632611665,0.003552929196827524,-0.0484667113860478,0.0037213745440214992,-0.0794293013326253,0.003580568180834036,0.0267816360872098,0.003562153987854911,0.011990506713461612,0.004502710803316592,-0.03917249640957326,0.0035619162961721207,-0.032687335728178314,0.004504413333653801,0.10116022120434831,0.004418824722987379,-0.02346228486483132,0.004056998298272678,0.046115256075744404,0.004407758880946112,-0.04805100260017075,0.004077690994944355
337,True,-494604.96001288854,43651,51405,2,4,19.244967699050903,-0.0009135656396365956,0.0035691023550962772,-0.030918095786534323,0.004158364458758755,0.09797688776129243,0.0035852193364780943,0.007186966406638753,0.004214192346678591,0.011036038215624567,0.0035486968930740575,-0.2579704859934266,0.0065372462940838805,0.12421777852819274,0.005212756977583797,-0.09146271900576056,0.006592507083651852,-0.007342540085873344,0.005054320289756072,0.35183874522321834,0.004644941495111454,0.1728512567938085,0.0049836860608699594,-0.05500528699131744,0.00448457554690312,-0.11675121765105972,0.005010526630889317,0.08910596295148712,0.0038969339282656328,0.015588504042396147,0.005040556385493763,0.04464426140890961,0.0038646572042501737,0.05405034782626598,0.005033249842968215,-0.4080230684476336,0.0050903121921878096,0.36254497711423245,0.004781281101390101,0.28218564334392066,0.004959376497507395,0.19447160375236391,0.004684936798173266,0.14115804474132837,0.0038065953489030647,-0.009684004312732551,0.003545603324977698,-0.04484390749503912,0.003756779058850315,-0.07025843601295813,0.003566794660456186,0.0319369482548952,0.0034204967354519488,0.010212978223557566,0.0045343759475363855,-0.04440370126516563,0.003419984311788849,-0.03270052720728263,0.0045357028824833225,0.10143591061223423,0.004643490697588864,-0.018318252600483812,0.004019553741496993,0.038273578832976274,0.0046348180660043216,-0.06337479957968173,0.004047639785733925
338,True,-497448.874591904,43844,51838,4,7,24.08982491493225,0.0018403999655294042,0.0035792666649590984,-0.03378757201575758,0.004135827298614495,0.10002334696627867,0.0036009075866474086,0.0034276200602087435,0.004196622913966728,0.01611735455174809,0.0035624121603323113,-0.26067837824325024,0.00642487632637778,0.12425014130139977,0.005305964486266661,-0.09617027894885119,0.00647630829388865,-0.006582530519767024,0.005146075716782301,0.3523327611163177,0.004593240756860705,0.1685624336941333,0.004991582395169768,-0.058392702529065275,0.004432235144242667,-0.1230444130914156,0.0050263104715111175,0.10032681182681115,0.003859758382124737,0.012437922257233116,0.005217746466622314,0.056986402888213744,0.003823349017436422,0.04633196979222511,0.0052105889331401,-0.40415387341192627,0.005164120107093662,0.3630997833901094,0.004793985401579893,0.2961494799312113,0.005079226483542398,0.20006587628183303,0.004712002112844798,0.14491405242228214,0.003878813298827924,-0.020930933886159714,0.003562479489345485,-0.04218520630885055,0.0038244785317344495,-0.07873887661174983,0.0035900962357906427,0.026750846678367062,0.0032197324216425766,0.014608392356131141,0.004565094692403884,-0.04789443482077689,0.003220853187576972,-0.03717414143175334,0.004567475328494743,0.09727676771727432,0.0045794147442574425,-0.02434637561733525,0.004051723350541229,0.04675295498941024,0.004571113184877115,-0.05918983750446535,0.004078402664929647
339,True,-495823.4954630013,43866,51349,4,2,24.09118103981018,0.00505958688757397,0.0035533726155723994,-0.03349939137454549,0.004123274708201597,0.08854778347197326,0.003526847657205094,0.005327723733952524,0.004183858808585788,0.0176358473783057,0.0034948837119599873,-0.2706304130362522,0.006181985778403821,0.11213091041858222,0.005200465742470269,-0.09365094853947709,0.006234334068072228,-0.01198663424068578,0.005056025421387164,0.3544029567567693,0.004516832203239101,0.16259963235932826,0.004929793246795305,-0.05504625822945302,0.004344248622391032,-0.11289729786499006,0.004960456821737779,0.09690250901077153,0.0039049029350771897,0.02307615553146082,0.004980971316042136,0.05316349791268156,0.003869388512206414,0.052535047009937864,0.004975137442848534,-0.39733810607366865,0.004995128530218637,0.3537933486289952,0.004719422653918318,0.29082465143692404,0.004914834958555889,0.1943436812582451,0.004625742120487754,0.14261002182429464,0.003746091956558111,-0.01545284189403489,0.003493984022104447,-0.045280819720064966,0.003691982752770332,-0.0765439894398627,0.0035208038424255354,0.02670523483168886,0.003755027378232868,0.012204299605862605,0.003937205758148473,-0.038555508093622355,0.0037560977267480067,-0.048261672515536716,0.0039400962080311,0.10000145964487821,0.004317898798698274,-0.025714374106728402,0.004036848399669201,0.0531407388236706,0.004304712651000806,-0.05200821593585635,0.004059552170596844
340,True,-495550.3806083249,44007,51352,3,7,21.969382524490356,0.003763580319356131,0.0035720195433145458,-0.03425161096011645,0.004149884027117374,0.09662610472782267,0.0035654915354807392,0.0019603536723859895,0.0042121102440390995,0.016876284699268895,0.003525501373035757,-0.26903532319435003,0.00626338948937341,0.11367703978656735,0.005203402344523875,-0.09319451595993292,0.006308457869224801,-0.007160142449578552,0.005059815058889441,0.35784150287441824,0.004595820009593521,0.1733126355356718,0.004999973782472832,-0.05158363323300827,0.004427904141237663,-0.1266500773421083,0.005031136078209803,0.09863453364180723,0.003968821481953026,0.018654454777683,0.005024622631613541,0.041532409216829456,0.003931230740094618,0.05743846512233216,0.005017383747513116,-0.4031751134985424,0.005124685800620377,0.3591823552559947,0.004782732923302532,0.2840401618052867,0.005011830481466212,0.20460274790816926,0.0047014875115291635,0.14262480053805962,0.003766281308316151,-0.010508355453939008,0.0035309434931543315,-0.046799345926151086,0.0037155852015598972,-0.07564629299302647,0.0035576094980389102,0.02555889251886433,0.0035041065751664096,0.02008167098659901,0.004108592845689422,-0.043035659918607104,0.0035045795997718167,-0.04406732386540595,0.004111624034722641,0.1095494542623467,0.004470931782022564,-0.023041194050224444,0.004086478415917462,0.05130414019288449,0.004456051065591378,-0.05296912354736183,0.004110011598656474
341,True,-499056.30984661635,44170,51683,4,3,21.04102611541748,-0.0010612910908701235,0.003546865024360199,-0.019332615698563375,0.004063451843575699,0.09287319248094823,0.0036453090113439503,0.009451465228114275,0.004097691481172488,0.018591722005593978,0.0036090333854178445,-0.27258160833273865,0.006189678679042184,0.10335745116856841,0.005325053327773617,-0.11219706431557416,0.006238226188789245,-0.02117612685536846,0.005195012113589706,0.3591853537217589,0.004566137232011867,0.16965907343750702,0.00500613300012138,-0.05681487535472149,0.004395811252812802,-0.11023269732962848,0.0050324645626176785,0.09457335810842313,0.004060345626316035,0.021915108295547107,0.0048610570093850815,0.04427154023781272,0.004025078810928555,0.06410788716816292,0.004853897493444079,-0.4066488437716202,0.005114141091640604,0.3611295166968699,0.004783339009882488,0.27687504138732105,0.0049976236892003345,0.19071647022278512,0.004685160225271089,0.14019526409319766,0.003802508428284163,-0.011980315600546843,0.0035287837452336666,-0.04812672914091002,0.0037504032322015703,-0.0775329508794598,0.0035559887359792983,0.03308408415701093,0.003966734489225412,0.011554648268078208,0.004153216201452651,-0.03688264862039215,0.003967531022275887,-0.035805840283949016,0.0041548220514601554,0.10723387434465068,0.004352073372544755,-0.014184874370915411,0.004161657057305131,0.05187076101949114,0.004335966500594764,-0.056746037999922255,0.00418631327310681
342,True,-493103.1597604903,44067,50971,8,1,19.7947199344635,0.0005726617444787557,0.0035540168708951742,-0.03766629052553961,0.004165419732827355,0.10083549995622139,0.003571733373838734,0.012204774781649734,0.0042321738389144055,0.013805375291566096,0.003533607096701218,-0.27723443205869935,0.006230012050732308,0.11558112678588031,0.005326051557805542,-0.08140310293888264,0.00627862395350592,-0.006367680975338745,0.00518092110927782,0.3570654609744309,0.0045757739998873925,0.16551423195192497,0.004979620228790857,-0.04798643444747831,0.004401702371056581,-0.1196944590557763,0.0050172094221178605,0.09459801853343894,0.0038402266263234913,0.01105695370372116,0.005048319520003936,0.04994945494571502,0.0038068250026485192,0.05929181715144316,0.00503814803378836,-0.397780448729563,0.005124184772199634,0.36240211742514583,0.004762466940295111,0.2867707613936675,0.005038384525928504,0.20003616503109667,0.004665543330751969,0.1461328266597134,0.003768625232488027,-0.014347965879484401,0.003550212012048822,-0.046901376030476304,0.003713107755374703,-0.07358063977960763,0.0035739607659678375,0.039102343910889216,0.005651727812205218,0.017324680314792538,0.0036865898177076794,-0.030932862580412016,0.005654612614194697,-0.05114671764174886,0.0036893378406837513,0.09301521227293806,0.004431095426319049,-0.02753438295224402,0.004024193260047238,0.046359095668488316,0.004422078297561519,-0.05399481354730168,0.004046279341999393
343,True,-496036.37477803975,43739,51666,3,3,20.651713132858276,-0.0032085987653869535,0.0035412096070223625,-0.032988594182103495,0.004085622272126005,0.08965078498770077,0.0035685476971737784,0.008739267593708834,0.0041441103260403496,0.011492498985414155,0.003534851621703025,-0.27590367412216116,0.006157071612390306,0.10879095042325722,0.005208823065352865,-0.09464816350717832,0.006199743612769679,-0.004645509346307656,0.00507338629828,0.34803400438913307,0.004599789290213777,0.1715639730069996,0.004858330714527458,-0.06264256585697699,0.00444564772104567,-0.1232263844333229,0.004885483522326033,0.09666556800256668,0.0039334365039613555,0.022043520853728137,0.004960424155253773,0.0509533819568924,0.0038986256748334007,0.050810109678398725,0.004955179117605227,-0.4006680357896117,0.005083521987133101,0.3510572968058922,0.0047202167962953605,0.28842147208454016,0.004990310554361147,0.21010131315996097,0.004653596509884387,0.14218404212159286,0.003817681189924482,-0.011338389829660506,0.0035316809608200977,-0.04256327819782089,0.0037650722896680365,-0.07823958594364423,0.003559830348454895,0.027086307538269478,0.003676065836091388,0.010888716004838763,0.004404286044938845,-0.038157978336081526,0.0036755777261947504,-0.03705400805442332,0.0044065689401011025,0.10387490268497127,0.004379120905696152,-0.024223704144075136,0.004079199123876493,0.055263641505613664,0.004366544112766701,-0.05184034432673451,0.0041018207657515645
344,True,-495461.46616437496,44023,51262,3,4,20.194761276245117,0.007945674444094188,0.003569456802803932,-0.028398012058119843,0.004129655754437696,0.09856318709004887,0.0036025236024660855,-0.000960880972069978,0.004181096826874351,0.014950102151985662,0.0035655307218175262,-0.26994618540276855,0.006259316662690897,0.11574340632103687,0.005274027528711609,-0.08918367877431954,0.0063125759127142635,-0.006617923630418769,0.005127245419695679,0.35820000437545924,0.004655847250515258,0.17116782829184427,0.005007730151499746,-0.05089316134077337,0.004480386959647552,-0.12678932297857198,0.0050415781625983555,0.10408987038588914,0.0038276951403755756,0.010904756590355825,0.0052069702124146735,0.0550801545452462,0.003788919320281807,0.04633272173058326,0.005199266972442213,-0.3985561484043734,0.005124088704652827,0.3553221038366638,0.00477537101621482,0.29514870852404246,0.005040323192559072,0.20432734853162873,0.004696668693995836,0.14783098377472229,0.003801033157136133,-0.016381804508804998,0.0035712982065972338,-0.04256208665067009,0.0037427821859984927,-0.07855631663118776,0.0035992262150150783,0.023331090208543386,0.003710990964508049,0.02045647050915281,0.004035798760418681,-0.03785710222482627,0.003711936142319482,-0.043207377313735314,0.004038389851823628,0.09654794510896174,0.0044627324534877565,-0.022819533086658347,0.004062188452556992,0.05238045196284841,0.004450510338439616,-0.0613544727494792,0.004090084315994063
345,True,-496755.41068188124,43983,51462,7,4,14.317282438278198,0.0015018421835927486,0.0035318682165189613,-0.03606835320098646,0.004097691135578831,0.09009881084158079,0.0035364456381182727,0.008361797706064022,0.004161758082137012,0.01600987726253709,0.003501202021399545,-0.2723313347724307,0.006241105373067948,0.11828345874950767,0.005247475557892918,-0.08638897319515577,0.006293390506667659,-0.0009412867016631872,0.0051002560265609185,0.34524942259139296,0.004587861056222471,0.16986858131033644,0.004866970404084422,-0.0537976601273949,0.0044285840835931525,-0.12816195771067354,0.0049014369677526535,0.09607450613658977,0.003798124322195064,0.011340382160491923,0.005037058777783629,0.04919278209125253,0.003763155656831038,0.05254919182867317,0.005028201937552389,-0.39174281272146805,0.005133731037080852,0.3514678984973827,0.004706624371813486,0.29527544439811726,0.005072471381435341,0.20567228394647474,0.00463676230418416,0.13545592333153245,0.0038156198973075964,-0.01881191397092529,0.0035456290692718224,-0.041274509631729316,0.0037692174183383497,-0.07999398373297086,0.0035739320330990866,0.029443842286159982,0.0036282454237127875,0.018950605273020973,0.004452306431345032,-0.043472692504968505,0.003629596791395928,-0.0427966906511734,0.004454253177208019,0.09678223097369634,0.004408107965021465,-0.025161154032312123,0.004023295235910195,0.048232896973668435,0.00439841518573788,-0.058608034923484764,0.00404979243298539
346,True,-489771.4333692491,43674,50768,4,1,22.300134897232056,0.006174537404414165,0.0035654233023576162,-0.03651417603003339,0.004142436957634196,0.09505962403355132,0.0035813396390855156,0.0012495892823014719,0.004208248171883014,0.014083499285232743,0.0035442039680970766,-0.26801121191484895,0.006307719308657017,0.1141949586237972,0.005309057414601539,-0.0975069023908347,0.006359997349248802,-0.008500371405507643,0.005164701332203995,0.3606024412941205,0.004598737022208973,0.1719083397219467,0.0050557746037018314,-0.0542535383335208,0.004418868130660946,-0.11513062535211342,0.005085472209954637,0.09439332352395513,0.0039765546747940785,0.018914975129334828,0.005103659660478677,0.04795248537414037,0.003941872709074702,0.05477567339579901,0.005095660901192498,-0.39949448146762445,0.005118548238135279,0.35396766932047913,0.0047887962856119045,0.28610629401113774,0.005029093217801154,0.19789963713729686,0.004709025085228977,0.14679930771666916,0.0038768988802583694,-0.01723049267141282,0.003576268763153175,-0.04507100039802269,0.0038204729263696282,-0.07738246333926045,0.0036045410408810266,0.026558203134667363,0.0036048355622060584,0.014461616058416123,0.004034154479545314,-0.03962956004143505,0.0036055305034362667,-0.0436773323730675,0.004036899769733101,0.09318681441688183,0.004434837574106019,-0.025552189731437823,0.004003273096493981,0.044212731597906174,0.004425335021249556,-0.059194407039249726,0.004027786574476281
347,True,-493105.149097948,43552,51279,3,1,22.66074538230896,0.0039056746304999613,0.0035685886566494767,-0.03459850422863232,0.004149831331374605,0.09468396129079357,0.003583547841859053,0.0016653454296524594,0.004212050175887088,0.016800656017831324,0.0035484780435120094,-0.2774756964347297,0.006243153234789501,0.1144527060133301,0.0053513921365263015,-0.08574621602175625,0.006298213721265928,-0.011002360554541584,0.005205543974349843,0.3467299315843612,0.0046037315276942084,0.17235222826115193,0.004909966055558501,-0.051313043955486554,0.004441924585208073,-0.12472236431084847,0.004945399275413159,0.09737965104871224,0.003849429055227723,0.007046658142628483,0.005054477899317756,0.04762316873763362,0.0038136777845644257,0.057747917427777976,0.005043528978872291,-0.4028195648790293,0.00510223618144777,0.35927873461756926,0.0048091915416269455,0.2929183713020633,0.005012883917620741,0.20238459419939014,0.00472243866311157,0.1394184603295917,0.0037829349122711453,-0.013985008724005897,0.003551336054718347,-0.04669296821886588,0.0037339709213686546,-0.07885717102195301,0.003578066980430857,0.026470455501771614,0.0034219523956825035,0.023690488120564887,0.0045447235696468545,-0.045132106526755235,0.0034219073558824503,-0.03972610246233837,0.0045479842977978234,0.09873589303547665,0.004527549816672305,-0.025699792907031643,0.004076854254635704,0.04942266577158103,0.004516707315352348,-0.0592042568152609,0.004103483708592947
348,True,-493645.20045130164,43909,51124,4,3,27.076964616775513,-0.0019064864555232383,0.0035647169510261423,-0.030729844743742244,0.004150335162310556,0.09990780622608225,0.0035789968244579304,0.013737694189309976,0.004205077042464051,0.014700709548906087,0.003539711205173501,-0.2784660316315063,0.006201791589695425,0.1105109366268993,0.005300339606455282,-0.10073088927297842,0.00625266587263193,-0.010282543197989453,0.005161155331195714,0.3531219035529685,0.004611771728674318,0.17497167063112531,0.004927567291477627,-0.0537845128260898,0.004441847147089712,-0.12064683470022525,0.004956271380551028,0.08904546070948116,0.0040417273697584835,0.02230976535070441,0.004896604569716778,0.0441740886820908,0.004008149667793715,0.0647983049249424,0.004889124143866215,-0.40478569717515583,0.005116590273620454,0.3527694231939346,0.0047764909945663915,0.2818237186093274,0.0050094397560576775,0.20429565714936146,0.004709831294039036,0.13677965317997112,0.003761314962623548,-0.01149349265911661,0.00352401413024065,-0.044560915775952656,0.0037125876419000846,-0.0778721552466096,0.003551370625747638,0.026026767956449693,0.0037360222745109594,0.01278197988654848,0.0041175542579893415,-0.039234496041552096,0.0037358464109695515,-0.04088913392344519,0.004120403504679748,0.10231361232436915,0.004412311178354177,-0.019025031998466578,0.004137525988724332,0.05103359292351652,0.004397601467325991,-0.05204456431185178,0.004161059948276159
349,True,-494022.6645667412,44128,50902,3,0,20.007015705108643,0.002030558886972815,0.0035548834200283988,-0.02633376620268061,0.004117696398939602,0.09153715643372476,0.00360346264134985,0.007117450159130365,0.00416469987886065,0.019848072605659996,0.0035734202262961757,-0.2602313536983091,0.006303868577955811,0.120329043077618,0.005172729279242589,-0.09111424112268773,0.006353160115493225,-0.00576200638831724,0.0050177054856756715,0.35069876092602925,0.004588071725886493,0.1703339803397129,0.0049680533137291365,-0.061739433621856694,0.00443240157308009,-0.11712498907629085,0.004997749169705205,0.0973499573694826,0.003941409222848386,0.02569147782514816,0.004983678852844799,0.04608667651253851,0.003905008378496581,0.052522924115500934,0.004978569639843678,-0.39143044156868584,0.0051187104787685424,0.36284009430566355,0.004714031322515069,0.28937387118850716,0.00504624907538215,0.20766996580281138,0.004623072859899755,0.13661289221763992,0.003855661616511881,-0.014901889563293358,0.003480125320121689,-0.038796504283774146,0.003807541709680135,-0.07675931162407545,0.0035067359603717096,0.02687318944159472,0.0036491390099621006,0.009958771413498943,0.004470567080478449,-0.043660680631039776,0.0036507907339156493,-0.04155566602072803,0.004471721038251701,0.10506551744460148,0.004543230096808517,-0.02507204583183808,0.004082627361322459,0.05158892148399076,0.004533073299306704,-0.05976060229412206,0.004108983368299899
350,True,-496473.2308851037,43808,51476,6,5,26.832600593566895,-0.0009334917839899742,0.0035638088454044616,-0.03217622778832739,0.0041064126399892095,0.09831162491489043,0.0035640745495878648,0.01235986381056326,0.0041634400067657425,0.007983272618972984,0.0035219127923623817,-0.26769676293420774,0.0062813388679149275,0.11375887939340253,0.0052972843381639875,-0.0946491624724505,0.006337176907628575,-0.007627769615041377,0.0051506305065727965,0.3533385013354841,0.004617621704884147,0.17428145926518268,0.004965767579341224,-0.056944251337821356,0.004444502121211015,-0.1099255346921733,0.004994428409392376,0.09167728315646341,0.003948729770857288,0.023775832661987944,0.004911702157676844,0.043807336615828515,0.00391406915799708,0.05724578004597131,0.004904596240176266,-0.399471560080883,0.005072400463911008,0.35274022731597154,0.004707386743650844,0.2890930175107943,0.00498069595914483,0.19772535708750136,0.004623511783974614,0.14228028299956158,0.003864833389939299,-0.014899497042347899,0.00353997676340395,-0.043824552164920864,0.003809906560242905,-0.08348796047240487,0.0035726495831478865,0.030112528563329615,0.0035982237753195657,0.015874948510848703,0.004085145305946369,-0.03817513065563004,0.0035977865384473943,-0.03675465864641254,0.004087580699014358,0.0999391519600141,0.004453230597200002,-0.022632401346579584,0.004090563059042211,0.05039517329953573,0.00444037672451958,-0.05614486761071009,0.004116120276387056
351,True,-495066.9425949848,43463,51675,2,4,19.49603247642517,-0.007956165297166426,0.0035269929349580247,-0.029591884026109006,0.004039418446029428,0.0880754395175527,0.0035934824544808803,0.00547043440868949,0.00409201637636808,0.01944839353280329,0.0035598247223281167,-0.26747576463352774,0.006238275397780616,0.11097792776703222,0.005199446273148007,-0.09114290024240167,0.006290833818434994,-0.00613448932942846,0.005061935246879608,0.3510136827208826,0.0045565423853617445,0.17001925828215972,0.004911798552612927,-0.05299856266763802,0.0043920765168903916,-0.11935288497676902,0.004937951593178093,0.09355715608731696,0.0038697694597450896,0.013880488987217329,0.004953525273414602,0.05131550370324639,0.0038365516700669213,0.05667229148817434,0.004945993449045534,-0.3994013792844345,0.005027408776608376,0.35532568620647365,0.004699645527267316,0.2833006729730593,0.004913858957641432,0.1957845895856564,0.004616010516172775,0.1451419133166406,0.0037602060165242337,-0.011674552524694433,0.003479937997548065,-0.04533539840663816,0.0037052998364649845,-0.07659229103285593,0.0035057531883496843,0.02593518803217709,0.0038042434431213275,0.013623702920599287,0.004139548187173059,-0.03803980807260472,0.003803478347164354,-0.040122083238502734,0.004142450303911847,0.09881043265280601,0.004416083353611648,-0.024883099054034487,0.004021330383945533,0.04797112920078599,0.004404764966856025,-0.05864589673395488,0.004047048336128597
352,True,-495428.02086811676,44167,51109,3,1,19.774765729904175,0.004165182315982094,0.0035645971775057008,-0.024312378380699603,0.004117010200519374,0.09671608934121313,0.0036267430771632753,0.010456075461480719,0.004160549774869868,0.014887280252564415,0.003591855850728352,-0.2785507052474518,0.006191897125472678,0.10903514596337731,0.005244799897408065,-0.09684497702872379,0.006236963563806436,-0.013001401430491546,0.0051083622878082486,0.3506479293745306,0.004656351168441483,0.1779023623489179,0.004902364764941083,-0.059279760678413486,0.004492355376871697,-0.1105751256578927,0.004917778754223923,0.09440924498620747,0.004078817836511376,0.02389651639558071,0.004875298971494849,0.043528941730682266,0.004043376951035247,0.06838130573206047,0.004867495895079318,-0.4042621190338071,0.005080470733446058,0.35829416442937667,0.00476418742921729,0.28282567340625114,0.00495374366707954,0.20281000420242115,0.0046715779294948,0.13849340533740673,0.0038412889176236077,-0.00676157485040258,0.003528810870381966,-0.047537151953077346,0.0037948164236674205,-0.07103059255309589,0.003551179099202014,0.02957062591251251,0.003586462069928292,0.0120537479974221,0.004229950384765432,-0.04426472909179357,0.003587368782986681,-0.0401536402179002,0.004232145670816783,0.10840730800712434,0.004407683716467858,-0.0273462173996218,0.004133182136593314,0.052752004459740716,0.004393427115966931,-0.055676009926204244,0.004157248532452177
353,True,-495707.73497658386,43655,51610,6,6,21.09054946899414,0.005694548230564452,0.0035405443655576628,-0.03780966734583892,0.004112967499085808,0.0949525193486352,0.0035551196452947927,0.004510021458302044,0.004180001801034171,0.011576861921489578,0.0035173889407684924,-0.2691054833721908,0.00627634076362857,0.11685526912418281,0.005216269839256975,-0.10069048639895464,0.006318033339570718,-0.011494754276905144,0.005068896431478007,0.35118726242743886,0.004586083359682366,0.17467622999821247,0.004942136641606459,-0.05907106111331027,0.004427980532429589,-0.1200032284010367,0.004969003073019124,0.10116961245890704,0.003857019837489049,0.015930127777489277,0.005063793796659371,0.03934092921069386,0.0038197773132539413,0.048807896538632954,0.005057481343635729,-0.40130045135260384,0.005028308009848234,0.35159996713666114,0.004738842854459122,0.2878566821277522,0.004928855621974659,0.19442407861588687,0.004659433918274351,0.14085757910242738,0.003735639102521243,-0.011066006260719782,0.0034806876984746896,-0.05040521032257877,0.0036899180155854903,-0.07426828046231004,0.003505844136173264,0.02594528332057291,0.004177297080773629,0.014684934780961346,0.004164296636886285,-0.036779161908383894,0.004177735833259435,-0.04404854629624154,0.004166484836651915,0.1047158536166897,0.004501402792710023,-0.023756474609538156,0.004038077829798575,0.04742103059031221,0.004489781239136621,-0.058286654037354425,0.004063340925515877
354,True,-494595.24490629137,43918,51292,5,7,23.70177721977234,3.886486944358272e-06,0.0035639427555317813,-0.031114826140959354,0.004122265441992618,0.09254721591265154,0.0036094639212111202,0.008201740406753786,0.004177769549914633,0.013520445893928786,0.0035752681166197424,-0.27313399864040605,0.006244437683796744,0.11638717627179343,0.0052807017127486635,-0.09078346599228028,0.006294150277496447,-0.01100806400158389,0.005132392473433984,0.35543096193059864,0.0046231463958985265,0.17344228077932716,0.0049807719611868456,-0.05236590681576529,0.004449425763508946,-0.11808242552434622,0.0050119432865440615,0.09608996903961858,0.003977816607460653,0.023560479201879984,0.005117225991507648,0.04723209664999748,0.0039411105523227555,0.05145494106188026,0.00511138609175704,-0.4071151326536435,0.005094386665900859,0.3574346632486992,0.004772319960736343,0.28305281364688506,0.00498358447460101,0.20207898821135986,0.004687124513663476,0.14583153501726925,0.0037669593914406298,-0.01289660871561339,0.0035453871676734464,-0.05072044195873179,0.0037134905078598504,-0.07530513355810849,0.003571737212563985,0.023387389426142012,0.0037817128621869993,0.02201481556821038,0.004190032731744717,-0.03793224473195694,0.0037825622263722627,-0.045797081954596884,0.004192289520078641,0.09342727868911216,0.004418402723067011,-0.022640095131769216,0.0040141436311029585,0.046363302664803846,0.004409456025732111,-0.05484858271982734,0.0040380715540927585
355,True,-492877.34061083465,43706,51197,4,4,21.546783447265625,0.002117706109935181,0.003549788875078857,-0.028896788763956294,0.004090819403672734,0.0849032305539296,0.0036129801552388786,0.003072171435469881,0.004143084451149443,0.009819507868218462,0.0035833516313103658,-0.2737877274966071,0.006164296014333669,0.11467110924065066,0.005191167162462136,-0.08512990525999423,0.006208527003678085,-0.00426734341039735,0.005047705761806595,0.350423922706016,0.004591262815591466,0.17134359837726945,0.0049084640920354925,-0.04984246465940934,0.004427658071244013,-0.12690264640576876,0.004937988052505144,0.09595969757339602,0.0038714544474018676,0.019274224676862555,0.004980047388155398,0.05466233293547005,0.003838223282824304,0.05042173143716294,0.004974713612393229,-0.3999333292465829,0.005100782385884293,0.35934931343826026,0.0047732835893566725,0.2865778417104976,0.004996142533642691,0.20106250643995474,0.004684832312156691,0.1459494212468639,0.003830010233187023,-0.015798151573602065,0.0035460425395261873,-0.04313583337437373,0.00377497580818566,-0.07522757782923846,0.003571127288016659,0.026757003749356315,0.003868860938566869,0.021048869860826103,0.004029024269893972,-0.039217508032461,0.0038687037080389957,-0.04420667449251121,0.004032153318260428,0.10421398247772247,0.004374432907592051,-0.02184531378481224,0.0040788659225596815,0.054599572988543996,0.004363289886402781,-0.05224569723379463,0.004101440855588213
356,True,-495016.57759968867,43759,51455,7,3,19.753901481628418,0.0005301114927274735,0.0035503001504549716,-0.030824344219723025,0.004120191381016412,0.09412562323383313,0.003587764996877502,0.0036117269878396083,0.004175618191145922,0.011633349976554488,0.00355212950833763,-0.269660985501443,0.006170294585395645,0.11366159028575656,0.005188110400184287,-0.0974074594663859,0.006212421738558112,-0.006090606857893219,0.005046636363812924,0.3579003990626902,0.004557989247733497,0.16702719577461553,0.004995290486470141,-0.058859291451518365,0.004387886309088582,-0.117420278118376,0.005021458623914443,0.10841112190229701,0.0038075020985863595,0.01064427694805713,0.005133923380014976,0.042277005412974106,0.0037682418314713088,0.0401936714003647,0.005128435168573036,-0.3975192469877421,0.005130761937254609,0.3614541610005334,0.004750953669747733,0.2900505858460438,0.005038627670210689,0.20037274023577725,0.004661876684716687,0.14214143082032638,0.0037867447935370432,-0.013587407682334202,0.0035301854325398008,-0.0477604904318825,0.003738059166452463,-0.07866984556807553,0.003556292031785357,0.03562174492709885,0.004460521728901854,0.014390523896444516,0.0037261952883787058,-0.03278367195792583,0.004461373429998522,-0.04536733422346497,0.003728509670706184,0.10292997215897748,0.004449263187363529,-0.0206450214720466,0.004019282298940729,0.053779860203774905,0.004436113091522785,-0.054574743942190994,0.004041879373225079
357,True,-494269.78001675406,43913,51114,9,4,22.124966859817505,0.00883793363845639,0.003556068376951769,-0.03476894862718127,0.004137963695760127,0.09922038959486765,0.0035604611150184162,-0.002552694119700145,0.004200848962409572,0.017151987307852862,0.0035225115762419702,-0.2643392478727395,0.00632676881419366,0.11231653724026401,0.005177021218086123,-0.10012906408622056,0.0063757753456680265,-0.0154182434602946,0.0050340437974500584,0.35819002715760245,0.004605032485890397,0.16984564824119022,0.005006830024438021,-0.056815248133174144,0.004432545834005624,-0.11976488183064432,0.0050356888623832455,0.09741365993529356,0.003945215960176957,0.01622824786644934,0.004955175298672035,0.04474702217334971,0.0039079041979555446,0.05746652592330634,0.004948301904534968,-0.3976043134383782,0.0050747517217002115,0.358465571514947,0.004740556263477567,0.2855309159547167,0.004985702996780391,0.20223503842338797,0.0046690398260224855,0.14597104261176208,0.003805670716436592,-0.013508812492233924,0.0035372094283996447,-0.0470043566049623,0.0037528682575055567,-0.07833615226589198,0.003564998436715615,0.032330104479582296,0.00355785565852324,0.008864667855386055,0.003990409098571118,-0.038426983069146305,0.003558360607900934,-0.03725564946600654,0.003992072000179146,0.10727196669383651,0.004498540304070114,-0.017218618639916205,0.0040990045808573985,0.04867899103518581,0.004482623033243436,-0.05824451215628958,0.004126172367522296
358,True,-495301.510313676,43834,51544,3,8,23.575472116470337,0.0010493457080716247,0.003549881428839253,-0.04166816565529685,0.004157138338635161,0.10005459186724118,0.0035214477810484503,0.007113242781071898,0.004231231541487929,0.011851111519094468,0.0034798920973673803,-0.2768351040353704,0.006238758786979585,0.1140708804311714,0.005353023777865615,-0.08738930061848744,0.006286748186646625,-0.005809711969606732,0.005210513827744193,0.35055907333389436,0.004573601853867691,0.16741632610756774,0.0049385438099173885,-0.05465475172259,0.004412654780460237,-0.12137599926560977,0.004970690256653759,0.09991702678442435,0.0038716905998851673,0.012535403451102307,0.005086484089948776,0.048327116818037134,0.0038352590034350232,0.051692282879290605,0.0050783130760936,-0.40516137893855086,0.0051305474907294354,0.360944088033844,0.004788260304528909,0.2841806674588104,0.005023935548112587,0.19440730911838258,0.00468405105259271,0.144762171187457,0.003764348154832036,-0.014142916446869838,0.0035235819865135957,-0.05042985829682644,0.0037122122367091253,-0.08088446520542027,0.003551373419242514,0.026962705427317102,0.003731255694338439,0.015600415307781544,0.004597863951561327,-0.044146803153841986,0.0037318159875674196,-0.04117984837474552,0.0046001067357422844,0.10137850458339527,0.004479276443333163,-0.01803511021625861,0.004160012921789712,0.06064743063989134,0.004467144053642995,-0.046353776544339524,0.004180581727206183
359,True,-495088.5025621562,43848,51426,4,9,23.966376304626465,0.003921878483166342,0.003557364100587085,-0.031025661236182032,0.004114852052499919,0.09649967194011266,0.0036064879368711495,0.005194988663539356,0.004170298732050102,0.011068051044836186,0.003567474990586426,-0.26592959651350506,0.006248676856703524,0.11557376952343627,0.005230957386996763,-0.0961302143535109,0.006293504736240235,-0.011202079027857846,0.005084707695285282,0.3578739094727172,0.004586596979586306,0.16638660640174044,0.0050128751620093686,-0.055456731470185726,0.004413934039400877,-0.1204393185826758,0.005044978906778229,0.09887891729414233,0.003932258872283316,0.01796689973308947,0.005055355106704713,0.051988110257020936,0.0038963357878893526,0.05036715390033819,0.005048664924286741,-0.39533241792033025,0.005170229678076414,0.3552945204086778,0.004761937034706071,0.2969854309265119,0.0051028489554308,0.20214563183778766,0.004685522020021864,0.13910766535951744,0.0037893586238403405,-0.014440534671918186,0.003566977564259295,-0.046270858156787366,0.0037419520686654455,-0.0876200963063121,0.0036018003129557946,0.02746259370058709,0.003853587338352384,0.008795020793578754,0.00458500531278991,-0.04074129518616914,0.003853530547080705,-0.034915478344345476,0.004586798820414591,0.09861445162711338,0.004402307484588081,-0.024040761848489557,0.004021717692480468,0.04795493516654062,0.004391238899808356,-0.05398229308994337,0.004045012630705804
360,True,-493829.59846527525,43942,51094,5,1,21.849535703659058,0.004473681319555086,0.0035572460759716214,-0.02856752939975377,0.004098912714184509,0.09520418271421136,0.003603520646853302,0.002928294814083445,0.004150398861202425,0.014438630578567634,0.0035659615744104943,-0.27443883755672294,0.006101141721484184,0.10990804025894231,0.005268703136228728,-0.09204451730325125,0.006143358922194575,-0.010059086605007686,0.005129898022305956,0.35206907614558114,0.004569059422706662,0.1715712949942317,0.004942795169358631,-0.05152602433784478,0.00440380824295987,-0.12146611219908272,0.004973072885828698,0.09934207479961348,0.003974436873313687,0.020147536784643587,0.00494599632838691,0.04990203314483643,0.003937973580178541,0.058677467689855996,0.004938246157583599,-0.40084500576692533,0.00509481684828846,0.35792407642621704,0.004775462350579464,0.2885903069677954,0.004994185778696197,0.20360074782277235,0.004697655791967595,0.14528328879264724,0.0038044545874299503,-0.015065537072375661,0.003560729609453851,-0.041657941611880654,0.003748598380043471,-0.08178966268204128,0.003590393402605447,0.02901644380127866,0.003683006254488608,0.014726885512199564,0.004702584966516339,-0.041087489538186736,0.003682614104398754,-0.034235109410336056,0.004704860480374094,0.10274955657638857,0.004437771388443004,-0.023672282582868277,0.0041368112527872675,0.06022914802164335,0.004425066983981457,-0.05798867906942317,0.004161698527363269
361,True,-495826.93089469324,44126,51143,2,2,20.917285442352295,0.0018354656471442222,0.0035389510914691272,-0.03217856951846277,0.004096407394242357,0.09441124702142192,0.0035510076628411558,0.005716804946361924,0.004154283273269399,0.012684701302024615,0.003513396476640819,-0.273433682735561,0.006186596570854905,0.11581734987019252,0.005223776080279375,-0.09246533907712777,0.0062273387170471645,-0.0049346104034645715,0.005079072276594489,0.3529916025967801,0.004527692657741728,0.1649875976136304,0.004899397669559277,-0.05592100816775414,0.004365396838027446,-0.11685046165888195,0.004927397211163915,0.10026905017192914,0.003822249397851213,0.013449138679707718,0.005079195722455457,0.04924900906795541,0.0037860324837513957,0.053794223602617854,0.005071007172237763,-0.39293688998750687,0.005042325595516531,0.35895167009974416,0.004723238339038291,0.284152526699602,0.0049539169910929656,0.19660657254504124,0.0046325689748349715,0.13675358120690578,0.0037207168906901976,-0.01751007538269737,0.003482975514994384,-0.0452634909607398,0.0036743038391728673,-0.0741990427381712,0.003507753314555858,0.03252005645641234,0.004740180486086318,0.0061584847864518625,0.0041851276004774935,-0.03381398371142195,0.004740767260491151,-0.03857887319173297,0.004186155165737751,0.10263230276070112,0.004347199379485183,-0.019509182328104554,0.004037934591704984,0.049148436316999396,0.004335839750217605,-0.05471572329520414,0.004061680991412895
362,True,-494610.05834151036,44035,51196,3,5,22.961023807525635,0.0021545919234622324,0.003570430717172114,-0.028137875653580287,0.004122625407803433,0.09198561951957958,0.003631531787439084,0.004254707374846458,0.004173471808488604,0.016150714840954362,0.003600222719130865,-0.2670425113223132,0.006439188277409712,0.12290428921386105,0.0052838881446093736,-0.09208956966373988,0.006492807858307964,0.005403412253028383,0.005128372556642956,0.35403571842717246,0.004600669946290992,0.16666403446450231,0.004984190991755234,-0.061818379434202556,0.0044380358724927784,-0.12114821972178558,0.005016248486639342,0.09228044168239333,0.0039038567877003136,0.024095797807432467,0.004982583852810392,0.05127596037822873,0.0038709916875766656,0.051853096649442015,0.004977639931878473,-0.4028938749272139,0.0051574571826471394,0.3638586788446957,0.004795753977763574,0.2882181136185897,0.005063337857248947,0.20288700599470796,0.004687992037527989,0.14216741379622036,0.00378286897336492,-0.0189740572496716,0.0035409312078721156,-0.044876836563808045,0.0037319855777267407,-0.07060356845920643,0.0035631391951749095,0.03165548510959793,0.003968449472797952,0.011976687827592604,0.003994299533245849,-0.03620213944876024,0.003967894670020164,-0.04025297220726818,0.00399662981954268,0.09839084970820075,0.0045496047516038855,-0.02666835669226255,0.004078349679595618,0.04815760651766751,0.0045389612025013865,-0.05287847145876889,0.004101820243509502
363,True,-493311.46640562336,43766,51149,7,4,16.096145629882812,0.007576515118000563,0.0035600483250001176,-0.03040532422733791,0.004100093749405577,0.09348530139580061,0.003606124516075337,-0.0016691529851670579,0.004155029437101253,0.014124320968469606,0.00357136861139358,-0.2691755469983071,0.006191518938611834,0.110224092079812,0.005178755281487067,-0.08613578231325088,0.006240475245316171,-0.009007221109740539,0.005038238733136945,0.3502077425667146,0.004626385154604001,0.17484327794410617,0.00491707919532796,-0.05549474237741766,0.004461322433954645,-0.11738015638877601,0.004942160540345779,0.0923790160106984,0.004044324486289678,0.02700957127922162,0.004919979108753792,0.04462568376990145,0.0040093275335400125,0.064654812435907,0.004913695056770402,-0.39794416167063756,0.0051645321876849035,0.3586240527043688,0.004747650778352054,0.298068383189857,0.005090675773612862,0.21171981194376432,0.00467467798884613,0.1441315714605108,0.0038995995388611503,-0.013759344880899397,0.003585817306952749,-0.04262187719669252,0.0038467086635566483,-0.08132312985487644,0.003615156996398472,0.0295047153905104,0.003724525410983877,0.012617555839815272,0.003865203247987056,-0.03811728486142838,0.0037248227500774776,-0.04433747332218987,0.0038681272268724916,0.1073625338306814,0.00446609812111267,-0.02342039604106176,0.00415944009401838,0.05615919759290109,0.004451320178082272,-0.056234627342544134,0.004184380339171711
364,True,-493829.8365670771,43957,50981,4,1,20.044050931930542,-0.001198829654134287,0.0035475337075389366,-0.03242508915635473,0.00416148666597033,0.09984162636055835,0.003566835683333924,0.005838008420373282,0.00421966295937483,0.012587548124626704,0.003529774471435605,-0.27270892791779844,0.006212826152064896,0.10792158261400533,0.005328805659452652,-0.08966319589630545,0.006261467711923314,0.0033915792796805036,0.0051964176207789665,0.3455528277168048,0.004571438730096626,0.1728845146214107,0.004888350117634233,-0.05106471295114249,0.004412242420970816,-0.11572108743036133,0.004918591967816249,0.09582712950536577,0.003937973444736372,0.02162138126717563,0.005050779506092895,0.04653418880826083,0.00390378027751537,0.05643834382225426,0.005044365742504434,-0.40179200570273454,0.005060713992516812,0.35840746863289186,0.004755724007599414,0.27984187436720137,0.00495350818264437,0.1971466681231143,0.004658989667886367,0.14104580181639764,0.0037693347791487907,-0.01418873430064657,0.003472109281516809,-0.04514376491571926,0.003718411603694475,-0.07394866995564696,0.0034968243636134505,0.026021388487002358,0.003974499278592072,0.017438585752681313,0.004403530100553277,-0.03389312669104514,0.003974642924202505,-0.03785088379707598,0.004405364644098958,0.09835526645493169,0.004479811289023155,-0.022552061080287428,0.004055444203285926,0.0476615292929513,0.004470780294691039,-0.05408594685238229,0.0040785222689193965
365,True,-492397.9327480439,43759,50957,0,3,12.959122657775879,-0.0012273859517545047,0.0035829588690890275,-0.026609077598367104,0.004132922069320102,0.09529301054078647,0.0036268634439892973,0.013925931195613252,0.00418026899573199,0.012298418470482115,0.0035909136136717517,-0.27376128833828417,0.006299744767833536,0.109981744318864,0.0052765596577847886,-0.09538824532063621,0.006359672019725995,-0.009289063217351826,0.0051370835494187325,0.34794136106017515,0.004664762725195457,0.17417608112429125,0.0049235289002998615,-0.05765984984103822,0.004501027531431789,-0.12086559986687768,0.004951183180006249,0.09322491959248873,0.003937384777236067,0.016886142111190303,0.004996329913893952,0.046274104915081174,0.0039017380156384724,0.05755340370746093,0.004988833228758478,-0.4114125351645592,0.005072269872772762,0.3543093549358824,0.004821158017946072,0.2866838880133488,0.004953374020030971,0.21008173818671885,0.004754987767477488,0.1327291657325187,0.0038140020359631785,-0.00845072798370898,0.003485669466129887,-0.041532983812837904,0.0037664220146505375,-0.08560547273951234,0.0035188654519726363,0.029167725497959755,0.003508420521950508,0.0112307358040656,0.004309103874655703,-0.04118666941572192,0.0035085297559106785,-0.03463449180179585,0.004310673427441576,0.09722610342924039,0.004443486798436065,-0.014847596643142181,0.004115345722370202,0.04575239448298236,0.004429687285139183,-0.0681036739432226,0.004147825587527795
366,True,-496784.0460721308,44180,51461,5,5,22.90238881111145,-0.0022768651331665475,0.0035525465415563967,-0.028126235285372343,0.004097637794192823,0.09712651633063318,0.0036189793930928907,0.014339808305451757,0.0041474127641851965,0.007390123450106738,0.0035802125137104103,-0.27949640332211023,0.006185952694104881,0.11306326025284869,0.0053288727813411265,-0.09177025822922509,0.006227401473747424,-3.189380287155201e-05,0.005189561482033006,0.3563492123218029,0.004578922960553095,0.169042032807739,0.00497100170828997,-0.060770932683968125,0.004415381261975181,-0.12266457561409917,0.005001686554814435,0.09566261918329025,0.00393067668484241,0.015933274794238877,0.005029727978002717,0.049546779663739916,0.003895355000369528,0.059825183951026206,0.005021381011077862,-0.40242257901620904,0.0051167624902648595,0.35449706695898514,0.004749770403912699,0.28599737301203815,0.005003359375101169,0.2087021445484348,0.0046789904232966235,0.14594340140557524,0.0038744170176118987,-0.010451431628053823,0.0035471395595762564,-0.04546471700696531,0.0038194671857240594,-0.08258178993021412,0.0035757999505056674,0.027020785806300244,0.0036329702508559867,0.01840160691509181,0.004071682282661922,-0.04152077024346044,0.003632646946748113,-0.044949729242266215,0.004075334362424457,0.0972968560109821,0.004459356793199859,-0.025216265974208417,0.004113269958121165,0.055651462658044666,0.00444755300727052,-0.055165169065998075,0.0041373853449659425
367,True,-494276.7112411249,43954,51220,4,2,24.424327850341797,0.0021632816990273204,0.003576604157598947,-0.031184135714898056,0.004169916666699362,0.10007043982912342,0.003595058408154072,0.0075446328876228675,0.004225904696776835,0.007337953559013139,0.0035559880929969387,-0.2666228853000477,0.006395414245785589,0.12284316544208326,0.005284683884636641,-0.08409025810558922,0.006448871603100393,-0.0004807671594606819,0.005128725326506376,0.34785100316954887,0.004596223840615421,0.1722730453972319,0.004963728475019395,-0.056163189578522926,0.004437515260359073,-0.12173976284923713,0.004994142706521081,0.0999600760448094,0.0038541610749651366,0.012119720483192762,0.0051588772280021945,0.04568962641961971,0.003818004295175429,0.058625478872074914,0.005149316707527415,-0.40123858338284735,0.005119053992305114,0.35436143214523014,0.004760907944251559,0.28757017822258174,0.005013552952251433,0.2050809717070288,0.004683250389990214,0.14487347357090222,0.0037563144781110275,-0.01107775475643923,0.0035402818845473396,-0.046294261178691884,0.0037038267509883088,-0.08020108532820747,0.003568950247812264,0.03177351628921442,0.003724641614071968,0.006763886910851246,0.004714834202587545,-0.0394705551464194,0.003725159959932298,-0.03853631490287693,0.004715133630374089,0.09987288187693928,0.00465833858176505,-0.032861585846684076,0.00401354532136173,0.0413379188417965,0.004650427505077968,-0.06328772546555582,0.004041463757227542
368,True,-493325.7241074606,43862,51140,5,6,24.6140353679657,0.007440198407346409,0.0035808201297960057,-0.029108558806337493,0.004108671241035603,0.09240334862647143,0.0036291612362189746,0.0027927294305179753,0.004161330553453993,0.012305101113779726,0.0035937827486359868,-0.277048094004026,0.006283483902009544,0.11315422266262908,0.005302760073809311,-0.09705950027858731,0.006330932676764696,-0.012592816306147558,0.005157480787360622,0.3520806095152887,0.00466292292615497,0.18186842286652294,0.004938335324811997,-0.053305018845837236,0.004496391952389004,-0.11395770472257036,0.004961081039031843,0.09455153407700698,0.004036260766083096,0.026180711122701147,0.005015900241203061,0.046737391461335674,0.004002031701796529,0.06487815102806092,0.005008039563847969,-0.41375228057217023,0.005095455569615847,0.34891654885740575,0.0048116884180737975,0.2834695026178888,0.004973439354704601,0.20422565903744033,0.0047408731839892965,0.142593715829786,0.003750941263370409,-0.008778314377696387,0.0035070620314523178,-0.04525490386913485,0.0036958430603069694,-0.08110982384503099,0.0035358191139171855,0.017870679333706754,0.003693031310263665,0.01756841920963743,0.0041167996746906505,-0.034899550009342736,0.0036934203432268226,-0.04119852789494713,0.004119502321190652,0.09816136748391589,0.004434073029338817,-0.019837643155508112,0.004045889327801137,0.041922555994635964,0.004422557399160594,-0.051897074774676116,0.004068220388977185
369,True,-493097.947788505,43988,50945,5,3,28.300999402999878,0.0030007539319885403,0.0035653528073599874,-0.03128634580922848,0.004156773990333806,0.09423558445704461,0.003585250313539674,0.007954863106950157,0.004212698070757711,0.013519071547852698,0.003549587973694243,-0.2731540399596521,0.006319316068996969,0.11444642192369103,0.005281692214162312,-0.08600002307895886,0.006369925962988847,-0.0059680734432829684,0.005136339299707912,0.35120145688814647,0.004657424615243623,0.17753418833656415,0.0049598043735207915,-0.04665379652611256,0.004487857360546044,-0.12556425469115934,0.004994139253880199,0.09138518604004553,0.0040024900579580195,0.020202977260491174,0.004980562166793194,0.04952926647517883,0.003969167726400225,0.06493072984588474,0.0049720027349415665,-0.4026801127135276,0.00514859983345558,0.35542340843948966,0.0047654336802527624,0.28842313597072416,0.005056306583434985,0.21314977252567374,0.004688040446032834,0.14764124868659287,0.0037996989087073587,-0.013945486303587929,0.003514338279189155,-0.03407230121075513,0.003738168200883416,-0.08324938570072594,0.0035447685414619692,0.02596235935257554,0.003820209615199781,0.009269324526347916,0.004526976190070098,-0.04167033996718726,0.0038203725191569425,-0.038343522643010275,0.004528800683978128,0.10176336886740173,0.0044729094034168465,-0.023067334000553146,0.004126636365451887,0.05419959947167249,0.004460062346639257,-0.056696447946086186,0.004152705062428614
370,True,-491657.0030176975,43780,51019,5,6,23.644495248794556,0.0025352015839975313,0.0035974508037440477,-0.022994206566298334,0.004109853774824142,0.09450859141418344,0.0036703093267035697,0.003552534892794222,0.004151762242401732,0.008191983033666682,0.0036327123041092384,-0.2755567935686034,0.006371317975850776,0.12176653368984257,0.005389116284168085,-0.09179218744062999,0.0064267483107126105,-0.001049580376354897,0.005232532664084428,0.35970365626493517,0.004643552737815043,0.17575182819016827,0.005035382356879473,-0.056289506694149255,0.004464270241431616,-0.11713510805964401,0.005065264585729954,0.09438163137953134,0.003950492519958023,0.016332550750273435,0.005158098234291517,0.051574602681886836,0.003914199775103297,0.05820212598388425,0.005148718962884348,-0.39854805014673134,0.005117985936716248,0.35923368682351203,0.004809632013703841,0.2896473790524627,0.005027869248591907,0.19990560966158125,0.004714679532134529,0.14069198005735742,0.0038059064517108644,-0.017665236104064706,0.0035583043684897183,-0.050095171726073216,0.0037559482761626356,-0.07378709827099746,0.003582922439492577,0.025737271771008485,0.003713598200387908,0.01808999112182376,0.003993495377251558,-0.03341530055280026,0.0037138537504168385,-0.043286800496843664,0.003995784862060287,0.09567397853018805,0.004466174731965002,-0.032165685026946264,0.004129855100719861,0.05199998079965565,0.004454550821377501,-0.05434061023196229,0.004154013288055509
371,True,-493712.5731654485,43810,51122,5,2,22.844367504119873,-0.0046352565647075905,0.003550584439317649,-0.03905237635113463,0.004134997139036788,0.10484883690470599,0.00356648997873703,0.009010267501804907,0.004204001920087946,0.017701800396744828,0.0035237125446582274,-0.27271056327737964,0.006167720250552226,0.10972057361519408,0.005288235793682193,-0.09682956697946603,0.006216902669645921,-0.0013195664169706025,0.0051517693437392615,0.35282645106037164,0.004592574953399255,0.17287508766539453,0.004948479243905327,-0.05538549750302717,0.004424949500704588,-0.1139203910339218,0.004975596325492637,0.09071426132658977,0.003958970655938076,0.027096588520216822,0.004861907168545828,0.04280420338016403,0.00392619549550142,0.05016047925557169,0.004857717902249683,-0.40406997061243083,0.005090321083944483,0.35727261593051546,0.0047344961083156415,0.2784022680825252,0.004981523512171865,0.20037481066063817,0.004638132226392148,0.14514779389578775,0.003795134859353658,-0.008094261024945502,0.003485497432991647,-0.04704675281337649,0.0037409946982100966,-0.07914117869663874,0.0035146759385161017,0.02805717924827,0.003652844306592079,0.015718879433675288,0.004037172087194783,-0.036378279613287386,0.003653126944562422,-0.038471007921626964,0.004039317977827951,0.10138250901367438,0.004341294259835558,-0.022062752080037513,0.004112541906721609,0.05369270292899607,0.004328681793710344,-0.05041463063902782,0.0041350023990204985
372,True,-492657.722923524,43607,51196,3,2,13.62893009185791,-0.005965335788468495,0.0035601480819269626,-0.029305837360028262,0.0041045497252576455,0.09491630106522264,0.003615293262783511,0.006008603418270156,0.004157125402823561,0.021222970883877857,0.0035794293269189245,-0.2765249282697462,0.006241140855494381,0.11289291439026927,0.005327215720133315,-0.0930473388520024,0.006288477554038672,-0.0011557199691293327,0.005186160016098112,0.3540060621919771,0.004598844704618101,0.17275493817928278,0.00496031896400553,-0.05580590057597116,0.004436692083634743,-0.11451222783175913,0.004988274262541454,0.09248942870205616,0.003920140511459583,0.01654536521212463,0.004971696413603409,0.04766952414737374,0.0038872877387511728,0.05728075591881411,0.0049641942729308245,-0.40519809495086,0.005125271730587434,0.3696535633589885,0.004780750609168983,0.2835800604937547,0.00501970233299764,0.19338321686225587,0.004665113942474478,0.14666315834103666,0.003805885884231486,-0.011791392872255727,0.003488721615575131,-0.037639885435873786,0.0037472347054653046,-0.07481458084451838,0.0035145246927993858,0.0274540297446586,0.0035213294359850576,0.012493301145453358,0.004335154669491264,-0.041083300015135875,0.003522640175217054,-0.0391639790730004,0.004336814750077352,0.10605470391475749,0.004396138965570547,-0.014820959653413936,0.004132318201480328,0.053008987857852075,0.004384775994848172,-0.05472806860051617,0.004156141437674474
373,True,-498681.5204283898,44105,51551,2,6,20.070995330810547,0.0030350056213500945,0.003516884139807777,-0.032880880180446444,0.004085879265629839,0.0957008341441539,0.0035612423060207366,0.011836071713471112,0.004143338953907172,0.017208978219544466,0.003525600988926862,-0.2739892628401938,0.006139042747736986,0.110526997584615,0.005234763217156896,-0.0808521894215816,0.006185439893346464,-0.006182059427966508,0.005098991771657968,0.3528820132011177,0.00450856846198497,0.1630428954334505,0.004930863106235589,-0.054947530530245633,0.0043435905086658495,-0.11981890063094253,0.0049617551072989275,0.09908451136945609,0.0038344352646354466,0.01355677519722905,0.005119653478804711,0.05214772387592434,0.0038003162199547265,0.048641670606208165,0.0051122131276271476,-0.3948003575438369,0.0049854651681228304,0.34935230357701036,0.004706663105451132,0.28734638584153815,0.004882185795531472,0.19174099792122568,0.00461578117362132,0.14007296946785192,0.0037580864375658532,-0.017447755095244363,0.003484041359799719,-0.04522122668404663,0.003707061385897943,-0.07884079454312731,0.0035115259858882284,0.026875538998043277,0.003783103611964691,0.009962642609774296,0.004728930192889415,-0.040207973531396296,0.003782851668538855,-0.03489641457538192,0.004730258067920389,0.09302882431922954,0.004368447080981779,-0.02660279156668292,0.0039827367215236175,0.04779964747955922,0.004358333113091832,-0.053599426029048394,0.004005265292301097
374,True,-491615.4081678407,43912,50758,3,4,24.94414520263672,0.005515404346157908,0.003548629996054291,-0.041536168690671435,0.004118125821078967,0.09781900400818401,0.0035577594984157147,-0.0011119717654669537,0.004192278043522192,0.014052102007407866,0.0035186097962072223,-0.2676428695176948,0.006265228631382137,0.11279741408796524,0.005249383373099871,-0.09254110659899592,0.006323021335340833,0.0004344313009059228,0.005106711437885081,0.3506537874067576,0.004590336415638309,0.17196940577759293,0.004930803711441477,-0.05952728981940551,0.004424757568065807,-0.11369576842884009,0.004959951844731052,0.09916813442914298,0.003917351425994429,0.01578592920618562,0.005004716841999479,0.047376281544405346,0.0038787560816821802,0.054545667490025734,0.004996453914480573,-0.3994561261982782,0.0050910893341454076,0.3535439859615084,0.004747663991054659,0.2871570077137471,0.005012434176625926,0.20547611756670026,0.004674730916038724,0.13438648247313187,0.003758310606966068,-0.010048150661625243,0.0034666941403570226,-0.048129444993603075,0.003717269137269872,-0.07656962120436817,0.0034935302877154616,0.030320066401328578,0.004039982539568833,0.010061197274227255,0.004296511000466934,-0.03982739519763913,0.004040741684967726,-0.04281823405712712,0.004298085012254268,0.10519273472495329,0.004582346082307417,-0.020312571040922933,0.004127579531701965,0.05371261358481969,0.004568539053262486,-0.056903440285371316,0.004154658579701285
375,True,-494157.4786540298,43640,51418,4,0,21.340675592422485,-0.004487437514926653,0.003582369550302183,-0.026936924741423174,0.0041352521190086205,0.09350714341645798,0.0036101977297865297,0.008032386810048198,0.004183970357484905,0.01585129167451955,0.003574250346315578,-0.2696047209284098,0.006416245702143058,0.11838403835490759,0.005341117927051652,-0.0943008074654519,0.006467327459107108,-0.00408862850064115,0.005189569566198127,0.3517180174857668,0.0046666791623223985,0.17746928175876084,0.005025530663415784,-0.05325766893144283,0.004504464235945932,-0.12622359787513618,0.0050634136794638985,0.09733296009384902,0.003915529596815112,0.018547738126516188,0.005211885841729115,0.04884146603103089,0.003879234146394531,0.04379625758618343,0.005206454273555837,-0.3935261649993376,0.005173546913228904,0.35694605432817494,0.00474242483057484,0.29423523237832,0.005112113915866929,0.20639346088375696,0.004665078474017762,0.14160698054785123,0.0038929561290571048,-0.016537280423123867,0.0035729808459834087,-0.04846381208945021,0.0038442672780945927,-0.07888500859396978,0.0036016231226461155,0.026466776133377473,0.0038632041982906112,0.017416116763768724,0.0040289966089514795,-0.038459981952803826,0.003863611234186969,-0.04424814009949848,0.0040321388109319034,0.10546092214498824,0.004604562016644526,-0.02425351215728899,0.0040985806021048505,0.045557658737680314,0.00459334614474255,-0.05609938891374031,0.004124316218521069
376,True,-496746.7009267539,44048,51483,4,1,23.218612670898438,-0.0010616974759447308,0.0035765823902304144,-0.02701777050803424,0.00412760316373052,0.09722415668840838,0.0035995503293179422,0.0020629634778352814,0.004176701619544348,0.021038258157027756,0.003560923722475065,-0.27524678512555895,0.006185464324802773,0.10929521581015386,0.0053057982919407255,-0.09960812945601545,0.006233513113761013,-0.01306764397583639,0.005166520306411871,0.3535656692892301,0.004610855410068849,0.1800381326210308,0.004967587138588785,-0.052910414420308624,0.0044338357782299186,-0.11054471486071225,0.0049922635221102685,0.09394791102858688,0.004101666023126621,0.03159495299396338,0.0049167143404681745,0.049793101082738496,0.004066723847484182,0.06592562959133487,0.004910090268562488,-0.402579936554333,0.005124310339553927,0.3614721016887445,0.004784959796530065,0.28403892956366217,0.005024484243457017,0.20063691912000253,0.004692647581619383,0.14522452907429975,0.003787425832890485,-0.016027577599420004,0.0035233765924057854,-0.04519153781626586,0.003730288486386042,-0.07810967174673258,0.0035504677629293675,0.036945595110592186,0.004710920333742998,0.004041026057927744,0.004163923440792485,-0.03243777732390047,0.004712882501724633,-0.04052126158676408,0.004164846516401134,0.10144752149989493,0.004391169243516726,-0.02476109935322752,0.0041346022345573755,0.05759833746138196,0.00437876138313152,-0.057476011410931435,0.004159828034938299
377,True,-492849.21089142235,43779,51166,2,2,21.657007217407227,0.002318585707994056,0.003574525604740656,-0.033128638328751826,0.004141402195218183,0.09344340935418001,0.003590433552281743,0.005914637556098109,0.004200875967795378,0.017402903887089708,0.0035562270637409833,-0.27982391385256683,0.00639367905573358,0.1174852654606317,0.00545932250037883,-0.08016296335451434,0.00645180561325123,-0.002783070751905925,0.0053110661076681345,0.3527203135055605,0.004672889998326104,0.17885080084721378,0.004975005739554877,-0.0608086920079268,0.004501713806920779,-0.11712328547959104,0.0050067771285057456,0.09651675951902544,0.0039268328795006285,0.02268655340756412,0.005100545926790085,0.049610128971720124,0.003889727339262766,0.05564785580436415,0.005093455413249307,-0.4045655592670589,0.005137450897714273,0.356182763042599,0.004773043075654995,0.28692583729959636,0.005040637161351328,0.2016390811280727,0.004674948573475871,0.13904471415432285,0.0037923030632855794,-0.016431757039475806,0.00351820142138244,-0.046365178876452105,0.0037441900491196447,-0.07596035411667253,0.003543355350717498,0.03617472528333725,0.004903836985496738,0.01703085265526921,0.0035250229201238205,-0.02468146587655305,0.004906532614319206,-0.048979085347998795,0.0035283267258739534,0.09109508872277758,0.004506359652717683,-0.03059944443677302,0.004083816177985181,0.04536154971410567,0.0044992369239120564,-0.05432189977908692,0.004107804321446636
378,True,-495799.40399242623,43844,51554,5,7,24.199652671813965,0.001878087542561499,0.0035668011449220376,-0.030855636829275942,0.004087579893290552,0.09207762378502722,0.0036104633369125135,0.003569053863157627,0.004143206612920596,0.009850519916575394,0.0035740288746258803,-0.27591003210637743,0.0063138500494803506,0.11535807267372557,0.005284473314100115,-0.09004397742171924,0.006361079225685731,-0.007988030803112469,0.005138120050060386,0.3537539854191876,0.004626515522294962,0.1731685532249781,0.004971302252741485,-0.05797277126958164,0.004459949728992782,-0.11777834739767937,0.004999825978053839,0.09838903234989299,0.003970907883504172,0.014065109132310058,0.005104976622876281,0.049400517877494006,0.003933110393374064,0.06045204603180288,0.005095499109140492,-0.4029336842843958,0.005145515735728878,0.3626792077959271,0.004792250588446791,0.2913029343649625,0.005057101172707685,0.2031670468230589,0.004701154595963062,0.14185737963150802,0.0038567926204314596,-0.01992081300394091,0.0035376015990279666,-0.039946359748636154,0.003803554500163051,-0.07697466777853113,0.0035650848950793956,0.03281368301823244,0.005050351045895609,0.005393710472415672,0.0043626630030983715,-0.03717205025918041,0.005052205812368359,-0.04175445859898496,0.004363811238827537,0.10438064076189243,0.004476926523619923,-0.02059131368462675,0.004149913166818529,0.05388125484255796,0.004462289551962716,-0.05691397096380856,0.004175666277262638
379,True,-495694.67956127273,43714,51603,5,6,20.751575231552124,-0.0008477584890440229,0.003567272635566366,-0.020358584347160705,0.004067110502270978,0.09092959149541116,0.0036725511730844674,0.001287963126641359,0.004104236972603302,0.01478943765480505,0.003636775572134938,-0.2632461856917087,0.006272111097220371,0.1176489848701771,0.005282194715617214,-0.09370702014957757,0.006320359008174234,-0.004974413461684819,0.005132395807974144,0.35653574307468544,0.0045867625299278875,0.16918348965524546,0.005028359841191168,-0.0544477884988237,0.0044180404171674315,-0.12765795686087944,0.005065502772282549,0.09602349982873029,0.003861980097628134,0.010778027732948533,0.005079271608965564,0.051491468855491315,0.0038275333763879665,0.05029818969365577,0.005071025155391024,-0.4003199753106222,0.0052144849479745315,0.36465484116942287,0.004787839358114225,0.28617931513803374,0.005125973380750635,0.19890583705724782,0.0046918872600629,0.14610921167121527,0.0038394890838893588,-0.01698500048581779,0.0035280965230803205,-0.045157420788206615,0.0037845755955684224,-0.07544980461833475,0.0035535521358408865,0.02343728586168644,0.0035170154601581695,0.015215302315632178,0.004564809571186936,-0.040912456525055964,0.003517312495676471,-0.03599249578182803,0.004566955613165232,0.0976827618721556,0.0044769798614526955,-0.021169252770066312,0.0040711142169898695,0.05646584644785954,0.004465659728361027,-0.05558641196246706,0.004095069881025872
380,True,-493918.0273054753,43616,51322,4,2,30.98401665687561,-0.0021552751017692665,0.003554441031835703,-0.024363073984544004,0.004092547518993909,0.09272980631103864,0.0036376430439176086,0.009408252731694672,0.004136096430361636,0.014554994453014962,0.0036040114932716456,-0.26253137430260376,0.0063568858176172565,0.11600764807187969,0.0052612360351444185,-0.08879398269380402,0.006409894822906132,-0.00261471116542224,0.00511532925060619,0.354207654985362,0.004556673437076076,0.16436619593953775,0.004987242502085411,-0.06244382577082969,0.004390486759695619,-0.1143319527875744,0.00501645933825946,0.0979054036668217,0.0038796398175021366,0.020340051664261827,0.00509336390735373,0.04775123458973754,0.003843637233407098,0.050957627636298804,0.005086943628717725,-0.404540495458314,0.00509070402137437,0.3612473987969809,0.004763886834831017,0.2854309322469003,0.004971450469717004,0.19316245612149768,0.004664966041070553,0.1398561722977648,0.0037559796724876146,-0.011002724837897764,0.003522724812526826,-0.04629112789616565,0.0037063233798838727,-0.07621292232249792,0.0035483335545061965,0.030768266377081663,0.0037239721575001083,0.01604468973591586,0.004342446279597089,-0.04132486178233729,0.003724330812098677,-0.0388258973869867,0.00434416521483118,0.10221416417828134,0.004507526184165119,-0.020098029981649612,0.00404874736553001,0.04713065751395472,0.004497627597896064,-0.058186555391412695,0.004074466972192055
381,True,-495635.0424790431,44225,51127,3,0,17.07916522026062,0.005402822194217603,0.0035612321032835563,-0.03264733192481604,0.004108475650274956,0.09241360138453122,0.00358556234821514,0.007212214979960103,0.004166962854133402,0.015864602887863188,0.0035507572571034135,-0.2705292408955662,0.0061355404839856,0.11439599484472963,0.005227639463783898,-0.09378794770860538,0.006181588465335421,-0.014623619594781517,0.005080722904968802,0.35209582457451327,0.0045712265709656795,0.17101846309623056,0.004932225626335554,-0.053735469425741214,0.004404074593061306,-0.11685244014387731,0.00496027416418936,0.10450583972296491,0.0038545993327546674,0.012295272477134534,0.005095831723100013,0.05782661608090963,0.003816127675121765,0.04665922018516438,0.0050891436922533865,-0.40177131558703766,0.005083178036013722,0.3596228200826177,0.004772409376699729,0.28949944120258353,0.004988841540956975,0.20460504779086974,0.004703212329711626,0.14463208970236,0.0038616077110032706,-0.015783866919330248,0.0035816170069859344,-0.040058615799563504,0.0038056018795873054,-0.07913901776816039,0.003610043259776678,0.029874889117375306,0.0036083271404567974,0.013136156903709593,0.003944597774064846,-0.03912756027427058,0.003608116106534461,-0.04048264649099225,0.003946989040825726,0.10604676653973019,0.004488184638800806,-0.024868031992078266,0.0041008651261298,0.05236685145130923,0.004474990350723966,-0.05802680967402218,0.004127420035537778
382,True,-495074.62546370365,43771,51351,3,5,20.550910711288452,-0.0052232032978576795,0.0035613736516789635,-0.02791081423807039,0.004118330121661138,0.0965284552328212,0.0036063248608564015,0.012352849852578835,0.004168015785495614,0.015324330385057146,0.003569602266458939,-0.26618522734037414,0.006297697835605754,0.11770515891731001,0.005163882668089914,-0.07683534368192732,0.006347730906190826,-0.001037491078605159,0.0050146601725216434,0.34932563447787296,0.004611485599197678,0.16903072536547858,0.00495080943429439,-0.054915349345182725,0.0044491543945853924,-0.12043440238865405,0.004981300554304731,0.1012744265395106,0.003859221986244634,0.015512653072513503,0.005070875285115767,0.05802079161517164,0.00382287462435156,0.054569962742327685,0.005062735551294372,-0.3932128011946422,0.005148931417089112,0.36356693739278545,0.004757726048724594,0.2965234868795761,0.005086003630603916,0.20782326301530138,0.004662892298198401,0.14894398514165663,0.003810454465103727,-0.01921076626234005,0.0035617746488075083,-0.04292847190112821,0.003751223874815547,-0.07898569276150433,0.0035902698649584184,0.026981954064355215,0.0038910517861374524,0.016453701205054034,0.004402004964610797,-0.03975470064564176,0.003890922104222345,-0.04017646410207328,0.004404802891530382,0.10260772011262627,0.00451448254255241,-0.028063244288442646,0.004060139072068352,0.054751956545501655,0.00450428497159236,-0.054041327903601395,0.004083014231058223
383,True,-493378.4139588898,43484,51381,2,6,23.653898000717163,-0.005489903472497133,0.0035658985161735593,-0.030507566850977327,0.004115757547333414,0.0916475370956951,0.003576605696492363,0.008380334041940154,0.004170604633804699,0.01143018734679189,0.003540465013558452,-0.27539397223254963,0.006234984353480231,0.11073600963608918,0.005322701777657555,-0.09282842427277423,0.00628913116741728,0.00018724324361782236,0.005184004864975695,0.3445660682543129,0.004609758728872438,0.17174853531422238,0.004896740182889905,-0.05837349952367536,0.004449234242081967,-0.11758186038236237,0.0049259719229547885,0.08710782078753718,0.0038838026248833256,0.014208313026390402,0.005007770629604087,0.04647452265014807,0.003852087846051498,0.049366508394528906,0.005000369776045448,-0.40708924746718106,0.00507751880972236,0.35621688655138867,0.004791810220760672,0.2874013880656555,0.004976891841873698,0.20642767280708293,0.0047103641545441595,0.14314164632285184,0.003857989499576407,-0.015216946636710898,0.0034826984285694,-0.03782377474600977,0.0038000008927050926,-0.07815311020762726,0.0035114976804081367,0.024422618916707262,0.0035179859603584056,0.014025246085368674,0.00435313885454424,-0.04111282097095457,0.003517772077412084,-0.03895404454448626,0.004355702747104848,0.10114895051929595,0.0044255823257622565,-0.023401185861039932,0.004067369120796177,0.048694185942495034,0.004413826603083644,-0.055880775042093614,0.004092931046029732
384,True,-494890.2286501769,43789,51329,1,1,20.393028497695923,-0.0024208590490793123,0.0035558741042232725,-0.029796894847600904,0.004141934147911637,0.09993978090207334,0.0035932238110799024,0.008808590192768959,0.004194952241372549,0.014843287015135076,0.003556316183132381,-0.2651036178244778,0.0062915356578303674,0.1160265593513982,0.005133295025624364,-0.09168261329085053,0.00633899223215993,-0.002472578644844189,0.004986946133750469,0.346698727939958,0.004631087804166572,0.1803790280982927,0.004881191978995853,-0.05305830585454832,0.004472151254295775,-0.12052661043105883,0.004902927160638771,0.09007001922173027,0.003971625189623202,0.026239320764490707,0.004802908588043777,0.04109192645388314,0.003938143679489645,0.05969729426696245,0.004798401531137346,-0.39851809648679004,0.005073305270692223,0.3598595668698405,0.0047491057060451425,0.28528362958987225,0.0049804098256095355,0.20306687547774058,0.004664265640157045,0.14027352321415448,0.0037623984521084346,-0.013234594647707163,0.0035031542318930144,-0.04889573846339544,0.003714268871329107,-0.07809522231192624,0.0035306014541416704,0.027059491425080663,0.003215827767963163,0.017946864193322056,0.004110705100810489,-0.04042634444606689,0.0032161775445355644,-0.03372320521489033,0.0041130955928670035,0.10129625284682521,0.004373246673544253,-0.021625614965860337,0.00407962830184519,0.05038363828650148,0.004359204280450883,-0.055816157822815265,0.0041042186366694305
385,True,-493759.6700076249,43585,51378,5,3,21.622244596481323,-0.003525984062708189,0.0035369754637518905,-0.03328918774787913,0.004091014796799687,0.09109486110456144,0.0035671714207518856,0.006639350998061074,0.004150261660238314,0.01754104996224243,0.0035327270374929643,-0.2755069497975251,0.006217306185997077,0.10825500774364905,0.005244397979382252,-0.08442092836439237,0.0062608782855936435,-0.0070139882143984015,0.005111179822493765,0.3533916267701414,0.004582652342263077,0.1760528069322337,0.004926561735948674,-0.04990527387965065,0.004410894180269857,-0.11084418992080453,0.004948497242502524,0.10015910591058612,0.0038913666490709093,0.014038448596041567,0.005031558810681478,0.05159845995165823,0.0038550981513464644,0.05813863860735379,0.0050227862315035555,-0.401553216240434,0.005047652854862815,0.35038057516485743,0.004731344895404841,0.28301356643604436,0.0049349280012207465,0.1986292619821701,0.004652876808403106,0.14341469657731473,0.003803598112937634,-0.016195544585117353,0.003506355451575219,-0.04672742972889648,0.0037528589281726078,-0.0732585190401268,0.0035310200138271557,0.025968063115846856,0.004100521315306424,0.014154218754763949,0.0044227215314640135,-0.03735634458562548,0.004100324907111701,-0.04321625792619508,0.004425059746284692,0.10505437950861232,0.004441030673392611,-0.020442569838710616,0.00409230193088765,0.053704552697281575,0.004428671500828832,-0.050248218562952744,0.004114034412431292
386,True,-495209.31532143266,43601,51661,4,4,20.195719957351685,-0.004276587267596824,0.0035550620715609316,-0.027560485946591586,0.004081457764224727,0.09237917804806381,0.003617879608681017,0.009507840499167206,0.004130838090743015,0.0144380209775208,0.0035817048597809216,-0.275781422950132,0.006306999393567208,0.12184538245590221,0.005286927150039706,-0.08792138858989339,0.006352321246609358,-0.008087045983463182,0.005132311850637803,0.348010174434113,0.004623348511161828,0.1768298613524038,0.004892532168411096,-0.05382321209187887,0.004462498277294714,-0.11461668419512798,0.0049165646153223955,0.08965425670039052,0.003921074479353354,0.014702901563620075,0.00500128912586346,0.04728249371421622,0.0038901538480872002,0.05924357502464111,0.004992884936073617,-0.40452586059103274,0.005090587872449489,0.35645846134835274,0.004775617047870319,0.28661538884461524,0.004973578863953345,0.19907510857652455,0.004681705366380962,0.14162192301846413,0.003802355066835611,-0.009105527094065537,0.003496862003846124,-0.04276380888619134,0.003750566905166971,-0.07532736973974787,0.003522323364048074,0.030440604362847748,0.0043418206526319395,0.013328291107246095,0.003818239423118341,-0.032444131684962386,0.004342832659725418,-0.042365922885762124,0.003820200331342047,0.10279091118317925,0.004521054994147602,-0.02191887895027048,0.00413596760879352,0.05393111225279116,0.004509188349443335,-0.05410522760877905,0.004159636029577245
387,True,-492610.32689649006,43762,51128,3,6,25.308605194091797,-1.867113006607561e-05,0.003549758720913528,-0.03071737478690147,0.004108993977953721,0.0967532806108001,0.0036175332291101757,0.008758605093861265,0.004163551919530685,0.01550082332275089,0.0035804814423607435,-0.2700212392810606,0.006288393502254558,0.11301998277525009,0.0052551022797900394,-0.09206437868414241,0.006330450763630925,-0.009653227885441687,0.005115488244428431,0.35075364227125244,0.0046364633276844815,0.17198170278059818,0.004975431988766122,-0.05789814521120111,0.00447648199188313,-0.11504080590533666,0.004998670905373948,0.10286045301486857,0.0039044463465821052,0.010448619122815419,0.005145763667818197,0.04578149322904927,0.003866246503220657,0.057293266299806876,0.005135753203651376,-0.39747970005747585,0.0051656868249056855,0.3604929766806931,0.004746362918404628,0.2865792787775735,0.005065495436349362,0.201086810425261,0.0046679952176962225,0.14031381042591956,0.0037861197479577184,-0.014402028387564507,0.003536059893570166,-0.050395557711456034,0.0037413926597146163,-0.07214435992131087,0.003559050132275487,0.02595336153186708,0.003458176701399851,0.015172610977607554,0.00427137148951475,-0.04019863633386409,0.0034591447312266803,-0.03707812324100125,0.004273281163382672,0.1013529757124701,0.00447945087142809,-0.02284338987686225,0.004071191172517044,0.05427050763072433,0.00446870922269403,-0.057633914346137946,0.004095520206040427
388,True,-494466.532420143,43524,51429,4,4,24.431512594223022,-0.006025240909922988,0.003554598696371673,-0.02909401772065201,0.004076583850406669,0.09201692626620592,0.0035906656578917895,0.010452447316199518,0.0041285870128032936,0.01500621184912088,0.0035534677038327475,-0.27379142455815514,0.006235033599873084,0.10962506490892658,0.005362372675223629,-0.0927381737292228,0.0062888900378239646,-0.0023645588732109555,0.005224843863644128,0.35260184495801644,0.0045857393304511,0.17244550775849063,0.004968841943268726,-0.05379972535361905,0.004413536735229216,-0.11502207499269788,0.005001623972567653,0.09323864572770081,0.00394874209022508,0.019280282934068003,0.005063783491009788,0.04401565976625656,0.003914111735175261,0.05177166422008927,0.005057242710437883,-0.40245415166009757,0.0050847834641480245,0.3549577750139445,0.004732343627238685,0.2885139960006508,0.004993008721374137,0.19623944921795164,0.004644017448488962,0.14148784225081296,0.0038972772658723274,-0.014475645397221043,0.003503786124968514,-0.038602836182910195,0.003842521400939749,-0.07731168421931407,0.003531391899006041,0.02908453719438737,0.003850633206529729,0.011098558505643199,0.0039825056264670014,-0.03953084452917158,0.0038509713613449625,-0.04413068145055025,0.003985250929752305,0.1018568979801226,0.004494442501993654,-0.026688346426436655,0.004132234415678506,0.05172753632004629,0.0044836073063658395,-0.06266272178066723,0.0041605089093060986
389,True,-496682.35063649795,43736,51797,4,4,24.055886268615723,0.0019127393886298493,0.0035628019050365878,-0.028561011391447375,0.004077203472958183,0.09524987337629955,0.0036171285701508686,-0.00025059995810252793,0.00412886287528219,0.014760686209576346,0.0035783661933769975,-0.2704716725736227,0.006350157178637737,0.1236788964807534,0.005307324696976498,-0.08820716333530833,0.006400921229783688,-0.008663502158849125,0.005148014139199111,0.3492425314736843,0.004606620919386062,0.173301163571009,0.004947536958320386,-0.05778657208724642,0.004446486053950567,-0.12107489947532103,0.004977294217962986,0.09361136191343263,0.0038418335447854557,0.011562244356298256,0.005106666390773975,0.048232986063976566,0.003807816230852725,0.049385903082018054,0.0050984266183412745,-0.40267119373909466,0.005090495276887464,0.35558620236347893,0.004786993279084565,0.29261858196150736,0.004994401569527514,0.20337256286725325,0.004713346819322573,0.1469079073666062,0.0037819279116676663,-0.012429328014341535,0.0035506031268759085,-0.04037184725672844,0.003723095523475004,-0.0787927458053736,0.0035793349021755487,0.02427655279233736,0.003797863142087105,0.014425506347477867,0.004750434753635491,-0.04197907562318681,0.003798813794241175,-0.04089912126539857,0.004751997573690035,0.09234540233537648,0.0044844394203641365,-0.020593001341540587,0.0040752995577828304,0.0529996257893802,0.004473826907341456,-0.06629766014133696,0.004106332661095018
390,True,-495315.52743797796,43879,51395,3,4,20.66078758239746,-0.002656999890550246,0.003565750048154864,-0.03272354096173316,0.004148259084645247,0.09968263141686663,0.0035746768016308326,0.007860043821662593,0.004206934302909577,0.01362313466448405,0.0035350147904638154,-0.27557754646308336,0.006163171700133375,0.11105431753944037,0.005230579933176233,-0.09674823055923781,0.006207311229132728,-0.008149559981357687,0.005090486936023089,0.3559841273955703,0.004559594319769448,0.17152540247302375,0.0049386743333316675,-0.05591359859280631,0.004385723430801145,-0.1089033619800756,0.004962664606638235,0.09354660542988588,0.004003987277793033,0.018688241197164925,0.004883252065815192,0.041439575848616676,0.0039681923506998855,0.06657325108954945,0.004874824774649354,-0.3982352295391018,0.005127533594224142,0.36523785048270907,0.0047808696257881315,0.2839679208350901,0.005046534801848507,0.19875658742054914,0.004675718485513113,0.1400413565266345,0.003814715130143031,-0.012387680229629263,0.003504001597602512,-0.05246489602351194,0.0037684804513865742,-0.07154181476667933,0.0035271336721650125,0.034150959468545385,0.00395643903523637,0.010661781181531334,0.003941280927326509,-0.03900451900772051,0.003955721032984091,-0.041937968252147795,0.0039441597399955414,0.11034440272288969,0.0043494729734490254,-0.023105177811026483,0.0040846455228428415,0.04906764035340678,0.004334629398035644,-0.048017672023260544,0.004104947123488601
391,True,-494007.18597113993,44081,50889,1,5,20.38892650604248,0.000710063882143198,0.003528754258012987,-0.034350614912915765,0.004118936601136993,0.09615601396841476,0.003533325512688816,0.008083514190999381,0.004180196497054787,0.009624579114271297,0.0034946969163349747,-0.2815816680006892,0.006178733842582449,0.11040752625780138,0.005249120866906291,-0.07899359989786905,0.006223223043428096,-0.004321904503865892,0.005112797446026417,0.35259089663755816,0.004557779985285297,0.16800533159532344,0.004922098799486676,-0.04979109248143515,0.004388663795571433,-0.11554577464633822,0.004952270885099048,0.0940149319487211,0.0038541912011464037,0.015995814801902306,0.004962146706461618,0.04893262653176091,0.0038221625916227907,0.04835682174636261,0.004956016455357599,-0.3945830953446622,0.005098541162644314,0.35218472619243985,0.004725848903752327,0.2848178434506917,0.0050198220109433,0.20494664268481633,0.004643410487483527,0.1390255296965524,0.003856164545374813,-0.013881118434755322,0.003523851123881879,-0.0393959400683671,0.003805547927576894,-0.07803520072736131,0.0035518118441512253,0.021446188625708133,0.003259773253852226,0.016404099907206253,0.004439626439624942,-0.04800603780528556,0.003261142017391985,-0.037442644068116045,0.004441975151608803,0.10484004265474972,0.004358262067817246,-0.020538528090911664,0.004060143139351006,0.05227982504826026,0.0043452227023748876,-0.05294512954759569,0.0040837343236364764
392,True,-495746.6799648511,43984,51295,7,6,27.707197189331055,0.0023848212273797917,0.003542816291521454,-0.031102280739051736,0.0040610325639449186,0.09302255756741964,0.0035961061568227327,0.00988478933889972,0.004116165557444613,0.014755254053365327,0.0035591607018382477,-0.27164539485226696,0.0061864890966468675,0.11453595980963417,0.0052330206037480426,-0.09436785022154612,0.006229712016433316,-0.00935085026210431,0.005089143794544384,0.3500858533559623,0.004606353278601486,0.17378086912171709,0.004906156304556498,-0.05828605152820794,0.004449008562996328,-0.11592224756057362,0.004930225285165557,0.09822808676126688,0.003880593156748425,0.015611035106553492,0.005100874287805788,0.049821314827911925,0.003845875166810594,0.053381413669147726,0.005093205041882169,-0.39889219768462486,0.005063169911783642,0.35739614059087005,0.004738185639754823,0.2860846907737294,0.004967171145115484,0.19629539420661601,0.004645500905728992,0.1354371729313598,0.0037896139578651807,-0.016753301946043353,0.0035097788248384717,-0.04329213801879482,0.003743936348789067,-0.07535868487457067,0.003535793125132543,0.02228914994372949,0.003456358265909508,0.020756111349964367,0.004186945744514453,-0.04110555899415972,0.003456776817666791,-0.03976628815833945,0.004190167529455947,0.10094936653187513,0.004430740749414478,-0.02488503917615199,0.0040053379083358305,0.04804297006123489,0.004419816230618782,-0.058157635879613125,0.00402983235900332
393,True,-494692.76340240147,43768,51324,3,4,23.542917251586914,0.0017539255182165395,0.003544206521846482,-0.03123285858954969,0.004073976953203694,0.09333438285782888,0.0035896388459459314,0.006942363057302494,0.004129232207701855,0.008426362084018767,0.0035548764233351493,-0.275850677396958,0.00615864286846404,0.10289234441688157,0.0052470300605963124,-0.09311614164335323,0.006208202672885862,-0.009815836261440359,0.005118825245770017,0.34720894578298517,0.004617560966772858,0.17133058880911137,0.004897621790125083,-0.055630382129555414,0.004459881664262191,-0.11775006669480682,0.0049234997384887125,0.08827247506461543,0.0039915569510327095,0.022479478778384517,0.004969078310493116,0.056042683052853,0.003959750810452899,0.04816980930233239,0.004964576652467247,-0.4045828367308406,0.005093836031209036,0.35164967004049574,0.004728876564531237,0.29377861687735907,0.004991242175127545,0.20586392468735415,0.0046575800892683285,0.1389859248040861,0.0038269521937336726,-0.007927030674798647,0.0034783212205043456,-0.04255503180314057,0.0037750160048365855,-0.07622183533514075,0.0035049968735148644,0.02593423421815128,0.003996005923189703,0.009079824296878364,0.0041987569189824705,-0.03720303553794181,0.003996023213788331,-0.042883736784945836,0.0042014606427037944,0.1098653571743563,0.00445501596017077,-0.014198298540230546,0.004166006404984238,0.05936564804163459,0.004437515630085032,-0.06085624214057077,0.004194776463073317
394,True,-493806.4551239824,43721,51332,4,5,23.86106300354004,0.0011547843379239974,0.003546085471389681,-0.0326275634011064,0.004095471415993216,0.08733012973641875,0.003546807659263874,0.001354270371799037,0.0041543784081642336,0.017581876576637588,0.0035141394043377147,-0.27196913491112423,0.006081588650741548,0.10647845339676304,0.005235034570210842,-0.10116063675613668,0.006119007065011996,-0.021813200369670587,0.005100073684509939,0.34962081993654803,0.004567241919902877,0.17293817056682115,0.00490829933061498,-0.05375770549400092,0.004405919613464154,-0.10704447295103037,0.0049299802403242835,0.09755170103565243,0.003999121721396941,0.022648938870254827,0.004937140930974285,0.0492752221675148,0.0039624582269446925,0.05856301719191841,0.004929962379051043,-0.39765386552950366,0.005091113316976529,0.35773009089720553,0.0047270076114214144,0.2842427625910672,0.004999251443113676,0.19377490566056263,0.0046397311591615305,0.1340804041076344,0.0037544152746124483,-0.014356187667802165,0.0035131577910490143,-0.047948862979183236,0.0037109706743715188,-0.07238797556719163,0.0035371386414354638,0.024496945835754725,0.003510936688659973,0.01710119445981969,0.004440357160782833,-0.044530772498283355,0.003511990574243233,-0.03830337900652017,0.004442755744116837,0.10128280483737882,0.004315185159558297,-0.017882204641920824,0.004089538640431885,0.05513441593649103,0.0043022257315067786,-0.05391479349332627,0.0041124855039263875
395,True,-492871.0481895036,43640,51216,3,2,27.999561548233032,-0.003217088541566152,0.0035549392198316243,-0.02538388120483637,0.004129883460159309,0.09853348851171873,0.0036387003918580785,0.008405245818824047,0.004174946094164377,0.018539032472474,0.003601920692030209,-0.268314629655849,0.006255054109659271,0.11568392106418073,0.00520639456864648,-0.08849843468803682,0.006300721872695373,-0.008896253331690944,0.005059694191587337,0.35524559255955146,0.004579770810123731,0.1746214091932603,0.004978008848374355,-0.05617135823022308,0.004410736952042968,-0.11179222208743438,0.0049998369134179365,0.09919407206898272,0.003926416599900785,0.021218691862272175,0.0050598476157646755,0.04686057404572228,0.003888737945598875,0.05670765716697867,0.005052808298768327,-0.40055586986465214,0.00508998069316566,0.3573929917619528,0.004771426839229413,0.28614266572255753,0.004988217784150203,0.19924639967057123,0.004684297273393403,0.1355710061163452,0.003837825674810235,-0.011031504002535018,0.003464522135425297,-0.04139180690703848,0.0037909710787094293,-0.07184642418037776,0.0034890497008130653,0.020054906993864936,0.003597515254670373,0.019975530158040423,0.004181575707740521,-0.03816061975317674,0.003598671168666312,-0.04161171701101194,0.004183720835097219,0.099345536950723,0.004463575830892511,-0.027237420941340247,0.004043527001723706,0.04983142669218695,0.004452360242835626,-0.061168130875613784,0.004070153118530299
396,True,-497345.59134099446,43729,51710,6,4,21.451504945755005,-0.0015243104426893694,0.0035497410482445237,-0.027102600283625548,0.004118763159530126,0.09736432064289402,0.003607447206626657,0.002437290171378873,0.004167397056623987,0.020354658755686796,0.0035734202776988044,-0.2635910124279356,0.0063551846522271905,0.11770065161204099,0.005232334668683085,-0.08403397730780444,0.00641153642169469,-0.0037180708708917593,0.0050823392193493555,0.3510209775540749,0.004617296399471433,0.16840027158189907,0.004967378371962471,-0.06503989444305079,0.004459004831024403,-0.1224266888363315,0.005000981211053804,0.09196199917460673,0.003860132631192245,0.018518276947173035,0.005076867296916057,0.049421829565038926,0.003828174139080698,0.05031327448035959,0.0050714335868033145,-0.39465505728323125,0.00510149160794165,0.3601477361614479,0.0047322784638371505,0.2969453562687573,0.005034397985963657,0.2026173932976103,0.00463742144044263,0.137934517235117,0.003764755915376463,-0.014360066766019275,0.00350207543552068,-0.04470430898605941,0.003718017642955281,-0.08024150452399721,0.003531734555673971,0.02960999442010489,0.004113150181749642,0.013763144166770047,0.004202934444747394,-0.03736712733760394,0.004113454547803715,-0.04247874293846621,0.004205552529356867,0.09852151909880182,0.00459723167923489,-0.02878784433095595,0.004073451811691959,0.044910465586523673,0.004587986860060279,-0.06664367624875492,0.004103885307223914
397,True,-496070.3952415325,44114,51375,6,6,21.212079524993896,-0.0029978652613675263,0.0035469050299290024,-0.02667231606492155,0.004050628824935841,0.08750750382523452,0.0036145478610943747,0.008425537543532476,0.004098328963655399,0.015227996924999883,0.0035812542481514706,-0.27502718092111134,0.006256450990733672,0.11590137663200584,0.005297250391419172,-0.09351600214512558,0.006306285412075596,-0.008145358181700481,0.005150583966041013,0.3498309148084339,0.004615816000797418,0.1746662495823218,0.00493097258549662,-0.04794928383251844,0.0044496345361091285,-0.11664081448918161,0.00496063999008257,0.09057703777855396,0.0039148892008926146,0.017676248268550177,0.005049074673684812,0.055500837388271974,0.0038821923072423544,0.04981094317030144,0.005042215759141911,-0.398922323559558,0.005079294025254382,0.3534172182782394,0.0047473872154677075,0.2858823820671436,0.004988727044883601,0.20528960149281636,0.0046647821333149295,0.13672932205195387,0.003835271223190532,-0.013425549485546442,0.0034724748865371997,-0.04064665698068887,0.0037865115885642674,-0.07270976652558257,0.0034970329873852796,0.024994774415817107,0.003565220026839381,0.019096339878010543,0.004277733784505495,-0.041628132454737135,0.0035642972822749652,-0.0388577687745868,0.00428135958759989,0.0943505389924255,0.004425748505376923,-0.023245522725511246,0.004122201886535652,0.058538237128936105,0.004414560063906687,-0.05637326483110123,0.004147676029941257
398,True,-494387.4702943419,44048,50968,4,8,27.15981888771057,0.0064175190057267,0.0035876050235336336,-0.023371468352177134,0.0041186050475557345,0.0970039732991633,0.00363420863870365,-0.0008742094230100735,0.004161781198391481,0.01882613909300831,0.003594579691173379,-0.27941646184937147,0.006273786114903203,0.11435702860054203,0.005334235422743634,-0.09324046137347039,0.0063218612141537145,-0.006512584563164741,0.005189649218198561,0.3489458182707059,0.004697812181857651,0.1768750814756599,0.004916950097380805,-0.0473930186769333,0.004530112846744191,-0.11962949452071886,0.004945311973508174,0.09473054207307356,0.003920102301464832,0.015017135739835298,0.005024971612868212,0.05423415571384957,0.0038853830480150725,0.05612753801228557,0.005016586626177919,-0.40861715186073044,0.005104802899022678,0.3565987979146864,0.00482677399623596,0.2845314021238213,0.005001064357845223,0.20097398717696605,0.0047339949871292196,0.1417623362340946,0.003767086736490804,-0.01539886817062545,0.003517620275055329,-0.043813134510785064,0.0037142568740497514,-0.07673223120862901,0.0035444194321568585,0.02975611452433844,0.004043398968569875,0.010888433736512606,0.003928286587725636,-0.033010819859199576,0.004043314647273776,-0.041383083523599304,0.003930661458547859,0.09339102353024785,0.004383816395516282,-0.020183605761780802,0.004101774318157139,0.05156583785754458,0.0043703090979722164,-0.048410825276973136,0.004123426953321154
399,True,-493948.82387398905,43702,51274,1,6,22.371352434158325,-0.0027412282095246455,0.003552652103008081,-0.03227100635931919,0.004121424811477982,0.09055503828602597,0.00358522031377036,0.004360303099333377,0.004179525565701941,0.014905047992820938,0.0035513655901767763,-0.255506717367908,0.00644667979069335,0.12713234874670615,0.0051387618062803736,-0.0936423170791196,0.006494780860067518,-0.0038891871058120116,0.004974304352301526,0.35343056439735854,0.0045596711693670945,0.16019144226884527,0.004983584961474345,-0.062113901628320124,0.004401512258784702,-0.11080551332413141,0.005011556130745733,0.09724517440190117,0.0038890141784125487,0.02565656577790698,0.004990979628851545,0.05009767502295442,0.0038540811575407154,0.04927697123233665,0.004987220328034075,-0.4018604288836357,0.0051582258037658315,0.36792122255577964,0.004765976335573879,0.2834524335351761,0.005063919860318865,0.199598754244158,0.004669532817095159,0.13942957614254228,0.0038108887813234214,-0.016940629856938026,0.0034978335211863225,-0.041746068333220074,0.00376347834323419,-0.06621578334703437,0.003518941213556193,0.032229673512176184,0.003636735875870697,0.013531951847718807,0.0042916312468437145,-0.0392071604371864,0.0036361813492470575,-0.040155861016059405,0.004294071794713795,0.10705166482653813,0.0045524125158278575,-0.018313484861509743,0.004063845618784138,0.051590606996564974,0.004540125958318205,-0.05523205005314004,0.004088542718538866
400,True,-494787.32930979854,44024,51131,5,4,24.165947198867798,-0.001152529834345855,0.0035558448261034815,-0.02540910202581396,0.004095780291378206,0.0934978984733655,0.003621684302832962,0.007177547938833798,0.004141699155748422,0.017614689577501733,0.003586129375324392,-0.26188851443583355,0.0062862544125869965,0.11826789330945499,0.005232801512943127,-0.09124611154567853,0.006327808011299336,-3.53669538220661e-05,0.005084514041213295,0.35709125699632893,0.0045354337991262185,0.16545303302155245,0.005008683719565341,-0.0590465784356564,0.004371068093922507,-0.11557748761606405,0.005037913654737029,0.09657303171337213,0.0038624891225543098,0.011130132237536982,0.005098369684931164,0.05418164627361202,0.003829245730235292,0.05044730824692807,0.0050903336750785485,-0.392326714147285,0.005141153016772759,0.36851706003870965,0.0047547054187648255,0.2889617566561464,0.005053926786538708,0.19822066261367183,0.004655484885094993,0.14665346493106357,0.0038279764600480763,-0.015175416677748538,0.003529025906134527,-0.038005720617567525,0.0037698186160016233,-0.07725944525499943,0.00355587883568997,0.023497051109615655,0.0032631793885768406,0.022195518385449815,0.00447847718956537,-0.047259961387912545,0.0032647395057489297,-0.03994796636895374,0.004481145284336616,0.09994515623708818,0.004517299381978908,-0.03111730073800782,0.004009109175055786,0.04833788660300886,0.004509845605083029,-0.05547609957541414,0.004031269192078582
401,True,-493925.3579028314,43719,51316,3,5,24.427769422531128,0.005372901240931037,0.0035916666300701817,-0.022423785836073233,0.0041492482843053305,0.10034592462772149,0.003646018098226546,0.0032802892400932986,0.004190262464175138,0.01288455884637118,0.003606941288377631,-0.2755905188087618,0.0062737236303593066,0.12334695479272777,0.005266481622533087,-0.08363402774424049,0.006325730477545587,-0.010635762058207853,0.005106075529104751,0.3509955429992243,0.004645235523266514,0.17237771194940524,0.004950807138893573,-0.057558078597421014,0.004476284920210103,-0.11691954725692169,0.004977909667850696,0.09676196628320767,0.003900963817596586,0.021344862753556546,0.00503990975268865,0.044317170303425815,0.0038635251614514013,0.053124443279030716,0.005033704700324871,-0.4037313038694015,0.005142551220049891,0.36024397827755056,0.004795683978464065,0.29601026609514136,0.005055035027307583,0.20447565753059274,0.004710741990881387,0.1447712243347823,0.0037587534224521654,-0.014915302165064405,0.0035434980137282746,-0.04570776464586275,0.003704340269287622,-0.07594083012234412,0.0035706438266384197,0.034375347084256457,0.004286317287844193,0.015402033030978765,0.004241604661995351,-0.034699117461952346,0.004287257232620306,-0.03633756482017946,0.004242920785795234,0.10007407568681007,0.004434463820027477,-0.02520859046268532,0.004104119967408807,0.05258162666766031,0.004421797776109776,-0.0611428713166398,0.004132295589854127
402,True,-497791.2354793275,44183,51353,8,7,20.761582136154175,-0.002713615673658435,0.0035516649460321887,-0.030019946521108083,0.0041006965420916815,0.09069159076376895,0.0035638651242465976,0.011518789393393642,0.004154586206230573,0.00845879371388487,0.0035271705533996196,-0.2675385964347189,0.006185449835406374,0.1056070812711582,0.005131309155291602,-0.09630523319494308,0.006237653993756727,-0.0036902479023313683,0.0050005423328632476,0.3544666384898915,0.004598659655344028,0.17662297507110614,0.004921836959662237,-0.057051609247309336,0.004428258554695482,-0.11969764875607225,0.0049428598618853495,0.10434136083668347,0.003911646350544733,0.02446369830069433,0.004889129535149338,0.04272110408175668,0.0038709782917583434,0.04899196331053484,0.004885762640126711,-0.398299941846007,0.005038665681778973,0.35533148034140866,0.004694318552021288,0.2827892608482607,0.004926311825459357,0.20942778556702463,0.004626776959382669,0.14213845939424347,0.003792149995316141,-0.01888053009881953,0.003529036691767375,-0.04532299955989563,0.0037399128699030994,-0.07676687829427224,0.003555006944094347,0.02917749672914817,0.003746863347487049,0.016047424646900274,0.004008156014627669,-0.037118817939215336,0.0037458825597588754,-0.03958303403010721,0.004010962528621284,0.10277027754528657,0.004419935040593015,-0.019184441726690496,0.004104859661867955,0.05150321542534533,0.004403557739691463,-0.05960998454151911,0.004132318107117383
403,True,-495366.5117834299,43797,51323,5,2,20.1110360622406,0.0004658939548283841,0.0035533780662993356,-0.028895325793433818,0.0041096229620375,0.09496706054937766,0.003577033358124353,0.007702305152605765,0.004161387609586459,0.010833200990565778,0.0035387672863713953,-0.2717125438479741,0.0060630044259685646,0.10688734048965473,0.005265124589694416,-0.09775976509564732,0.00611299738196456,-0.00800902619550998,0.005131054186898683,0.34659699547908773,0.004569279789875209,0.17017262187279975,0.004895892352440428,-0.06084526510593945,0.0044151910130119446,-0.11910828596712013,0.004925037047585735,0.0987139893739151,0.00396703189666793,0.025270413589433206,0.004905414466768543,0.04574657602203405,0.003930115319941928,0.051902894521910124,0.004901007875281301,-0.3989217611079421,0.00506563403548805,0.36258866008579527,0.004758704872366095,0.2857178281638194,0.004970210805152455,0.19695137328094298,0.004656518180407452,0.1418863584312269,0.0038422696661097565,-0.01629172583684497,0.003510360353560012,-0.0412383226129233,0.003787725250476717,-0.07924664878818878,0.003538737426941773,0.03450596860574583,0.003950805313841887,0.0052553278205758535,0.00431465425149265,-0.038782082278675176,0.0039519776948886845,-0.040358753783695925,0.004315747226527345,0.1000486120890851,0.0043471769544623584,-0.024931906092106083,0.004062535237270874,0.046529747745828465,0.004335395228795434,-0.055197993039354146,0.004086643295528575
404,True,-493330.689421125,43696,51209,4,5,23.10577917098999,0.003618155696752696,0.0035522678604951704,-0.03229037233798307,0.00409335782117737,0.09589045706635237,0.0036112865673976094,0.002929428400302278,0.004151023680782869,0.012974071962225957,0.0035751499142000942,-0.2641303571325965,0.00619742093619493,0.1121398965106479,0.005203319082058557,-0.09243384957889285,0.006246778332381431,-0.009229544438802782,0.005061836393292069,0.35741387568955246,0.004554345840563281,0.17269945381331994,0.004973260679949051,-0.05583563283164778,0.004384748166507217,-0.11438731433281604,0.00499703276783791,0.09714630404783274,0.003963637128101406,0.027722668436678838,0.00486765219195036,0.043574450126262286,0.00392816219287121,0.05556164578563813,0.004862758389672747,-0.4049742437911117,0.005065319980844703,0.3586802871960293,0.004743262583196937,0.2860129647515609,0.0049483618090228896,0.1957701935198547,0.004655810158777922,0.13725952735831956,0.0037724569118011402,-0.00891581821725102,0.0034887540230753395,-0.04663386064923887,0.003725454341644437,-0.0794109896581193,0.0035165923145597656,0.028634074315719613,0.0038447556667243004,0.01644000458269232,0.004144041909982033,-0.040183046475359495,0.0038445752105801885,-0.04481694130352097,0.004146794400835729,0.09948745199367845,0.0043957890022093115,-0.018960514166109263,0.004068758571575426,0.047829670667210264,0.004383858328969523,-0.05722392794145114,0.004093667610944254
405,True,-497939.1389975274,43879,51760,2,3,15.708350658416748,-0.004384400866239271,0.0035443729708649527,-0.034353138368552964,0.004118937750488039,0.0964808818213002,0.003555128857673324,0.01266632825431542,0.004179656797610532,0.012028736758241685,0.0035162437423513423,-0.26434000895957777,0.006295382098642383,0.12007565691428719,0.005294579254447657,-0.09356592197541148,0.0063450702062529405,-0.008382624403936969,0.005140861107019065,0.36255610879871913,0.004546224333160968,0.1648845524013284,0.0050378623204885625,-0.05931119235640609,0.004365800539771605,-0.11232189383050972,0.00507222233889211,0.09900848965581131,0.0038942409019396716,0.023489774587782137,0.0050634426785707235,0.05084908004676154,0.003858344563388124,0.050856859176636224,0.005057945528269685,-0.40330046568728617,0.005096852891152702,0.3568949329609204,0.004725737294037186,0.2886206224804312,0.00500136420571629,0.19594430003906302,0.004635437304966698,0.138151127200658,0.0037624351418134327,-0.015062448737068058,0.0035784510163345403,-0.048861471706437835,0.0037166177186821895,-0.08040629565851112,0.003606504638845346,0.031961764694269285,0.004089589576334715,0.014804985144046313,0.00380923883306755,-0.034211845120908316,0.004089911219478285,-0.043520310646765877,0.0038115544980888622,0.10123029439884042,0.004459187917534634,-0.022119365834609238,0.004008297519987301,0.040903983843948326,0.0044517560792580535,-0.0580366717176518,0.004033447231710504
406,True,-495108.5871032296,43808,51425,2,8,30.88236951828003,0.004709901922484795,0.0035666586237168116,-0.030526817396819596,0.004092530222241983,0.09610482370524062,0.0036139970714916874,0.001803886745397267,0.004147711453025994,0.010136971792106887,0.0035768371784532732,-0.27185920930129304,0.006290287223524758,0.1221375963407898,0.005276395204897962,-0.09228848124525503,0.006336772111142508,-0.015433536520981115,0.0051170590194763105,0.3513744514496336,0.004573730239770155,0.16839550064967224,0.004957749153068598,-0.054654920230140826,0.004407996499256361,-0.11968673001428468,0.004991560041191036,0.10149934930802204,0.003940638386033347,0.01619113696583511,0.005157014677357538,0.04712584398622636,0.0039006014637314496,0.051916016827879864,0.005148511186254491,-0.3971601101946722,0.005166200969406919,0.35957925089357096,0.0047419327727275,0.29337179812515113,0.00509933061288394,0.2046313107491131,0.004656972174739583,0.1470119879338399,0.0037273199244355123,-0.009642109922286729,0.003508380027346253,-0.049415277031116,0.003674810475823163,-0.07871188213527265,0.003537164253882367,0.018926786491099454,0.0034846278633443705,0.022615410937465958,0.004117835202846213,-0.03745073786410982,0.0034851109392193044,-0.0416024144713061,0.004120884693344637,0.10694156736337189,0.004470260459708228,-0.029433702722780317,0.0040961758910338,0.05278429741879955,0.004457930705724198,-0.052867891216695155,0.004119804373618508
407,True,-493192.4257637501,43737,51213,2,5,20.33554768562317,-0.0013103574088472938,0.0035589550937688524,-0.028412782026412856,0.004115251380779658,0.09391948285070338,0.003601596993136703,0.008264432919367435,0.004166126209296221,0.009503351421644171,0.0035668423651879486,-0.26876760179734127,0.006236902120771498,0.11079201355599044,0.005236757951716773,-0.08859025822977463,0.006284164851760147,-0.005069439061131318,0.0050977096464341195,0.3499717626790018,0.004584024958720085,0.1717197014897314,0.004947079927529377,-0.04892246657305812,0.004421795956520027,-0.12610397779441776,0.004979963527656259,0.10032269406838415,0.003927806610746503,0.017663993150534192,0.005101188709044266,0.056004667133344,0.0038899599685668675,0.052537003058492834,0.005094372748231381,-0.39601154765629,0.0051113000141224186,0.3556760993799506,0.004745632446869042,0.28827689975084364,0.005019810517395853,0.19924089254687055,0.004662284555966532,0.14270448515881654,0.003765874670206591,-0.017017795627805435,0.0035648406791461535,-0.04363855098736553,0.003714314675156676,-0.07074638315417928,0.0035869695432036957,0.02358652364665735,0.003797538296579721,0.01603126584742292,0.004381081613303474,-0.038304186747555084,0.0037973095992524064,-0.03973066670250878,0.004383448832613738,0.09882124281354987,0.004471247359442923,-0.028112846728309153,0.0040786918458802154,0.04941010116465411,0.004460579036562142,-0.061719732717912465,0.004106813761362386
408,True,-496570.3223101371,43643,51674,4,4,18.01752758026123,-0.000892514727041581,0.0035757375211262726,-0.02084183493348734,0.004109960640220107,0.09841922692343297,0.003648425774115389,0.0072478071944361774,0.004147498643549224,0.009450086181667296,0.0036077515487756007,-0.28396831873272516,0.006114364209537562,0.11235109927232687,0.005314966607811648,-0.09141924174785057,0.0061612788059591935,-0.010611241141575823,0.005171705013215677,0.35104126644796024,0.0046411560720827725,0.17253908020689196,0.00491349030549296,-0.05375764547663866,0.004473515670754046,-0.11842594629074911,0.0049426651628173505,0.09079545824215444,0.0039946853385075,0.019451959910200604,0.004903008659292813,0.05083426506050414,0.00396283166560096,0.059246661786564674,0.004895073151361669,-0.41198641988592133,0.0050878964193899565,0.35705761540703673,0.004795807036849019,0.2894093454415921,0.004977584457212129,0.20222258571847743,0.004701633897070074,0.14985382782289702,0.0038394263690958645,-0.01719736537386339,0.003603093542317659,-0.04677290286649573,0.0037794670062926768,-0.0854753184503721,0.0036341563264085833,0.02137893647189166,0.0035724827128234327,0.026626432210583903,0.004015697355134633,-0.03629823714791946,0.0035728100007963995,-0.045034004406269944,0.00401934083952417,0.09908803616723795,0.004303044728704847,-0.01828534172236959,0.004102064921188707,0.05157367364958198,0.004289618709014551,-0.048563589968979845,0.004122402183247828
409,True,-495299.6653388443,43955,51251,4,6,20.434044122695923,0.00616199876271784,0.003580583291603981,-0.018560895230509574,0.004100295342218987,0.08836922907160412,0.0036773244797421866,0.004968172158220894,0.004134100592319733,0.015275905884288904,0.003645302245202448,-0.2671761206656127,0.006426187923134617,0.1240528358925404,0.005233813258405403,-0.07624518646101831,0.0064764812843936675,-0.011124118917768553,0.005073464865975745,0.35229952516547236,0.0046249168743915355,0.163518198032871,0.005017944301687315,-0.055484993785600054,0.004460905020857999,-0.13129981439605817,0.0050575696159293575,0.09769220756213885,0.0038924892480584356,0.017118818981731645,0.005128547940006014,0.048756675173701636,0.003856869201100134,0.05112212270436554,0.005121631704188231,-0.39567014207053885,0.005176627605460192,0.37171588010609374,0.004806486757815917,0.2943406686701519,0.005087882896356161,0.20112336093664096,0.004695532805728327,0.1431345175293223,0.0039017917797646243,-0.023918402151625717,0.0035551159954032257,-0.04155766413997984,0.003846111507592815,-0.07902112323442556,0.003582256433119795,0.026389606605316886,0.004030367097425261,0.015301477495100604,0.004072762530676473,-0.03745196396162522,0.004030670349823342,-0.049461593295385055,0.004076102686098997,0.09909397518612392,0.004612315178691027,-0.031991790264932304,0.00400930014198712,0.04580597645383764,0.004602782717880023,-0.05988114682679261,0.004034749766467334
410,True,-491038.60072454205,43904,50594,2,4,25.4718074798584,0.002674769090072234,0.0035529889971532133,-0.02851253630758911,0.004090294703788734,0.09703682682013236,0.0036193944615286826,0.008462265216256992,0.00414112382522146,0.00903316022171384,0.003578858432491276,-0.2727797715340516,0.0062406376350861185,0.10441431120542696,0.005254134715901526,-0.08735578423840702,0.006293901538851889,-0.00493771567041761,0.00512604256392718,0.3493658720398756,0.004631784895988425,0.17358532033941032,0.0049431916167743135,-0.05202419208245525,0.0044654319561868725,-0.11711806229680088,0.004968858181436211,0.10246870412328338,0.003834843333417726,0.005570836135678519,0.005220703092812867,0.05676408487723858,0.003797810370508433,0.053025907621676936,0.005210739187461511,-0.3968814421080208,0.005063287887381106,0.3542614467591356,0.004763179625920423,0.28457243710528557,0.00496117340883719,0.20408662473764025,0.004684834361553923,0.1446854431588748,0.0038434606777800573,-0.013969032323561314,0.003478385608521785,-0.03577510661035636,0.0037843586551340874,-0.07778193629024133,0.003506825645621687,0.02010063755185537,0.003105473780207467,0.013918834853132568,0.004530095409520323,-0.04618401028149686,0.0031070300269192674,-0.031421910708794465,0.004531795011135596,0.10431849559586155,0.0045195105856822276,-0.02400741099271427,0.004037773292238616,0.04455096407141583,0.004506463062440124,-0.05542384594790983,0.004061759516179231
411,True,-495412.21875017695,43936,51248,4,4,26.220258712768555,0.003938645826159267,0.0035549091223407367,-0.03528009891922956,0.004152028740336402,0.09937975650317983,0.0035534675182987805,0.0041315016049018405,0.004215557142285601,0.016408535659491175,0.003514946309145974,-0.26773242987144685,0.006311050406793874,0.1138424887046837,0.005271014592625074,-0.08398785312688752,0.006363790660434979,-0.0033466186444237774,0.005127478817140315,0.3461458499299349,0.004623298548376337,0.17227983333115682,0.004955239356729874,-0.04359850835906317,0.0044602330588729665,-0.12693800845556769,0.0049935352719330485,0.09776436005444794,0.003818372520242978,0.012218113843891076,0.005213580482106141,0.056176728570578004,0.0037824505518159884,0.04723951592281857,0.005205591951238293,-0.39368969044377444,0.005096228911149085,0.35546485920643156,0.004747796683238381,0.2970736883275311,0.0050273292845704285,0.19943060535853252,0.004660310835144406,0.14415132732888541,0.003830048829990721,-0.01423049120112727,0.003541096810724904,-0.04273386927206998,0.0037765541161042014,-0.07781723142827246,0.003568387423544473,0.02509404176612915,0.003504666944972842,0.012267011982145781,0.0045274911855509,-0.04243380150327964,0.0035048408022456392,-0.037247799131037485,0.0045292353891396705,0.0986387020922605,0.004555061100019762,-0.029789591039572603,0.004055945850126675,0.050953719456358085,0.004545616899830189,-0.05959638479938018,0.004082639739357818
412,True,-494521.90671945387,43776,51281,2,3,23.47653293609619,0.0022447304287295665,0.003542680543134078,-0.029863378970762675,0.004138128973740462,0.09590370585360798,0.003587862362467165,0.010165671034400877,0.004191322789961963,0.01937750271752397,0.0035522089998036837,-0.2789736853582344,0.006037492338681623,0.10674246344373421,0.00523179994306154,-0.10164790035397811,0.006076141959971673,-0.014659780290805,0.0051004923013074355,0.34807423754518585,0.004607505641725663,0.1810958673461809,0.004843583345631263,-0.05095743202898254,0.004439146537663661,-0.11303966244682927,0.004859787897539913,0.09220311592870567,0.003901767324140014,0.01680897633548658,0.004972904868048159,0.051395083510498,0.0038689039723129397,0.051549066265261165,0.004966649917690713,-0.4040446306472871,0.005043374396544168,0.35667388253518517,0.0047519351678549735,0.27801151036097843,0.004917217030532148,0.18720410177155236,0.004646542629132513,0.14394970125181447,0.003777988453241327,-0.013585436984300371,0.003447729208667447,-0.04369065994246328,0.0037220023384703514,-0.07944489796568655,0.0034754756295754135,0.02827702710671609,0.003744613574411042,0.00799637310929958,0.004472514689569251,-0.044487148549521446,0.0037456043598710314,-0.039437606557285086,0.004474233255608603,0.09822984507245372,0.004266832881486505,-0.01952604254584766,0.004089933082422077,0.0547508356505308,0.00425341027543493,-0.045355141304159095,0.004108714505570184
413,True,-493357.25453355745,43564,51382,4,1,23.819944620132446,0.005656977811040862,0.00358059418678444,-0.033298501947265885,0.004128166408352175,0.1007943603924936,0.0036127219508147127,0.0007314355377720241,0.004188412042330832,0.012918562581083875,0.0035721003580694247,-0.27812288624327663,0.006234228586165474,0.1116737960984183,0.005274688352133251,-0.08444374506951215,0.006285858024255991,-0.009222024482981235,0.005132257656744608,0.34794196823997403,0.004633400045314028,0.1679768768096603,0.0048985885418516275,-0.054091056918911216,0.0044675736767805984,-0.11756100783695514,0.004926077168153952,0.09136068569995157,0.003984659248286292,0.019708725718897858,0.00501005627734329,0.0557471986846032,0.003951350483045765,0.05871533898600139,0.005001859250482297,-0.41321327350523007,0.005077223975537603,0.3544718678898416,0.00481225627291799,0.29735253363642644,0.004975068631097627,0.20544465556492564,0.004735304400877668,0.13981989773500994,0.0037943420012736162,-0.005970638449779,0.003556464012434104,-0.042184529927722,0.0037445215481616404,-0.07812808668722285,0.0035844301962234914,0.025763870917493794,0.0032790737814236267,0.01641474286800637,0.003982905487752518,-0.04552019584690426,0.0032803563352165432,-0.038805042246303656,0.003985315261094875,0.10080817802044373,0.00435790033319938,-0.02416999826466606,0.0041141915659305165,0.05226869383274201,0.004343690428326025,-0.05693332269814632,0.004140437079218084
414,True,-495559.07600673905,43747,51478,5,4,21.251463890075684,-0.003211771573541661,0.0035656110881296327,-0.022635596493485045,0.00408937053235464,0.09081627958095187,0.0036300829001211007,0.013991901190615141,0.004129708536701941,0.01138509402506525,0.0035967058796890286,-0.28026567397200763,0.006123491562863246,0.10565161995335488,0.005287882992432452,-0.08915747800245324,0.0061704642199893935,-0.014227018519434581,0.0051536372406582225,0.35192063213608044,0.004580080460289207,0.1739847261260813,0.004926089818684672,-0.05573662491370251,0.004415106163616502,-0.11553425047866064,0.004952845088900371,0.08880003587056766,0.003988488135984417,0.025645318211660263,0.004870227478575006,0.04595117357438123,0.003956243146555259,0.057761480130311633,0.0048646780574299366,-0.41281999551725423,0.0050760948109432125,0.3610366032675818,0.004793205341698997,0.2811747113701071,0.004952282630374647,0.20139285769994214,0.004701395069971369,0.14309107089026987,0.0037906303133213824,-0.010595459047924936,0.003502638728203992,-0.04319008652430327,0.003737119358304966,-0.07624877254154704,0.0035293544260403356,0.03870997994184494,0.0043549491204223755,0.011376086972232486,0.003769768969449318,-0.034703401527135476,0.004355357502475035,-0.045151981729130236,0.003772742501731911,0.11192224647357399,0.00440943379725657,-0.018790853605445277,0.004131276969502296,0.049678740455087786,0.004394256166797964,-0.05360229197490374,0.004155761405557778
415,True,-495458.69721474824,44160,51119,5,6,23.83423137664795,0.0002937382349792798,0.0035418999578737745,-0.03538455825600724,0.004139804599618287,0.09770691959863204,0.00354204666718003,0.0047044620448680645,0.00420333977669524,0.008741852718967732,0.003504772732330187,-0.27643660113062235,0.006171274277544767,0.10955286043639624,0.005288818779581518,-0.0893478470703088,0.0062216598887707445,-0.0004169542418572319,0.005153022979496853,0.3445427097845276,0.004540633074289859,0.17113889658268688,0.004885870893775783,-0.04995067412148548,0.004380853120463802,-0.11814461662365452,0.004916900322661276,0.097773362687741,0.0038901471184097374,0.019847046712061427,0.005039697381693411,0.05346239411939824,0.0038546517567265206,0.051101838979770234,0.005032990761869671,-0.39784729398933283,0.0050282019825313605,0.35452747198199985,0.004749083900792999,0.2848691871416352,0.004934294864799205,0.2022152448552683,0.004659513360467131,0.1388048601252002,0.0037596962881654987,-0.014208657252353162,0.0034820781899475768,-0.042360591942346405,0.0037109590852319003,-0.07991228613268075,0.003510421223757823,0.03303779530831524,0.004134446977862937,0.010161727849209287,0.0039958351340606164,-0.03910054668182424,0.004135466435026658,-0.048260137686474955,0.003998264202732055,0.09506960558763553,0.004404021134290073,-0.025956817210472945,0.004047783093366841,0.051948916759516274,0.004393583406255312,-0.05548180535749494,0.004072382670016691
416,True,-497774.8002806704,43893,51653,4,4,20.837778329849243,-0.002766411758233243,0.003548999370265885,-0.03330213481650436,0.004138422314475949,0.09696589103895113,0.003573454606540812,0.009212375855015187,0.004197763169698958,0.013025472203940416,0.003536582650977759,-0.2690892285223088,0.006262878560259221,0.11983383703332093,0.0052275641527989875,-0.09184080686844637,0.006314130341568343,-0.005836797731727743,0.005075571179072836,0.3459670746337687,0.004584328253758383,0.17201343953497872,0.004902779882904819,-0.06199053703002871,0.004434843115275841,-0.11648323791408827,0.004926642701431086,0.09434499977590174,0.003935526767008186,0.029540586780124542,0.004915788390608593,0.04586243447334224,0.0039016566246562858,0.05308805065217606,0.004912256433430492,-0.4069876968574289,0.005099302986394126,0.3633581601353179,0.004769268166419101,0.285940078917192,0.0049817515642257065,0.20170099728730492,0.0046778752000800556,0.14000160559117458,0.0038417674966390435,-0.013513286166383417,0.00351412313519154,-0.037053893335111776,0.0037870049508551364,-0.0798985959291707,0.0035435717468119943,0.03156141664038798,0.0037956423071807584,0.00953395570942834,0.004093706605525131,-0.03800755643526742,0.003795786354787085,-0.04044239758745854,0.004095936068975694,0.10483680184706162,0.004404942488457033,-0.01887125183150593,0.004123451204868822,0.04852297909403924,0.004394361543994699,-0.059134192780619134,0.004149849789082103
417,True,-494197.477221507,43780,51228,4,7,24.91050362586975,-0.0053596181260086575,0.003568649094817013,-0.023803348720841833,0.004137686904670176,0.09961421690417897,0.0036129080414645477,0.007848001768643014,0.004180399840791439,0.01715286168317245,0.0035740381730613117,-0.283091164094502,0.006130206072470062,0.10778436736667245,0.005351609827610283,-0.09040119065384604,0.0061720795502462665,-0.008420281771758019,0.005214998588840954,0.3462224922898713,0.004606771212489259,0.17061404235234814,0.004881020586180506,-0.05097252333688683,0.004453196930212242,-0.12328755203085666,0.004916793496243799,0.09247088067709192,0.004022639020585506,0.031085265935795258,0.004931226189598696,0.05082225162793484,0.0039878899729507864,0.05545786647166033,0.004926879702549637,-0.4015817440293975,0.005106491933216429,0.358041385981819,0.0047861629781035375,0.28670966611238524,0.005017604096083755,0.2041598308087903,0.0046973552956894584,0.14064135498146346,0.0038171499816983057,-0.011206803283782563,0.0035227443108318828,-0.046769022790363005,0.0037666883305425727,-0.08340246958757326,0.0035541468230241985,0.02664944610548213,0.0036705175229679366,0.019865939072465373,0.004038949415370342,-0.03500417285123643,0.0036705981217189064,-0.04006227392031859,0.00404150112190004,0.09680497491159133,0.004333374402314884,-0.026465954658302763,0.004090074631774683,0.04877335815656714,0.00432332537524372,-0.05353572407776553,0.004113378467219814
418,True,-495001.3046401758,44077,51105,2,3,19.717286825180054,0.003836699483440768,0.0035642432687965683,-0.03281530099720935,0.004108414814375138,0.09223394509707265,0.0035701709795911986,-0.0005266099311014347,0.0041678521189741635,0.0218470962092809,0.003530988115849633,-0.2591161223874262,0.00636543166818505,0.12013141427559455,0.005229186875578746,-0.08951195234908911,0.006421473144929653,-0.0017405164481193566,0.005074412334180458,0.3553752267128311,0.004606049015985604,0.17111543325343131,0.004990060753801963,-0.05846518499886249,0.004434892250541489,-0.11744467009436192,0.00502232818421538,0.09651774454059275,0.003935235464907725,0.02442629536519429,0.005009616722638522,0.04751736362658682,0.0038988804331404727,0.0525014056834275,0.005003078562458043,-0.3897429240986651,0.005115002010525098,0.36476409995719766,0.0047232809371473014,0.29169832396208356,0.005053390312019167,0.2023238416943853,0.004621105139660798,0.13800696581401947,0.003785974807298462,-0.01876924256079633,0.0035479312764207906,-0.05256273271633685,0.003743539379699506,-0.07659553785014112,0.0035734934789036737,0.026118656873198594,0.003743851452455663,0.01796102798404224,0.0038500001195595213,-0.038202926770195315,0.003743825629754475,-0.04773234493071658,0.0038531969524106245,0.09561218430403606,0.004495481912863669,-0.029790358814989225,0.00406936518897059,0.0545547556821223,0.004485869387801313,-0.05213085861935964,0.004091946381600353
419,True,-493810.9311769479,43639,51368,4,1,29.98984146118164,-0.0012546802527359342,0.0035670125636614704,-0.03432102253719143,0.004121954256019001,0.09617833374735031,0.003589748965295477,0.011067881659675444,0.004182645286640045,0.012884321810990368,0.0035520493767519446,-0.2696229921494354,0.006256788319683125,0.11354943678951203,0.00531161906857413,-0.10632707957658298,0.006310661070720708,-0.01829761354498294,0.005164302862090115,0.35377178875287296,0.004604363991277685,0.17411606465831783,0.004984732944719694,-0.05251702175138928,0.004435841587447694,-0.11046694997091504,0.0050123220576981835,0.09883593664148041,0.003940832880802832,0.02785559427599686,0.004981011573575502,0.054502099000541,0.0039042421689107583,0.04351471135640167,0.004978062541968679,-0.4068253813105884,0.005065094143852385,0.3502116341376034,0.004781814699005513,0.28991290051004337,0.004964521360030246,0.2011640727321231,0.0047198703479264205,0.14043209463003897,0.003786878725051055,-0.01372606087524488,0.003538784397308682,-0.04381374551870926,0.0037330316338105955,-0.08095659514045739,0.003568031023143377,0.03204913411095754,0.0035479220830170943,0.01500198530513955,0.004540544055902082,-0.04155970679301562,0.0035473915075152143,-0.0328161674427517,0.004542669653716917,0.10231462579429178,0.004405440931490238,-0.02005053836485544,0.004119163308000258,0.05381044422448621,0.004392850403651569,-0.06260853806102896,0.004148027062951261
420,True,-494631.7171442546,44108,51142,4,0,21.202488899230957,0.0065810283585881185,0.0035538935461240273,-0.0352096789929108,0.0041101258173954925,0.0981292106652333,0.00360919173127675,0.006462044797178009,0.004172899000078801,0.012830270839608943,0.0035699213935634962,-0.2636317208563014,0.006367277180840359,0.11961005710442228,0.005146558725803851,-0.08923979028196045,0.006415416098353418,-0.007626077484147582,0.004994415802157397,0.3543964166317755,0.004604826332177995,0.1675532703917286,0.004972126303729627,-0.06158460564633496,0.004444291163682997,-0.1214716284476468,0.005001019707771015,0.09943067456979002,0.00390779645219639,0.02212747488430207,0.005128923906581737,0.056666337510317084,0.003872015274147535,0.05081162595887687,0.005123970417209963,-0.406358867291501,0.005126781798518116,0.35468728089837936,0.004743463892846954,0.2889267699472484,0.0050256696313856625,0.2086622874785856,0.004676610769957755,0.13934984030449532,0.0038090431271772247,-0.00791330070667236,0.0034724878676205195,-0.0436449263653486,0.0037608656939755276,-0.08006907953907909,0.0035026324272812463,0.023159872457039765,0.003587958228395271,0.02116638865657086,0.004167135875762129,-0.04396243300627536,0.0035886780984163875,-0.04575270930015336,0.004170859114995617,0.10688098429885412,0.004451051144145449,-0.018282631256822002,0.004037226977190445,0.04701222933917184,0.004438906628716482,-0.05693645862613221,0.0040628777229323445
421,True,-497617.14923581947,43747,51785,3,5,14.063478708267212,0.0008934564503196928,0.0035563340982397067,-0.03719349151049237,0.004145125862455055,0.09934963200926678,0.0035525193150355485,0.006494205885721983,0.004211137399629985,0.015776649067275918,0.0035146829672375933,-0.259190555003679,0.006214042640921017,0.11367639008923908,0.005172035347719783,-0.10458664495955597,0.006263118265020137,-0.01692454369254726,0.0050269362685185495,0.3651234805012311,0.004510751163860228,0.1636349931562531,0.005049196257883774,-0.06736538813363727,0.004334575891908561,-0.10924746057607186,0.005072380362470223,0.10065655372051346,0.0039405506054519465,0.02263040708320231,0.004877339162725244,0.044724487401553735,0.003902065455322528,0.05204529254205225,0.004872083629073552,-0.40406593724398926,0.005066896077090699,0.354347871806444,0.004719100166642223,0.28654589132617586,0.0049544711604113684,0.200813548543157,0.004643691671999767,0.13876170140816071,0.003775362618859699,-0.018603587110572223,0.003512086920291221,-0.05424864428618527,0.0037309746475996755,-0.0732622006788313,0.003535629755496223,0.025393772853333357,0.003553054113209432,0.014279228035514992,0.004432605169093284,-0.04471295000968794,0.0035539153179306336,-0.037428617165968014,0.004435013549052588,0.10860726326996784,0.004395883997843371,-0.009920554699958135,0.004091252886767786,0.05322910552494479,0.004379143467112197,-0.05401529666498041,0.004115915828240332
422,True,-496133.9119690757,43953,51396,6,3,23.32316780090332,0.0008506761434011693,0.003547197308919664,-0.03791262939488124,0.004118246453740401,0.09250191775092473,0.003545057456086185,0.006785067066559802,0.0041857243459007916,0.010339243774038175,0.00351135664559918,-0.2684444278502654,0.006290205869741484,0.1125564186575004,0.0052571616387345746,-0.09927968252291736,0.006343577245031707,-0.007906374621783088,0.005114073269758071,0.34890397908269155,0.0046242973353607525,0.17462969260829528,0.00492070546010115,-0.05677687724145345,0.004463139906738715,-0.1137548703312893,0.0049489642341318816,0.09764601183091622,0.003901894274892555,0.018803174551389332,0.005009776036533363,0.04596580412148019,0.0038645182383246998,0.05018917701484311,0.005002974820461766,-0.39923938233885947,0.005078856397269032,0.3580069231265553,0.004728407160197895,0.2881086091418892,0.00500385599062111,0.2017196688772671,0.00464352905175221,0.14249744992817262,0.0037792394453460103,-0.011834448347576805,0.003499396411209489,-0.043031416312103124,0.003727257234311599,-0.07607477833619021,0.003527470628787285,0.02642449587213177,0.0036980571439269843,0.009336353752117233,0.004302408932605273,-0.04230441706427168,0.0036988440042033687,-0.036155096725022845,0.004304083515757904,0.10193780053214795,0.0044495114876502,-0.026270281201572102,0.004084358019569415,0.0526860120443013,0.004437314732564053,-0.061146660285342554,0.004111911891040746
423,True,-494829.1532258566,44087,51072,6,2,24.854607820510864,0.0044913775391362855,0.003544836923527306,-0.030215626048475563,0.004082948524945971,0.09070362759772117,0.0035886314935186557,0.006165276569255029,0.004137185285651362,0.01658561952908785,0.0035545962496264173,-0.27039976410273975,0.006297504129375502,0.11988875926923766,0.00518821860090398,-0.0895333824405225,0.006344089185817341,-0.010774910210580612,0.0050352521495041595,0.35736693752014487,0.004583311305529113,0.16983039522223312,0.0049871400977446615,-0.057315341047739624,0.004408064355157806,-0.11756537561827778,0.005015709953777434,0.09099175112825049,0.003873968722318524,0.014751948723512142,0.005083522417707503,0.052656695459047935,0.0038416175583028773,0.05590262657928162,0.005075987506920236,-0.391812859448152,0.005122210136237166,0.35805617886518004,0.004714215561894562,0.2863800235031812,0.005045050816103996,0.20232270652816253,0.0046231123315843125,0.14471931860422832,0.0037603980616450093,-0.022083081492016727,0.0035648954638493858,-0.04254858366359737,0.0037044541155208262,-0.07754975408401535,0.003590029360751891,0.02521676692642793,0.003704365219932113,0.01967506141062485,0.0036986725693156954,-0.030443264781201348,0.0037049743428053125,-0.04292876808441688,0.0037011572390586787,0.10645695722706035,0.0045069915124682424,-0.02713984464328484,0.004032156944321536,0.051537620872828656,0.0044934828484684925,-0.05570221651431045,0.004056123434700188
424,True,-493519.07773525384,43933,51163,5,2,20.244208097457886,0.004005167058522689,0.0035645045009174473,-0.036185281698459366,0.004120391734554329,0.09324249137652918,0.003555274443072516,0.0036755896846120393,0.004185461717344757,0.014513020029251771,0.0035168317050420016,-0.2723642958231295,0.0062261210087967665,0.11465398691305773,0.005280582714839123,-0.09466097472315822,0.006274505600096818,-0.006306344801585402,0.005134696628057678,0.3503274954106042,0.004625043929839322,0.17322875344941183,0.0049568303994906495,-0.05497998517330878,0.004462434238388944,-0.11653183983500572,0.004986048374881922,0.09476682230671402,0.003982773988479923,0.021434760830143146,0.0050155565565626024,0.04843569849362564,0.00394767167024076,0.057844938170318654,0.0050077334463533565,-0.40412509886012443,0.005124352891273539,0.35418605394879155,0.004768862003032406,0.2850990244394814,0.005025668189391527,0.2018843696335204,0.004682944495635324,0.1407786751264134,0.0037275893670603564,-0.010940736642606197,0.0035289920035598363,-0.052373847657719595,0.0036799425545075235,-0.07730541491726028,0.003554759767186739,0.0276962877646146,0.0035741351578314454,0.014635392120307232,0.004224912523408767,-0.04212927203431754,0.003573826320045029,-0.03827601431944466,0.004227517053435673,0.10159104770366198,0.004536438460851991,-0.025376931991228795,0.004077918239497018,0.05532702162090398,0.004524394410113974,-0.05387444831872432,0.004101170248029306
425,True,-493078.6017706855,43926,51012,8,4,24.18389391899109,-0.0002697208333954529,0.0035717993900243857,-0.032042256399581165,0.004140220388378672,0.0936296197748407,0.003611713122533601,0.009799951244981188,0.004197321372049957,0.01178730525084796,0.003575189098480772,-0.2769754105092621,0.006374179241288443,0.11856867070841025,0.005325889114695125,-0.08904437339965737,0.006420551655510981,-0.005171237073321238,0.0051772897016854336,0.35249388116012553,0.004636520371875008,0.17562007841486285,0.004966746379190217,-0.05418240435696911,0.004466118609690869,-0.11287580988579263,0.004990364554615816,0.09993949066564806,0.003865809239710736,0.00829960775849695,0.005220691561938143,0.05676141094653767,0.003829253072573631,0.05405639438897679,0.005211571544010953,-0.4105025419699644,0.005124037241648823,0.35845807695097465,0.004824523382033679,0.28577757118173797,0.005003023032846125,0.20506288204568926,0.004744964574293251,0.14338777227859983,0.00384643879341443,-0.014425563394532015,0.003561236459848647,-0.04824967096813294,0.0037956832099550956,-0.08217430993534063,0.0035916083923119005,0.028038609331254134,0.003653390862711442,0.01231764447870023,0.004430301214086132,-0.04348907146760359,0.003653762636095126,-0.04021025455700404,0.0044326575148765715,0.0993363689211327,0.00451441479786877,-0.018636627959694164,0.004059707284698965,0.0464808585521288,0.004501949384980439,-0.05313113041514356,0.00408332108937229
426,True,-492504.82939805626,43633,51237,2,5,20.789427280426025,0.004404471443326255,0.0035528852236733494,-0.03431337230668628,0.004075182195429574,0.0905387105470614,0.0036239660634851656,0.0029940738782520022,0.004136561938989573,0.013726573434711068,0.0035901946645948957,-0.2640628948568137,0.006353940033252782,0.12112993872932137,0.005257999234836355,-0.08464213560026082,0.0064027957258056935,-0.0018641940779969503,0.0051056184173872005,0.35186899532860405,0.004583353095723715,0.16852645781757303,0.004981199863920313,-0.05195280298366097,0.004417681942911101,-0.12402026540039789,0.005016107139869188,0.1032827057229278,0.003847871768358643,0.018321179988483906,0.005079895430948866,0.05250319085010122,0.003810824239400725,0.044031376140385894,0.0050745068552316445,-0.40287731304825275,0.005130577626146815,0.352232557434297,0.00475810971863361,0.2929054536653185,0.0050391008665671266,0.20051832499855887,0.004676851906094164,0.1426453559852488,0.0038352286237472106,-0.01138784546659526,0.0035371171115637064,-0.0465571790217732,0.0037845417637162224,-0.08355568009532933,0.003567444337063361,0.02628641943605597,0.0035032568057349607,0.017885945742362557,0.004130812106404235,-0.04212389133301492,0.003503646695883021,-0.041151194794279145,0.00413347888465339,0.09064507431719183,0.004451603239285274,-0.02472237792245149,0.003998815563434686,0.04737072668670674,0.004443297297111422,-0.05421838798587439,0.0040220311465778685
427,True,-494210.31948340056,43722,51250,1,3,21.537095546722412,0.004726284332577609,0.0035669042504280165,-0.027888216516324678,0.004137298066809907,0.09501965626330394,0.0035883660200998644,0.0065302827699372104,0.004187440945416625,0.0048965991173198,0.0035518406423546956,-0.2700559195060811,0.006298578710707063,0.11404466699369069,0.005193443545097628,-0.08960870177877868,0.006345504703814405,-0.011522838014469239,0.005048209919148702,0.35258527149402297,0.004612620879535166,0.17255078862022927,0.0049407100487337055,-0.0514682746261457,0.00444208126337985,-0.12181350020302976,0.004970935511971682,0.09517133988300179,0.00388979937562475,0.014024314338105293,0.005063797073617501,0.0492712416285236,0.0038549192271230457,0.05919562322403346,0.00505477019926742,-0.39962235294457027,0.005108933168825713,0.3553582517197838,0.004757189455479241,0.29040124035751125,0.005027648242137126,0.20433453812281954,0.004678674807131619,0.14296461697575122,0.003717941362556453,-0.01493983849333473,0.0035692802874774414,-0.048645152092449274,0.003667514366569774,-0.07391031060058997,0.0035934288370417086,0.02647479032940796,0.0040875336583694345,0.022320965552655947,0.004149305722538148,-0.035737709474106365,0.004087742786695631,-0.047032638157312776,0.004152537551760752,0.1062608950934291,0.004438560907939123,-0.017509102911564156,0.00406448122593614,0.05022589896187271,0.0044250767049796485,-0.056637355582509354,0.004090218359156268
428,True,-491900.28601488273,43675,50954,3,4,22.051249980926514,0.001097120594127697,0.0035665637224788957,-0.02862092412185432,0.0040847329910581485,0.09452289283926607,0.0036156930311908335,0.008535015088985722,0.004136171582810452,0.010639395856196839,0.0035752900276883525,-0.26670786640533456,0.0063306349017337935,0.1181773335701671,0.005252446635448087,-0.08705371200850973,0.006377359362620218,-0.004865597287354678,0.005103667992542013,0.35863595262227926,0.0045844727904057895,0.17003423147880528,0.005003105752045901,-0.05370870353828299,0.0044085949459274475,-0.11354123757346996,0.0050303087634604796,0.09553186884633388,0.003884029440725581,0.011407013073639024,0.005095815277219837,0.05163448137347811,0.0038501977228489804,0.05376180083934129,0.005087158171831703,-0.4036522991379085,0.00510435975845516,0.3582529451877167,0.004786051588458971,0.28646398070927453,0.004985928325584872,0.19657568654419386,0.0046989894759270874,0.1460789494518188,0.003841295735524144,-0.01721334692117239,0.0035285125782393632,-0.04229459690823074,0.003782679402526233,-0.0794423299476318,0.0035558734678329392,0.02506178568874897,0.0038092239634426373,0.018858141987414534,0.0042820987281349,-0.03903208081468364,0.003808763072136686,-0.04215806041608875,0.0042857231164230136,0.10309391103390546,0.004501735799883512,-0.01661829916955741,0.004047824578671111,0.0483480015687971,0.004491099375470314,-0.0568162614680964,0.004072932920633148
429,True,-495685.4796576988,43918,51389,4,4,20.76860785484314,-0.003662996976094947,0.0035462499192502,-0.029531044793315867,0.004125392487183655,0.09771071070701645,0.0036109552597431527,0.0120871523036886,0.004177589872715102,0.01916581378903912,0.0035747015703929573,-0.2616989208635021,0.006351365998485597,0.12460670888528752,0.0052051154600767455,-0.0869951370559689,0.006390569616294287,-0.0056152911592050984,0.005046799008278041,0.35458695892407477,0.004530573338182621,0.16431838519609776,0.004974745315846868,-0.05221976521656951,0.004369035720823617,-0.12205477050996423,0.005008463285249679,0.09451054638122812,0.0038879509713184057,0.01653140937264447,0.005000464073272138,0.04663562587255296,0.003854139335526538,0.05490992861339051,0.004993321246173965,-0.3992282315795832,0.0051323904437388795,0.356763964808747,0.004732236047626726,0.2869677130847871,0.0050331564194232865,0.2038860125213895,0.004654114586426789,0.13378379634309956,0.003769033853652517,-0.016081844792370632,0.0035240888754628115,-0.04201326120477372,0.0037247841754088173,-0.08132263914619738,0.003553770530586835,0.026959237332711466,0.003574760185382966,0.017363058695144467,0.004235609450933639,-0.04090500834248243,0.003574446018266702,-0.038334987053976366,0.004238270997006598,0.10254459459447843,0.004535811336702082,-0.024775970669301504,0.004026803438301306,0.05326856421611206,0.004525848294687801,-0.056022907922351366,0.004050725766629929
430,True,-496967.604265996,44004,51467,2,3,24.460355281829834,0.004358810416910219,0.0035631925111034544,-0.032827975486966705,0.004124386926932752,0.09766216752482813,0.0035692468805955035,0.006413682795558234,0.004183352835292188,0.011120754848559582,0.0035288150068036963,-0.28113904015741,0.006204892919767103,0.1099336788822404,0.005389369344790699,-0.08397933313203816,0.006258411059420347,-0.008698167705258995,0.0052506983999568635,0.3453469618146506,0.004693084309744051,0.18097295972224806,0.004907720890495865,-0.05510854734845677,0.004532040061233879,-0.1260823129188494,0.0049419901619050235,0.10140626358314676,0.003943893947985722,0.016480066642108656,0.00513664393046979,0.04764040916958678,0.0039061438724821576,0.05954010159208736,0.005127710198340041,-0.4061772480757241,0.005037450053721552,0.3548614780625299,0.004799703825088332,0.28413549903308377,0.004936190551174617,0.20056372841644454,0.004708672252459417,0.14163067812274463,0.003842114496051662,-0.017564286224889338,0.0035710975414114687,-0.05087809337530493,0.003792843362253548,-0.07651984815448695,0.0035962887581168774,0.02747622566330557,0.0037464574841049926,0.017496615019803263,0.004088523850254808,-0.03830571912365587,0.0037476191761806267,-0.04283226736701611,0.0040906361525222,0.09581002171284403,0.004460483183103731,-0.023956908378520343,0.004095934264698179,0.04827178016412521,0.004450599744397581,-0.05954198679367253,0.004122068025653338
431,True,-493394.0535640442,43812,51113,5,2,23.595826148986816,0.0019922010408308234,0.0035682563241899346,-0.026201466348213687,0.004107900958470964,0.0941271638417561,0.0036348543617388514,0.008705259939152353,0.004154886169893838,0.005789895887171375,0.0035997115735535673,-0.2656043549168068,0.006377095553040557,0.12095038998677575,0.0052999645933607615,-0.09738763054117051,0.006431499463905958,-0.013500661376243665,0.0051439191552740725,0.3599553371216694,0.004582971482115952,0.17070019498086114,0.0050914566384208625,-0.0553542944323616,0.004402698446560792,-0.11294665223384807,0.005121173876110229,0.09875742617947954,0.003934136407531029,0.017515496326512888,0.005169197199944063,0.04661656631663215,0.0038960827869852404,0.05076279241296937,0.005162284402781961,-0.3979416807828305,0.005104965510283227,0.3574540142741302,0.004729683761383772,0.28867287342294723,0.005012573219844108,0.20182328016102669,0.004647730295915815,0.14344675853385364,0.0037491852995175812,-0.016823555546967454,0.0035452981093263107,-0.050231259268718596,0.003699070188668315,-0.07509881964729898,0.0035708142213662563,0.02281870736391949,0.003324230669320111,0.016614614214167694,0.0044468691576508585,-0.04329213321091993,0.0033249334934687146,-0.03828542991267726,0.004449198673922984,0.10125434656509251,0.004587829375125713,-0.0252884375242978,0.004080300377994364,0.052179811136145435,0.004576509675155906,-0.0637269598469791,0.004109576771905317
432,True,-495094.10046641587,43936,51333,3,3,23.544761896133423,-0.0018576046637695958,0.003571566917575692,-0.034106317503743495,0.004115899596008219,0.09291957700357738,0.003596106974904991,0.013870013220524256,0.004176197977430749,0.008939393145978405,0.0035599738850169652,-0.2626941464254113,0.006471401162741192,0.12023711090350415,0.005214511917387442,-0.08893908054355676,0.006521664927074247,-0.0003129494907947004,0.005062878550147156,0.35406827143217373,0.004586488277412916,0.1616420972559625,0.004995391815267974,-0.05998170595812108,0.004420858212777205,-0.1177043374548682,0.0050242375517766625,0.09583725238525866,0.00389361489665082,0.015435425371251189,0.005143296005131544,0.05571134197133798,0.003858590746039677,0.055099524046185185,0.005135447880625337,-0.4067180739209311,0.005082210269152261,0.3630542141350426,0.004789496187889209,0.28653246058238807,0.004953978286424036,0.2005506571182319,0.004707959659851549,0.1468445223872793,0.003818045273924152,-0.01936695251960303,0.0035592524540891245,-0.05083235746637456,0.0037640699796667697,-0.07884807915833326,0.0035865428056521334,0.0263236670660012,0.0034374248731921355,0.017883162380039,0.00405817017030854,-0.04308539736664514,0.0034381398190626443,-0.03926601407522748,0.004060923231862241,0.09981185054316959,0.004616068637427884,-0.027842585595614967,0.00402854929310954,0.049007393601249234,0.004604887465773383,-0.0599845605796358,0.00405527197131055
433,True,-492700.9016160625,43694,51135,4,5,27.67369031906128,0.0035475751886661403,0.0035820134144621653,-0.033768065341655135,0.004190262548840542,0.09721899733548595,0.003592215913965223,0.01023695126206304,0.004250661681860752,0.012235725589203338,0.003555334645392462,-0.2729261700149803,0.006258299630073264,0.11700883617681516,0.005270298338526932,-0.08803124155992514,0.006305646156021786,-0.011208184808923261,0.005120097259822767,0.3561619855057716,0.004628185436054457,0.1756021864329168,0.004975971174031096,-0.057684624685250305,0.0044621406726777545,-0.12088004702041727,0.005006847758628884,0.09440933372769544,0.00392566350363766,0.016789148130172325,0.00503759142546066,0.04432565880675925,0.003890822511246203,0.058613126181700004,0.005029831682404959,-0.4094459955820925,0.005081787553815396,0.3595337503439579,0.004839385942184192,0.2852937070223796,0.004972290233263664,0.20674777260818453,0.004752726347851973,0.13979009898124034,0.003773524898126843,-0.01062314868118008,0.003480634908932021,-0.04164412131033574,0.003723354422943593,-0.0740158870147217,0.0035062008709450397,0.03114738597861565,0.0038709932345810517,0.013353204986327942,0.004231304887156125,-0.0395565857512584,0.0038712925928939394,-0.04354524886073618,0.004233633655763475,0.10332496732183984,0.004474642064440414,-0.02215162203643115,0.004070988063020704,0.0503584672602082,0.004463836887755875,-0.058846166617533065,0.004096834477463369
434,True,-491366.5975784592,43770,50847,5,4,22.648486852645874,0.0009094639999097106,0.003565851673955238,-0.029602197214720072,0.004135697622907044,0.09681765077600404,0.0036198691531520322,0.009300886757587,0.0041882843566127745,0.010595637875791389,0.0035831940798170953,-0.25233542700742634,0.006397094398844256,0.1227144311161062,0.005139191924695524,-0.09872695686269406,0.006443463002473588,-0.006313466762753008,0.004982565664158552,0.3598688430792745,0.004544719448950511,0.16318668643259168,0.005072660005509545,-0.05929016072864516,0.0043759385438346425,-0.11240008420611618,0.005098515417740685,0.09950518139593666,0.003893121617216811,0.0218310705945121,0.004959329431728652,0.05132926936226322,0.003857759110484929,0.048516325787263996,0.004954545281417128,-0.40293308900843555,0.005122153729453583,0.36213550092118196,0.004759569830503091,0.2893342013892215,0.005014707821531986,0.1993039722593733,0.004677658968615908,0.1434620699031745,0.003792697818357294,-0.010816697460770524,0.0035230524182216,-0.044246125220282935,0.00374088164785505,-0.08083554564637577,0.0035527007320533648,0.02169806761673442,0.003814836205504371,0.020872285832621643,0.004012839141051437,-0.038811039039903704,0.003815917608522457,-0.04909325493592014,0.004016147076484949,0.10031080664433971,0.004519498595480314,-0.01852189031620496,0.003991244598673545,0.04272237575286496,0.004509518586626453,-0.06019140561347826,0.004017175899354709
435,True,-493976.8077047649,43779,51199,6,3,20.439056634902954,0.0013260219061826152,0.0035625271559967565,-0.025489749063057145,0.004150254644781735,0.1000175013557382,0.00362149904945042,0.005501615684428237,0.0041960828721723745,0.014911432601756517,0.0035852724007347197,-0.2753235199980606,0.006188481952139529,0.11644868182431949,0.005290627052936218,-0.0820129632216237,0.0062364160793452975,-0.004794214000593854,0.0051441281942242525,0.34914525383967754,0.0046022368326335385,0.1695625588285892,0.004924979329049907,-0.04834567607108631,0.00444214957204072,-0.1271537126715001,0.004958797481676693,0.10201436115171118,0.00389339700328759,0.017452436819586293,0.005034627290728243,0.05336188534927106,0.003857282882530182,0.052991133119829587,0.00502807785278473,-0.4061755974864171,0.005076941486740694,0.3566827214684637,0.004801616730146886,0.2824459090880224,0.004954666424540386,0.19769795653047864,0.004713143106394544,0.14048307672198868,0.0038637576377452357,-0.009020146643925307,0.0035286410071587978,-0.044389147988655946,0.0038117212921720393,-0.07817924025279217,0.0035550631506493647,0.01758041907001105,0.0032181267467874695,0.025346558673969677,0.004744009883128691,-0.04414279263416473,0.0032186911925601194,-0.03615677384801766,0.004748255663892597,0.10243448418769174,0.0044138153040283136,-0.023009506447906614,0.0040664647584829254,0.05424096676567675,0.004403124732107164,-0.05406952213133886,0.004089310620335535
436,True,-494621.12421697495,43967,51251,4,1,20.2588472366333,0.0027643883775324064,0.0035758167341095734,-0.028136309889542306,0.0041225935010649395,0.09589353920443197,0.0036136746572964463,0.00396367139720659,0.004173501584743261,0.01605765381642016,0.0035768473566225216,-0.27086929104478263,0.006282667613260238,0.1164718152546493,0.00532572847111433,-0.09660524133588336,0.006330799062102764,-0.004036779918984011,0.0051786280028561,0.35423020214649775,0.004627867342991302,0.1697913723940753,0.005005732953236615,-0.0551554901062019,0.004465380015855506,-0.12477660961451309,0.005040311431109054,0.09360530405452328,0.003946833148997527,0.020437600228517067,0.00504403302924875,0.049045453688219304,0.003913453905057466,0.04935147844895078,0.005038098031572382,-0.40722762718983024,0.005136166137520446,0.3529096709003797,0.00477098036546696,0.2874624362643041,0.00502592783782327,0.2070216220723355,0.004698788770104602,0.14921950206946558,0.0037831042492601314,-0.00895935849447405,0.003564010824359455,-0.0478350520859748,0.0037276834545773006,-0.07867482216321757,0.0035925563466849817,0.025316828138617846,0.0037290270219470963,0.01251414985461276,0.004221226746556871,-0.04171548739110843,0.0037299839109227622,-0.04070923767376609,0.0042232548108039475,0.10451034837109681,0.004487717150076863,-0.02733439082241195,0.004088676820770117,0.04812086612445484,0.004478301050578567,-0.05631284991863199,0.004113523275053028
437,True,-494207.46243841783,43836,51247,4,2,24.74670672416687,0.00293255320760811,0.0035319171184072535,-0.03533501918545929,0.00409000567297749,0.0966511435713488,0.0035652637394086046,0.010857156136732469,0.004151732220833894,0.013568540058870263,0.003528220677854658,-0.27410041352226694,0.006191169120526937,0.10994826516761162,0.005257594500699002,-0.09591907038792485,0.006239606622105015,-0.01601917811161339,0.005119401703681769,0.3457756278685611,0.004604954774458284,0.1718928724701439,0.004877331138344768,-0.05653507191581513,0.004450981109553541,-0.1179696970249125,0.004905018815935482,0.09338233253397218,0.003971174852636889,0.02477073516478496,0.004850778280938564,0.04441657960631367,0.00393630621818445,0.05559900300233307,0.0048456841228089595,-0.3997880620919137,0.005028934250183508,0.3502164646512147,0.004728718839536545,0.28117256841362614,0.0049161185426468,0.195643748502896,0.00465121409121149,0.1427383766054117,0.0038035844238595404,-0.007194420846940102,0.003481090507271967,-0.04753825668464975,0.0037526556560157753,-0.07655666975966935,0.003508124569931866,0.02306929833436785,0.004215312477718526,0.015364156380748104,0.004344464543238308,-0.03927284897379669,0.004215317756270083,-0.044946665504512595,0.004347506784311813,0.10231562975721138,0.004391545380025136,-0.019894023690710312,0.0040496005807064295,0.04671473007437067,0.004379163111458845,-0.057587812383902204,0.0040755142033212614
438,True,-496028.4193123677,43915,51380,3,7,23.661987781524658,0.0010462871671616828,0.0035487884485924793,-0.029569115612363427,0.004093990775588054,0.0967712791095766,0.003593565942399826,0.008419166610998069,0.004146404295228705,0.00775022046286275,0.0035566597265792874,-0.27037251212374724,0.006271310585586023,0.11944240114932395,0.005250967057259895,-0.09089003027276983,0.006320550975638838,-0.009391689659624716,0.005098295582035621,0.34980818684925663,0.004560563377370561,0.17219952210309794,0.0049316989213590125,-0.05533524649302364,0.004394779012178898,-0.11101943326150525,0.004958009535445997,0.09816832070748807,0.00384354010203546,0.022859202907058652,0.005043560944311921,0.04437423365613484,0.003807757561481261,0.04586063569360094,0.005038949881082338,-0.39357017156006757,0.0050666357191454185,0.3544709186550486,0.0046900944780619725,0.295717605561257,0.004989193966453298,0.201633546738997,0.004615819266113315,0.14075334515669335,0.003786297830803222,-0.011497466552548624,0.0035304797992168836,-0.047940384619254456,0.003736197480343485,-0.08259240770024374,0.0035615024290689954,0.02872295431630967,0.0037703088612162264,0.012659135372144388,0.00424464622229042,-0.03548580572997454,0.0037704273522225972,-0.03742934824705086,0.00424645832004088,0.10055730318886277,0.004544182075442725,-0.023010426252166934,0.004070144690790824,0.05014639524273885,0.004534206310734464,-0.062237274712104426,0.004098109160142616
439,True,-491611.5167882162,43605,51013,6,1,20.948715686798096,0.004580650497658157,0.0035636731172988966,-0.029482964747293602,0.004132953085067781,0.09721289274312321,0.0036306952509628176,0.004449693172120203,0.004185513580502824,0.017825376420006308,0.003595220772622635,-0.2594034051526507,0.0063828729902922115,0.11758687389645707,0.005173339716489524,-0.09326128160649624,0.006435459356960488,-0.008614782717620457,0.005022644096824002,0.3534517099115977,0.004593478178783716,0.16690316556052054,0.005008214085178899,-0.061724792994714,0.0044237560197111355,-0.11875058720256024,0.005037556143502087,0.09330663596072275,0.003936991962178731,0.020417036416666513,0.0049987178175509555,0.04772824727728881,0.003902612991700543,0.054461806853349594,0.004992192516582679,-0.4033029512244236,0.005113992737357506,0.3550288939015419,0.0047770503737372206,0.2889403197099055,0.005017301707127707,0.20257458180615423,0.004690798921112532,0.14270926833123593,0.003808944212199966,-0.0132606500447434,0.003525647102065273,-0.0476842298692072,0.003759220774351144,-0.07804948402418735,0.0035529056679377818,0.03134527972126929,0.00420221003454373,0.010337891184315808,0.004330506733424132,-0.03808875349092514,0.004202627930976958,-0.03801511253694719,0.00433206606208846,0.0983002063711603,0.0045403899543812005,-0.025129055481098804,0.004022886029856899,0.04928501796779579,0.004528906524492533,-0.06452795795242915,0.004051630930334196
440,True,-493381.583361018,43860,50931,7,5,23.92799472808838,0.002757749949829236,0.0035510196463333643,-0.029209982885407288,0.0041156374706441635,0.09530754043243721,0.003590370179723774,0.011972800252210376,0.0041675656000739175,0.00765735257717605,0.0035527390330441925,-0.2672772929701036,0.00628213582811244,0.11003692867497669,0.0051625730506749175,-0.09483627786257315,0.006326905481161927,-0.008116268866445467,0.005025675323156619,0.3567433442641565,0.004595385290155703,0.1684089494460394,0.004961945525062722,-0.05978938713277091,0.004425336081480392,-0.11708215361519092,0.0049849596702425695,0.08863562278382899,0.004005222981482642,0.026735442175545753,0.004903406827438418,0.0436535439652584,0.003972443769793843,0.061225581437749,0.004898185384057464,-0.40044500093687824,0.0050291942657357475,0.35289471302351777,0.0047136616308628716,0.2829797071728459,0.004903589577139071,0.2019962756725789,0.004622768287654384,0.14072926422664944,0.0037728880574707684,-0.019819202606593905,0.00351453243164992,-0.04218499623054462,0.003722928513067409,-0.0748984041402845,0.003537570521642413,0.02072854086573321,0.0031249683589778463,0.014352374784649086,0.0046365904028845915,-0.04948240526588787,0.0031265342420548014,-0.03547545063395553,0.004639201935869139,0.10210003145909087,0.004413083525023399,-0.020450042712296033,0.004080055526116997,0.04855244965353381,0.004399085350322527,-0.05853234950583075,0.004105502332716355
441,True,-496218.38882519025,43897,51479,5,3,19.806387186050415,0.0034392663945239997,0.0035498349819988295,-0.029808779683714568,0.004084379010154507,0.09303299775653172,0.0036179878582966785,0.0041176827983994,0.0041375714535622984,0.013667001026835374,0.0035825967782693014,-0.2739930416557222,0.006232742804163038,0.10845328660762646,0.005304490895542757,-0.09323514308716628,0.006280731497465058,-0.00917686497867091,0.005166781220775363,0.3519527978107783,0.004636460713658808,0.18039830486569935,0.004927333799769888,-0.056780932586361764,0.004471670385856649,-0.12450456398764605,0.00496108968942026,0.09571563047801021,0.003988056088280724,0.023359358221131128,0.00508008621436266,0.04657057082319897,0.003950349745509784,0.05752964878883772,0.00507280460805267,-0.4012630396045299,0.005089123319151897,0.35080435540910965,0.004742320848665964,0.28781536567317106,0.005003127834510943,0.20887191685485546,0.004674763521816582,0.13984656109634444,0.0037366053154071262,-0.016077784439345107,0.003504511197950375,-0.04015785897292967,0.0036849001121598045,-0.07877214216930536,0.0035329683054482015,0.020948693655085206,0.0031751563946706045,0.018538737568096285,0.004353679142166645,-0.04196254048531079,0.003175790215301734,-0.032335302698806766,0.004356127977497221,0.10251527917863185,0.004433757914007865,-0.023501925477734192,0.004115519228819922,0.0531324921699957,0.004423013749503537,-0.05673712776165549,0.004141522094151741
442,True,-494788.5363117042,43864,51237,1,2,17.12922978401184,0.008032323870049228,0.003556289368516778,-0.0332743693923784,0.004135552756923355,0.10179365503312475,0.003609558466429385,0.0004797205769003533,0.004194904915413169,0.014259058142487256,0.0035723721453379213,-0.2725344283138249,0.006280952402392021,0.11348262405232216,0.005240982534564622,-0.08330422384785523,0.00633066637818185,-0.006265203730422204,0.005098088271495003,0.3562455956272735,0.004611119060725447,0.16667656023866714,0.004950655599459583,-0.056601820342476454,0.0044412102251130915,-0.12511784568131357,0.004985150789754226,0.09955772465832781,0.003899963989678058,0.0168507341355666,0.005046445423170062,0.05265238108211632,0.0038632848171793114,0.05411014784233444,0.00503884218520071,-0.40481057721461183,0.005100741399483673,0.3570295262089321,0.004772109690551772,0.2882452587581398,0.004992603362491889,0.2000793384839687,0.0046911577741016695,0.14978713432422666,0.003822231595745212,-0.015248909910718127,0.0035486453814846746,-0.04594543845493021,0.003764369908249389,-0.0770826771270375,0.0035748615453273175,0.026728402186455363,0.0037186806359215787,0.017325726663788645,0.004755903089513143,-0.041226941415702566,0.0037189948195399205,-0.038429238130001375,0.004758165769195611,0.10485273257782139,0.004481187737551036,-0.02362152825611231,0.004061708711975326,0.0497168872731785,0.0044699222732718265,-0.05802141828496146,0.004087589442146009
443,True,-492553.2027150949,43800,51118,0,1,20.339674949645996,0.002241735057012298,0.00359561173993602,-0.02656166715701553,0.0041848409068855385,0.0970919388100666,0.0036355491959114052,0.01083912349075007,0.004232303150265158,0.012061165422331757,0.003600318193445719,-0.2784067960213479,0.006229936066355122,0.11313135256774978,0.005343894389029681,-0.09768267719391435,0.006283593166232145,-0.006256202468422377,0.005200371994940191,0.35550884995516646,0.004656774748993045,0.1775336230028228,0.004991275459227939,-0.05029938090742667,0.0044808935299695376,-0.11849383544789337,0.005018346192171456,0.10504601827955114,0.003926790462778926,0.016507107216171223,0.005065389142614863,0.05149302772331715,0.0038863004882038316,0.049112176962587906,0.00505820645477471,-0.41039767048416925,0.005117666699307398,0.3542626255391121,0.004843316544503434,0.28919468786204783,0.005009841804643793,0.19665423151779177,0.004758234679105082,0.14230877401311323,0.003790491914091892,-0.013740065212479082,0.0035472175771647085,-0.04809346770259958,0.00373929609868911,-0.07591226321589593,0.003574151154871191,0.028192668914936166,0.003620852391469828,0.013028355806805312,0.004348050002721952,-0.042379755258409646,0.003622159470468729,-0.0400681824181676,0.0043496659485930175,0.09858774016076946,0.004403529907913002,-0.018526234466048286,0.004140139870329015,0.05589170988204872,0.0043895685146805915,-0.059117122080238255,0.0041667784907351135
444,True,-493615.15829272557,43927,51099,2,2,21.156850337982178,0.0042214407509517365,0.0035719737909513365,-0.029112885026049435,0.004131172302728664,0.09943589815134886,0.0035942974168745915,-0.0021616370158555514,0.004184320383418219,0.01559635330121393,0.0035531375712536607,-0.2587053876933147,0.0064184926426786495,0.11791627980430701,0.00520707211215196,-0.07956900504056816,0.006468112445931881,0.000682866162660738,0.005058437493168193,0.36516396961280745,0.004542538944428701,0.16257778009357743,0.0051257256859016664,-0.04845712384274576,0.0043605561549850645,-0.12213852812406044,0.005160878525543341,0.10002867616050758,0.003850577171427594,0.01660049256109329,0.005173623286763086,0.05096077181433968,0.0038144389997080276,0.05332924008369291,0.005166427454623435,-0.39608270616777713,0.005155456274514438,0.35339923924477323,0.004764151653735772,0.29196314933632855,0.005074329755978407,0.208007984230033,0.004696696441106022,0.1454167584258341,0.003821378803644226,-0.012835979060800142,0.003539818888139651,-0.043381112512044594,0.00376528454193383,-0.08231625734865787,0.003570145560994517,0.029871555383988998,0.003582079050024866,0.01448755607123495,0.004419839174955158,-0.04266139906270704,0.0035823383224211397,-0.04054758208558647,0.004421948278054863,0.09591756622919104,0.004540039202226952,-0.029130942329275385,0.003985011522161142,0.046167162619664935,0.0045305989564762205,-0.053633143202422254,0.00400855223178122
445,True,-491981.73093864846,43683,51046,5,1,20.636350870132446,0.004602295849786757,0.003548826152179338,-0.029167975436163382,0.004090622870972158,0.0920932733432571,0.0036134976642797044,0.0032447536285390623,0.004142846396448536,0.01147369897080292,0.003578440140177687,-0.275827118577071,0.006114977640064903,0.10498200626614147,0.005324247462230125,-0.1013215845840286,0.006158525497485297,-0.01628528802681394,0.00519282882437805,0.35477935895886864,0.004562545607970259,0.16975185215440083,0.0049887450116231705,-0.05845065923116424,0.0043935344890345665,-0.1149134321611177,0.005018076666649905,0.09840887473960606,0.003933404254185402,0.017516128035142395,0.005067497246727736,0.0552850371571488,0.0038989412594128757,0.049044377487406456,0.0050603771167639765,-0.4036895378183802,0.005093994162150888,0.3567630964348048,0.0047836107417559585,0.28256601200595133,0.00498906993246244,0.19223838611303673,0.004700978836360332,0.13894516224248904,0.003811351097962216,-0.01444024376382578,0.003563577818321381,-0.04717788422933591,0.003762518725411196,-0.07463139028366646,0.0035897323250670353,0.030610944254771583,0.00423384428287375,0.015401816822299925,0.003744787030331134,-0.03212783189097299,0.00423346058017157,-0.04071359999525278,0.00374729219729633,0.09999639718436554,0.0043166857863522565,-0.01646421397686859,0.004064100736977911,0.05086398010378722,0.004306093029433282,-0.056652621932202434,0.004088955917890207
446,True,-491041.97426173335,43511,51066,4,1,22.013561248779297,0.003622314257100529,0.003604642658557584,-0.02649418433693058,0.004166664583139265,0.0988599058699249,0.0036453568571166994,0.007192311872276195,0.004214442839426115,0.014680731903058223,0.003608860291844681,-0.26575924434367754,0.006492187337739136,0.12473329538418537,0.0052938275329996445,-0.08653301928467204,0.006546087451318375,-0.0003306284530197106,0.0051317802284378015,0.353188762173004,0.004688574146078677,0.17084522303947994,0.005029181275758514,-0.05693897245474257,0.0045251763355964175,-0.12630831875809395,0.005064690695551534,0.09588033426614975,0.003908111783057227,0.01928196309356789,0.0050264345398883005,0.052440864294693704,0.0038721496186580615,0.051175340785975056,0.005020229513174834,-0.40881154078376875,0.005199800941678438,0.3585672722000382,0.004836421027722435,0.29652849024796535,0.00510113449526852,0.20585183526930098,0.004759249092772362,0.15021956266642167,0.0038620219082323797,-0.01226280367228026,0.0035821669760274944,-0.04439829174696372,0.003803132331506786,-0.07887886117642544,0.003611390355897012,0.02150399832941318,0.003673994590273881,0.01616079672871159,0.003988817321556673,-0.03710438237474441,0.0036742019988605062,-0.045831538131714,0.003992401736412434,0.10533076615045354,0.0046603198451615315,-0.020442284301509583,0.004187965457574965,0.05791126722654529,0.0046475299469272945,-0.05565078320012462,0.004214837721039834
447,True,-494051.1305416558,44233,50870,8,4,20.823256492614746,0.0030403436337498964,0.0035355893479069606,-0.03266210265113312,0.004088323419252308,0.09209253922565415,0.0035955230342112772,0.0062426039287350925,0.004146398308947286,0.011635912731643041,0.0035618992920748668,-0.2725267302632729,0.006219847848232276,0.11395974907064049,0.005217709492352134,-0.08658306097063305,0.006262194585557689,-0.006486828961913822,0.005076991464673753,0.34976479519598314,0.004560023952949613,0.17007591785129453,0.004909844280552712,-0.04733390934591598,0.0044061867762698855,-0.12644090414424697,0.004939640842498529,0.0977054653364593,0.003926871533973596,0.02275027749103251,0.004943416953401014,0.05043997901894757,0.0038910962198866208,0.059824453566615816,0.00493769261579386,-0.3939510753683227,0.005080161982047582,0.35924135774129073,0.0047350670486261,0.27883082575117685,0.004966443853044653,0.20208044732198321,0.004657763475894303,0.14236287060993433,0.0037612121650708184,-0.018950085600189244,0.0035795747399015505,-0.0454224906004658,0.0037109045857647276,-0.07116434364555936,0.003601644691347378,0.029491535413539115,0.0034394672495998116,0.00889082615861291,0.0042814305437100875,-0.0429279757095024,0.0034394071835140393,-0.03611283695355666,0.004283563483158601,0.10122422475155976,0.00442417172761311,-0.02603860655613125,0.004092019987778571,0.05448917530254891,0.0044126240336805015,-0.05655408424566078,0.004116603938700837
448,True,-495124.8520674503,43857,51378,6,5,20.955124378204346,-0.002275502891544668,0.003536242842882447,-0.03736190019216988,0.004109569518244594,0.0989635342132699,0.003565046094642013,0.007634955193437056,0.004174993958482149,0.015224314011968559,0.0035267689050379326,-0.27993069631971834,0.006104159221144153,0.10514810706435801,0.005338568261570258,-0.0930828677248831,0.006149947002416114,-0.006709629328796479,0.005209364142651418,0.35502050509916067,0.004540440054862024,0.17134406753097103,0.004949091868774528,-0.052915589602045864,0.004367836404433243,-0.11475135778564274,0.004978403622486159,0.09830620945214388,0.0038746993805701376,0.01478666000474843,0.004984799491271311,0.05109002838577446,0.00383916567314822,0.05106813977919014,0.00497661681010119,-0.3981070562676034,0.0050952509224909456,0.3530463474844001,0.004745057103247883,0.2857776690469305,0.005005724741420499,0.19710081278734584,0.004667023225899013,0.14149039881142866,0.0037396694541030795,-0.014759548884283942,0.0035623594121347805,-0.05340354369011223,0.0036923802356098757,-0.0783475277720233,0.0035888376172290705,0.02534425990125736,0.003798577483573452,0.018533587331685038,0.004251620239144755,-0.03682491343494525,0.0037987440238024636,-0.04028408052202438,0.004254021837000874,0.09909511141604667,0.0043535949867819996,-0.024991166040442474,0.004063158754317274,0.049181382919853855,0.0043423679512337235,-0.05163432391385072,0.004085077307177655
449,True,-496701.9087091795,43951,51402,2,2,28.42097568511963,-0.00273151218089361,0.003551894536755798,-0.02388465696814891,0.004084507031873629,0.0986091567650149,0.003653978747114428,0.009446768309640042,0.004127049115999728,0.01600873050156728,0.0036156387674172587,-0.2684502688498903,0.0062328629261897564,0.11363305135563993,0.005231946353891526,-0.09401206050726758,0.006285001119446976,-0.008234889218537503,0.005087146842312316,0.35722580653550956,0.004587175363824632,0.1688583108360581,0.004965503057617073,-0.059528848764330636,0.004415241399528452,-0.12004003129433417,0.0049982984837179546,0.09587899176220273,0.003957320739098914,0.02154840746538781,0.004961459099986266,0.0488174878373035,0.003921660255140625,0.057350508233066394,0.004954447023093083,-0.3995613238537652,0.005082207433351475,0.3629928813940045,0.004747215118617522,0.2835102051526599,0.004990396209726687,0.19993753047235768,0.004648991734060924,0.13722660323840066,0.0038562589912666855,-0.015515017356883456,0.0035204842814316063,-0.04335264592127565,0.0038066861832859547,-0.08083085304552112,0.003549323063233698,0.027734134322915403,0.0033042606641068653,0.01731877980966483,0.004217212857693348,-0.0409454422023643,0.0033044063873466202,-0.0333684389769661,0.004219095430404873,0.10144015987970778,0.004415351778347641,-0.021278826102653,0.004073797007552631,0.05078591981797736,0.0044026012464796855,-0.05503011134143297,0.00409831529901619
450,True,-491886.962935388,43421,51291,5,4,20.73202347755432,-0.0036258784576078578,0.003552900240701483,-0.03420011263117481,0.00411525506710722,0.09413401806042657,0.003596917785341779,0.008029629020444838,0.004176073010352728,0.014541742255013522,0.0035619130356429034,-0.2700497219221592,0.006385177734072171,0.12674003026921024,0.0052787464068745,-0.09085989941367574,0.0064337386701030525,-0.009868956972200445,0.00511475359793429,0.34386752528937925,0.0046231291986717086,0.17743284236695592,0.004884550012669486,-0.054174682250672575,0.004467455334104603,-0.11182758491790903,0.004907454083464688,0.08834805524280867,0.003883966755366748,0.015159538912878755,0.004974185468957422,0.04851934007776602,0.003853829806071283,0.05522536009078326,0.00496669340634295,-0.402241535353063,0.005108382057890408,0.3606316385434502,0.004771899811396373,0.284863490269523,0.005008272333838088,0.19701385083803608,0.004676651742778911,0.14310808079790993,0.003822245126394118,-0.012499214860521869,0.003517924167589087,-0.04275547890713566,0.0037705778792006383,-0.07681965004028014,0.0035435430804321424,0.022738792255207845,0.0033425293732541068,0.01062313471445372,0.0046605098152316315,-0.03944140746883087,0.0033418948961684244,-0.030135503852245567,0.004662449918567541,0.10688872875513711,0.0045868379333892885,-0.020492611266893432,0.004137326632034247,0.05409475154431421,0.004574626385956154,-0.05877162392481142,0.004163919514304797
451,True,-490085.5561405313,43698,50777,4,2,18.63687801361084,0.001150112944973392,0.003576173642338198,-0.026781973657484,0.004139087930760051,0.09986913292714786,0.003660758009215108,0.008960620356936651,0.004187048015245508,0.009836678520829846,0.0036219891870707044,-0.26625230256427906,0.006273147122365812,0.11929041888713778,0.005212506563230211,-0.09077197424166511,0.006317300581625684,-0.008571469730714121,0.005061121088713033,0.3664027064061769,0.004571007154833577,0.16660431425891614,0.00504743675907993,-0.05299710442266552,0.004384473204032309,-0.11297029961116038,0.005071784099201821,0.10469659033274605,0.003857659939568288,0.02063617779741118,0.005018204383388534,0.05234636380783868,0.003820433151227102,0.05040368941700879,0.005013266824294499,-0.4063104286546138,0.00507943988387471,0.35241361390654297,0.004775392956996567,0.28040529016257326,0.004952873633084835,0.20095517591401182,0.004697153703773358,0.14213864019705777,0.0037701511311629015,-0.014472033078069074,0.0035512778213029434,-0.046500214984929865,0.003716986984716383,-0.0812467537792677,0.003579334070864231,0.021536581848865907,0.003505113195494691,0.017607850912076558,0.004076489029629919,-0.0405885749966228,0.0035053361654633405,-0.04143971027538748,0.004079825634115413,0.0955824313255342,0.004346648707727865,-0.022996675515507325,0.004003195147576907,0.04889971200952733,0.004333984769321633,-0.04730833132080911,0.00402251632279993
452,True,-493369.4421965771,43657,51301,4,5,20.092278480529785,-0.0005469323518517724,0.0035707480763698574,-0.027662670989711875,0.004134008210626308,0.10089104400911099,0.003611937775750898,0.00969446011944777,0.004183598355490554,0.013362846852532102,0.0035734935651529362,-0.27381341963996125,0.00629579064674473,0.11304490239412006,0.005348784815431435,-0.09692213713240863,0.006343492278046638,-0.01529394571251033,0.005204405017762347,0.35256858007233105,0.004623691133183447,0.172867492745464,0.004936500333152431,-0.055893344987642514,0.004458865259262074,-0.11409802876655523,0.004964453296941993,0.09853579322166038,0.003936631846527965,0.01783054202735928,0.005034235563911563,0.05538574641008739,0.003899753498817719,0.05527791641765074,0.005026481833164984,-0.40276911271244403,0.005077750182357311,0.351542281761743,0.004790598871256699,0.28984348539977683,0.004983344562798168,0.1983336408294498,0.004700454323284308,0.13265071389366745,0.0038306494579404436,-0.019329068968153937,0.003543631924490165,-0.03874422184628124,0.003784569711231422,-0.07441060563833977,0.0035689472793007417,0.023127095763944762,0.0038492148472003226,0.02229456772577787,0.004073309658905021,-0.038071559025032446,0.0038500551262776422,-0.04569325417934208,0.004076141237514446,0.10056004201580376,0.0044308373103725505,-0.02074274113520162,0.004121006719228726,0.05329316984083197,0.004418141029835851,-0.062945354608586,0.0041493741880337725
453,True,-493824.83111308,43754,51179,7,2,21.77927017211914,-0.000920203097816611,0.003546332714911331,-0.026686063837413378,0.004050234567825043,0.09219435728920937,0.0036048365893793766,0.0024209484256985333,0.004098357598428558,0.008915686194264999,0.0035666946691090924,-0.2670129247979231,0.0061679759229151514,0.10949468955391188,0.005195998278468087,-0.10024819423528282,0.0062139640019880146,-0.008420189506651672,0.005058616840045338,0.3474410276366622,0.00456998744209682,0.17274117944226233,0.004896396258673656,-0.057747014713534855,0.004418062391629985,-0.11776669901196979,0.004920964893141248,0.0966176526109393,0.003966514301690487,0.024876706686158826,0.004903896438413762,0.047185904080225174,0.003931255520179666,0.0562945390322568,0.004899007993905176,-0.39597788936082284,0.005082331385973871,0.3586847011159796,0.0047264466455088205,0.27968347027675794,0.004979846474712353,0.19952031110378557,0.004644819184703453,0.13441967878899486,0.003778485470349456,-0.01342434771784863,0.003529245989357439,-0.0431872665125293,0.00373385950374544,-0.07485993511608482,0.003554630317583623,0.027368129321038517,0.003613592712938823,0.012818398599938136,0.003926446943493537,-0.03669914121727079,0.003613383776777001,-0.03941537999620031,0.003929044357301952,0.11058299599770276,0.00439868817790003,-0.021946650380686356,0.004118072068163896,0.05241120645095888,0.004385967156387151,-0.05551458074605639,0.004143064647543565
454,True,-497022.6163077962,44031,51458,3,2,21.853365182876587,0.00868552667032049,0.0035796136311366956,-0.025599583212080314,0.004116402680079305,0.09666155418155987,0.003651228970883431,-0.00039619390419673586,0.004162996360648586,0.012494221262505049,0.0036134764358827774,-0.2716475365975911,0.00640862994150543,0.1199318319715368,0.005358208571234482,-0.09827563775425335,0.006460796867028616,-0.012064281367059585,0.00520423995112828,0.35008081547947933,0.0046639648947711075,0.17911715670683057,0.004966528834273354,-0.057895618667130756,0.004497522817927785,-0.11685380603310225,0.004994230735022123,0.09494705181306592,0.003939318270186642,0.01855276011292838,0.005021377701625338,0.0507415132399057,0.00390397950618758,0.05455715509746169,0.00501429448123156,-0.40906763232790483,0.0051295241991839565,0.3579282851255702,0.004820086134160234,0.28920072275258274,0.005024485376552571,0.2010673756167789,0.004733034741322613,0.1409633754323606,0.003872217574241403,-0.013335202584438037,0.00350597006344312,-0.0434396087761911,0.0038191269231012148,-0.07947823328128747,0.003535266860193898,0.03246943271570321,0.0036730875614999895,0.012916042877196304,0.004341006923787091,-0.03968742455940059,0.003672062173823017,-0.03496950503680701,0.00434324481454418,0.09834299104645393,0.004496045799440806,-0.02204850586213644,0.004100067134892244,0.048129336998927935,0.004484108217190786,-0.0564832609378308,0.004125508155714777
455,True,-492189.8610809131,43293,51379,6,5,20.72788429260254,-0.0031581943751706563,0.0035480338777628103,-0.02925863741798085,0.004089812810205812,0.09421963932101249,0.0036251037043407482,0.0047537919106505604,0.004142219141045604,0.01638469167848876,0.0035898200461525853,-0.2636713856830984,0.006309172330909801,0.11344328591460001,0.005224320529185027,-0.08259807309663748,0.0063574634434110724,-0.0039590915229075875,0.005081814998284576,0.3568242368787608,0.004586225886967704,0.1672421476073158,0.005006160165044269,-0.04674940374173833,0.004417436426176696,-0.12672708195415883,0.005043587806786844,0.09366944045929372,0.00393052074966246,0.014756085906207488,0.004998393727810984,0.051261725378208306,0.0038975650744106707,0.06112991861635189,0.004989897895208849,-0.3934165775920197,0.005120381290076558,0.3583976420567579,0.004737485573793291,0.2903032830302911,0.005039576511966437,0.19441607063135447,0.004642137255675293,0.14339132319327635,0.0038099688301583916,-0.0202174041266231,0.0035936422473499615,-0.04377986211047619,0.0037560918135946335,-0.07598536120343768,0.0036194908913101177,0.029136153419319404,0.0038855736372586367,0.019316456316754584,0.004227672027863581,-0.04201862837620318,0.003886501493686234,-0.05011872153579314,0.0042303310141322764,0.1027658949316091,0.004512750002254345,-0.025048508212532693,0.004057794079136356,0.04599963763403305,0.004501792019875016,-0.05551447788291743,0.004081693765534428
456,True,-493408.5489931714,43691,51382,3,7,21.273446083068848,-0.003393022846767313,0.003544281589716853,-0.03249398814200203,0.004087024307292914,0.08893571404231998,0.0035989048603365117,0.005289370660029531,0.004145178228172306,0.01598813903857114,0.0035659843148762678,-0.27137993709387626,0.006289257903383091,0.11873556844054753,0.005270813400182272,-0.08117044491554024,0.006345296694753682,0.003699532322139121,0.005120992350751206,0.3480321954829743,0.0046301729963116305,0.17671672574613345,0.00493085630885484,-0.05186082043767058,0.004463883128974186,-0.11520832160831794,0.004958889736691769,0.0984732249119209,0.003919085633740179,0.024429212229112488,0.005028400575952181,0.04437968277843172,0.0038800832168705735,0.05205028363069186,0.005022346943781839,-0.39928784021675107,0.005123073443947158,0.3507029008696889,0.004740967094356575,0.2867093033107025,0.005035432850780526,0.2025935373728252,0.004657974451963309,0.13826097234316836,0.003826533837046042,-0.015573708037861853,0.0035439557277407497,-0.04247908829152917,0.003776416606660532,-0.07877658888491919,0.003571506197573653,0.03001571185845866,0.003854461951070794,0.006439525199055769,0.004588331717763349,-0.04259112993275714,0.0038558967571033333,-0.03699479519650778,0.004589328136815505,0.09870877989038583,0.00449986162593589,-0.024863170760400708,0.0041090793007386404,0.06004356559811375,0.0044886823980403,-0.0526986401946832,0.004133101712026941
457,True,-495201.0873739291,43862,51369,5,1,21.37582230567932,0.004173180561453248,0.003566128271014774,-0.03186491537920604,0.004153503684767044,0.09475320421071784,0.0035759549252066913,0.00885676043820939,0.004210516093469219,0.009621835379750397,0.0035397712491612586,-0.27248415736214554,0.006218404825148439,0.11560400488643964,0.005188715585814281,-0.09229066460340478,0.0062657582846689435,-0.013270525847921443,0.005041379916865725,0.3553280000548339,0.004615711259203918,0.1814949874957332,0.004965731409163631,-0.041903483525030795,0.004441737164617815,-0.11623703362034446,0.004985903101929544,0.09754082131432718,0.003963106881034101,0.02478791142932398,0.004898998142153139,0.04556068600537912,0.003926249213894231,0.06241331004446252,0.0048922475059743715,-0.4026032244988529,0.005130127423827124,0.3495957139028513,0.0047557698901853525,0.2909672921353544,0.005027584454568589,0.20141155919473533,0.004682819848798352,0.14016406104912507,0.0038145941156395094,-0.012454023619101513,0.003553320632977082,-0.04808568546525563,0.0037643454525893355,-0.07974577361085874,0.003582616632330107,0.024163154533300108,0.0034029044388722415,0.020263813538274614,0.0046835376477396395,-0.04509002810873797,0.003403838654156814,-0.040860283281300404,0.00468653080675906,0.11388523574891356,0.004360546910484905,-0.014488077566164503,0.00417421819659002,0.05984160011742486,0.004342412658469394,-0.04730302032693748,0.004196095897625423
458,True,-493246.93911090225,44194,50730,9,6,22.251041173934937,0.0009072147037780213,0.003549864855838546,-0.03402263648199442,0.00412054466539581,0.09832611554324419,0.0035905589896296944,0.00722639384415985,0.004181009115106578,0.011080690847080592,0.003553629125889622,-0.26389772899660796,0.006157874061258351,0.11455474391375202,0.005168318986234827,-0.0920319195486335,0.006205446530565612,-0.0021972613763782158,0.005022636119991981,0.34943769134516145,0.004589911941806251,0.17478153169162886,0.004922970435263451,-0.046723298990013484,0.004427766188124538,-0.11969722198529514,0.004953990806643761,0.09500770458167218,0.003932960932887728,0.030924133839100885,0.004925574962513143,0.047680198037420955,0.003898039639464328,0.04978066500627104,0.004922212105839612,-0.39565736275577146,0.005053891703709116,0.35542674100372007,0.004706123392926291,0.28630327241525816,0.004957689294752067,0.20820456225061595,0.004627741320550173,0.13591210045894525,0.0037900537456134224,-0.010770467836366702,0.0034705068268935917,-0.03925553081014346,0.0037425033345355138,-0.07814497227407353,0.003498631401914621,0.02837707898936842,0.0038805389232305417,0.0127305827818351,0.004148836749941921,-0.03802653222213995,0.003881351101944195,-0.04131634486121413,0.004150828541658965,0.10493495747205335,0.004475172004688372,-0.02774073178409656,0.004057936277701396,0.04970183253432156,0.004465420238795612,-0.06161043005833242,0.0040859998785119376
459,True,-492164.3895712949,43495,51217,5,3,20.198227643966675,-0.0015367540572886822,0.003586030856207161,-0.03159295241505276,0.004164870635777604,0.09757019173588306,0.0035918422070773458,0.010128208181666057,0.004221948264557325,0.017440771266121226,0.0035542886566707252,-0.27019982788091673,0.0062515644162791815,0.11316607977889535,0.005246164030771719,-0.09926166562580593,0.006300105417933527,-0.011214473581392213,0.005101664897136725,0.3514557734284294,0.004611280635299397,0.172070512073321,0.0049484313635633085,-0.06240280162491098,0.0044496077456874766,-0.11436785165122895,0.004970665997182581,0.10157448764689567,0.003962034091798356,0.020525087357834038,0.004957590869017284,0.04581337966992873,0.003923205342360038,0.054180700505651026,0.0049511051251642365,-0.40471644037009435,0.00513931951543671,0.3578306229180568,0.0047902834990567154,0.2880400960261444,0.005030452795854755,0.20386540925684854,0.004707041240798066,0.13947335142325956,0.003805390920019267,-0.01317025838097671,0.0035517700856816234,-0.045518286849634305,0.0037526600626431256,-0.07589644454369054,0.00357771515502623,0.02634679423066582,0.003533044602326374,0.017439742256626038,0.004121060881697037,-0.04144144721068047,0.003534126921896854,-0.04455109541625794,0.004123804842211601,0.1039213557097627,0.004425735136961716,-0.022052193046697015,0.004094072666843481,0.05186924744120342,0.004410021664249233,-0.05732381424857069,0.004119437004161652
460,True,-493524.98198024346,43686,51264,3,1,23.6042742729187,-0.001152160789123145,0.003548608753602994,-0.03252691845178063,0.004068233102209582,0.09082862584608463,0.003599455943073009,0.014752522781151927,0.004125273785103155,0.012287317666073373,0.0035614432325294593,-0.26660425791217884,0.006274295979819082,0.11506206746948083,0.005205020555905103,-0.08784861574373543,0.006323320512378094,-0.007572566912044449,0.005059527159266274,0.34601188446793785,0.004604804647084774,0.1727131961443627,0.004903111544601649,-0.05224895163858783,0.004447365259565249,-0.1227207088573704,0.004933695733315272,0.09562326954887157,0.0038858683751045496,0.0195848301287301,0.0050012296110593275,0.051698676609781086,0.003851736227415361,0.054159928473303434,0.004994365236173844,-0.4037131541631555,0.005079027149580534,0.35709681210733124,0.004756979814674034,0.2878319920141858,0.004974365009780493,0.19986373886999564,0.004676308607814146,0.14309817264576788,0.0038379848152018917,-0.011255976789357492,0.0035054191398508515,-0.043756814839093175,0.0037829404401838623,-0.07912630733974682,0.003533613353363541,0.031162661307944754,0.004102312390137507,0.013594716418075746,0.004127950229186273,-0.03988684455970956,0.0041038245157487335,-0.04433245435210435,0.004129584935294093,0.10154941850597522,0.00442745866413961,-0.020215152060756233,0.004020512340913345,0.04966615089696033,0.004417194439223271,-0.06056396373851768,0.0040470421367297315
461,True,-492622.0050213394,43541,51325,7,5,20.948484897613525,-0.0036578782984335056,0.003577551835610169,-0.025535520966481772,0.004122258762373836,0.09254381883545638,0.0036146285604554958,0.010414587347888795,0.004168117735827478,0.012355409989813446,0.0035777554959401845,-0.26680501298506687,0.0062433263341561155,0.11664718591661559,0.005304046977052279,-0.10427541574882723,0.006289392660617675,-0.008130847413586105,0.005153413619863719,0.35144923206963435,0.004570043360773394,0.17034677137446522,0.004985416411164915,-0.06402279149155864,0.004406255387828984,-0.10731541134978997,0.005008652860101562,0.09432011301927473,0.004034207456295735,0.02772094582917264,0.00506894830005499,0.047027045324017504,0.003998502918083354,0.05798603121075863,0.005062654927371614,-0.4072298162359625,0.005155111170617363,0.3611823064808831,0.004773488214641272,0.2826378901917462,0.0050395005141471655,0.1973254104587969,0.004683865101753373,0.14119515602893604,0.003797528731446953,-0.0125696067047326,0.0035645242803229414,-0.04114265724925369,0.0037438233374015337,-0.07925763592636119,0.0035918642817809724,0.03089350130720151,0.0031933025077996845,0.010571859788241133,0.004384819441158084,-0.04627903636442061,0.0031935573691861297,-0.029929693294511603,0.004386387037684604,0.10246657428419048,0.004464892963770892,-0.02510554608042563,0.004124386722115749,0.05195301908560094,0.00445456981583012,-0.05519288737635589,0.004148776054864614
462,True,-493527.01017046557,43852,51112,3,3,26.52716588973999,-0.0009454545395367868,0.003576215513138752,-0.037461632388749826,0.004159685223680305,0.09872221356757309,0.0035670240052196414,0.007538068921937054,0.004226470892278418,0.016832309355311006,0.003528057936857269,-0.26583454915515686,0.006409204031213617,0.11907422874235288,0.005263560666001619,-0.08794239991660271,0.006462469808752795,-0.0001792933213066413,0.005111431954623718,0.34985758083509394,0.004620675382899451,0.1721722778892741,0.0049759740889082716,-0.057559397487741644,0.004461454573184176,-0.12280183534173919,0.005011195523035203,0.09753143422169573,0.00390101347714624,0.01922536844533968,0.00507603435770531,0.04478140219605795,0.003862800097856511,0.04803103534664758,0.005069951763600431,-0.3971610672835261,0.005102395095483104,0.36235777234581523,0.004757054776560401,0.2889053284152157,0.005018141861115958,0.2079705684136113,0.0046706021855543785,0.14448853927119074,0.0038042386170719497,-0.01803030544861475,0.0035769609607815113,-0.04929244329548231,0.0037533941505597337,-0.07602214067217442,0.00360272638827441,0.021947499149838085,0.0030895632565825933,0.02254380584003195,0.004610921302353342,-0.047355143370064315,0.003089978272148343,-0.0337282582427359,0.004614269553651042,0.09721927338881292,0.004557782299800364,-0.03189429237890997,0.004078682397407157,0.04820086698100971,0.004550138868531219,-0.05619143015422529,0.004104041998853362
463,True,-493360.1570247144,43567,51271,3,5,19.780088186264038,-0.0017056715399111277,0.0035625627444393774,-0.03139902000831091,0.004158828166956319,0.09842718158955403,0.003585258426776763,0.010451025497293487,0.004214824419984475,0.012648249809420042,0.0035462108674239267,-0.25933797891066956,0.006328386787838702,0.11489860898327384,0.0050982814620105866,-0.09456190869293297,0.006374675411185613,-0.010738460774083107,0.004953072029239825,0.35639860375827054,0.004559855166228495,0.16720985591920268,0.004988304389001761,-0.05517616324562106,0.004386668573242931,-0.11516732218538006,0.005011157521504872,0.10447297678912403,0.003931933339341252,0.021125588385154243,0.0049929516190212785,0.04698038270096178,0.003892850391834666,0.050180567564956764,0.004987511207937158,-0.39965013084896456,0.005088826570688177,0.36201668657789415,0.004758846441451174,0.2881512480572493,0.004974872117807338,0.1993697592812588,0.004659939074406946,0.14138231309561378,0.0037361083523417362,-0.016163480683672956,0.003514530268583461,-0.048564791641832854,0.0036865312088223477,-0.07913936929364533,0.003541705824346944,0.02864830256247611,0.004736776676673242,0.01560807928859318,0.003997412187161717,-0.03572258622899563,0.004736566522356762,-0.04687526059106428,0.004000453589154296,0.10810827618441175,0.004419586145813302,-0.018754224927789265,0.00406284245186057,0.04793722024561911,0.004405225305449954,-0.05106160111078415,0.004084994912983252
464,True,-490527.8555663093,43796,50729,2,4,24.18360424041748,-0.0002544633010468074,0.0035348427915928107,-0.03968789614642032,0.004141727023842451,0.09320590615063494,0.003500576756050056,0.012412811803834826,0.004212302709314788,0.011162601679698033,0.0034642596144893564,-0.2714625104139596,0.0061036795919526465,0.10633725638069653,0.005221871229334482,-0.09844909912366981,0.006145567983967584,-0.00738319174058809,0.005090967127654455,0.35473992337701343,0.004495664593673915,0.1666223844254934,0.004911699572881071,-0.055501459411790806,0.0043248618829929844,-0.103514118204552,0.00493121051242708,0.08989598924003032,0.0039242512577546095,0.020793878963239535,0.00489167870568655,0.05142012147110659,0.003892648742164702,0.053891555369004536,0.004886068813993736,-0.39416070717465473,0.005065619503492154,0.35892632629014415,0.004734361936024772,0.28734357124656634,0.004973776142504595,0.1928330376379261,0.004649405354823664,0.13566773502704332,0.0038721857019644846,-0.012000865549603576,0.0034667009507864336,-0.04196731026765585,0.0038252192485071744,-0.0762461521839741,0.0034937423170312374,0.02255228462857474,0.003305799209976853,0.01820173256738981,0.004184148484846511,-0.04525430009550103,0.0033070385403811886,-0.03969451439586095,0.004186640350439222,0.09618987113950364,0.004280682769723485,-0.017975666833283388,0.004092632972311087,0.05772423240942485,0.004267970406955724,-0.05959440179193994,0.004118271826566613
465,True,-492227.3514044625,43761,51043,0,1,24.41657042503357,-0.0011767937684816817,0.003568650538926842,-0.03082925738528246,0.004148472940687189,0.10230203983000205,0.0036049814976158922,0.007261190169743318,0.004203514189090118,0.013571344901297919,0.003565469087824737,-0.2801911799060878,0.0061878672088781245,0.11429331157117337,0.005317501048005771,-0.0938644592318131,0.0062359236005648305,-0.010017380714642156,0.005171587905385539,0.34686642151279024,0.004620207374766178,0.17800303052489286,0.00489870416261202,-0.05632552067151491,0.004460461850776374,-0.11807094813380406,0.004925570726381082,0.09332757384522224,0.003908466985317532,0.023951371608805738,0.005010151525731429,0.04969464041880878,0.0038741569193351277,0.04764313052784753,0.0050060366669120535,-0.3983489654692429,0.005129167142957376,0.35837071535193404,0.004770278743107745,0.2834689638535811,0.005037155718755679,0.2024328571273989,0.004684165949650487,0.13749453824535307,0.00391102926177861,-0.014470167938870664,0.003507839585274644,-0.038039102604034196,0.0038586976830034757,-0.07553427422683699,0.0035342412738159704,0.03163893760918408,0.0036932905861638207,0.009374406343573552,0.004509971835063239,-0.042976912519253826,0.003692879833432958,-0.03557607669452264,0.004511929998294827,0.10453255495617392,0.004442504414564935,-0.026099105709017932,0.004120409980974451,0.05311391890683218,0.004429702334822684,-0.05484147813854599,0.004145226388902107
466,True,-496145.5995939076,44007,51450,6,3,21.636117935180664,-0.0014004597241444672,0.0035872534167245996,-0.0312973332001386,0.004184070874101123,0.10144758358585543,0.0035799669324911056,0.011731497233676691,0.004240305986144941,0.01477804608655736,0.003538375015440867,-0.26660677441796704,0.006250039146817028,0.11693137862733977,0.005216484254178395,-0.09602054516264905,0.006300278246975664,-0.004724162014848274,0.005066157473151893,0.351741925249518,0.004614379618409317,0.16816503639701705,0.004973056725035584,-0.06065515678587046,0.004448497948019685,-0.11772609198884738,0.005002370559587601,0.09802013168063407,0.003934081729184393,0.015713661635875353,0.005033022858058992,0.053390682896414576,0.0038979282856256713,0.05182472323584575,0.005025753844730721,-0.4016629168480682,0.005161987756590656,0.36778092573880145,0.0047848163933660965,0.2989777709889248,0.005091168868138995,0.2057235139053748,0.004680718773786742,0.1416749129332265,0.0037861487668852554,-0.01106216996695727,0.0035237742256023154,-0.052705673268959786,0.003739127358276757,-0.08371466136787124,0.0035550299652480927,0.025692500736903375,0.0034259391786850505,0.01705514093499379,0.004706108319845614,-0.04521959448814678,0.0034266491962697977,-0.03581890750501255,0.004708311430701075,0.1015346106751731,0.004429689379403093,-0.02392411286465141,0.004119571096348682,0.060324869509699126,0.004415126942825187,-0.05633262557819805,0.004145375802420975
467,True,-491320.4831558713,43531,51090,3,1,21.398290395736694,-0.004583710624461159,0.0035450159182398126,-0.03431438403698698,0.0041305349020183705,0.0938322354118914,0.003593485933751192,0.01208538803122979,0.004190721806630264,0.006807675455735662,0.0035581935106415797,-0.2715228387061607,0.0062026198812678655,0.11896124574790022,0.00523765669903851,-0.08640123351343552,0.006248627467721215,-0.004569794131751604,0.00508722037089685,0.3534249016889131,0.004572796691482608,0.16727091970561653,0.0049635010732892075,-0.0572903162613636,0.004407229202979956,-0.11854751453374945,0.004994241297598242,0.09696209219820952,0.003802623280700282,0.007369311760694734,0.005151564917794533,0.052300856970777285,0.0037689180925989546,0.04998120971528917,0.005141489682518435,-0.3897330955273598,0.005140067177586482,0.35944995575159294,0.004739033357577275,0.29067373354774556,0.005076251259653545,0.20063499177015945,0.00464841862379501,0.13925961830640593,0.0037578508627676803,-0.014300118071745116,0.0035336879002306493,-0.04328980073369242,0.003709530862038621,-0.0811951870422819,0.0035644625920005224,0.0244181380168131,0.0032997797383863413,0.015562766429737916,0.004423702659043434,-0.04540621580087796,0.0033009844112344526,-0.03748459932971802,0.004425487916904044,0.09559283134444853,0.004462528823254006,-0.02875261173652036,0.00402535643274289,0.05007659072238655,0.0044541101404797145,-0.05478626030487588,0.004048631004323066
468,True,-490453.6941905853,43309,51147,2,2,20.704609870910645,-0.00342860884299679,0.003567734555771893,-0.029830101517033428,0.004113824261291238,0.09431000138665448,0.003604994583409069,0.005605824961933371,0.004167413736530731,0.012807099060226099,0.00356792258073927,-0.28279137197548143,0.006242727941233834,0.11422073862475855,0.005409137955460124,-0.09103251705211984,0.006295741670981417,-0.008211641522576732,0.005263168698614278,0.343358567559625,0.004653250216767971,0.18160248705841933,0.00486498480430075,-0.05658222818081836,0.004498370461887548,-0.11374709428453544,0.004891060530904459,0.09477020781776802,0.00401150977765665,0.03230269372290865,0.004920331709345827,0.04227896277132943,0.003974730119665457,0.05796929886353332,0.004915315213347881,-0.40564071618686465,0.0050669913835789965,0.348796615563651,0.00478221835822982,0.2842680091676956,0.004968203670094732,0.20288053161691688,0.004703759557796995,0.12950330166001145,0.0037210528991288416,-0.014615976331583529,0.0035205799364474116,-0.051577823676392534,0.0036824303911877263,-0.07216085948682187,0.003544236099038156,0.024095045383243415,0.0036665586852135425,0.01580595782155531,0.004039846166395748,-0.0389867867615475,0.00366686811065034,-0.041724255354378896,0.00404227496750591,0.09790003381129166,0.004344892837941237,-0.021841757402272247,0.004148962184534869,0.053125092469069476,0.004332868431825226,-0.05603441442398082,0.0041747783042302145
469,True,-493348.1680364064,43489,51529,3,4,21.164751768112183,0.0033766408703459466,0.0035520149815320423,-0.03664178716468146,0.004133687427368186,0.09266167305668156,0.0035445384943547844,-0.0012566837221988526,0.004200417567728794,0.012435604595818788,0.0035080329202794597,-0.26766947017947246,0.006196265734858911,0.11677158239329369,0.005170151999835969,-0.08976482181266363,0.006237410257495913,-0.013445510062203505,0.005021485248055284,0.34836456522092735,0.0045928982955256575,0.17413024201856042,0.004933428336271136,-0.05426962381923417,0.0044328587718603695,-0.11067989886761966,0.004953710483218414,0.09412355420359286,0.003907629972622485,0.0185106656324356,0.00504179992073571,0.055761838542933276,0.0038754445188427518,0.05327065488918418,0.005035314460233952,-0.3934659878054549,0.00512443821945347,0.3676045466822196,0.004756551326376522,0.29332541237772275,0.005044401487834275,0.18677756720603236,0.0046364476563826055,0.14548197395547946,0.003746156144160374,-0.018292391554350033,0.0035584118872461616,-0.05236553794019473,0.0036964509066076128,-0.07629686708671765,0.0035841637407106014,0.027491232447177473,0.003641195800287044,0.015020494307837053,0.00443723990469976,-0.044134626192343304,0.0036415878100863708,-0.03794616127551354,0.0044395741562188226,0.10929141944806285,0.004520558707167752,-0.02384250013815317,0.004122008842381932,0.05290694720068352,0.0045082724243568385,-0.0523684307624737,0.004144347237800759
470,True,-491894.55030363635,43687,51008,2,0,19.510863304138184,-0.0005748576931171482,0.0035670414982021574,-0.032331410427285316,0.004132236559153535,0.09801362056632698,0.0035682150816893103,0.010211593087888592,0.004190315755725499,0.014240136485036034,0.003529073938913665,-0.2703770387045499,0.006275331377382132,0.11334171449305165,0.005239330852030377,-0.09062756369371393,0.006326624946964539,-0.003951302312550745,0.005096152094809759,0.35256786229587367,0.004627783510894137,0.17386878591304197,0.00495492980069482,-0.059302436471497105,0.004461864011514177,-0.10867593063997609,0.0049744474397724735,0.09412625919952558,0.003986894287410303,0.022432496810844374,0.004942971922221877,0.04628464390989354,0.003950306951229909,0.06163200129754619,0.00493641540656163,-0.40697904719327843,0.0050906002594759935,0.34984705948470934,0.004767143834973158,0.2823148496606397,0.004969358118149923,0.2063944577341239,0.004691384570648869,0.14013176135507693,0.003772880652558927,-0.007230847614090437,0.0035101016743847593,-0.04671480341943786,0.003723265280963177,-0.07053247851869024,0.003532555319512219,0.02836301225972532,0.003326762967456851,0.026884695729333098,0.004350743225334191,-0.03759937035640722,0.0033269294045670016,-0.0350323615574495,0.0043533404180297955,0.10606288400612897,0.004491180230245134,-0.014711933675148562,0.004202704590630929,0.05801661612647304,0.00447617089860947,-0.05095011490071491,0.004226832763185855
471,True,-495517.9843231293,43696,51638,5,2,25.540698528289795,-0.002405870343933542,0.0035436936189556178,-0.02908762066805625,0.004064286498770531,0.09061276841630908,0.0036090708973100074,0.007813610708610901,0.00411624301324407,0.01778239377748405,0.00357447500216267,-0.27390913735802136,0.006184580335573319,0.11070888803976528,0.0052064963863049435,-0.09311697050114229,0.006233979627648659,-0.009074781252023469,0.005069677495212545,0.3531803660026309,0.00456232464190724,0.17212679603588016,0.004932540449155202,-0.05967277831977926,0.004394591625775351,-0.11463440312723955,0.004953257515817975,0.09780703884548321,0.003870195036002991,0.012811784958955675,0.005028911607140042,0.04827267646279787,0.0038341022068569125,0.04360131854075822,0.0050230867057378835,-0.40541881212609115,0.005056935325767315,0.36331143923382414,0.004773080440502874,0.282349125684519,0.004931192927447194,0.19262658373479655,0.004666523725766183,0.1422388365337593,0.003791715088799557,-0.012012088278439944,0.003505438442489035,-0.047129997536809506,0.003741100147789792,-0.07515393024858447,0.0035286648270401576,0.02894699047215051,0.003641853418326066,0.016085807781248747,0.004051967828707509,-0.04217808327105287,0.0036426782862450328,-0.041965897272710904,0.0040541518861448664,0.10404680019058886,0.004404163906213446,-0.0204175579153963,0.0040324762332768094,0.05265073842804439,0.004389811197332164,-0.05244619549675294,0.004055437844334715
472,True,-495408.08675378445,44325,51026,3,3,20.92954111099243,0.013683736817753707,0.003579204667558766,-0.027010077819141134,0.004146752396783041,0.09672775590558542,0.0036139656539532967,-0.0007907747515064846,0.004196123782686245,0.019778804102097966,0.003577824324483185,-0.2711199376862737,0.0063700303071769285,0.11761213007760922,0.005349822180428733,-0.09431692821888205,0.006418958909626814,-0.008079684916284737,0.005200670743163136,0.35815953274408385,0.004680548059521978,0.1743400822142993,0.005016619375469026,-0.05573537786787615,0.004508891479488162,-0.11974680662539959,0.005045862817405631,0.09969486044815062,0.003921537310651968,0.016449754250006436,0.005051346340212968,0.04262098234867518,0.003883643593261079,0.059760449116131986,0.005042580180853752,-0.4103997834756274,0.005019062966962322,0.3516691347602105,0.0048043651285775675,0.28336274841895326,0.0048813790802008546,0.19938683316583453,0.004719078797466113,0.13854144903268978,0.0038784581434813956,-0.015020495508768925,0.003545959064821109,-0.042740425868623616,0.0038286555549490006,-0.08043230519020321,0.0035749384388424764,0.026038434255360433,0.0035512213563502447,0.012537152094282385,0.004646432718559226,-0.045576852856880457,0.003551131572340539,-0.03638904325894235,0.004648673568140386,0.09171678766798165,0.004484569360173236,-0.020632368550336552,0.004067780865694512,0.0480089173622863,0.004473555838537442,-0.058896034707709766,0.004093034541912501
473,True,-496484.0327516912,43993,51442,3,7,21.045908212661743,0.0031396542364961985,0.0035414073008588134,-0.03333646372055719,0.0041112003681847845,0.09844542296976506,0.003562654242469568,0.010985093085639884,0.0041700400251077855,0.015390281952909984,0.00352355589854849,-0.2651668699179675,0.006160616893300209,0.11120553542740703,0.0052218092000227085,-0.10293436005064824,0.006208846426016577,-0.01976616956187749,0.005080570729676879,0.35843577469643234,0.00456150308381389,0.17292893011885122,0.004974210005468022,-0.05434873028443246,0.004389328328203648,-0.11169603124054196,0.004998518719250756,0.09842319941737736,0.003976565831606238,0.024664161773588832,0.004936491865622443,0.04596521037946253,0.003940770820593076,0.055210696201751515,0.004930603736004474,-0.40485313702548836,0.005024676662744362,0.3538915307189376,0.004711916497991839,0.27855966935509385,0.004901020168997355,0.18908282364580994,0.0046210821579879,0.13727866704784786,0.003750943534411878,-0.011675544362883108,0.003439251700382689,-0.04452473679912411,0.0037045637010226567,-0.07358722808974208,0.0034635429176292265,0.023158713536388948,0.003790384092684323,0.016944000428957516,0.004103789736305391,-0.03842964456299873,0.003790160435031793,-0.040528387510443346,0.004106884132212026,0.10453058370944342,0.004398490988638992,-0.01677639805286472,0.004064746616348994,0.048709240283671316,0.004385247727922212,-0.05787940683256953,0.004089642826780519
474,True,-494442.54151050723,43932,51234,5,3,24.007243156433105,0.002696302598826024,0.003551953044279051,-0.033795108644170326,0.0041259995472580115,0.09659298382471455,0.003583551712308642,0.010835096555507125,0.0041857170758256386,0.011482414943932198,0.003546103024862703,-0.2725856513616086,0.006240328885031291,0.11353589751054481,0.0052455260049678095,-0.09242724403640952,0.0062849363075190194,-0.009433993331992753,0.005103855864504546,0.34706212799786845,0.004614654734040151,0.17133730332049832,0.004896013058520305,-0.048416145201206344,0.0044560505167994665,-0.12363631450565009,0.004926635545798723,0.09425308125828215,0.0039044351359459844,0.015880225773667142,0.004896910630684026,0.045397092743261605,0.0038697615313994706,0.05546143650142666,0.004889813974893347,-0.39783694395868496,0.005080779208048782,0.3597099676104935,0.0047739829179735275,0.2938396715388175,0.004997553878570753,0.20319083445607364,0.004690261250067778,0.139620946884495,0.0037498869671488827,-0.011620167927141215,0.003493866376427888,-0.044713781094847097,0.003701233077435533,-0.08098773420810304,0.0035242064716685326,0.03004520154753604,0.004284111723679916,0.009575247550200738,0.004064600367529817,-0.03760833138516198,0.004284586355926575,-0.04417676088347541,0.004067122622386692,0.09852764619126382,0.004399350647203059,-0.028002230578030602,0.004055913361837139,0.04340875397838726,0.004388301870189455,-0.05573104265432247,0.004079790607560789
475,True,-496657.78952792846,44148,51259,5,6,23.790424823760986,0.0036129510084491005,0.003553366216882401,-0.02961767749801021,0.004125098712838584,0.09796337057808656,0.003582858373804936,0.0063911937365480915,0.004178092457326394,0.013462517973065262,0.0035466895375750223,-0.2747646599179404,0.006256893466205314,0.112746701619658,0.005239967903180648,-0.08147401903645263,0.0063080445762929505,-0.0033129187118801405,0.005099161044742927,0.34657295074916195,0.004628350153062802,0.17786294606994396,0.004891081357026374,-0.05768978274599711,0.004465977755342485,-0.11707973670152803,0.004914836217540851,0.09073330186303044,0.003913874428222245,0.01765216670035927,0.00498974783370381,0.05364233367224768,0.0038813727503953276,0.05340338374463218,0.004982919638871175,-0.40766956269930976,0.00503813699343101,0.3511671126920047,0.004766787216647773,0.28833705745849436,0.0049204468590267345,0.21064596360826374,0.004686448260043173,0.13814420331390798,0.0037766727291997045,-0.01380611775546683,0.0034745783203727777,-0.04756767414255613,0.003729714644357244,-0.07580996776082087,0.003499502297738341,0.02222812508120227,0.0038591607228146466,0.016234355606253123,0.004066400886232992,-0.03924194893702188,0.003860595316842304,-0.047718528119423814,0.00406922413495042,0.0995097103819819,0.004459951764592123,-0.01948159312728444,0.004124614513739097,0.054977452986560545,0.0044478921993727424,-0.05740573709641824,0.004150455759123184
476,True,-494896.7814363595,44306,50778,4,4,23.023096084594727,0.00449621801911753,0.0035413467472644924,-0.037180045269917916,0.004121490569296663,0.09725801832207097,0.0035539202697865775,0.003783632182158999,0.004188001965386221,0.01894449645822943,0.0035169382145986937,-0.27404807688688476,0.006214624797639839,0.10945763498394828,0.0052463591861812925,-0.0880135669034107,0.006264306476028639,-0.004283912038425274,0.005109676216620958,0.34736122709779205,0.0045947275241145025,0.17243172116937214,0.004877685357985222,-0.0506428045794061,0.0044357740277470295,-0.11286679511077563,0.0049022261339906935,0.09705019525707252,0.003931078110476039,0.01788634226895711,0.004881949840771251,0.041926991021353825,0.00389504138555445,0.06446423785816444,0.0048732730726811285,-0.4089208000019531,0.005027049994236256,0.35902199305963844,0.004771865036155227,0.2697319860761656,0.00488440291079148,0.20292509325930466,0.0046802294664402295,0.1407044941647837,0.0038507041771286455,-0.007711715963245215,0.0034834146193889436,-0.04038129136927839,0.0037996163090741725,-0.07348148112671236,0.003507180543077129,0.025158000098062572,0.003812353949717026,0.012282695118821081,0.004593320840886965,-0.04085744877395627,0.0038138662560354072,-0.04269160081163505,0.0045950216229492845,0.11078411241173998,0.004459079515308513,-0.022569409824575976,0.0041407319598391725,0.05723374148832311,0.004444395524160482,-0.048813518094783785,0.004161747167136729
477,True,-494035.7433646028,43668,51349,3,1,22.431753635406494,0.0019537292433739442,0.0035408939353529395,-0.03422568763487183,0.004089774133373853,0.09424735417346192,0.0035781768675499283,0.006145646046799882,0.004150594034750865,0.009072537973105425,0.003541531670360422,-0.2750584782961791,0.006145398125651335,0.11049312559654222,0.00529608618181016,-0.0982256851368585,0.006193169239007409,-0.014198647504062143,0.005156329406098695,0.3424524222607721,0.004572657878875233,0.1769188544548022,0.004849116840617914,-0.05588829965097194,0.004413983746416607,-0.10985483198755837,0.0048708387608190394,0.0984782627575526,0.0039182311092474395,0.014742023722488909,0.005079939822414008,0.045628448199846454,0.003881306120577228,0.05533332230998882,0.005071265121021571,-0.40238433567600596,0.0050395230305553375,0.3529657550193847,0.004747060065084278,0.2823849453040748,0.004944449107918988,0.19694266082563872,0.004667436500506453,0.14409973095477457,0.0037869022051840264,-0.010440442426182988,0.003499037117434228,-0.044127610498168456,0.0037335947627856574,-0.08054238060702351,0.0035288213582944637,0.029476488668282022,0.0036722496456489313,0.011662902991112048,0.004366262985493643,-0.04192129152780244,0.0036721493410171646,-0.03532198606605697,0.004368079719209934,0.09427262100576368,0.004334940384897028,-0.023058107375814357,0.004105209778360056,0.05348038532500722,0.004323819270956963,-0.0522712615133681,0.004127939976548503
478,True,-495638.9728197153,43750,51468,4,6,23.06549310684204,-0.004096820871229503,0.003531094174123676,-0.035415408909915486,0.004136284535804504,0.09827574688002769,0.003551405765637433,0.011395881052218414,0.004198439649645194,0.010645731585662115,0.00351453209811381,-0.2728715429102634,0.0062636782306283246,0.11006179575945488,0.005287215893578811,-0.07927248210721213,0.006312020958214826,-0.0048273283891117095,0.0051514082863598635,0.3507599345925851,0.004584285182729044,0.16934026653718523,0.004941541472807333,-0.050104150081704685,0.004420531784448284,-0.12384647125104525,0.004976186190247543,0.09830911910367554,0.003934434025867459,0.013544419560743926,0.005059907615234578,0.04964832789771596,0.0038979767054084205,0.06388136496366406,0.005049726603050254,-0.3978586211783328,0.005108526955547504,0.3518837110417392,0.004748211490703759,0.28496154573312577,0.0050201278132529625,0.2022319433886441,0.004666180735626215,0.1368238041740614,0.003878245678197146,-0.01827553602421015,0.0035215522200223747,-0.040302064989587494,0.0038314857741603933,-0.07478507090800622,0.0035460890699845885,0.0273350473863219,0.0034161871722495295,0.0122934722007439,0.004158069188367861,-0.041507888611490414,0.003417103251074163,-0.0396059358810306,0.004160019892892763,0.09595847392934691,0.0044280788654097215,-0.02319951330755261,0.004035043448749502,0.047300187214109744,0.0044175219303492184,-0.05705687904253664,0.00405964387765215
479,True,-494950.232903735,43836,51285,6,3,23.838053464889526,-0.00023091808708259793,0.003548929891890806,-0.030807350898549406,0.0040775689732167894,0.08877364006609773,0.0035842894674466973,0.01424388851854957,0.004132144551754162,0.01323680938044765,0.003550663113470255,-0.2669749753948766,0.006209537167544706,0.11249297045817179,0.005198438151806429,-0.08665333302903093,0.006258208167446753,-0.0019564060074516248,0.005057033077869982,0.3458624368549585,0.004613696133565997,0.17119060087553636,0.004907957018846621,-0.056035439421968515,0.004457016956514579,-0.11687906255274509,0.004934750446228514,0.08916864234961214,0.003923584568786681,0.02135988777042524,0.005032670131599926,0.04854313736951668,0.003890891652818502,0.05638806477027649,0.005025773741463075,-0.40491819783128297,0.00512406653472179,0.3583362978338414,0.004761301907398984,0.2914489977963672,0.005020578278746801,0.20158598946203124,0.004672768882475146,0.13714719401757183,0.0038035300437021346,-0.014114484937576593,0.003481702896307825,-0.046956765393995084,0.0037584300951588687,-0.07054222456066726,0.003504578916571654,0.02897668653342662,0.0035967496097471805,0.011748893910290112,0.004387830284690043,-0.04365768599839496,0.0035978975053533127,-0.040798911657264646,0.004389436700102365,0.09827105390869452,0.004472543054376546,-0.01917235257671401,0.004104294856317064,0.058486868183708296,0.004461978474420428,-0.06406727728838642,0.004133619147973029
480,True,-493764.6052996672,43470,51468,4,3,14.022447347640991,-0.00011766275329042506,0.003562774214689182,-0.039212434318955075,0.004162313867856635,0.09629212346062793,0.0035312343210601132,0.001838521563098062,0.004233194026765854,0.012549366388384497,0.0034931402308889708,-0.26123093543818554,0.006325008434744417,0.12043827478922264,0.005216598030654194,-0.08838650471313296,0.0063736682089887585,0.0010607846843455014,0.00506411793866726,0.34958709838169444,0.004593695845968249,0.17096639244910372,0.00496912953215976,-0.053791510784612126,0.0044298622709079,-0.12077757105957107,0.004999852263413303,0.0953290617570649,0.003870621229730147,0.02098644746474191,0.005068561641093519,0.04813105698750974,0.003836129610386026,0.04614619765545352,0.00506327611012935,-0.39854164240970885,0.005157544633775768,0.36177095456255676,0.004729573185040078,0.29392200808125646,0.005075047755474756,0.20069512435984121,0.004644942463445152,0.1507295160367055,0.003848431654296202,-0.010038085799874743,0.0035183612057620305,-0.0375987195657416,0.0037850635077682202,-0.08187676819080902,0.0035501726571779807,0.031945250893848254,0.004414087003220323,0.005743401599009148,0.004428312846746603,-0.03766316544580634,0.004413895427191502,-0.034258667382955826,0.004429647219709848,0.09715565276627487,0.004501243712700289,-0.02718758346226346,0.004007843915820291,0.04784183156972542,0.004492460019114698,-0.05347092352674635,0.004031688285131734
481,True,-494865.368579768,43827,51440,7,0,20.03406286239624,0.003402634569859333,0.003581425155092481,-0.022829041031777794,0.004096321106148479,0.09253512413422017,0.003672193683829037,0.001987920355262989,0.004137904140554774,0.009880624444470179,0.0036378756607258183,-0.27391509697786076,0.006273584202938788,0.11738550155384642,0.005279775861081693,-0.0909206636590304,0.006322484378428397,-0.012684098085280945,0.005130292052909267,0.358055183595131,0.004636569616957915,0.17253730404992407,0.0049966015165165915,-0.05978881212873945,0.004462844030820151,-0.11939885584854187,0.00502544331190835,0.09880529652719822,0.003939010280617032,0.015028665337679426,0.005048014598776449,0.04848119336150585,0.003902796090069959,0.05340817574310144,0.00504087793206207,-0.40668744991109157,0.005089946279382874,0.3614421709935973,0.004799819811419751,0.2843284111230154,0.004967839735005661,0.20013045195452608,0.004706523750734736,0.14379311180337337,0.0038298293074888875,-0.013987098405977337,0.0035125527215414823,-0.05038152860185866,0.00377896696005027,-0.07103324622181424,0.003534748526299692,0.027326140106154733,0.0036013352924430943,0.010317996133351569,0.004072213312015899,-0.042287258811515634,0.003602950933304973,-0.042996494021989476,0.0040743598961455905,0.100232637831847,0.004467195987862805,-0.02380055268535676,0.00404476102216344,0.04762691321320979,0.004455996622983848,-0.06057855699218722,0.004071007923518493
482,True,-494925.9797088079,43898,51317,2,6,20.50507640838623,0.005303768823910107,0.00353993091054901,-0.03513851647450892,0.004115857372743308,0.09833167807782257,0.0035588096358628828,0.0041759143476713285,0.0041782205674911095,0.010233217296832223,0.00351954517805136,-0.27983263705115047,0.006113900086899839,0.09998600824583032,0.005283328336782273,-0.09179187788342108,0.006164630657714337,-0.014515123757587836,0.005158692582620005,0.3461238767255181,0.0046077022641747125,0.178384982698877,0.004865057134526133,-0.05942165089480503,0.004443262084089413,-0.11215972257606098,0.004885662684823656,0.09598765459005242,0.004028144031923997,0.02520537373544851,0.004943253729157495,0.04386942941463878,0.003991622575312989,0.0611301005201148,0.004937657931361111,-0.40566721956509566,0.00501842697102598,0.3498818336907414,0.00475767786563968,0.2796350862341813,0.004893308949463573,0.202453233011863,0.004677673478208058,0.1405327990019849,0.003818351732120676,-0.012171391047993344,0.003520567372030441,-0.039778449207888505,0.0037635175172437505,-0.07474031353922554,0.0035467819682269727,0.029086388051764143,0.00381993913954808,0.018201285537084663,0.00382153134528281,-0.03545243222292949,0.0038200274348005247,-0.04155494250003272,0.003823717658878444,0.09784657447266366,0.0043638175061626915,-0.026677150244523183,0.004105397969620221,0.05546197710894397,0.004348800200477418,-0.057708886841334454,0.004131680582171228
483,True,-494006.66825454286,43923,51183,5,4,20.87203860282898,0.0027405720614531027,0.003556046536541013,-0.032031510929389516,0.004085461840130374,0.0951555821156553,0.003606072948979849,0.0019441888229151006,0.004142716558603297,0.011478724898280722,0.003568475191262153,-0.26685779542052845,0.006273954437627267,0.11720653965381551,0.005171765630545734,-0.09270698310316755,0.0063226233654725,-0.005570139081460955,0.005022114244330528,0.3530880494896097,0.004612097861329761,0.17276547339129197,0.004942370853920938,-0.05536827891290654,0.00444676290570308,-0.1226762026703218,0.004970838378639444,0.09097538439554281,0.003937169558953667,0.020354367994632597,0.0049417411327797875,0.053434447359907926,0.0039039131914011377,0.05410603919752428,0.004935605897415443,-0.39633331922914833,0.0051177946773159596,0.36125476443351956,0.004729241436286682,0.2924996199651413,0.005043002437391969,0.2087273625307652,0.004643575563956306,0.14827115557227716,0.0037760877761589175,-0.010146130539092982,0.003519001322293228,-0.04480550672776702,0.003719531846448468,-0.07837011580770366,0.0035472193647622476,0.024526985960355137,0.003679983340758897,0.017218515369170653,0.004126597834550972,-0.040460884419242706,0.00368106537107147,-0.04455046933279996,0.004129004413579391,0.09992953663456251,0.004433347805810254,-0.024619428181037475,0.00408916939091501,0.052096449308477344,0.004419851985458992,-0.0595138786520622,0.004116372521611386
484,True,-493173.95088232076,44184,50722,3,6,33.07419562339783,0.01095553863368946,0.003570933674189832,-0.029305120056090875,0.004157244844989882,0.09732024116570838,0.0035968340764332856,0.00888694911262657,0.004209708283290027,0.012179427789999865,0.0035577173399553245,-0.2765193118684641,0.006148921393026351,0.11258200428682619,0.005281843714254525,-0.08262854751151927,0.006194150907733546,-0.005264922908726913,0.005140703388818501,0.34905999299947565,0.004618795241733098,0.17089007186679864,0.004924803672521629,-0.055050170818176807,0.004457689321181352,-0.11808932057330178,0.004952367955544523,0.10296896883475294,0.0039622154661403675,0.024654323057386542,0.004985899431727478,0.04122132933305595,0.003922939491012285,0.05957673576532502,0.004979858467392237,-0.40227757466375497,0.005033836387189972,0.35175537198271634,0.004786896476129282,0.28727791104805206,0.004921161500606428,0.20585293334134847,0.004708655348272972,0.13485690362678343,0.0037516336365969365,-0.015485056306814505,0.0034698753375192303,-0.04801627379148614,0.003709246686397115,-0.07363051547216151,0.00349442496457603,0.027658501938877252,0.0036367744864442943,0.012474006967056089,0.004105056948543947,-0.03859890213609758,0.003637923898723933,-0.04117827937233227,0.004106739614976119,0.09652452797396531,0.004450877697690221,-0.026187403954634744,0.0040679310389109035,0.0543016566594629,0.004440579988789474,-0.052963428576502124,0.004090984896453777
485,True,-494890.24392469437,43802,51399,7,2,22.10549759864807,-0.003584389472979962,0.0035359173570649934,-0.032434515444695194,0.004062767191139354,0.08721891679185334,0.003581860673127924,0.0063859964985025245,0.004120808972945088,0.01834091545303798,0.0035500294147215463,-0.2677329101052633,0.006238812764794152,0.1113086669674529,0.005280427694848027,-0.09369205293497329,0.006285839803731761,-0.002768004894031816,0.005142346096418372,0.35251436637669853,0.004565803146981126,0.16658906458525727,0.0049416142783628636,-0.04709971465981378,0.004397906613786785,-0.11927106149379316,0.004973908774029114,0.10009550882181026,0.0038972304737623933,0.014467150445333778,0.0050547648729014506,0.051727949138213616,0.0038594386487587084,0.060020643593412304,0.005046062535604024,-0.4041407658521254,0.0050856491973402035,0.3636447639814629,0.004746593928752592,0.28062209584691206,0.004971779295453532,0.1865243019355043,0.0046406800670950234,0.13910341202821808,0.0038064434443592717,-0.013304433237455055,0.003489622438970884,-0.045999205089619584,0.0037581758763629456,-0.07538755291939495,0.0035150878348299648,0.03261563975253275,0.003531031788238184,0.01440500612527676,0.004020342838751755,-0.03850601515260879,0.0035299397287810994,-0.03645010522501881,0.004022568011294931,0.09295461080543736,0.004405977628233915,-0.013822771293532628,0.004084657976176667,0.05234399438444619,0.004392876636134309,-0.05626079632362976,0.004109498919440041
486,True,-494694.9467078815,44330,50760,1,5,26.024001598358154,0.00970061781944173,0.0035832948951489306,-0.023323768170735632,0.004125154143971487,0.10084499581305245,0.0036706065696719627,0.0006292198536017285,0.004167407354690835,0.014221968742672822,0.0036323860762016618,-0.2879854668598342,0.006243959603364981,0.11713831391204604,0.005428351136136947,-0.08959952254434973,0.006299320416679094,-0.0102260201266369,0.005277858377975409,0.34201500411008584,0.0047300527250058845,0.18572290024295685,0.004857171909493277,-0.049947541645827334,0.00456990621778501,-0.12189538742015403,0.004886935632202822,0.09209400060421745,0.0039498990195614885,0.01766935317866587,0.005149550029682142,0.050407665726022295,0.003915355246598332,0.05371580283618254,0.005140995997418046,-0.4049218941868475,0.005090011856728975,0.35739814450461943,0.004814384671169924,0.2871896962006187,0.004994942903107469,0.20965135130604878,0.0047274542575786735,0.1404669743176389,0.0037040440097606516,-0.015391140156991065,0.003522913244965604,-0.04911411347479726,0.003655905090328968,-0.07545969580479635,0.003547826646261085,0.029033028417470238,0.003696983887938549,0.012468534499986627,0.004069013219601032,-0.04059450746794309,0.003696759039180005,-0.03912679583129955,0.0040712795850542695,0.09446029543872676,0.004422443991957151,-0.02592966928592839,0.0041312632428851396,0.05226460509471104,0.004413169401527379,-0.06179730729415426,0.004159272125684548
487,True,-492766.6115077216,43944,50914,3,3,24.820866346359253,0.0007079296926917207,0.003578250387291841,-0.029020781369512933,0.004119680166449729,0.09314821223693452,0.003614920615090364,0.007867038532691177,0.004172156519414678,0.010576644043197652,0.0035778013118630226,-0.269150468878218,0.006302133305499549,0.12148573684071141,0.005243317683137499,-0.0944783756596843,0.006344497013231943,-0.006745304928027938,0.005086319935127478,0.35181046466969557,0.004617130118523132,0.17702141710805772,0.004982054008881424,-0.05194075752799352,0.0044558712197321545,-0.11181056073309764,0.005004906863513052,0.09217369305969088,0.003950054229523978,0.024558620931858618,0.005005400866606188,0.04503583006249809,0.003916906529208312,0.055096666558199676,0.005000235234590863,-0.3959053955089858,0.0051466966896730896,0.3604882245854792,0.0047775432270795275,0.29198507468558377,0.005071391986173564,0.2068481788942226,0.004699451111039745,0.1426211514210217,0.0037954096358954973,-0.016325298550791654,0.0035700617657838615,-0.04937081851764669,0.003745733306483772,-0.08361896212743374,0.0036014948175550413,0.02242452799130124,0.0034006012369535363,0.016273781657267703,0.0043475361824100115,-0.04172904408976949,0.0034009753744514517,-0.038884677714352535,0.004350439029510377,0.10715841841472724,0.004536372154648309,-0.024486970593148315,0.004139576383727597,0.057733116681867036,0.004523402621186707,-0.05800613617217235,0.004165724827117849
488,True,-495244.9974552635,43984,51323,6,6,18.850367307662964,0.0007776035782878232,0.003571613733537178,-0.02797074622413393,0.0041442041213676905,0.10090882655519064,0.003601185555593315,0.00879453628652749,0.004194523031479684,0.01257843415869174,0.0035572113360061207,-0.27006946550835564,0.0062160728239281995,0.11711672667587608,0.005198378169028936,-0.08343326653621495,0.006257286791795774,-0.0061925626850639825,0.005049560354157052,0.34829981865320764,0.00460894238471102,0.17444682292311448,0.004934332612446921,-0.051887535869108686,0.004447636388487609,-0.12429249330806057,0.004963115576302944,0.09637474251234349,0.003947363788878789,0.018738595976209246,0.005160139287995591,0.05435256154065849,0.003912284565519018,0.058464582257848716,0.005152304522738462,-0.4023217681973955,0.005159875242256005,0.365067620298935,0.004791858812286255,0.28808477438152996,0.005051327537699549,0.2014504465901364,0.004698558094885986,0.14686264711071909,0.003794630459495396,-0.006310428487384912,0.0035485206214748654,-0.04351810437097437,0.003739475324081288,-0.07532499673620749,0.0035743066931254288,0.0250791784944377,0.003450470567854627,0.00906786773777765,0.004541492631741587,-0.03806847761513752,0.0034514322608324745,-0.03331869737413419,0.0045423928846251085,0.10777628034879659,0.004553687119371404,-0.03045536926840244,0.00405377618786362,0.055292558845956796,0.004543607496017361,-0.055207499714113685,0.004077179109613741
489,True,-493457.68559382716,43963,50988,0,4,20.178003549575806,-0.0029734576467226924,0.003559281929869778,-0.021712688986699327,0.004068519996842557,0.0936027348812444,0.0036560546271483265,0.014150474427567658,0.004106831653762704,0.014293326243232733,0.0036189994257643863,-0.2656091517126065,0.006243062484803114,0.11244837050229016,0.005224384630111883,-0.10628825051142095,0.006284789845894622,-0.006687205469839805,0.005082340945211275,0.3467239724073585,0.004619380907424185,0.17303912318051218,0.004944449396046591,-0.05537959227045371,0.004461441529403201,-0.11174107761503733,0.004966208556088616,0.08789358339867935,0.004032912444302411,0.027599784540975808,0.004902398328899001,0.045757771780086505,0.004000952355243568,0.05713324075681081,0.004897575656663768,-0.40037619504386696,0.005114921821252876,0.3635624081271982,0.004759885904046119,0.28268279597157525,0.005012493783810662,0.19805412606310865,0.004666904453143004,0.14858017641246987,0.0038366263709024686,-0.01650404592851539,0.0035814786365934285,-0.04684066732256878,0.003781250157670051,-0.07646191971155734,0.0036079117587345614,0.024243337971159216,0.00344417383119289,0.020383174094617006,0.004212908080286181,-0.04393794752552041,0.003445022104388,-0.04358106274677005,0.0042162495415493904,0.09859519265697532,0.004386901613655329,-0.025597634717242596,0.0040769291309712685,0.04951413235924321,0.004373962697974325,-0.05745286271867696,0.004101758025857773
490,True,-495457.0048312559,43890,51400,7,5,24.368586778640747,0.0008342490557984968,0.003546946573571532,-0.037151145160793785,0.004143181268211977,0.09610983877644105,0.003559156883692087,0.0036110797892549814,0.00420909532533805,0.0082192549507059,0.0035237446925968636,-0.2629715723029902,0.006358055653842991,0.11950179576745117,0.005253931525577833,-0.09903180471251123,0.006407942420008842,-0.009806632294046935,0.005103264843032504,0.3572654947066431,0.004572512202467059,0.15988955661723436,0.004980480043761067,-0.06384899518042648,0.004407054074209804,-0.11608785155407211,0.005011201538607862,0.09629358429661201,0.0038636446026119597,0.009444750335932846,0.005046771595980822,0.055866309267771745,0.003829646826373436,0.0495375596934455,0.005039751664983763,-0.3997429093089921,0.005071208541822408,0.36313191622762986,0.004744566958130359,0.2850335155749962,0.004965045040817406,0.19694546227971374,0.00465045840159727,0.14335081405505026,0.003762261998773886,-0.015029559215530378,0.0034998395253071773,-0.04512382512395992,0.0037101029335748262,-0.07420173293337262,0.0035242251679709117,0.02527758909806832,0.004186245850419164,0.01316908129228612,0.004316566405083725,-0.03744984592014489,0.004186517163800395,-0.04184541498877368,0.0043190647957670825,0.0971554539957971,0.004553915044240605,-0.02494840016260132,0.003992284507639192,0.041129154772064684,0.004544157964784654,-0.0640060526986588,0.004020016980613992
491,True,-497456.642723107,44201,51383,5,4,20.572577476501465,0.0002035254371087787,0.0035291961183873577,-0.03140053664438792,0.004095480561964076,0.0963348248208057,0.003584575418213115,0.004710573783070952,0.004151348913132264,0.012239555875853387,0.0035500947096058027,-0.26680558976288893,0.006196359384100077,0.11628262873620462,0.0051934212784255545,-0.08771050156619707,0.006247895624378759,-0.002883732291658046,0.0050466410668492286,0.34757173731422064,0.004538242346973063,0.17015403223852554,0.004899442059693446,-0.047097828510209105,0.004373277269077448,-0.11881850289821844,0.004932161997310034,0.1000484254932352,0.003817253555702036,0.012646697428941985,0.005180988869706954,0.05121256345374018,0.0037813999749272804,0.04639350895881955,0.005172755347194852,-0.3934025852928704,0.005085385637081496,0.3504302120120429,0.004684657623433704,0.29270858074593875,0.005015652939922873,0.2056523492475222,0.004613123924096484,0.13899838752149535,0.003666983055076466,-0.011913091323840705,0.003510086660235098,-0.04767607707392044,0.003620067932302654,-0.08176305769294202,0.003540682359252681,0.025638247510327623,0.0033438104862680766,0.021486540135061533,0.004112047122326132,-0.04104674392042613,0.003343560099141813,-0.036658542014995556,0.004114875285937587,0.10375242452395532,0.004493170354223787,-0.02082980332575138,0.004027934774701444,0.05411813526348911,0.004483217548075187,-0.05942334436175597,0.0040551940680869985
492,True,-493426.79886493844,43919,51090,3,3,21.360159873962402,0.0006073326026920592,0.003571457782034695,-0.023432288278559324,0.004101686535412211,0.09742602522181934,0.0036487587142270328,0.011500551764177656,0.004143603850432667,0.01411436387623395,0.003608812031666673,-0.2750859367574252,0.006282798115950349,0.1143377160817338,0.005287078364993018,-0.09217018341385266,0.006328494715221831,-0.010641349726915876,0.0051439807257536805,0.3642919472087637,0.004607029950449783,0.17368901279996646,0.005031193640758017,-0.05173812136960734,0.004426953349429023,-0.11752837537967911,0.0050569974792330835,0.1041053628625003,0.00392976043560382,0.011336153645974732,0.005087459629693939,0.04456304071187967,0.0038902463074161533,0.05606458973053291,0.005079139028445626,-0.3981316969623955,0.005141075751925911,0.3608254440870051,0.0047876512418627195,0.28471873798166353,0.005041353876690161,0.19680806738071083,0.0046860067354792465,0.13568838862522625,0.0037844793566948064,-0.017286282615238645,0.003548913506369106,-0.048931778606257956,0.0037391923506640778,-0.07212361095564578,0.003572517540417753,0.024027314561865472,0.0033740504603261947,0.017451290077053747,0.004196390315327436,-0.04217158649593951,0.00337437412662373,-0.03963231224891799,0.004199348441348219,0.10724818463480042,0.0044533744741126445,-0.016029983181334757,0.0041584959676335175,0.04979826003282724,0.004437862496768341,-0.04750460249102183,0.004179326124612995
493,True,-493253.2373516882,43625,51317,2,4,13.573184728622437,-0.004810130145627134,0.0035759926460745355,-0.02502431225352155,0.0041358235049874245,0.09043770901746244,0.003593602497207733,0.00781735719196143,0.004181475256342902,0.011855839612827861,0.0035602043500045995,-0.26822537675568847,0.006334864469574516,0.11968358360997075,0.005196957956141834,-0.08552360257450818,0.006383674889200381,0.0017675635868648514,0.005044937415838727,0.3560556623788569,0.004639971494876839,0.17249203785114894,0.005010410866181017,-0.05286431672236403,0.004470438652327348,-0.1250319091884714,0.005041399556642578,0.09381838392899132,0.003942340836361057,0.022225292369309587,0.005047100349851888,0.05250569043421856,0.003908320455371998,0.0509028670105635,0.005041208568577397,-0.3966993354729498,0.00511553996624177,0.3569357608811061,0.004775483435549545,0.2930945681333197,0.005035343201397661,0.2038155574915045,0.004691235806708195,0.14407273333239767,0.003820563386844277,-0.017489025725170377,0.0035825940886817067,-0.04656269379162541,0.0037685026193982362,-0.08202637842772757,0.0036121923311392547,0.02452490084136812,0.003459916505341741,0.014358929825391966,0.004676543362542904,-0.046103551892417834,0.003460841001501056,-0.03705294054428776,0.004678515119886494,0.10137576365798409,0.0044990685802794835,-0.02157259166085103,0.004082085296968932,0.05165323259788243,0.004486989157837292,-0.05790145386726909,0.004108123578475203
494,True,-495907.2064266193,43846,51465,8,2,21.73162579536438,0.0025512673811407473,0.0035740472907214026,-0.03507887058417753,0.004162166407157957,0.10016343118600339,0.0035823387641425093,-0.0001400962900044538,0.004225528587127602,0.015328359255249571,0.0035429829090131977,-0.2646953171618366,0.00637735625974486,0.11871716381913991,0.00524909060292007,-0.09447893187446643,0.006433392256680878,-0.003979669530504743,0.005096634272351264,0.3531739778775067,0.004655701648995976,0.17619081778041834,0.004976759589467045,-0.05146682767799504,0.004483007689142131,-0.12394438764496077,0.005010151174349014,0.09870901609548975,0.003904597321791334,0.01779772612219902,0.0050839509466308235,0.05179353184355754,0.003866975920823685,0.05170826258137942,0.005077316388641639,-0.3997907411611945,0.0051074795721001535,0.35296497293416584,0.004752113534648653,0.29648433994600243,0.005037105724921424,0.21106829047656325,0.004675476364243934,0.1449383721271285,0.003834195871176946,-0.018850470924643547,0.0035627625840271766,-0.03948505588643977,0.0037753152306601997,-0.0818605293006612,0.0035923085211492607,0.025677309991950895,0.003553846485780562,0.017390535166963678,0.003949779658271451,-0.035824627323861664,0.00355421574568354,-0.04103450083050032,0.00395229774746087,0.09797402087780976,0.004525098690923858,-0.02120569950502629,0.0041036351949226444,0.05123335155409845,0.004511222611591318,-0.05792281933202138,0.004130794338596571
495,True,-497545.2746183644,44259,51312,2,3,23.95633888244629,0.0030134946741717933,0.0035589124160024526,-0.026718182121410652,0.004117440897711911,0.09859401100317484,0.003624116351145355,0.0032629263223626108,0.004165392378069409,0.01636559399185539,0.0035865678370959834,-0.26771360812434025,0.006288074846476226,0.11385290332854658,0.005296553414982279,-0.08621591041385038,0.006339635754884213,-0.002578147015554132,0.005153220556332875,0.35200613111656504,0.0046215825309687646,0.1742310750862265,0.004981705729120102,-0.05318908918706025,0.004458539288209828,-0.12216786527097277,0.005013398052665574,0.0983481703895341,0.0038934490798968224,0.01824226252853028,0.00512378085780193,0.04804727016898848,0.003857050750280215,0.0510981063064207,0.005117285067281778,-0.40892604149108247,0.005114675046238538,0.35383681706202463,0.004775703583442098,0.2838374941945724,0.004994256892321909,0.20669148529551362,0.004702856557124264,0.1381118876793051,0.0037918889406330114,-0.008881443361928965,0.0034877402485659456,-0.04830049691527099,0.0037451061742907244,-0.08161782311815703,0.0035171291277965333,0.01974620621717711,0.0033308232890253762,0.025645449512611426,0.0042775466309055024,-0.04286046876945411,0.003330848816128311,-0.03985698741556608,0.004281515506043292,0.10319885406687228,0.004529443031743024,-0.01789364998142034,0.00407559464746294,0.045692225477312956,0.004519655788978557,-0.05746125532631672,0.004101182186083136
496,True,-495262.31695692125,43502,51761,5,2,21.330469608306885,-0.0032721183784377755,0.0035634035257135445,-0.03176034939938864,0.00415001582303349,0.10106192956693814,0.003599144013250761,0.009711475903455207,0.004206648575555012,0.009656286106032008,0.003561504496444564,-0.26854284431199554,0.006310738882972712,0.11437784872893013,0.005250594772090811,-0.09476876232948882,0.00635932536240213,-0.012681272177847827,0.005104896125552582,0.34736868910354546,0.004617499762648124,0.17504124221101142,0.004931434696856888,-0.05896562401315239,0.004462336084730327,-0.12287007924745445,0.004961415919553763,0.10042510333413805,0.003948683061106613,0.009563964271620784,0.005151956200819256,0.045549090354832865,0.003910500060638499,0.06447613987890227,0.005141055591143299,-0.4021174909781275,0.005147516630582499,0.35544297918331025,0.004762929750055236,0.2876125669872298,0.005056726576359564,0.20462489970397338,0.004693873800510371,0.1454140383298968,0.0038467377125180695,-0.006887663721806987,0.0035193557679202322,-0.05044929399971191,0.0037945471329708835,-0.08090987766259024,0.0035494354582432117,0.02692117109565984,0.0038279244055528464,0.016218225536222125,0.004097875470755549,-0.035459011758203256,0.0038270932141317685,-0.039197499093313666,0.0041007906760488246,0.11207473033668128,0.004580697459679951,-0.019536621082292035,0.004115938855960566,0.046349870698801914,0.004567120783174201,-0.05609355574291879,0.004140967173325062
497,True,-496409.58329054667,43955,51413,4,5,20.114461421966553,0.0025732897945984694,0.0035497417561272076,-0.02892618023823185,0.004074289077189957,0.08752457241355502,0.0036094854637753015,0.00876553955404459,0.004125897063038859,0.013116795386386892,0.0035748219882800764,-0.2644301090212832,0.006254051498613179,0.11914990202101718,0.0050876862546594594,-0.09449181432364273,0.006297336217112227,-0.012708075731572621,0.004935312476621156,0.3522763696280555,0.0045491701460918625,0.1655091956308455,0.004918362079463523,-0.059576118213479315,0.004391180405016451,-0.12054083553530479,0.004942983116142433,0.09213140198635715,0.003942148325667686,0.028063893775355595,0.004889928829225615,0.04451525552861539,0.003909059734475025,0.05908852869993331,0.004885401049131214,-0.39896769823470424,0.0050474807214459395,0.3613123302629937,0.004745609012209739,0.2859034374671222,0.004937655833242471,0.20281959393893095,0.004659630437262145,0.14304457587557076,0.0037317749813391052,-0.01471387078157203,0.0035501816059632053,-0.051869760569904756,0.00368319270760716,-0.07493116644655451,0.003574651141652132,0.019556337385669795,0.003351343933016636,0.022476059660541812,0.00411292638228,-0.03751290235057738,0.0033522459318783564,-0.04110581301904668,0.004115806189674587,0.10793362800614643,0.004363349728585309,-0.02535842437975238,0.004012308302192417,0.05132989818545404,0.004351095363750173,-0.05929545380498419,0.004037847741480375
498,True,-496522.5046396429,44243,51146,6,4,21.645223379135132,0.006607567457013102,0.0035514310419255788,-0.03194384085182133,0.0040763656086902,0.09583141570325651,0.003611698072014934,0.008170872320931504,0.004133137893987564,0.0035148817263725186,0.003572062277043442,-0.26670262402925354,0.006141348719488671,0.1140859599062179,0.005166489710935612,-0.10427506660662655,0.006182369816789292,-0.016368081912679286,0.005021613430760388,0.3531138717658189,0.004549761752644003,0.1661526162648222,0.0049277402516408894,-0.06027390461113373,0.004389699844895831,-0.11587988859579182,0.004953653258680523,0.09682394976750115,0.003873874080651955,0.013308936224456893,0.005026400102902331,0.05501937142194822,0.0038386712238458465,0.04903484889258559,0.00502026716709629,-0.40134387520696213,0.005115128085210076,0.36226183161304715,0.0047532575579348245,0.2860901481558063,0.005011763133851718,0.20464275014961708,0.004684192987562721,0.15119139835712414,0.003779141509017962,-0.01344286460760956,0.0035239503018009806,-0.037759570050738385,0.0037166493613765774,-0.07834455117660019,0.00355307829551593,0.02585037947008924,0.004020999825175725,0.014678652852666148,0.004054352720258115,-0.03877431457530956,0.004021299472383499,-0.043836310811392845,0.004057563682463984,0.10940311673875189,0.004449456434151267,-0.015971031565104498,0.0040867428002639514,0.056436759114103424,0.004434863767012307,-0.06097062577284694,0.004114714511080979
499,True,-492232.6152890723,43606,51191,4,4,21.375987768173218,-0.0011960723987564307,0.0035735914290667406,-0.0295356700769905,0.004135913061702919,0.09393641380951608,0.003637524415170161,0.008864710524367454,0.0041885000519811255,0.005180192860604444,0.0036014622540000095,-0.2752037486455761,0.006282535097922288,0.11747816017734419,0.005248458875790463,-0.08375045705045146,0.006322600875743777,-0.001625488042505994,0.00510141725141502,0.35035721007588533,0.004661775093075927,0.1826423042836839,0.004917215560036232,-0.04892602826701077,0.004502162392431231,-0.1305344876911592,0.004946416466118019,0.09740775738986916,0.0038509323287948764,0.009176724180764673,0.005140149333763011,0.05774152099334715,0.0038163258418506037,0.0501625053164171,0.005132277866975463,-0.3956238249454259,0.005155391670743561,0.36246104356949993,0.004770447323202892,0.2907789740326525,0.005065349154236748,0.20465921450773045,0.0046908739480255295,0.1444280485444321,0.0037951116788554964,-0.014213008360254556,0.003536508506878285,-0.044265532253314616,0.0037418211170390236,-0.07408554131805488,0.003561799582989746,0.028445339694150522,0.0036569146741616924,0.009044848550868826,0.004035539608295566,-0.03960466550428836,0.0036570098231176284,-0.038237339431638796,0.004037987393944848,0.10997588360091025,0.004509333987364591,-0.02731863615071026,0.004081723710805106,0.05399830087639895,0.004497547247646156,-0.053429544052894254,0.004105587966015977
